source,url,url_hash,title,body,date,keyword,feed_type,rating,body_from,query_group,collected_at
instagram,https://www.instagram.com/p/DBWSQo4znnx/,9c8a6488e0cb59db,,"#내돈내산 나르왈 프레오 Z 울트라
포메라니안 5마리 털 갈이시기를 감당하기 버거워서
사게 된 로봇청소기 이모님💛
지금까지 기다렸다가 사길 잘했다고 느껴질 정도로
강아지 털 뭉탱이는 물론이고 물걸레까지 완벽히 척척척 해내는 중!
강아지 매트도 트월킹 하면서 잘 올라가고
브러시에 털이 엉키지 않아서 흡입력 테스트까지 완벽
잘 지내보자 로청아🥰
.
.
.
#로봇청소기 #로봇청소기추천 #나르왈 #나르왈로봇청소기
#신제품출시 #프레오z울트라 #로봇청소기강아지",2024-10-20,로봇청소기강아지,post,,caption,robot,2026-09-30T22:07:41
instagram,https://www.instagram.com/p/DBWSQo4znnx/#c18483457984021335,d69a1ed60f28e21d,,"안녕하세요, 방송 출연 건으로 연락드립니다. 바쁘시겠지만 DM 확인 부탁드립니다🙏🏻",2024-12-30,로봇청소기강아지,comment,,comment,robot,2026-09-30T22:07:41
instagram,https://www.instagram.com/p/DC3G2HNB4IC/,87ca7f4d3b8f6b24,,"어머니집에 사드린 삼성 로봇청소기! 집안 곳곳을 스마트하게 청소해줘서 너무 좋다고 하신다. 강아지 키우는 집이라 항상 털이 조금씩 바닥에 있는데 털도 깔끔하게 제거해줘서 더욱 좋아하심ㅋㅋㅋ 
자동으로 충전까지 척척 잘 해서 언제나 청소준비완료라고 필요한시간 시점에 잘 쓸수있다고 고마워하신다>,<
어머니 청소에서 해방시켜 드리고 우리도 기분좋다.
ㅡ
ㅡ
#삼성로봇청소기 #삼성로청 #로봇청소기고양이 #로봇청소기9700
#로봇청소기 #로청추천 #강아지로봇청소기",2024-11-27,강아지로봇청소기,post,,caption,robot,2026-09-30T22:07:41
instagram,https://www.instagram.com/p/DdtU4w1GS11/,151c352a837aa342,,"요즘 집에서 거의 매일 쓰고 있는데 생각보다 흡입력이 좋아서 만족스러워요!
밥 먹고 바닥에 음식물이나 물 흘렸을 때 바로 밀어주면 한 번에 깔끔하게 정리돼요 ㅎㅎ
강아지 털이나 머리카락도 잘 빨아들여서 청소하고 나면 바닥이 확실히 깨끗해진 느낌이네용 물걸레질까지 같이 되니까 청소기를 따로 돌리고 걸레질할 필요가 없어서 정말 편합니다. 소파 밑이나 방 구석구석 밀고 다니기도 생각보다 편해서 손이 자주 가네요.써보니까 청소 스트레스가 확 줄어서 요즘 제일 잘 산 생활가전 중 하나에요 ㅎㅎ #틴도우 #내돈내산틴도우 #내돈내산 #teendow #로봇청소기",2026-09-25,로봇청소기,post,,caption,robot,2026-09-30T22:07:41
instagram,https://www.instagram.com/p/Dd0bFwrkUQU/,f553bb75a8841db7,,"저희 집에 홈캠 들였어요 🥰🏠
씨앤케어 인공지능 홈카메라 A+ 📹

유튜브 비교영상 엄청 찾아보고 골랐어요 👀
제가 본 기준은 이거예요 👇

✔️ 국내 서버라 믿음이 가요 🇰🇷
✔️ 해킹 걱정 덜해서 마음이 편해요 🔒
✔️ 500만 화소라 화질이 선명해요 🔍
✔️ 기능이 편리해서 쓰기 쉬워요 📲

가격 대비 성능이 진짜 좋아서 거실용 아기방용으로 2개 들였어요 😆💛

#씨앤케어 #홈캠추천 #500만화소 #인공지능홈카메라 #아기홈캠",2026-09-28,펫캠,post,,caption,substitute,2026-09-30T22:07:41
instagram,https://www.instagram.com/p/DdzoNbBkz09/,22dfef19accd9479,,"[반려견] 🥺 연휴 내내 붙어 있다가 갑자기 혼자… 출근 첫날 우리 아이는 괜찮을까요?

며칠 동안 온 가족이 집에 있었죠. 그러다 갑자기 아무도 없는 집.
우리 아이 입장에선 세상이 확 바뀐 거예요 😢

연휴 직후 며칠은 분리불안이 가장 심해지는 시기예요. 유난한 게 아니라 아주 자연스러운 반응입니다.

🏠 오늘부터 해볼 수 있는 것
① 인사는 짧게 — 미안해하며 길게 인사하면 불안이 더 커져요
② 돌아와서도 흥분이 가라앉은 뒤에 반겨주기
③ 나가기 전 30분 산책 — 몸이 적당히 피곤하면 혼자 있는 시간을 잠으로 보내요
④ 산책이 어렵다면 간식 숨기기 5분이라도!

⚠️ 그리고 꼭 기억해 주세요
짖거나 물건을 망가뜨렸다고 혼내면 불안이 더 커집니다. 분리불안은 훈육으로 해결되는 문제가 아니에요.

쉬지 않고 짖기, 문·벽 긁어 부수기, 배변 실수, 발을 계속 핥아 상처 내기 — 이런 증상이 며칠 지나도 그대로라면 행동 전문가나 수의사와 상담해 보세요 🏥

💬 우리 아이는 혼자 있을 때 어떤가요?
A 조용히 잘 있다 / B 낑낑·짖음 있다
CCTV로 확인해보신 집사님들, 어떤 모습이었는지 댓글로 알려주세요! 🐾

📌 저장해두고 출근 첫날 해보세요

🗓 추석 반려견 가이드 8/10
내일은 [명절 살 찐 우리 개, 산책 루틴부터 되돌리기] 🐕

#추석 #연휴 #반려견 #강아지 #댕댕이 #견주 #분리불안 #강아지분리불안 #반려견행동 #강아지훈련 #노즈워크 #반려견산책 #홈캠 #펫캠 #반려견정보 #강아지정보 #초보집사 #멍스타그램 #댕스타그램 #shirozzang",2026-09-27,펫캠,post,,caption,substitute,2026-09-30T22:07:41
instagram,https://www.instagram.com/p/DdiyN2kGBBK/,451df21ea87d2471,,"🐶🐱 댕냥이들도 기다리는 추석 연휴 🌕💛

집사랑 오래오래 붙어 있을 수 있어서 좋고,
맛있는 냄새 솔솔 나는 것도 좋고 👀🍂
평소보다 쓰담쓰담도 간식도 더 많이 받는 날✨

긴 연휴 동안 우리 댕냥이들도
아프지 말고, 신나게 놀고, 푹 쉬면서
행복한 추석 보내길 바라요 🐾🧡

세상의 모든 댕냥이들과 집사님들,
따뜻하고 행복한 한가위 보내세요 🌕✨

※ 본 이미지는 AI로 생성된 연출 이미지이며, 실제 반려동물이 음식을 섭취한 장면이 아닙니다.

#파인뷰 #홈캠 #육아템 #베이비캠 #홈캠추천 #육아 #펫캠 #반려동물 #K90 #K11 #닥스훈트 #치즈냥이#추석 #한가위",2026-09-21,펫캠,post,,caption,substitute,2026-09-30T22:07:41
instagram,https://www.instagram.com/p/DdbAdoDk00v/,81978e5d41409f7d,,"집을 비운 사이, 우리 집에서는 무슨 일이? 👀🐾

평화롭게 낮잠 자는 줄 알았는데…
잠깐 한눈판 사이 화분과 한판 승부 중 🌱😂

T1 HOME CAM으로
집 밖에서도 실시간으로 우리 집을 확인하고,
반려동물의 소중한 일상까지 함께해 보세요.

보고 있으면 사고 치는 순간마저 귀여우니까 🤍

언제 어디서나, 소중한 순간을 지켜요.
T1 HOME CAM 📹✨ 

#ThingsOne #스마트홈 #t1homecam #싱스원 #반려동물홈캠 #펫캠 #고양이 #반려동물 #홈캠",2026-09-18,펫캠,post,,caption,substitute,2026-09-30T22:07:41
instagram,https://www.instagram.com/p/DdTSbckGACK/,bc6037e40d4576ca,,"#K11

✨엄마와 아기의 하루를 더 안심되게✨
잠깐 눈을 돌린 순간에도,
우리 아이의 모습을 놓치지 않도록
파인뷰 홈캠 K11이 함께합니다💛

✔ 800만 화소 4K UHD
✔ 금융권 수준 보안 시스템
✔ AI 모션 트래킹 팔로우 베베
✔ 좌우 355° · 상하 66° 회전
✔ 뒤집기 알림
✔ 분리수면 리포트

아이와 함께하는 소중한 일상,
엄마가 늘 곁에 있지 못하는 순간에도
파인뷰 K11로 한 번 더 안심하세요

기능은 완벽하게, 디자인은 감각있게
거실 어디에 두어도 자연스러운 화이트 톤으로
우리 집 분위기까지 챙겼습니다👶🏻💕

#파인뷰 #홈캠 #육아템 #베이비캠 #홈캠추천 #육아 #육아맘 #펫캠",2026-09-15,펫캠,post,,caption,substitute,2026-09-30T22:07:41
instagram,https://www.instagram.com/p/DdQnmhJEyuf/,b126fd4ed2a8ca42,,"이불 밖은 위험한데 불 끄러 일어나기 세상 귀찮았던 분? 🛌💡

'시리야 불 꺼줘' 한마디면 조명이 스르륵 꺼지고,
퇴근 10분 전에 밖에서 폰으로 탄소매트 켜두는 신세계!
배선 공사 1도 없이 콘센트만 꽂으면 끝나는 스마트홈 꿀템 3선:

✨ 방구석을 감성 호텔 바로 바꿔주는 필립스 휴 그라디언트 조명
👀 외출 중 우리 집 댕댕이 지켜보는 360도 2K 티피링크 홈캠
🔌 고데기 켜두고 나왔을 때 밖에서 원격 차단하는 스마트 플러그

한 번 써보면 절대 이전으로 못 돌아갑니다 🚀
상세 제품 세팅법과 좌표는 프로필 블로그 링크에서 확인하세요!

#스마트홈 #IoT라이프 #필립스휴 #홈CCTV #펫캠 #스마트플러그 #자취방인테리어 #데스크테리어 #감성방꾸미기",2026-09-14,펫캠,post,,caption,substitute,2026-09-30T22:07:41
instagram,https://www.instagram.com/p/DdISIpcAViF/,e38a3787d0afb8e8,,"#로봇과사는시대
04. 외출 걱정 없는 걸어다니는 홈캠

외출할 때마다 마음에 남는 우리 집 댕댕이🐶
“홈캠 한 대로 잘 보이려나…?”

고정된 홈캠으로는 확인하기 어려운 사각지대까지,
나무엑스는 원하는 곳으로 직접 이동해
#라이브뷰 로 집 안 곳곳을 실시간으로 보여줘요👀

게다가 내가 직접 걸어가 살펴보는 것처럼
화면을 보며 이동할 수 있어 더욱 안심!

집을 비운 순간에도 마음이 놓이는,
반려동물 가정의 홈 파트너 나무엑스🩵

나무엑스를 팔로우하고,
프로필 링크에서 더 다양한 기능을 만나보세요! 🩵",2026-09-11,펫캠,post,,caption,substitute,2026-09-30T22:07:41
instagram,https://www.instagram.com/p/DdGGUqXkU7F/,cf26e7464e443bfa,,"신사네일 건대꽃집 서면네일 이슈모리 핫플투어
#스마트펫 #펫자동급식기 #자동급식기추천 #펫카메라 #펫캠",2026-09-10,펫캠,post,,caption,substitute,2026-09-30T22:07:41
instagram,https://www.instagram.com/p/DddFj8yGgHo/,9bcc1f217a04964d,,"집을 비운 뒤에도 자꾸 사육장이 생각난 적 있으신가요?

도마뱀 사육자 500명이 참여한 설문을 바탕으로 ‘올인원 사육장에 바라는 기능’을 살펴봤습니다.

가장 많은 선택을 받은 기능은
앱으로 사육장 환경을 확인하고 조절하는 
'원격 관리 기능'이었습니다.

1위 앱 원격 환경관리 77.0%
2위 온도 자동관리 74.7%
3위 습도·환기 자동관리 67.5%
4위 24시간 초소형 펫캠 66.3%
5위 AI 이상행동 분석 47.1%
6위 AI 활동·먹이·수분 섭취 분석 44.3%

온도·습도·환기를 안정적으로 유지하고,
보이지 않는 밤과 집을 비운 시간에도 마뱀이를 확인하고,
평소와 달라진 행동과 섭취 변화를 놓치지 않는 사육장.

비바나트는 이 세 가지를 하나로 연결해
올인원 사육장을 만들어가고 있습니다.

비바나트 앱이 사육 편의를 위해 어떤 알림을 제공하면 좋을까요? 
댓글로 의견을 마구마구 남겨주세요!

#비바나트 #vivanaut #도마뱀사육 #도마뱀집사 #파충류사육 #스마트사육장 #올인원사육장 #크레스티드게코 #펫캠 #AI펫케어 #사육자설문 #테라에이아이 #스타트업 #펫테크",2026-09-19,펫캠,post,,caption,substitute,2026-09-30T22:07:41
instagram,https://www.instagram.com/p/DdDgbcemAi3/,b3ee9cde2ee72f0f,,"🐱 9월 9일, 오늘은 한국 고양이의 날!
이 유행을 그냥 지나칠 순 없잖아?

파인뷰도 감튀 수염 탑승 완료❤️🍟

모든 냥이들이 오래오래 건강하고
행복한 하루 보내길! 🐱💛

#한국고양이의날 #고양이의날 #고양이 #냥스타그램 #맥도날드 #감튀수염 #맥날 #감튀 #McCat #McDonalds #파인뷰 #파인뷰홈캠 #펫캠",2026-09-09,펫캠,post,,caption,substitute,2026-09-30T22:07:41
instagram,https://www.instagram.com/p/DdBf_HFmhJo/,0dcadd6f13a6fea5,,"블랙독의 하루

집에서 멍때리는거 말고도, 
나는 늘 주인 널 생각해. 멍!

아침에 배고파서 널 깨우는것도 
나의 일과중 하나이지. 멍!

네가 출근할때 날 안쓰럽게 바라보아도
나는 주인 니가 더 걱정돼. 멍!

나는 집 잘 지킬테니
주인 넌 무사히 잘 다녀와. 멍!

'집에 혼자 남겨진 널 생각하면, 나는 늘 마음이 불안해. 
네가 잘 지내는지, 허공을 보는 널 보면서 가끔 오열한단다. 사랑해~ 블랙독' 
by.주인

#월요일 아침 #출근하기 싫은 인간 #블랙독의 하루 #CCTV #펫캠",2026-09-08,펫캠,post,,caption,substitute,2026-09-30T22:07:41
instagram,https://www.instagram.com/p/Dc-ucJkCXyF/,3b2657b78b99f6fe,,"🎥 #이벤트 우리집 귀염둥이, 혼자 보기 아깝다면?

킨포라 펫캠에 포착된
웃기고, 귀엽고, 엉뚱한 우리 아이의 순간들🐶🐱

집사만 보기 아까운 사랑스러운 순간을 제보해주세요!

🎁참여자 전원 킨포라 공식 스토어 5,000P 증정
🎁제보 영상이 킨포라 공식 릴스로 선정되면 미세조류 오메가3까지!

📝참여 방법
① 킨포라 펫캠에 포착된 자랑하고 싶은 영상 저장
② 킨포라 인스타그램 프로필 링크에서 영상 제보
③ 릴스 선정 시 자막·효과음이 더해진 완성본을 DM으로 전달!

우리집 귀염둥이의 ‘전지적 집사 시점’을 제보해주세요📹✨

#킨포라 #전지적집사시점 #킨포라이벤트 #이벤트 #영상제보 #반려동물이벤트 #강아지이벤트 #고양이이벤트 #펫캠 #반려동물펫캠 #강아지일상 #고양이일상 #댕댕이 #냥냥이 #집사일상",2026-09-07,펫캠,post,,caption,substitute,2026-09-30T22:07:41
instagram,https://www.instagram.com/p/Dc-mQYHmNMr/,82a3ec4b72999c5c,,"🌕 풍성한 한가위, 우리 집 안심도 미리 챙기세요!
<네이버 🍂추석+세일>홈캠 특가전🎁

9.7(월) ~ 9.22(화) 기간 동안!
파인뷰 홈캠 BEST 모델 최대 37% SALE 🎁

추석 연휴, 집을 비우는 시간이 걱정된다면
우리 집을 든든하게 확인할 수 있는 홈캠을 이번 기회에 만나보세요 🙌

▶ 자세히 보기 : 
(프로필 상단의 '진행 중인 이벤트 확인하기' 링크 클릭!)

#파인뷰 #홈캠 #파인뷰홈캠 #홈캠추천 #K11 #K90 #베이비캠 #펫캠 #추석 #한가위 #추석세일 #네이버추석세일",2026-09-07,펫캠,post,,caption,substitute,2026-09-30T22:07:41
instagram,https://www.instagram.com/p/Dc2ZnSTEcRk/,0672f8cbebb11412,,"라멘 호텔예식 패션피플 빵돌이 광주미용실
#스마트펫 #펫자동급식기 #자동급식기추천 #펫카메라 #펫캠",2026-09-04,펫캠,post,,caption,substitute,2026-09-30T22:07:41
instagram,https://www.instagram.com/p/DdAjZ4LGBd2/,4f3c8339f32c56cb,,"MAXBY MT LITE 메모리 카드

블랙박스 · CCTV · 펫캠 · 카메라
일상의 기록을 위한 새로운 선택
MAXBY MT LITE

#MAXBY #맥바이 #MTLITE #메모리카드 #블랙박스 #CCTV #펫캠 #홈캠 #SD카드",2026-09-08,펫캠,post,,caption,substitute,2026-09-30T22:07:41
instagram,https://www.instagram.com/p/Dcx2-flCf-_/,919160b17205b911,,"👀전.집.시 #이벤트 참여하고 포인트 받자!

펫캠에 포착된 우리 아이 모습, 나만 보기 아깝지 않나요?
귀엽고 감동적인 순간을 널리널리 자랑해 주세요!
킨포라가 울 아이들을 스타로 만들어 드립니다⭐

📝 참여 방법
✔️ 킨포라 펫 카메라에 포착된 영상 저장하기
✔️ 지원 폼 통해 이벤트 지원하기
➡️ 지원 완료!

🏆 경품
✔️ 제보자 전원: 킨포라 공식 스토어 5천 포인트 지급
✔️ 릴스 업로드 선정: 3만원 상당의 킨포라 미세조류 오메가3 증정
➡️ 릴스 업로드 선정 시 편집 영상 전달까지!

👉 지금 바로 프로필 링크 누르고 5,000P 챙겨가세요!

#킨포라 #kinfora #전지적집사시점 #펫캠 #홈캠 #강아지이벤트 #고양이이벤트 #반려동물이벤트 #반려동물릴스 #댕스타그램 #냥스타그램",2026-09-02,펫캠,post,,caption,substitute,2026-09-30T22:07:41
instagram,https://www.instagram.com/p/DcvIg6uhe42/,906624d85b10bcf2,,"민족 대명절 앞두고, 홈캠도 미리 챙기세요!🌕
<추석 + 세일 얼리버드> 지금 시작! 🎁

더도 말고 덜도 말고, 이번 추석엔
든든한 홈캠 하나로 마음 편하게 보내세요!

미리 준비하는 추석 선물로도,
집 안 지킴이 교체 타이밍으로도 딱 좋은 기회 🙌

📹 대상 모델｜K11 · K90
💸 최대 42% SALE
📅 8.31(일) ~ 9.6(토), N+ 스토어 얼리버드 특가!

※ 모델별 한정 수량으로 진행되며, 준비된 수량 소진 시 조기 종료될 수 있습니다.

▶ 자세히 보기 : 
(프로필 상단의 '진행 중인 이벤트 확인하기' 링크 클릭!)

#파인뷰 #홈캠 #파인뷰홈캠 #베이비캠 #펫캠 홈캠추천
추석 한가위 네이버 추석세일 이벤트",2026-09-01,펫캠,post,,caption,substitute,2026-09-30T22:07:41
instagram,https://www.instagram.com/p/DcxtahCmOLt/,aa871977f847d8b2,,"#K90

✨500만 화소 2K QHD 초고화질
상하좌우 회전과 AI 모션 트래킹으로
놓치기 쉬운 순간까지 세심하게 케어하는
파인뷰 홈캠 K90✨

✔ 500만 화소 2K QHD 초고화질
✔ 금융권 수준 보안 시스템
✔ AI 모션 트래킹
✔ 좌우 355° · 상하 77° 회전
✔ 모션 감지 · 소리 감지
✔ AUTO 나이트 비전 IR

집 밖에서도 사랑하는 우리 아이의 하루를,
더 가까이 더 안심되게🐶💛

#파인뷰 #홈캠 #펫캠 #홈캠추천 #베이비캠",2026-09-02,펫캠,post,,caption,substitute,2026-09-30T22:07:41
instagram,https://www.instagram.com/p/Dckdo8wEcoh/,b90060af3e8cf62b,,"왁싱창업 데일리네일 여자타투추천 원두로스팅 양주꽃집
#스마트펫 #펫자동급식기 #자동급식기추천 #펫카메라 #펫캠",2026-08-28,펫캠,post,,caption,substitute,2026-09-30T22:07:41
instagram,https://www.instagram.com/p/DciT7_RFPss/,21d68918ea7639be,,"🚨 ""우리 집 홈캠, 혹시 누군가 보고 있진 않을까?"" 불안하셨나요?
이제 솔리티 SC 400 홈캠으로 완벽하게 안심하세요! 💙

비밀번호를 바꾸고 소프트웨어 보안을 강화해도 남는 찝찝함... 진짜 확실한 프라이버시 보호는 '물리적 차단'입니다. 🔒

솔리티 SC 400은 렌즈가 완전히 아래로 숨어버리는 '일체형 커버(안심모드)'를 적용하여 해킹으로 인한 사생활 노출 불안감을 원천 차단해 드립니다. 😌

더 이상 수건으로 덮어두거나 코드를 뽑아두지 마세요! 우리 가족의 소중한 일상, 솔리티가 안전하게 지켜드릴게요. 🏠🛡️

👉 제품에 대한 자세한 정보는 댓글 링크에서 확인해 보세요!

#솔리티 #SOLITY #솔리티홈캠 #SC400 #홈캠추천 #홈CCTV #홈카메라 #사생활보호 #안심모드 #육아템 #펫캠 #반려동물캠 #보안카메라 #자취방꾸미기 #스마트홈 #홈캠",2026-08-27,펫캠,post,,caption,substitute,2026-09-30T22:07:41
instagram,https://www.instagram.com/p/Dcd57_SiZRP/,51cba760c900817d,,"홈캠 속 라라 🤍

얼굴이 좀

웃겨",2026-08-25,펫캠,post,,caption,substitute,2026-09-30T22:07:41
instagram,https://www.instagram.com/p/Dcc5IZCkfVy/,2357bbfa66c05914,,"게임원화 홍대미용실 수원미용실 커피타임 골프복
#스마트펫 #펫자동급식기 #자동급식기추천 #펫카메라 #펫캠",2026-08-25,펫캠,post,,caption,substitute,2026-09-30T22:07:41
instagram,https://www.instagram.com/p/DcaDE8WiKOn/,ab801d7cb509ffb9,,"📢 Tapo 홈캠 주요 서버, 국내 이전 완료! 🇰🇷

이제 Tapo 홈캠의 실시간 영상·음성을 전달하는 릴레이 서버와
Tapo Care 녹화 영상을 보관하는 클라우드 스토리지가
국내 위치 서버를 기반으로 운영됩니다.

서버와 사용자 간 물리적 거리가 가까워진 만큼,
실시간 영상 확인과 원격 제어 시 지연을 줄여
기존 대비 더욱 빠르고 안정적인 사용 환경을 제공합니다. 

우리 가족의 일상이 담기는 홈캠인 만큼,
영상이 어디에서 어떻게 관리되는지
카드뉴스를 통해 꼼꼼하게 확인해 보세요 ✨

더 가까워진 서버, 더욱 든든해진 Tapo를 만나보세요! 🔒💙",2026-08-24,펫캠,post,,caption,substitute,2026-09-30T22:07:41
instagram,https://www.instagram.com/p/DcWdJHmiZjC/,dd4405f7143e2ce4,,"저화질의 먼지가 너무 기여븜…₊⁺⋆♡ 

#고양이 #냥스타그램 #먼지 #cat #펫캠 #펫캠추천",2026-08-22,펫캠,post,,caption,substitute,2026-09-30T22:07:41
instagram,https://www.instagram.com/p/DdGGUqXkU7F/#c18078231206349261,576c3b90dad3467d,,업로드하신 사진들이 다 작품 같네요. 이런 콘텐츠는 꾸준히 보고 싶은 마음이 드네요.,2026-09-10,펫캠,comment,,comment,substitute,2026-09-30T22:07:41
instagram,https://www.instagram.com/p/DdGGUqXkU7F/#c17860257051695467,67c5c2a09c2b23cd,,일상이 이렇게 프로페셔널할 수 있다니 부럽네요! 내용이 알차서 도움이 많이 됩니다.,2026-09-10,펫캠,comment,,comment,substitute,2026-09-30T22:07:41
instagram,https://www.instagram.com/p/Dd0bFwrkUQU/#c18137975359730433,24e98870d9fe3a8b,,오!! 요거 가격은 어떻게되나요?,2026-09-29,펫캠,comment,,comment,substitute,2026-09-30T22:07:41
instagram,https://www.instagram.com/p/Dd0bFwrkUQU/#c18089898671669310,bcead8ce0c824142,,저는 이미 헤이홈으로 장만해버렸다는 😂 국내 서버라 좋네요 .ᐟ.ᐟ,2026-09-29,펫캠,comment,,comment,substitute,2026-09-30T22:07:41
instagram,https://www.instagram.com/p/Dd0bFwrkUQU/#c18087385994680024,d60a4194e8044c0d,,국내서버 안심되네요 !! 저두 슬슬 홈캠 준비해야 하는데 한 번 알아봐야겠어요🥹,2026-09-29,펫캠,comment,,comment,substitute,2026-09-30T22:07:41
instagram,https://www.instagram.com/p/Dd0bFwrkUQU/#c18094476260646729,16d7b67f2789704f,,저희 집이랑 같아요! 사용해보니 편하구 넘넘 좋더라구요!!👏,2026-09-28,펫캠,comment,,comment,substitute,2026-09-30T22:07:41
instagram,https://www.instagram.com/p/Dd0bFwrkUQU/#c17929573254167398,5fd3c10cd64ed196,,으아 홈캠 너무 고민데요 ㅎㅎㅎㅎ싼거살지 기능좋은거 살지..😮,2026-09-28,펫캠,comment,,comment,substitute,2026-09-30T22:07:41
instagram,https://www.instagram.com/p/Dd0bFwrkUQU/#c18133402738680648,cec2ab00e917961e,,500만 화소라 넘 좋은걸요..? 저도 홈캠 하나 준비해야 하는데 요 제품 탐나네요 😍,2026-09-28,펫캠,comment,,comment,substitute,2026-09-30T22:07:41
instagram,https://www.instagram.com/p/Dd0bFwrkUQU/#c18009436094964744,955d7a7abab2976d,,저도 이제품으로 구매했는데! 화질도좋고 다 만족중이에요 😆👍🏻,2026-09-28,펫캠,comment,,comment,substitute,2026-09-30T22:07:41
instagram,https://www.instagram.com/p/Dd0bFwrkUQU/#c18098356835543816,2836e3aa296dce07,,저두 홈캠 알아보고 있는데 ...ᐟ.ᐟ 이거 좋아보이네용 𓂃♡,2026-09-28,펫캠,comment,,comment,substitute,2026-09-30T22:07:41
instagram,https://www.instagram.com/p/Dd0bFwrkUQU/#c18428053216178123,2326dbcbd64b71fe,,저도 씨앤케어 500 2개로 준비했지요 ㅎㅎㅎㅎ 여러모로 넘 좋더라구요!!❤️,2026-09-28,펫캠,comment,,comment,substitute,2026-09-30T22:07:41
instagram,https://www.instagram.com/p/DddFj8yGgHo/#c18037050326835133,bde7e5565aae404c,,원격관리가 77%로 1위라니 다들 외출할 때 걱정이었나 봐요,2026-09-24,펫캠,comment,,comment,substitute,2026-09-30T22:07:41
instagram,https://www.instagram.com/p/DddFj8yGgHo/#c18030124088851016,0c8779ee3059b6f0,,그리고 베타테스트 때 사육장 보니 청소는 어떻게 해야할까요??,2026-09-22,펫캠,comment,,comment,substitute,2026-09-30T22:07:41
instagram,https://www.instagram.com/p/DddFj8yGgHo/#c18029276090905071,70e2934af09a43ff,,판매 빨리 해주세요ㅠㅠ 기다리느라 현기증 납니다 ㅠㅠ ㅋ ㅋ ㅋ ㅋ. ㅋ,2026-09-22,펫캠,comment,,comment,substitute,2026-09-30T22:07:41
instagram,https://www.instagram.com/p/Dc-ucJkCXyF/#c17905343478483249,1ba4fa192a429b11,,혹시 적립금은 언제 주시나요?,2026-09-12,펫캠,comment,,comment,substitute,2026-09-30T22:07:41
instagram,https://www.instagram.com/p/Dc2ZnSTEcRk/#c17907594825549414,9c5afb23e2e56626,,업로드하신 사진 색감이 참 편안하네요. 게시물마다 브랜드 특유의 분위기가 잘 살아있네요.,2026-09-04,펫캠,comment,,comment,substitute,2026-09-30T22:07:41
instagram,https://www.instagram.com/p/Dcx2-flCf-_/#c18077061779367763,9fac9865c359d48f,,야니 헐레벌떡 접수완료!,2026-09-02,펫캠,comment,,comment,substitute,2026-09-30T22:07:41
instagram,https://www.instagram.com/p/DciT7_RFPss/#c18208108525315342,53dd42ee75876263,,"솔리티 홈캠 바로가기
🔗",2026-08-27,펫캠,comment,,comment,substitute,2026-09-30T22:07:41
instagram,https://www.instagram.com/p/Dda5KiOTR1h/,ff1b4990cd632a2f,,"혼자 잘 있나… 걱정하며 들여다본 📸
👀 ……
걱정 안 해도 되는구나🤣💛
엄마보다 집을 더 편하게 쓰는 강아지ㅋㅋㅋ
#멍스타그램🐾 #cockapoo #시루 #걱정인형 #반전",2026-09-18,강아지cctv,post,,caption,substitute,2026-09-30T22:07:41
instagram,https://www.instagram.com/p/DcurHiCARMX/,9044bb21dd79d485,,"엄마! 편의점 빤낭 다녀와!!😘
내가 지켜본다..👀ㅋㅋ

루이 👀 CCTV 풀가동..😀

창문으로 빼꼼🤭💗

👉 사진 끝까지 보기🤭

#차안
#강아지눈빛
#엄마바라기
#강아지cctv
#포항루이",2026-09-01,강아지cctv,post,,caption,substitute,2026-09-30T22:07:41
instagram,https://www.instagram.com/p/Db8CPGkGC24/,57355f1ccd9d28f7,,화장실 간 나 기다리는 내 스토킹견👀 🐾,2026-08-12,강아지cctv,post,,caption,substitute,2026-09-30T22:07:41
instagram,https://www.instagram.com/p/DbsDwkpEUgx/,de75b17df3e88f01,,"우리 집 댕냥이 안심 지킴이, 솔리티 홈캠 SC400 📷

집을 비웠을 때 우리 아이들이 뭘 하고 있을지 매일 걱정되시나요?
솔리티 홈캠과 함께라면 걱정 끝!

✔️ 압도적인 화질: 털끝까지 선명하게 보이는 디테일!
✔️ 실시간 앱 모니터링: 밖에서도 내 손안에서 바로바로 라이브 뷰 확인!
✔️ 사각지대 없는 뷰: 우리 아이가 어디에 있든 완벽하게 포착!

이제 솔리티로 언제든 안심하고 외출하세요. 💛

#솔리티 #SOLITY #솔리티SC400 #홈캠 #펫캠추천 #강아지CCTV #고양이CCTV #반려동물용품 #육아육묘 #집사소통 #초고화질홈캠",2026-08-06,강아지cctv,post,,caption,substitute,2026-09-30T22:07:41
instagram,https://www.instagram.com/p/Da9O_gyBrqn/,495c0c840ad2ece0,,"뭐..? 줄 거 없냐? 👀
🚨수상한 봉지 소리 포착!

🐶 간식 탐지 전문이라개!😎

#간식내놔
#강아지삐짐
#포항루이
#간식탐지견
#강아지cctv",2026-07-19,강아지cctv,post,,caption,substitute,2026-09-30T22:07:41
instagram,https://www.instagram.com/p/DZR-fw0AtmH/,a8bdd0c83ef84667,,"보리 취침 거부 선언🐶
잘 줄 알았는데 😴
CCTV 속 보리: 👀 “아직 안 잘 건데?”

#강아지cctv #몰래보기 #강아지관찰 #댕댕이일상",2026-06-07,강아지cctv,post,,caption,substitute,2026-09-30T22:07:41
instagram,https://www.instagram.com/p/DYFSQRskgAu/,59a9fde080fb71b8,,"저희집은 살목지 보러갈 필요가 없어요...
집이 공포...😱 (소리켜고 보면 더 무서워요)

cctv캠이 돌아갈때 작은 소리가 신경쓰이는건지
가끔 저렇게 성큼성큼 다가와서 한참 쳐다보다 가곤하는데 

집이 어두운 시간에는 좀 무서운?🙄

표정변화없이 우뚝 서서 눈도 안깜빡거리는...너란 아이...

영화제작사 연락주세요!!☎️ 
개귀신역(?) 가능합니다.👻
.
.
.
#대쪽같다
#강아지cctv
#슈나우저
#슈나우저그램 #견스타그램",2026-05-08,강아지cctv,post,,caption,substitute,2026-09-30T22:07:41
instagram,https://www.instagram.com/p/DWinpw-EcjJ/,15ec1ef699376237,,"뭔가 웃긴 푸딩씌 홈캠 도촬…ㅋㅋㅋㅋㅋㅋㅋㅋㅋㅋ
다 보고 있다 이 짜식앙!!",2026-03-31,강아지cctv,post,,caption,substitute,2026-09-30T22:07:41
instagram,https://www.instagram.com/p/DWQbVX8kV46/,989ed7631965bf4c,,"거울이랑 싸우는중....
외모췍!!
#강아지cctv",2026-03-24,강아지cctv,post,,caption,substitute,2026-09-30T22:07:41
instagram,https://www.instagram.com/p/DVVgLktEkVE/,2c8f632d861e49cf,,"우리집 CCTV👁👁🐾
이 귀염뽀짝 친환경 무선CCTV는 간식으로 충전됩니다🍖🍗
#주말할모니할부지네 #출장방범서비스 #강아지cctv #HomeSecurity #dogcctv",2026-03-01,강아지cctv,post,,caption,substitute,2026-09-30T22:07:41
instagram,https://www.instagram.com/p/DUiK17xEkri/,78c516851bb6087a,,어디선가 시선이 느껴진다 …. 👀,2026-02-09,강아지cctv,post,,caption,substitute,2026-09-30T22:07:41
instagram,https://www.instagram.com/p/DSHDD_WE3oL/,6db990ee4405a09c,,"점심시간에 집에 갔을 때 깍지 반응 
사랑스런 울 깍지💕 꼬리콥터+키스 퍼붓 ㅋㅋㅋ
혈변이후 하루동안 아예 변을 안보더니
오늘 아침 예쁜 황금변 싸놓고 컨디션 좋아요!!
이렇게 다시 건강함에 감사😭😭

#말티츄깍지 #개스타그램 #dogstagram #멍스타그램 #점심급여 #멍믕이 #개아들 #귀여운강아지 #강아지홈캠 #강아지cctv #갱얼쥐 #멍뭉이 #행복한강아지 #모자상봉 #강아지는사랑입니다",2025-12-11,강아지cctv,post,,caption,substitute,2026-09-30T22:07:41
instagram,https://www.instagram.com/p/DQVqP1BDsFC/,7fde1a1adbee6919,,"Furbo 360 카메라로 반려견과의 거리를 좁히세요. 360도 회전 카메라와 개선된 야간 시야 기능으로 언제 어디서나 반려견을 관찰할 수 있습니다. 간식 발사 기능과 양방향 오디오로 실시간 소통까지 가능합니다. 반려견의 안전과 건강을 지키면서 separation anxiety도 해소할 수 있는 혁신적인 펫 케어 솔루션, Furbo 360 카메라를 지금 만나보세요.

프로필 링크를 확인해주세요!

#Furbo360카메라 #강아지카메라 #반려견모니터링 #반려동물용품 #스마트펫케어 #반려견안전 #분리불안완화 #펫테크 #간식디스펜서 #강아지CCTV #360도카메라 #실시간반려견관찰 #스마트홈 #반려견케어 #강아지돌봄 #야간시야 #반려견소통 #홈CCTV #강아지간식발사 #동물복지 #펫모니터링 #강아지안전 #반려견건강 #강아지분리불안 #스마트펫기기 #AI반려견추적 #반려동물 #반려견용품 #홈모니터링 #강아지보호",2025-10-28,강아지cctv,post,,caption,substitute,2026-09-30T22:07:41
instagram,https://www.instagram.com/p/DPN5ajyEVQZ/,e4bd31b87e7b05ca,,"나 다 보고 있다 너만 보고 있다 
#강아지가 #주인을 #감시중 #반려견 #감시카메라 #강아지cctv",2025-09-30,강아지cctv,post,,caption,substitute,2026-09-30T22:07:41
instagram,https://www.instagram.com/p/Db8CPGkGC24/#c17962479732157815,96f2d498a0316d6c,,으악 언니 발견하고 표정 넘 귀욥😍,2026-08-13,강아지cctv,comment,,comment,substitute,2026-09-30T22:07:41
instagram,https://www.instagram.com/p/Db8CPGkGC24/#c17985947555994612,2a86d9eb00dd4536,,ㅋㅋㅋㅋㅋ 아이 반가워~~ (궁디 씰룩) 😝😝 오늘도 초롱초롱한 모찌 💕💕,2026-08-12,강아지cctv,comment,,comment,substitute,2026-09-30T22:07:41
instagram,https://www.instagram.com/p/DWQbVX8kV46/#c18401698183182790,6d395c3af4500ae1,,ㅋㅋㅋㅋ 너두 거울볼줄아는구나❤️,2026-03-25,강아지cctv,comment,,comment,substitute,2026-09-30T22:07:41
instagram,https://www.instagram.com/p/DWQbVX8kV46/#c18118741654617500,dcd57f665b80c7b0,,ㅋㅋㅋㅋㅋㅋ넌 누구냐! 아쥬 귀엽꼬만!❤️,2026-03-25,강아지cctv,comment,,comment,substitute,2026-09-30T22:07:41
instagram,https://www.instagram.com/p/DWQbVX8kV46/#c18164661007419421,5afbf8e7d7be4d01,,거울아 거울아 세상에서 내가 제일 이쁘지 ?,2026-03-24,강아지cctv,comment,,comment,substitute,2026-09-30T22:07:41
instagram,https://www.instagram.com/p/DcurHiCARMX/#c18004278819000286,7628202031016a4d,,루이감시 이모도 받을 수 있을까나~👀✨,2026-09-04,강아지cctv,comment,,comment,substitute,2026-09-30T22:07:41
instagram,https://www.instagram.com/p/DcurHiCARMX/#c18008564927970209,cf8a97b0dfdb23ee,,아 ㅋㅋㅋㅋㅋ감시중인거 너무구ㅏ염❤️ 루이꺼도 사오세용👀,2026-09-03,강아지cctv,comment,,comment,substitute,2026-09-30T22:07:41
instagram,https://www.instagram.com/p/DcurHiCARMX/#c18126689659823222,211cba589ba49085,,루이가 지켜보고 있다👀 근데 빼꼼 루이 진짜 인형 아니냐구😆❤️❤️,2026-09-03,강아지cctv,comment,,comment,substitute,2026-09-30T22:07:41
instagram,https://www.instagram.com/p/DcurHiCARMX/#c17901036852579384,5c15bf2af61bcf64,,"마지막컷이 진ㅉ ㅏ 넘 기여워서 기절하게ㄸ ㅏ,,👀",2026-09-02,강아지cctv,comment,,comment,substitute,2026-09-30T22:07:41
instagram,https://www.instagram.com/p/DcurHiCARMX/#c18415613236158863,3f4ce1f6bcd8b19e,,엄마 보자마자 씨익ㅋㅋㅋ 감시 끝! 미소 발사🥰💕,2026-09-02,강아지cctv,comment,,comment,substitute,2026-09-30T22:07:41
instagram,https://www.instagram.com/p/DcurHiCARMX/#c17873217978573132,a878bc5f4b309319,,마지막사진 넘 귀엽네여👏👏👏👏,2026-09-02,강아지cctv,comment,,comment,substitute,2026-09-30T22:07:41
instagram,https://www.instagram.com/p/DUiK17xEkri/#c18080653814638151,b128e1b28fd78007,,예쁜 영상들 잘 보고 갑니다 ❤️❤️,2026-05-28,강아지cctv,comment,,comment,substitute,2026-09-30T22:07:41
instagram,https://www.instagram.com/p/DSHDD_WE3oL/#c18085730333083261,b892183c0d4a86ad,,깍지야 다행이다 다시 건강한 응가를 해서 오구오구 집에 혼자 있었구나 그래도 엄마가 점심 시간에는 깍지 보러 꼭 집에 오니까 얼마나 좋아 사랑하는 깍지야 이제는 제발 아프지만 말고 엄마와 잘지내 깍지야 너무너무 사랑해 ❤️❤️❤️❤️❤️❤️❤️ 😍😍😍😍😍😍😍😍😍,2025-12-11,강아지cctv,comment,,comment,substitute,2026-09-30T22:07:41
instagram,https://www.instagram.com/p/DSHDD_WE3oL/#c18089470411981177,ffad7d47572fda94,,다행이다울깍지야😍이제아프지말자이쁜아🌼🤩🌼,2025-12-11,강아지cctv,comment,,comment,substitute,2026-09-30T22:07:41
instagram,https://www.instagram.com/p/DSHDD_WE3oL/#c17870206548472562,cbd80a4d8ef985f2,,사랑할수밖에 없는 털뭉치❤️❤️❤️❤️,2025-12-11,강아지cctv,comment,,comment,substitute,2026-09-30T22:07:41
instagram,https://www.instagram.com/p/DSHDD_WE3oL/#c17858567637563358,286a8623a14bc3ba,,깍지의 토실한 몸뚱일 보니 기브니가 좋구만❤️,2025-12-11,강아지cctv,comment,,comment,substitute,2026-09-30T22:07:41
instagram,https://www.instagram.com/p/DSHDD_WE3oL/#c17923408662082751,d576fd83130fbd3e,,으휴 깍지야 아푸지마😢 그 와중 헬리콥터 꼬리 너무귀엽당❤️❤️,2025-12-13,강아지cctv,comment,,comment,substitute,2026-09-30T22:07:41
instagram,https://www.instagram.com/p/Da9O_gyBrqn/#c17971485269916659,fc0239685bf54a87,,악. . .째리미 왕기욥따 루이야❤️,2026-07-26,강아지cctv,comment,,comment,substitute,2026-09-30T22:07:41
instagram,https://www.instagram.com/p/Da9O_gyBrqn/#c18212872966339496,0d0fd54353fd6279,,루이야 수상한소리 찾았어 ?,2026-07-26,강아지cctv,comment,,comment,substitute,2026-09-30T22:07:41
instagram,https://www.instagram.com/p/Da9O_gyBrqn/#c18086776421394539,674f6fd5662fdbfa,,곁눈질❤️❤️넘깜찍하쟌오!!!!이모심쿵,2026-07-26,강아지cctv,comment,,comment,substitute,2026-09-30T22:07:41
instagram,https://www.instagram.com/p/Da9O_gyBrqn/#c18092272334544250,2f2f8f375e28bf68,,나듀나듀❤️ 황태자루이 ❤️ 황태간식❤️ 나듀나듀 조잉~~~~~~😍🙏💕💕💕💛💛💛💕💕💕💛💛💛💕💕💕💛💛💛💕💕💕💛💛💛💕💕💕💛💛💛💕💕💕💛💛💛🎵🎶🎶,2026-07-26,강아지cctv,comment,,comment,substitute,2026-09-30T22:07:41
instagram,https://www.instagram.com/p/Da9O_gyBrqn/#c18136934173572662,abfb00bb37d3f17e,,엄마 몰래 머 먹는 거 앙대 ㅋㅋㅋ,2026-07-26,강아지cctv,comment,,comment,substitute,2026-09-30T22:07:41
instagram,https://www.instagram.com/p/DbsDwkpEUgx/#c18121776665509971,392657eab252eca9,,"솔리티 홈캠 바로가기
🔗",2026-08-06,강아지cctv,comment,,comment,substitute,2026-09-30T22:07:41
instagram,https://www.instagram.com/p/DYFSQRskgAu/#c17908797522224226,07328205316751bb,,😂😂😂😂토리야 넌 심각한데...뭐가 이리 귀엽냐~😂😂😂,2026-05-13,강아지cctv,comment,,comment,substitute,2026-09-30T22:07:41
instagram,https://www.instagram.com/p/DYFSQRskgAu/#c17964691440066614,e3305b53a698594a,,토리 표정 너무 근엄하고 귀여운데요?🤣,2026-05-09,강아지cctv,comment,,comment,substitute,2026-09-30T22:07:41
instagram,https://www.instagram.com/p/DYFSQRskgAu/#c17873047137665167,bc2532a4bb2fa7b9,,"아니, 이렇게 이쁜데 무섭다뇨 😢 토리 엄니 말넘심 😂",2026-05-09,강아지cctv,comment,,comment,substitute,2026-09-30T22:07:41
instagram,https://www.instagram.com/p/DYFSQRskgAu/#c18080794553148712,3f8b09dc4c58a952,,❤️🙌토리앙뇽 이모가 인사해줄껨,2026-05-08,강아지cctv,comment,,comment,substitute,2026-09-30T22:07:41
instagram,https://www.instagram.com/p/DYFSQRskgAu/#c18028364273805319,f7fc0b9fa6c3583b,,초점까지..정확하고..원망과 한맺힌 ..미간주름… 😢. 무조건 잘못했다고해요…전재산 털어줘요 ㅋㅋㅋㅋㅋ,2026-05-08,강아지cctv,comment,,comment,substitute,2026-09-30T22:07:41
instagram,https://www.instagram.com/p/DWinpw-EcjJ/#c18098844071479555,4279bde6f6c9b104,,앜ㅋㅋㅋ 너무 귀엽고 웃기고 귀엽다 🤣🤣🤣,2026-04-02,강아지cctv,comment,,comment,substitute,2026-09-30T22:07:41
instagram,https://www.instagram.com/p/DWinpw-EcjJ/#c18077147126149993,82714bf18556e269,,신발 모아놓은거 너무 웃겨요 ㅋㅋㅋ푸딩 최애 컬렉션,2026-03-31,강아지cctv,comment,,comment,substitute,2026-09-30T22:07:41
instagram,https://www.instagram.com/p/DVVgLktEkVE/#c17885496675450769,5b982c097ae6542b,,오레오 얼굴도 귀엽지만 뒷모습도 귀여움을 숨길수가 없다🤭,2026-03-01,강아지cctv,comment,,comment,substitute,2026-09-30T22:07:41
instagram,https://www.instagram.com/p/DdafU6mCd3Q/,f737189e40b33030,,홈캠으로 보는 귀염둥이,2026-09-18,강아지홈캠,post,,caption,substitute,2026-09-30T22:07:41
instagram,https://www.instagram.com/p/DcWGl8bFMw7/,ce1b470e58ba588e,,"출근 후 혼자만의 시간을 보게 해준 홈캠 
그의 애착베개 위글위글과 함께 
다양한 자세로 잠만 잤다고 한다 

#공감쟈 #반려견일상 #강아지홈캠 #아기강아지🐶",2026-08-22,강아지홈캠,post,,caption,substitute,2026-09-30T22:07:41
instagram,https://www.instagram.com/p/Db9xwpTGXVt/,7d22b16debf6f43b,,"13년 만에 드디어 설치한 홈캠
왜 이제야 했을까'-'

요즘 집 비우는 시간이 길어지기도 했고
이 더운 날 사랑이가 혼자 베란다에 몇 시간 동안 갇힌 이슈가 생겨서 바로 주문해버림..🥲

사랑이 혼자 있을 때 움직이는 
동작마다 센서가 감지해서 
따로 저장해 보여주는데 너무 좋다

혼자서도 잘 자고
일어나서 기지개도 펴고
물도 마시고 쉬도 하고ㅋㅋ
넘 기특 ㅠㅠ♡

그리고 생각보다 통잠을 안 잔다는 사실도 알게 됨..
잘 자다가도 한 번씩 현관을 물끄러미 쳐다보고
현관 앞에서 한참 자면서 기다리기도 하고..
그러다 다시 혼자 방으로 쏙 들어가기도 하고

내가 없을 때 어떻게 지내는지 늘 궁금했는데
이렇게 보니 짠하고 귀여움....ㅜㅜ
진작 설치할걸🥹
.
.
.
.
#강아지홈캠
#사랑이일상
#반려견#푸들
#poodle",2026-08-13,강아지홈캠,post,,caption,substitute,2026-09-30T22:07:41
instagram,https://www.instagram.com/p/Db9xqb9HR4N/,d01514f58667a498,,"홈캠 
어러분들은 어떻게 하세요??

#강아지홈캠 #강아지그램 #강아지정보",2026-08-13,강아지홈캠,post,,caption,substitute,2026-09-30T22:07:41
instagram,https://www.instagram.com/p/DbwjSpIh8tG/,7f05b00e34866637,,"겨울이 오전에 똥책 성공하고 일나와서 홈캠보니 역시나 켄넬서 잘자고 있다 분리불안도 없고 집에 잘있어줘서 고마운 겨울이~
6시간넘으면 화장실가고싶을까봐 내가 안절부절해지지

#진도믹스최고#강아지홈캠#믹스견#강아지일상",2026-08-08,강아지홈캠,post,,caption,substitute,2026-09-30T22:07:41
instagram,https://www.instagram.com/p/DbpgjizDxip/,a7c993ac20c124ed,,박두부 나홀로 집 모아보기-zip #강아지홈캠 #아기강아지 #집지키기,2026-08-05,강아지홈캠,post,,caption,substitute,2026-09-30T22:07:41
instagram,https://www.instagram.com/p/DbmjxAeAegc/,62b294872c3c794a,,"집에 가고 싶어지는 영상 🥹

#치와와 #홈캠 #강아지홈캠 #강아지",2026-08-04,강아지홈캠,post,,caption,substitute,2026-09-30T22:07:41
instagram,https://www.instagram.com/p/Da7p43lFILy/,6ce87958e8448193,,주인녀석 출근했다.. 이 집은 이제 제껍니다,2026-07-18,강아지홈캠,post,,caption,substitute,2026-09-30T22:07:41
instagram,https://www.instagram.com/p/DaUGnL9pB6V/,927c02f23559383b,,"아는거마냥 
그렇게 쳐다보지말라구..👀
ㅋㅋㅋㅋㅋㅋㅋㅋㅋㅋㅋㅋㅋ

#포인핸드 #믹스견 #똑똑이❤️ #강아지홈캠 #분리불안이뭐야",2026-07-03,강아지홈캠,post,,caption,substitute,2026-09-30T22:07:41
instagram,https://www.instagram.com/p/DZ62OlqH6Lt/,a184b474c34412cd,,"반려동물이 혼자 있는 시간이 걱정되셨나요?

펫팔은 단순한 홈캠이 아닙니다.

🎣 티저 장난감으로 함께 놀아주고

🍖 버튼을 누르면 간식과 사료가 나오고

📱 언제 어디서든 실시간 영상 확인

🎥 원격으로 움직이며 집 안을 모니터링

🐱 반려동물의 하루를 더 즐겁게

집에 없는 시간까지 함께하는 친구.

PETPAL

반려동물을 위한 가장 똑똑한 놀이 친구이자 홈캠.

#펫팔 #PETPAL #반려묘 #반려견 #고양이집사 #고양이장난감 #AI펫 #펫테크 #강아지홈캠 #고양이홈캠 #반려동물로봇 #스마트홈 #집사필수템 #강아지일상 #고양이일상 #캣스타그램 #고양이용품 #반려동물용품 #홈캠 #반려동물홈캠",2026-06-23,강아지홈캠,post,,caption,substitute,2026-09-30T22:07:41
instagram,https://www.instagram.com/p/DZFJ7v9EkmK/,ec31701feb758d43,,"코비 혼자 두고 나오면
궁금해서 한 번씩 홈캠 켜보게 되는데 🐶

현실은…

맨날 자고 있음ㅋㅋ

이번에 사용해본 타포 홈캠 C201.
설치 쉬운 건 기본이고 화질이 꽤 선명해서
코비 자는 모습 괜히 확대해서 보게 돼요 👀

움직임 감지도 되고 화면도 따라 돌아가니까
가끔 자리 옮기면 바로 확인 가능.

메모리카드 넣으면 저장도 돼서
집사 없을 때 뭐했는지 보는 재미도 있고요.

근데 우리집은…
확인할 때마다 거의 sleeping mode 😴

그래도 밖에서도 코비 얼굴 바로 볼 수 있으니까
괜히 마음 편해지는 건 있음.

 🖤

#타포홈캠 #TapoC201 #강아지홈캠 #반려견일상 #댕스타그램 코비 홈캠추천 강아지집사 티피링크",2026-06-02,강아지홈캠,post,,caption,substitute,2026-09-30T22:07:41
instagram,https://www.instagram.com/p/DY2UX8qE-uA/,81c40459b90804af,,"홈캠으로 둘 지켜보다가 모모!! 동동!! 하니까 
둘이 같이 쳐다보는 장면..🩷🩵

그러다 같은 포즈 같은 자세로 자는 남매..🫠
너네 이렇게 귀여우면 곤란하다??",2026-05-27,강아지홈캠,post,,caption,substitute,2026-09-30T22:07:41
instagram,https://www.instagram.com/p/DYrpZsoGh7Q/,f07bcb6de8532f23,,"뒤돌아보니까 저렇게 나만 보고 앉아있는게 귀여워서 홈캠 돌려봄
더 귀여워 … 🫠💗",2026-05-23,강아지홈캠,post,,caption,substitute,2026-09-30T22:07:41
instagram,https://www.instagram.com/p/DYgxNbUjvtN/,4e1a4886b7445c1d,,"눈나 나 보이죠 지금
홈캠으로 지켜만보지말고 빨리와여••;;
#강아지홈캠 #눈마주침👀 #카메라의식 #카메라빨",2026-05-19,강아지홈캠,post,,caption,substitute,2026-09-30T22:07:41
instagram,https://www.instagram.com/p/DYKFDLFiRvJ/,5ffa3aa914de2750,,"📺홈프로텍터 김꼬솜씨의 천방지축 일상
갑자기 방석이 뒤집어져있길래 돌려봤더니 아니 애가 방석에 갇혔어요(?) (?) ㅠㅠ 그러던 말던 잘자는 꼬솜 💦 나만 식겁했지..",2026-05-10,강아지홈캠,post,,caption,substitute,2026-09-30T22:07:41
instagram,https://www.instagram.com/p/DX8kHLnk09Z/,53ddfe130e761c09,,"🩵엄마 출근할동안 혼자 잘 놀아유 🩵
#강아지홈캠 #엄마가지켜보고있다😎",2026-05-05,강아지홈캠,post,,caption,substitute,2026-09-30T22:07:41
instagram,https://www.instagram.com/p/DXvrYoHDE5H/,c185914594548a54,,"🐶🐱 우리 집 귀염둥이 자랑할 시간!
가정의 달 맞이, Tapo와 함께하는 🐾내새끼 자랑대회🐾오픈 💛

털뭉치🐕🐈‍⬛, 비늘이🦎 상관 없이
나의 사랑하는 반려동물과 함께하는 소중한 순간,
Tapo 홈캠에 담긴 내새꾸의 귀여운 모먼트를 자랑해주세요 📸

⠀
📅 이벤트 기간
2026.04.30 (목) ~ 2026.05.10 (일)

🏆 당첨자 발표
2026.05.12 (화)

🙋 참여 대상
반려동물과 함께하는 모든 가정

📌 참여 방법
1️⃣ 티피링크코리아 인스타그램( ) 팔로우!
2️⃣ Tapo 홈캠과 함께하는 반려동물 or 홈캠이 필요한 반려동물 사진 촬영!
3️⃣ 필수 해시태그와 함께 인스타그램 피드 또는 릴스 업로드!
4️⃣ 프로필 링크 내 [내새끼 자랑대회 제출폼]에 업로드 링크 제출!

⠀
📍필수 해시태그
#타포 #타포홈캠 #타포내새끼자랑대회

🎁 이벤트 경품

🐾 신규 사용자 부문

*만나서 반갑다냥 상
FHD 블랙 회전형 홈캠 Tapo C201 (5명)

🐾 기존 사용자 부문

* 최고의 스타상
2K 듀얼 렌즈 회전형 홈캠 Tapo C245D (1명)

* 미래의 스타상
2K QHD 유무선 회전형 홈캠 Tapo C222 (3명)

* 귀요미 유망주상
FHD 블랙 회전형 홈캠 Tapo C201 (10명)

⠀
⚠️유의 사항
✔ 당첨 후 경품 수령 시, 5/25까지 간단한 후기 업로드가 필요합니다.
✔ 후기 업로드 채널은 자유이며, 추후 전달되는 폼에 링크를 제출해주세요.
✔ 실제 반려동물이 아닌, 생성형 AI 이미지로는 참여가 불가합니다.
✔ 이벤트 참여 콘텐츠는 추후 Tapo 마케팅 콘텐츠로 활용될 수 있습니다.
✔ 본 이벤트의 내용은 내부 사정에 따라 예고 없이 변경될 수 있습니다.

우리 집 강아지, 고양이, 반려동물의
가장 사랑스러운 순간을 마음껏 자랑해주세요 💛
귀여움 만렙 우리 아이, 지금 바로 자랑하러 가볼까요? 🐾",2026-04-30,강아지홈캠,post,,caption,substitute,2026-09-30T22:07:41
instagram,https://www.instagram.com/p/DXVv08yFGwb/,96a0ffd7f64243db,,"월요일 홈캠보고 힐링하기💭

#출근 #강아지 #홈캠",2026-04-20,강아지홈캠,post,,caption,substitute,2026-09-30T22:07:41
instagram,https://www.instagram.com/p/DXHWdX1AWDc/,ed5c7ad8beece48e,,"신발장 앞에 나가서 
홈캠을 정확히 보고 있는 석삼이.. 😱🥶
어… 얼른갈게.. ❣️🤤",2026-04-14,강아지홈캠,post,,caption,substitute,2026-09-30T22:07:41
instagram,https://www.instagram.com/p/DdVcEBFGSp-/,e2ee28b9e61bd9ab,,등돌린 댕댕이 부르는 수달 인형의 아련한 손끝 ㅋㅋ 너무 귀여워서 홈캠 캡쳐 저장했어요 ㅎㅎ #강아지홈캠 #등돌린강아지 #푸들스타그램 #poodlestagram #dogstagram,2026-09-16,강아지홈캠,post,,caption,substitute,2026-09-30T22:07:41
instagram,https://www.instagram.com/p/DXWJyoJCbLy/,f9334537fa2934e6,,"출근할 때마다 마음이 무거운 당신께 💙 혼자 남겨진 반려동물과 가족을 위한 AI 로봇이 왔어요. 지금 소개합니다 👇

#EBOAIR2PLUS #이동식홈캠 #강아지홈캠 #반려로봇",2026-04-20,강아지홈캠,post,,caption,substitute,2026-09-30T22:07:41
instagram,https://www.instagram.com/p/DWVtIdkk8A4/,704fdb2ce43056f1,,"🐾매주 반려생활정보 업데이트!
#반려생활연구 No.16ㅣ강아지 분리불안

“홈캠 켤 때마다 현관문만 쳐다보고 있는 아이 때문에
미안해서 출근하기 힘들어요…😭“

매일 아침 아이를 혼자 두고 나오며 죄책감을 느끼시나요?

아이가 혼자서도 편안하게 보호자님을 기다릴 수 있도록,
수의사와 훈련사들이 입을 모아 강조하는
분리불안 극복 3가지 핵심 훈련법을 정리했습니다.

오늘부터 당장 실천해 볼 수 있게
💌 이 게시물 꼭 저장!
💾 홈캠 보며 우는 주변 친구들에게도 공유!

 
우리 아이를 위한 더 많은 이야기가 궁금하다면?
[한고연몰]과 함께해요!🐶

#강아지분리불안 #1인가구강아지 #분리불안훈련 #강아지홈캠 #강아지훈련 #노즈워크 #초보보호자 #반려견심리 #강아지행동교정 #한고연몰",2026-03-26,강아지홈캠,post,,caption,substitute,2026-09-30T22:07:41
instagram,https://www.instagram.com/p/DWTLtT3k4Ez/,1ce75f6c008dcf5c,,"요즘 너무 바빠서 홈캠으로 보는 행배씨 모음집..🤎

#파인뷰홈캠 #강아지홈캠 #홈캠추천 #앰버서더",2026-03-25,강아지홈캠,post,,caption,substitute,2026-09-30T22:07:41
instagram,https://www.instagram.com/p/DYKFDLFiRvJ/#c18119355535664730,77cb0f72b758acfc,,초코 ❤️❤️몽실 ❤️놀러 왔어요 영상올리시면 자주놀러 오겠습니다 ❤️❤️,2026-05-17,강아지홈캠,comment,,comment,substitute,2026-09-30T22:07:41
instagram,https://www.instagram.com/p/DbmjxAeAegc/#c18174535984427700,21884e71d6641c4b,,벙개야 이모가 이요누나 댈꾸 갈게갈게!!❤️,2026-08-07,강아지홈캠,comment,,comment,substitute,2026-09-30T22:07:41
instagram,https://www.instagram.com/p/DbmjxAeAegc/#c18181857121407488,98b26973367c6f79,,벙개야 누나 보고싶어서 그래 그렁그렁한 눈으로 보면 누나도 보고싶어서 집에 얼른 올거야 귀여워 😂😂,2026-08-04,강아지홈캠,comment,,comment,substitute,2026-09-30T22:07:41
instagram,https://www.instagram.com/p/DbmjxAeAegc/#c17966913318131396,05279e99cff8ed58,,벙개야 ㅠㅠㅜㅜ 임모가 가도 될까...? 넌 원하지 않을수 있겠지만.......ㅋㅋㅋㅋㅋㅋㅋㅋ😍,2026-08-04,강아지홈캠,comment,,comment,substitute,2026-09-30T22:07:41
instagram,https://www.instagram.com/p/DbmjxAeAegc/#c18110705317950578,cf95dafed35257f5,,징짜 빠른 퇴긍 시급해여 !!!!,2026-08-04,강아지홈캠,comment,,comment,substitute,2026-09-30T22:07:41
instagram,https://www.instagram.com/p/DbmjxAeAegc/#c18145833442532964,d13200e0729f9df7,,집에서 번개가 기다리고있다⚡️❤️,2026-08-04,강아지홈캠,comment,,comment,substitute,2026-09-30T22:07:41
instagram,https://www.instagram.com/p/DY2UX8qE-uA/#c17949390309175746,d27f86c044c5bb96,,귀요미들 안녕 나는 버터야 친구하쟈❤️,2026-05-27,강아지홈캠,comment,,comment,substitute,2026-09-30T22:07:41
instagram,https://www.instagram.com/p/Db9xqb9HR4N/#c18122638957836389,18003593e7ec2fb0,,"바니, 밤비야 울 엉아는 홈캠 하려고 했다가 형이 분리불안 생길까봐 못 하겠대 근데 또 이제 내 나이가 많아서 혹시 가족들 전부 없는데 무슨 일 생길까봐 그것도 불안하대 어떡하징..? ㅋㅋ",2026-08-15,강아지홈캠,comment,,comment,substitute,2026-09-30T22:07:41
instagram,https://www.instagram.com/p/Db9xqb9HR4N/#c18173725897434688,84c6a2a4834f1e87,,저두맨첨엔 씨씨티비보면서 이름부르고말했었는데ㅋ..이젠외출해서 웬만하면 씨씨티비안보려해유😢 보면맴찢이여서 밖에서볼일도제대로못본다는😂😂 안보는게맘이더편해유🤭🤣🤣,2026-08-13,강아지홈캠,comment,,comment,substitute,2026-09-30T22:07:41
instagram,https://www.instagram.com/p/DXvrYoHDE5H/#c18124154869622332,2de1178a582f1115,,이벤트 소문 많이 내주세요...!! 이런 재밌는 이벤트 하는지도 몰랐어요 흑흑 😂😂,2026-05-12,강아지홈캠,comment,,comment,substitute,2026-09-30T22:07:41
instagram,https://www.instagram.com/p/DXvrYoHDE5H/#c18070411574330269,22cc9d10269dd30f,,으아ㅠㅠㅠㅜㅜ왜이걸 당첨자발표하는날에봤을까😱 다음에도 이런이벤트 또해주세요 꼭참여하겠습니다!!,2026-05-12,강아지홈캠,comment,,comment,substitute,2026-09-30T22:07:41
instagram,https://www.instagram.com/p/DXvrYoHDE5H/#c18117390487789105,0dbe6274dfaf3214,,ㅠㅠ타포 캡쳐하고 업로드를 잊어서 설문 종류🔥 담에 참여해야겠네요😂,2026-05-10,강아지홈캠,comment,,comment,substitute,2026-09-30T22:07:41
instagram,https://www.instagram.com/p/DXvrYoHDE5H/#c17935266963234824,fa8919dbee4e9bc2,,우리 집 막둥이 Tapo 홈캠에 담긴 모습이 너무 귀여워서 바로 참여해요! 🐾 이번 기회에 우리 애기 미모 좀 널리 알리고 싶네요. 좋은 이벤트 감사합니다!,2026-05-10,강아지홈캠,comment,,comment,substitute,2026-09-30T22:07:41
instagram,https://www.instagram.com/p/DYgxNbUjvtN/#c18175096858406228,8c418c0b1a042556,,뭐라구!!??? 젼 눈나 보고싶다구!!!???,2026-05-19,강아지홈캠,comment,,comment,substitute,2026-09-30T22:07:41
instagram,https://www.instagram.com/p/Da7p43lFILy/#c18109775645093532,c24d277064deaa2e,,초코 ❤️몽실 ❤️놀러 왔어요 영상올리시면 자주놀러 오겠습니다 ❤️❤️,2026-07-23,강아지홈캠,comment,,comment,substitute,2026-09-30T22:07:41
instagram,https://www.instagram.com/p/Db9xwpTGXVt/#c18110672873004754,c92a19ad13a09e1a,,씨씨티비설치하면 내가 분리불안이 생기는...🤣🤣,2026-08-13,강아지홈캠,comment,,comment,substitute,2026-09-30T22:07:41
instagram,https://www.instagram.com/p/Db9xwpTGXVt/#c18111703450798337,253f7f595afaef90,,분리불안없어서 부러워요,2026-08-13,강아지홈캠,comment,,comment,substitute,2026-09-30T22:07:41
instagram,https://www.instagram.com/p/DWTLtT3k4Ez/#c18073571615623390,919119482a05111c,,너무너무 귀엽고 사랑스러워용! ㅠㅠ,2026-03-26,강아지홈캠,comment,,comment,substitute,2026-09-30T22:07:41
instagram,https://www.instagram.com/p/DWTLtT3k4Ez/#c18094896415857753,c4f144d1d812ee55,,햄배도 혼자 진짜 잘있꾸나😍근데 자꾸 카메라를 쳐다보는거같아!,2026-03-25,강아지홈캠,comment,,comment,substitute,2026-09-30T22:07:41
instagram,https://www.instagram.com/p/DWTLtT3k4Ez/#c18087919415603610,cf08e495925f6dea,,아침햇살말구 햄배햇살❤️,2026-03-25,강아지홈캠,comment,,comment,substitute,2026-09-30T22:07:41
instagram,https://www.instagram.com/p/DdVcEBFGSp-/#c17894827104608349,011b2fb9ad4eab52,,"이렇게 사랑스런 강아지와 함꼐하는 것만으로도 치유가 될 것 같아요 ㅎㅎㅎ 저두 방뎅이가 귀엽고 영리한 웰시코기를 키우거든요 ~!
! 우리 덕구랑 서로 손잡고 친구하면 어떨까요 ㅎㅎ
^^ 감기조심하시고…오늘하루도 건강하고 즐겁고 행복하세요",2026-09-22,강아지홈캠,comment,,comment,substitute,2026-09-30T22:07:41
instagram,https://www.instagram.com/p/DZFJ7v9EkmK/#c18114296077655400,eb7e252af7f71778,,윤서도 코비처럼 잘 잤으면 🥲,2026-06-03,강아지홈캠,comment,,comment,substitute,2026-09-30T22:07:41
instagram,https://www.instagram.com/p/DX8kHLnk09Z/#c18114226765827634,17544510c1276379,,아구 우리호랑이 의젓해라❤️,2026-05-09,강아지홈캠,comment,,comment,substitute,2026-09-30T22:07:41
instagram,https://www.instagram.com/p/DXHWdX1AWDc/#c18091147556335548,df3986453c00281d,,엄마가 날 지켜보고 있다고 생각하게찌만.. 내가 지켜보고 이땨 👀,2026-04-16,강아지홈캠,comment,,comment,substitute,2026-09-30T22:07:41
instagram,https://www.instagram.com/p/DXHWdX1AWDc/#c18104988853740459,ebe872f281278087,,ㅋㅋㅋㅋㅋㅋㅋ 얼핏보면 무슨 석상 같아😂😂,2026-04-15,강아지홈캠,comment,,comment,substitute,2026-09-30T22:07:41
instagram,https://www.instagram.com/p/DXHWdX1AWDc/#c18071692202271860,749d4c30d09c6091,,지굼 스토커법 강화됫때. 우리 쿠닐낫서,2026-04-14,강아지홈캠,comment,,comment,substitute,2026-09-30T22:07:41
instagram,https://www.instagram.com/p/Dd5y7OImMNh/,0b0fe6a8d32c630b,,"진해 경화동 방콕산장

🏠 경남 창원시 진해구 진해대로660번길 9
☎️ 0507-1317-5124

🍽️ 랭쎕, 팟타이, 퍼보, 팍풍파이뎅

태국 현지 느낌 물씬 나는 이색적인 태국 음식점
곳곳에 즐길거리와 깨알 디테일🤩

음식은 오히려 우리나라 사람들을 위해
향신료를 줄이고 깔끔한 스타일로 
누구나 호불호 없이 즐길 수 있는 맛😋

오감이 즐거운 장소👍",2026-09-30,퍼보,post,,caption,substitute,2026-09-30T22:07:41
instagram,https://www.instagram.com/p/DdxiUgTEyY-/,5853c66d90480ec8,,"🍜 PHỞ – A Taste of Vietnam
(Korean below)
There are some Vietnamese dishes that simply feel like home — and Phở is one of them. 🇻🇳

At Ngon Da Nang - Vietnamese Cuisine Restaurant, discover two comforting classics from Vietnamese cuisine:

🐓 Chicken Phở
Fragrant chicken broth, tender chicken, soft rice noodles and fresh herbs come together in a light yet satisfying bowl. Every spoonful brings a delicate, comforting taste that is perfect for any time of the day.

🥩 Beef Phở
Our beef phở features a slow-simmered broth, tender slices of beef, soft rice noodles and a generous serving of fresh herbs. Rich, aromatic and deeply comforting, it is a wonderful introduction to one of Vietnam’s most beloved dishes.

Served with fresh herbs, bean sprouts, lime and chili, your bowl of phở can be enjoyed just the way you like it.

✨ A warm bowl. Fresh ingredients. A taste of Vietnam.
---
🍜 쌀국수, 베트남의 맛을 한 그릇에

베트남을 대표하는 음식 중 하나인 쌀국수(PHỞ). 🇻🇳
따뜻한 국물과 부드러운 면, 신선한 허브가 어우러져 여행 중 편안하게 즐기기 좋은 베트남의 대표적인 한 끼입니다.

Ngon Da Nang - Vietnamese Cuisine Restaurant에서는 베트남의 대표적인 두 가지 쌀국수를 만나보세요.

🐓 닭고기 쌀국수 (Phở Gà)
향긋하고 깔끔한 닭육수에 부드러운 닭고기와 쌀국수 면, 신선한 허브를 더했습니다. 담백하면서도 깊은 풍미를 느낄 수 있는 따뜻한 한 그릇입니다.

🥩 소고기 쌀국수 (Phở Bò)
천천히 우려낸 진한 소고기 육수와 부드러운 소고기, 쫄깃한 쌀국수 면 그리고 신선한 허브가 조화를 이룹니다. 베트남 쌀국수의 깊고 풍부한 맛을 제대로 느껴보고 싶다면 좋은 선택입니다.

숙주, 라임, 고추와 신선한 허브를 곁들여 취향에 따라 더욱 풍성하게 즐겨보세요.

✨ 따뜻한 한 그릇에 담긴 베트남의 맛.
---
Ngon Da Nang – Vietnamese Cuisine Restaurant
📍 Location: 88B Le Quang Dao, Ngu Hanh Son, Da Nang
☎️ Hotline: +84 387 979 043
#NgonDaNang #VietnameseCuisine #VietnameseFood #Pho #PhoBo #PhoGa #BeefPho #ChickenPho #DaNangFood #DaNangRestaurant #VietnamFood #FoodInDaNang #다낭맛집 #다낭여행 #다낭음식 #다낭맛집추천 #베트남음식 #베트남쌀국수 #쌀국수 #퍼보 #퍼가 #소고기쌀국수 #닭고기쌀국수",2026-09-27,퍼보,post,,caption,substitute,2026-09-30T22:07:41
instagram,https://www.instagram.com/p/DcoGY_tAR63/,852ac6ee8725194a,,"언니와 함께 롯데 아울렛 데이트
르번미(쉬림프갈릭볶음밥,퍼보), 
앤티앤스(크림치즈스틱프네즐)

#롯데아울렛 르번미 #쉬림프갈릭볶음밥 #퍼보 앤티앤스 #크림치즈스틱프레즐 #먹방",2026-08-29,퍼보,post,,caption,substitute,2026-09-30T22:07:41
instagram,https://www.instagram.com/p/DbYD5lZmUPn/,4f961915e72efd21,,"🔎 광주 양림동 맛집 베트남 음식점 #분포나인
광주 양림동에 데이트 갔다가 푸릇푸릇한 나무가 있는
공원골목에서 분위기 있는 베트남 음식점을 발견해서
바로 맛보러 입장🙌
앞으로 베트남 음식점은 여기로 정착~👌 

✔️ 소고기쌀국수(₩10,500)
✔️ 팟타이(₩15,000)
✔️ (베트남식만두)짜조(₩5,500)
✔️ 나시고랭 볶음밥(₩12,000)
✔️ 분짜(₩16,500) 

🌟분포나인 쌀국수는 양지와 사골로 푹 끓여낸
육수가 베이스라는거 얼마나 깊은지 감도 안옴👍
🔥한국인저격 매운 쌀국수도 있움 

광주 양림동 맛집 저장🌟 해두고
#광주양림동데이트 하면서 #베트남음식맛집 꼭 가보기😆 

📍전남광주 남구 백서로 39 1층, 분포나인
🔔 (매일) 11:00~21:00 (연중무휴)
💌 예약⭕️ 포장⭕️ 배달⭕️ 리뷰이벤트⭕️ 화장실⭕️
🅿️ 주차⭕️(가게주차장 이용)
📞 0507-1439-2274",2026-07-29,퍼보,post,,caption,substitute,2026-09-30T22:07:41
instagram,https://www.instagram.com/p/Da_mFruj7cG/,069b3e7373a61a63,,"['고하이' 2차 방문기]
.
* 식사장소 : 시흥 은계지구 '#고하이'
* 가격 : 분짜 ""13,000원"",
............분짜 면 추가 ""2,000원"",
............분짜 고기 추가 ""6,000원"",
............퍼보(소고기 쌀국수) ""9,500원"",
............퍼보 면 추가(같이) ""1,000원"",
............짜조 ""7,000원""
.
.
.피드에 보이시는 '#쌀국수'와 '#짜조'는
2026년 7월 19일 일요일날 점심식사 시간에
친구를 만나서 먹은 것이며,
시흥 은계지구에 있는 '#쌀국수맛집'을
매우 오래간만에 재방문 한 것이기도 합니다!

 사진 속에 보이는 '#은계지구맛집'은
과거에 친형님과 은계지구에서 만남이 있었을 무렵
호기심 삼아 찾아갔다가 맛있는 맛을 느낌을 통해
언제 한번 친구 분께 소개해주고 싶었습니다!

 그러다가 친구랑 같이 '쌀국수'를 먹게 되면서
해당 장소를 매우 오래간만에 다시 찾아가면서
2차 방문기를 남기게 됐으며,
이번 방문 시간에는 기본적인
'소고기 쌀국수'인 '퍼보'를 시킨 뒤에
관심있던 메뉴였던 '분짜' 및 '짜조'를 시켜서
나눠먹고 왔습니다!
.
.
 다음으로 식사 당시 저희 일행이 나름 대식가인지라
주문 당시 조금 욕심을 부려서
'쌀국수 면추가, 분짜 면과 고기 추가'를 해서 먹으니
푸짐한 양을 보면서 맛있는 비주얼을 볼 수 있었습니다!

 그렇게 맛 본 '쌀국수'는 친구 분께서 만족하실 만큼
'퍼보'에서는 깊고 시원한 국물 맛이 느껴졌으며,
'분짜'에서는 새콤달콤한 육수를
면을 담가서 맛나게 먹을 수 있었습니다!

 두번째로 '분짜'는 처음 맛보는 것이라
제대로 된 맛을 모르긴 하지만,
'고기' 맛은 대중적으로 아는 '돼지갈비' 맛을
맛있게 표현한 느낌이 들었습니다!

 세번째로 사이드 메뉴로 맛 본 '짜조'도 맛있게 잘먹었으며,
바삭한 라이스 페이퍼에 촉촉한 내부의 식감을
느낀 것으로 기억합니다!
.
.
 '먹스타' 글을 마치기 앞서서
이번에 친구랑 오래간만에 '쌀국수' 한그릇을 먹고 왔지만,
2번째로 '고하이'에 찾아가면서 느낀점이 있다면
앞으로도 여기는 저에게서
인생 쌀국수 맛집이 되어줄 듯 합니다!

 그렇기에 언제가 될 진 몰라도 추후
해당 '은계맛집'을 재방문 할 날이 있기를 바라게 되며,
그때가 되면 '퍼보' 하나를 기본으로 시킨뒤
다른 '쌀국수'를 시켜서 서로 나눠먹지 않을까 싶어요.

 마지막으로 개인적인 생각으로 글을 마치자면
'고하이'는 생각 외로 자리를 오래 지킨 장소인 만큼,
은계 현지인들께 인기가 많은 것을 느낌을 통해
앞으로도 좋은 맛집으로 계속 남아주기를 바라게 됩니다!
.
.
.",2026-07-19,퍼보,post,,caption,substitute,2026-09-30T22:07:41
instagram,https://www.instagram.com/p/DZoKa_ZIEFS/,81fd201b9d110375,,"호주청정우와 함께 떠나는
글로벌 미식 여행✈️

이번 목적지는 다양한 기후와 문화를 품은 나라, 베트남입니다🇻🇳

베트남을 대표하는 소고기 쌀국수, 퍼 보는
오랜 시간 우려낸 깊은 육수에
부드러운 소고기를 더해 완성되는 음식입니다🍜

담백한 국물 안에서 소고기의 풍미가 퍼지고,
얇게 썬 고기의 부드러운 식감이 더해져
한 그릇만으로도 든든한 만족감을 전합니다🥩

베트남의 일상을 담은 퍼 보로
호주청정우의 깊고 부드러운 맛을 만나보세요🌿

식탁에서 만난 베트남,
호주청정우와 Meat the World💚",2026-06-16,퍼보,post,,caption,substitute,2026-09-30T22:07:41
instagram,https://www.instagram.com/p/DY7QHpSgfdt/,77595c19afc6767c,,"베트남의 음식과 신화를 네 장의 레시피 매거진으로 기록했습니다. 오늘의 음식은 퍼 보입니다.

재료
이미지 02/04의 재료 표를 기준으로 준비하면 됩니다.

한국에서 쉽게 쓰는 대체품
현지 특수 향신료, 소스, 허브만 국내 마트나 온라인몰에서 구하기 쉬운 재료로 바꿔 주세요. 닭고기, 새우, 감자처럼 한국에서 흔한 재료는 대체하지 않아도 됩니다.

팁
이미지 03/04의 '한국에서 만들기 팁'을 먼저 확인하고, 강한 향신료는 조금씩 더하면 맛 균형을 맞추기 쉽습니다.

#recipe2myth #베트남 #퍼보 #월드레시피 #worldrecipe #요리일러스트 #foodillustration #recipeillustration #레시피매거진 #신화와음식 #mythology #mythologyart",2026-05-29,퍼보,post,,caption,substitute,2026-09-30T22:07:41
instagram,https://www.instagram.com/p/DX1daevkxrh/,80ad9c3ff243a82e,,"신라호텔 셰프출신이 요리하신다는 단국대 앞 맛난 베트남음식점 포후에에서 쌀국수와 볶음면 포장.

#퍼보 #퍼싸오 #베트남음식점 #단국대맛집 #포후에",2026-05-02,퍼보,post,,caption,substitute,2026-09-30T22:07:41
instagram,https://www.instagram.com/p/DVYEappjzqU/,e5dd76bf9fe5e804,,"베트남 향수병을 달래주는 최고의식당!
 지금까지 모든 베트남 식당중 만족도가 젤 높다
#콴안다오 #vietnam #퍼보 #고이꾸온 #분팃능",2026-03-02,퍼보,post,,caption,substitute,2026-09-30T22:07:41
instagram,https://www.instagram.com/p/DVBAFKaj5Vf/,ca8f19946b928f69,,"#김포몰 #콴안다오 #콴안다오롯데몰김포공항점 
#껌팃코 #퍼보 

예전엔 2인세트가 있어서 좋았는데 이제 없어졌네요
1인세트만 있어서 아쉽 ..
세번째 방문인데 예전에 맛있게 먹었던거랑 다른 느낌..
그래도 여전히 사람은 많네요",2026-02-21,퍼보,post,,caption,substitute,2026-09-30T22:07:41
instagram,https://www.instagram.com/p/DU9kixBj1up/,31b71bbb0d134488,,베트남 남부 #면식 #후띠우 #퍼보 #분느억래오 #분리우 비건가정식국수,2026-02-20,퍼보,post,,caption,substitute,2026-09-30T22:07:41
instagram,https://www.instagram.com/p/DUhTgnGk6K-/,0cbbe7d3aab3c4aa,,"#콴안다오롯데몰김포공항점 
#혼밥쌀국수세트(#퍼보 #짜조) #고이꾸온
옆테이블 꼬맹이의 쌀국수먹방이 귀여웠던 🤗

2026.02.08",2026-02-09,퍼보,post,,caption,substitute,2026-09-30T22:07:41
instagram,https://www.instagram.com/p/DTjNnr_k-ve/,395c5e6eaa103b87,,"[고하이]
.
* 주소 : 경기 시흥시 은계번영길 9 은계골드웨이 212호
* 가격 : 팟타이 ”10,500원“,
...........팟타이 면추가 ”2,000원“,
...........퍼보 ”9,500원“,
...........퍼보 면추가(같이) ”1,000원“,
...........짜조 ”7,000원“
.
.
.‘고하이’는 시흥 은계지구 번화가 상가 건물 2층에 위치하는
자그만한 ‘#베트남음식’ 맛집이면서도
시흥 은계지구에서 자리를 오래 지켜온
역사있는(?) ‘#은계맛집’이기도 합니다!

 맛집투어 당시 2026년 1월 15일 저녁식사 시간에
회사에서 퇴근 후 친형님을 은계지구에서 만나면서
개인용무를 마친뒤 식사를 하고 간 것에 속하며,
제가 여러 #은계지구맛집‘을 알아봤다가
해당 ’#쌀국수맛집‘을 발견 및 언급하자
형님께서 ’#쌀국수‘가 드시고 싶다고 말씀하셨습니다!

 그래서 저희 일행은 은근 호기심이 있었던
해당 맛집에 직접 찾아가보자
베트남 현지인으로 보이는 직원이 저희 일행을 반겼고,
저희는 기본쌀국수인 ’퍼보‘ 곱배기에
볶음쌀국수인 ’팟타이‘ 곱배기 + ’짜조‘를 시켜서
나눠먹음으로서 배부르게 끼니를 떼웠습니다!
.
.
 다음으로 주관적인 입맛으로 느낀
식사 후기를 기억나는대로 서술해보자면,
먼저 '퍼보'부터 제공이 되어서 국물 맛을 느껴보자
시원하면서도 진하고 담백한 고기 국물 맛이 느껴지는 점에서
현지에서 먹는 것 같았던 느낌과 함께
맛있다는 소리가 절로 나왔습니다!

(+ 면은 특별한 인상은 아니여도 부드럽게 넘어가는 느낌!)

 두번째로 '팟타이'랑 '짜조'가 제공되면서
'팟타이'의 맛을 음미해보자
비록 면은 쪼개져 있어서 국수를 먹는 느낌은 적었지만,
불맛이 느껴지면서도 달콤 및 매콤한 소스 맛이
진하게 베여서 인생 '볶음쌀국수'를 맛 본 느낌이었습니다!

 세번째로 사이드 메뉴로 맛 본 '짜조'의 경우
육즙을 머금은 '튀긴 군만두'를 먹는 기분이었으며,
고기 맛이 잘느껴지는 편이었기에
잘만든 '짜조'를 접한 느낌이 들었네요!!

(+ T.M.I 정보로는 기본으로 주는 '물'이 신기했는데
Tea를 우려서 준 듯 산뜻한 향을 지닌 물맛이 좋았음!)
.
.
 ’먹스타‘ 글을 마치기 앞서서
이번에 은계에서 역사 있는 맛집에 찾아가면서 느낀점으로는
과거 친구분께 ’쌀국수‘를 입문시켜줄때,
여기를 찾아갈걸 생각들 정도로
매우 만족스러운 쌀국수 맛을 통해
추후 재방문 할 만한 매력을 느꼈습니다!

 즉 언젠가 기회가 생기면 재방문 해서
다른 ’쌀국수‘를 먹으러 찾아갈 만한 매력이 있다고 보며,
특히 ’분짜‘와 모르는 ’쌀국수‘ 메뉴가 있다보니
어떤 맛일지 호기심이 생기기도 하더라고요.

 마지막으로 개인적인 생각으로 글을 마치자면
언젠가 ’쌀국수‘가 매우 먹고 싶어질 경우
개인적이라도 ’고하이‘에 가서
’쌀국수‘ 한그릇을 먹고가지 않을까 싶은데,
느낌이지만 해당 맛집은 은계지구 현지인들께
많은 사랑을 받고 있지 않을로 생각해볼 수 있었습니다!!
.
.
.",2026-01-15,퍼보,post,,caption,substitute,2026-09-30T22:07:41
instagram,https://www.instagram.com/p/DTheExYEzVG/,968afa8ade94a6cb,,"🍜
#몽까이 원주무실점 #원주맛집
#베트남쌀국수 음식점

#퍼보 먹었는데, #짜조 도 매우 맛있다~

🚗주차장 있음 ^-^",2026-01-15,퍼보,post,,caption,substitute,2026-09-30T22:07:41
instagram,https://www.instagram.com/p/DSm6dHAEoLl/,c43b2c515b0c4e7e,,"Thai dishes 🇹🇭🍜🍜🍗

'세인트 어거스틴' 🇬🇧 혹은 '생 오귀스탱' 🇫🇷 이라고 읽어야 하는 거 아닌가?

#생어거스틴 #saintaugustin #thairestaurant #thaifood #thaidish #thaidishes #퍼보 #phobo #코코넛타마린치킨 #coconuttamarindchicken #꾸웨이띠오똠얌 #kuaytiawtomyam #bellacitta #벨라시타",2025-12-23,퍼보,post,,caption,substitute,2026-09-30T22:07:41
instagram,https://www.instagram.com/p/DSO_hvHE93y/,2e094e606cff0701,,"혼식기행 208. 하노이 기행 vol 3-4 

그래도 먹고는 살아야하니 고향 하노이를 떠나 일자리가 있는 서울행 비행기에 몸을 싣읍니다 흙흙! 

서울 거처에 와서 테레비를 켜니 요새 제가 즐겨보는 '니돈내산 독박투어' 하노이 편을 방송하고 있군요! 

우울증이 세배, 네배로 늘어납니다. 저거 다 내가 다녔던 골목이자너!!! 

여튼 남은 음식사진들입니다 흙흙. 

둘째날 아침으로 먹은 노상 쌀국수 퍼-보. 비주얼 크으! 맛은 능히 짐작하시리라... 

하노이 통일공원 인근에 아주 맛있는 껌빈단 가게 발견. 아진짜 

일단 채소볶음과 조각으로 제공된 찜닭도 맛있는데 

생선튀김이 진미네요! 엄지손가락 정도 피래미 크기인데 바삭 고소하니 죽입니다! 

베트남 민물에서 이게 많이 잡히고 느억맘 재료로도 쓰인다는 이야기를 어디선가 본듯한데 

껌빈단은 정말 가게마다 실패가 없군요. 

마지막날 조식. 호텔 조식보다 아침을 즐기는 현지인들 사이에서 반꾸온. 

쌀가루 반죽을 넓게 펴서 익혀 갈은 고기를 넣은 

모양은 전병인데 말랑한 식감은 만두같읍니다. 

여튼 남녀노소 현지인들이 아끼는 아침식사지요. 

이 가게는 국물 옵션이 있네요. 비가와서 아주살짝 쌀쌀한데 뜨끈하고 감칠맛 깊은 국물이 몸을 적십니다. 

#베트남여행 #베트남음식 #베트남맛집 #베트남 #vietnam #하노이 #하노이여행 #하노이맛집 #hanoi #pho #phobo #퍼보 #쌀국수 #소고기쌀국수 #껌빈단 #combinhdan #백반 #베트남가정식 #반꾸온 #bahncuon #베트남아침식사 #독박투어 #혼밥 #기행",2025-12-14,퍼보,post,,caption,substitute,2026-09-30T22:07:41
instagram,https://www.instagram.com/p/DSMHVNJASkm/,f0d065aa6061a9c5,,"10시 넘어서까지 뒹굴뒹굴
남편 퇴근해서 얼굴보니
급 배고파져서 밥 먹으러 나가자 ㄱㄱ!!!
오늘 날씨에 쌀국수 딱이지👍
탄탄면도 너무 맛있어💃🕺
소스에 밥 까지 비벼먹음🫶
야무지게 잘 먹었습니다🙏
- 
#심슨더스파이스 #쌀국수맛집 #텃만꿍 #탄탄면 #운정역맛집 #운정맛집 #점메추 #퍼보 #베트남쌀국수",2025-12-13,퍼보,post,,caption,substitute,2026-09-30T22:07:41
instagram,https://www.instagram.com/p/DS8jqAFkuL9/,4f7cd1d6c441a8eb,,"#르번미
용산에 갈 일이 있어서 들렀다. 11시 20분쯤 갔는데도 웨이팅이 있었다. 대기팀이 많진 않았는데 앞에 있는 팀들이 오픈 때 자리에 앉기 시작한 사람들이라 그런지 오래 기다려야 했다.
오래 기다렸다 먹었더니 맛있었다. 퍼보는 퍼보대로 분레는 분레대로 특유의 맛이 좋았다.
맛있어서 반미도 시켜봤다. 반미도 꽤 괜찮았다. 다시 오고 싶은 맛좋은 가게였다.

#용산맛집 #퍼보 #분레 #반미",2025-12-31,퍼보,post,,caption,substitute,2026-09-30T22:07:41
instagram,https://www.instagram.com/p/DSt1llQkob0/,350d66f6cb675b86,,"#퍼보 #양지쌀국수
#식탁곁들임 #식탁곁드림 #식탁곁들임메뉴 반찬 반찬가게 반찬가게맛집 맛집 울산반찬 울산중구반찬 중구홈플러스 배달 반찬배달 울산점 반구동 반구동반찬 일상그램 일상소통 좋아요 좋아요반사 팔로우 맞팔 테이블사이드디쉬",2025-12-26,퍼보,post,,caption,substitute,2026-09-30T22:07:41
instagram,https://www.instagram.com/p/DSJ2eXagXzw/,efcda8ac96643707,,"베트남음식 맛집

📍르번미 이촌본점
이촌로77길 19 1층

1시이후에 30~40분정도 웨이팅후입장
(웨이팅공간 있음)

코코넛소스로 새우를 볶은 커리소스 덮밥
꿍팟퐁커리 ₩16,000

해산물과 토마토소스가 어우러진
분레 13,500

둘다 첨먹어보는 맛인데 
웨이팅 값어치하는 맛이랄까
배도 고프긴했는데
맛있어서 코박고먹음😏..

#빵찌닝 #베트남음식맛집 #르번미 #퍼보 #꿍팟퐁커리",2025-12-12,퍼보,post,,caption,substitute,2026-09-30T22:07:41
instagram,https://www.instagram.com/p/DVYEappjzqU/#c18116936416715833,f3d106bf5aab9779,,향수병 현지가서 고쳐라,2026-03-02,퍼보,comment,,comment,substitute,2026-09-30T22:07:41
instagram,https://www.instagram.com/p/DSO_hvHE93y/#c18087898819973882,f25e70e77a2a4bc9,,하노이 치안은 괜찮은 편인가요? 가본적이없어서😂,2025-12-15,퍼보,comment,,comment,substitute,2026-09-30T22:07:41
instagram,https://www.instagram.com/p/DSO_hvHE93y/#c17850826344606166,6e882d016736f7c0,,하노이의 베트'콩'에겐 연락을 안 했나보군,2025-12-14,퍼보,comment,,comment,substitute,2026-09-30T22:07:41
instagram,https://www.instagram.com/p/DU9kixBj1up/#c18093385670064048,cd92b19bb7d55cb2,,나두 먹고싶다😢😢 베트남 쌀국수😍😍,2026-02-20,퍼보,comment,,comment,substitute,2026-09-30T22:07:41
instagram,https://www.instagram.com/p/DcSqHNukpSY/,8b5a1ec7c567bdd4,,"스마트한 보안, 더 스마트해진 일상 🏠

레드밴스가 선보이는 스마트 홈캠,
OSRAM SMART+ 카메라 360입니다.

110년 오스람의 품질과 유럽 기준 보안 설계로
아이·반려동물·부모님, 집 안의 소중한 순간을
사각지대 없이 지켜드립니다.

📷 400만 화소 2K 고해상도
🌀 360° 파노라마 뷰 × AI 모션 추적
🔒 유럽 GDPR 기준 개인정보 보호
🌙 야간 적외선 모드 · 양방향 대화 

Google Home, Alexa 연동까지 — 앱 하나면 충분합니다.

단순한 확인이 아닌,
실시간으로 지켜보는 시스템.
지금 우리 집에 필요한 안심입니다.

Power Through Light
무한한 빛의 가능성

#레드밴스 #오스람 #홈카메라 #홈캠 #펫캠 #아기카메라 #반려동물카메라",2026-08-21,펫캠,post,,caption,substitute,2026-09-30T22:08:58
instagram,https://www.instagram.com/p/DcFixHtE3VK/,887c55fe6a785deb,,"요즘 너무 잘 쓰고 있는 펫캠 🐶🤍

단순히 반려견을 지켜보는 것뿐만 아니라 20가지 이상의 행동을 AI가 감지해서 기록해줘서 외출했을 때도 반려견이 뭘 하고 있는지 확인하기 좋더라구요!

특히 2K QHD 화질 + 야간 모드라 밤에도 선명하게 볼 수 있고, 집을 비웠을 때 반려견의 행동이나 건강 상태를 확인할 수 있어서 정말 유용했어요 🥹

제품은 제공받았지만 별도의 대가나 게시물 작성 의무 없이 사용해봤고 직접 사용해보고 유용해서 추천하고 싶어 올리는 후기예요!
강아지나 고양이 키우면서 집에 혼자 있는 시간이 신경 쓰이는 분들이라면 한 번 알아보셔도 좋을 것 같아요 🐾🤍

🎥 
#킨포라#강아지카메라#펫캠#홈캠#홈카메라",2026-08-16,펫캠,post,,caption,substitute,2026-09-30T22:08:58
instagram,https://www.instagram.com/p/Db70LeMmJyl/,d3fb087026c1c075,,"🔥 딱 60분! 헤이홈 홈카메라 1+1 라이브 특가 🔥

홈카메라 고민하고 있었다면
내일 저녁 8시, 딱 한 시간만 놓치지 마세요! 👀

📅 8/13(목) 오후 8:00 ~ 9:00
🎁 홈카메라 1+1 혜택
💚 최대 61% OFF
⏰ 오직 60분 동안만 진행되는 라이브 특가!

우리 집 거실부터 아이방, 반려동물 공간까지 🏠
필요했던 홈카메라를 한 대 가격으로 두 대 챙길 기회!

라이브에서만 만날 수 있는 특별한 혜택,
지금 미리 알림 설정하고 내일 만나요 🙌

👉 네이버 라이브에서 '헤이홈' 검색

#헤이홈 #Hejhome #홈카메라 #홈캠 #가정용CCTV #스마트홈 #IoT #육아템 #육아필수템 #반려동물카메라 #펫캠 #네이버쇼핑라이브 #쇼핑라이브 #라이브특가 #홈카메라추천",2026-08-12,펫캠,post,,caption,substitute,2026-09-30T22:08:58
instagram,https://www.instagram.com/p/Db7RbzNku2r/,4e0b859c3b37d0ea,,"✈️ 나무엑스 덕분에 올 여름 휴가 걱정 끝! 

휴가, 출장으로 자리를 비우게 되더라도 이제는 걱정 마세요! 

밖에서도 #라이브뷰 👀로 
집안 상태를 원하는 위치까지
사각지대 없이 실시간으로 확인하고, 

#세이프케어 🔐로 
집안 이상상황을 파악하여 안전하게 보호해요

긴 여행에도 안심할 수 있도록, 
우리집은 제가 지킬게요! 💪
나무엑스만 믿고 휴가 잘 다녀오세요! 

#EVENT
휴가를 가 있는 동안 우리집을 안전하게 지켜주는 기능 두 가지는?
정답을 댓글로 남겨주세요! 

🎁 이벤트 경품
배스킨라빈스 파인트 아이스크림(10명)

📍 참여 방법
1️⃣ 나무엑스 인스타그램 팔로우 & 게시물 좋아요
2️⃣ 댓글에 휴가를 가 있는 동안 우리집을 안전하게 지켜주는 기능 두 가지 남겨주세요!

💬 친구를 태그하면 당첨확률 UP!
 너도 풀어봐

📅 이벤트 기간
2026년 8월 12일(수) ~ 8월 18일(화)

📢 당첨자 발표
2026년 8월 21일(금) / DM 개별 안내 예정
※ 이벤트 내용은 사전 고지 없이 변경될 수 있습니다.",2026-08-12,펫캠,post,,caption,substitute,2026-09-30T22:08:58
instagram,https://www.instagram.com/p/Db7RU13kjQr/,f54a7a1b80541a59,,"✈️ 나무엑스 덕분에 올 여름 휴가 걱정 끝! 

휴가, 출장으로 자리를 비우게 되더라도 이제는 걱정 마세요! 

밖에서도 #라이브뷰 👀로 
집안 상태를 원하는 위치까지
사각지대 없이 실시간으로 확인하고, 

#세이프케어 🔐로 
집안 이상상황을 파악하여 안전하게 보호해요

긴 여행에도 안심할 수 있도록, 
우리집은 제가 지킬게요! 💪
나무엑스만 믿고 휴가 잘 다녀오세요! 

#EVENT
휴가를 가 있는 동안 우리집을 안전하게 지켜주는 기능 두 가지는?
정답을 댓글로 남겨주세요! 

🎁 이벤트 경품
배스킨라빈스 파인트 아이스크림(10명)

📍 참여 방법
1️⃣ 나무엑스 인스타그램 팔로우 & 게시물 좋아요
2️⃣ 댓글에 휴가를 가 있는 동안 우리집을 안전하게 지켜주는 기능 두 가지 남겨주세요!

💬 친구를 태그하면 당첨확률 UP!
 너도 풀어봐

📅 이벤트 기간
2026년 8월 12일(수) ~ 8월 18일(화)

📢 당첨자 발표
2026년 8월 21일(금) / DM 개별 안내 예정
※ 이벤트 내용은 사전 고지 없이 변경될 수 있습니다.",2026-08-12,펫캠,post,,caption,substitute,2026-09-30T22:08:58
instagram,https://www.instagram.com/p/Db7RR_LkiyK/,b43c129cc354ada1,,"✈️ 나무엑스 덕분에 올 여름 휴가 걱정 끝! 

휴가, 출장으로 자리를 비우게 되더라도 이제는 걱정 마세요! 

밖에서도 #라이브뷰 👀로 
집안 상태를 원하는 위치까지
사각지대 없이 실시간으로 확인하고, 

#세이프케어 🔐로 
집안 이상상황을 파악하여 안전하게 보호해요

긴 여행에도 안심할 수 있도록, 
우리집은 제가 지킬게요! 💪
나무엑스만 믿고 휴가 잘 다녀오세요! 

#EVENT
휴가를 가 있는 동안 우리집을 안전하게 지켜주는 기능 두 가지는?
정답을 댓글로 남겨주세요! 

🎁 이벤트 경품
배스킨라빈스 파인트 아이스크림(10명)

📍 참여 방법
1️⃣ 나무엑스 인스타그램 팔로우 & 게시물 좋아요
2️⃣ 댓글에 휴가를 가 있는 동안 우리집을 안전하게 지켜주는 기능 두 가지 남겨주세요!

💬 친구를 태그하면 당첨확률 UP!
 너도 풀어봐

📅 이벤트 기간
2026년 8월 12일(수) ~ 8월 18일(화)

📢 당첨자 발표
2026년 8월 21일(금) / DM 개별 안내 예정
※ 이벤트 내용은 사전 고지 없이 변경될 수 있습니다.",2026-08-12,펫캠,post,,caption,substitute,2026-09-30T22:08:58
instagram,https://www.instagram.com/p/Db676qREug0/,1e0d9c61a3caf626,,"강아지가 이런 자세를 하면 000을 의심해보세요.

참고 자료",2026-08-12,펫캠,post,,caption,substitute,2026-09-30T22:08:58
instagram,https://www.instagram.com/p/DcVTzK0ESDi/,b3e8662fe11acaca,,"프로필 링크 클릭✨ 
 이천네일 여자데일리룩 데일리룩추천 야당타투 텀블러가방
#스마트펫 #펫자동급식기 #자동급식기추천 #펫카메라 #펫캠",2026-08-22,펫캠,post,,caption,substitute,2026-09-30T22:08:58
instagram,https://www.instagram.com/p/DcSmS1sEgdb/,ef8a9aa3d164bd7a,,"우리 집 안전을 위한
#평안기원부적🏠

집을 비운 순간에도, 안심은 계속될 수 있도록
실시간으로 집 안을 확인하고, 이상 상황은 빠르게 알려드려요

#세이프케어 🛡️
침입자를 실시간으로 감지하고,
외출 중 이상 상황이 발생하면 즉시 알림을 전송합니다
나무엑스가 직접 이동하며 공간 전체를 확인해 더욱 안심할 수 있어요

#라이브뷰 👀
원하는 위치로 직접 이동해
집 안 곳곳을 실시간으로 확인하세요

혼자 있는 아이와 반려동물의 상태도
외부에서 언제든 살펴볼 수 있습니다

외출 중에도,여행 중에도,우리 집은 
언제나 안심

오늘도 우리 집 평안 기원 완료!💚

#EVENT
댓글에 소중한 사람을 태그해서 평안 기운을 전달해주세요 
댓글에 '평안기원'이라 작성시 부적을 DM으로 보내드려요!

🎁 이벤트 경품
투썸플레이스 아메리카노 L (10명)

📍 참여 방법
1️⃣ 나무엑스 인스타그램 팔로우 & 게시물 좋아요
2️⃣ 친구를 태그하고 댓글에 평안 기운 전달하기 
 평안기원부적 받고 오늘도 평안 기운 충전하자! 

📅 이벤트 기간
2026년 8월 21일(금) ~ 8월 27일(목)

📢 당첨자 발표
2026년 9월 2일(수) / DM 개별 안내 예정
※ 이벤트 내용은 사전 고지 없이 변경될 수 있습니다.

*화재, 도난관련 보상에 대한 자세한 내용은 나무엑스 공식 홈페이지를 참고해주세요.
*에스원 출동요원의 댁내(집안) 진입은 고객의 요청 시, 유관기관(경찰서, 소방서) 동행 하에 가능합니다.",2026-08-21,펫캠,post,,caption,substitute,2026-09-30T22:08:58
instagram,https://www.instagram.com/p/Db5NCTMEc0P/,8af903c68e462c48,,"오늘도 집에 혼자 있는 우리 아이가 걱정되시나요??

퍼피루스로 아이의 하루를 살펴보세요!",2026-08-11,펫캠,post,,caption,substitute,2026-09-30T22:08:58
instagram,https://www.instagram.com/p/Dbj0O3zmXhw/,1a1ad39791222c21,,"외출 중 홈캠을 열어봤지만, 우리 아이가 밥과 물을 제대로 먹었는지 정확히 알기 어려웠던 적 있으신가요? 

홈캠으로 먹는 모습을 볼 수는 있어도 실제로 얼마나 먹었는지는 알기 어렵습니다. 자동급식기 앱에도 ‘급여 완료’ 기록은 남지만, 사료가 나왔다는 기록과 반려동물이 실제로 먹었다는 것은 다를 수 있습니다. 

여러 마리를 함께 키운다면 누가 먹었는지, 각자 얼마나 먹었는지 구분하기는 더 어렵습니다. 

보호자님은 현재 어떻게 확인하고 계신가요?

홈캠 영상을 계속 확인한다 
밥그릇과 물그릇에 남은 양을 귀가 후 확인한다 
가족에게 대신 확인을 부탁한다 
정확히 알기 어려워 경험과 감으로 판단한다 

로거스넥스는 홈캠 영상과 식사,음수 기록을 연결해 보호자가 반려동물의 생활 변화를 확인하도록 돕는 서비스의 가능성을 검토하고 있습니다. 

아직 제품을 개발하거나 판매하는 단계가 아닙니다. 강아지, 고양이 보호자가 실제로 겪는 불편과 필요한 기능을 확인하기 위한 사전조사이니 현재 경험을 솔직하게 들려주세요. 

★대상: 강아지 또는 고양이 보호자★
★소요 시간: 약 3분★
★마감: 2026년 8월 9일★
★참여 방법: 프로필 링크★

인터뷰 대상자로 선정되어 약 7분간 통화를 완료하신 분께는 감사의 의미로 스타벅스 모바일 쿠폰을 드립니다.

 #로거스넥스 #LOGOSNEX #PETCARELAB #반려동물설문 #반려동물보호자 #강아지보호자 #고양이보호자 #반려견 #반려묘 #펫캠 #홈캠 #자동급식기 #반려동물생활관리",2026-08-03,펫캠,post,,caption,substitute,2026-09-30T22:08:58
instagram,https://www.instagram.com/p/DbgJnhZGp36/,4e5bf39ed8896ad9,,감시하면 맨날 저기서 자고있음,2026-08-01,펫캠,post,,caption,substitute,2026-09-30T22:08:58
instagram,https://www.instagram.com/p/DbZx_SlAVFR/,21fdac8786f914d5,,"MLB 강아지 영상 보려고 봐요🐶

MLB에는 ’Bark at the Park‘, ’Pups in the Park‘, ’Dog Day at the Ballpark‘​처럼 반려견과 함께 야구를 즐길 수 있는 특별한 행사가 열립니다.

반려견과 함께 직관을 즐기고, 경기 중계 카메라가 관중석의 강아지들을 비추는 것도 이 행사의 묘미! 귀여운 장면이 포착되면 MLB 공식 SNS에 영상으로 올라오는데, 야구팬은 물론 반려동물을 좋아하는 사람들에게도 인기 콘텐츠가 됐습니다.

한국에도 이런 문화가 생기길 바라면서, 슬라이드를 넘겨 야구를 즐기는 강아지들을 확인해 보세요!

사진 및 영상 | MLB

✨ 팔로우하고 새로운 소식을 받아보세요!",2026-07-30,펫캠,post,,caption,substitute,2026-09-30T22:08:58
instagram,https://www.instagram.com/p/DbV1fZlmi2r/,d8945dd089c0fd3e,,지진 일어났을 때 고양이의 대처. 디행히 살았다고 하네요.,2026-07-28,펫캠,post,,caption,substitute,2026-09-30T22:08:58
instagram,https://www.instagram.com/p/DbSGFciATBh/,ba837337f89befba,,"🏆 세계가 인정한 브랜드, 나무엑스 🏆

나무엑스가 #RedDotDesignAward2026 에서
Brand Design & Identity 부문을 수상했습니다! 🎉

이번 수상은 혁신의 방향을 바꾸는 나무엑스의 브랜드 철학과 아이덴티티, 
인간적인 로봇을 지향하는 감각적 디자인이 
세계적으로 인정받은 뜻깊은 성과인데요🌏✨

나무엑스는 인간을 위한 기술로
더 건강하고 편리한 삶을 만들 수 있도록 끊임없이 고민하고 있어요 🤖

앞으로도 혁신적인 기술과 감각적인 디자인으로
더 나은 일상을 만들어가는 나무엑스가 되겠습니다.

늘 나무엑스를 응원해 주시는 모든 분들께 진심으로 감사드립니다! 🙏💙
나무엑스 레드닷 수상을 댓글로 축하해주세요!",2026-07-27,펫캠,post,,caption,substitute,2026-09-30T22:08:58
instagram,https://www.instagram.com/p/DbSGBrngcqQ/,4107bb8330cfc63d,,"🏆 세계가 인정한 브랜드, 나무엑스 🏆

나무엑스가 #RedDotDesignAward2026 에서
Brand Design & Identity 부문을 수상했습니다! 🎉

이번 수상은 혁신의 방향을 바꾸는 나무엑스의 브랜드 철학과 아이덴티티, 
인간적인 로봇을 지향하는 감각적 디자인이 
세계적으로 인정받은 뜻깊은 성과인데요🌏✨

나무엑스는 인간을 위한 기술로
더 건강하고 편리한 삶을 만들 수 있도록 끊임없이 고민하고 있어요 🤖

앞으로도 혁신적인 기술과 감각적인 디자인으로
더 나은 일상을 만들어가는 나무엑스가 되겠습니다.

늘 나무엑스를 응원해 주시는 모든 분들께 진심으로 감사드립니다! 🙏💙
나무엑스 레드닷 수상을 댓글로 축하해주세요!",2026-07-27,펫캠,post,,caption,substitute,2026-09-30T22:08:58
instagram,https://www.instagram.com/p/DbSF-qbAQq8/,1e68833810992409,,"🏆 세계가 인정한 브랜드, 나무엑스 🏆

나무엑스가 #RedDotDesignAward2026 에서
Brand Design & Identity 부문을 수상했습니다! 🎉

이번 수상은 혁신의 방향을 바꾸는 나무엑스의 브랜드 철학과 아이덴티티, 
인간적인 로봇을 지향하는 감각적 디자인이 
세계적으로 인정받은 뜻깊은 성과인데요🌏✨

나무엑스는 인간을 위한 기술로
더 건강하고 편리한 삶을 만들 수 있도록 끊임없이 고민하고 있어요 🤖

앞으로도 혁신적인 기술과 감각적인 디자인으로
더 나은 일상을 만들어가는 나무엑스가 되겠습니다.

늘 나무엑스를 응원해 주시는 모든 분들께 진심으로 감사드립니다! 🙏💙
나무엑스 레드닷 수상을 댓글로 축하해주세요!",2026-07-27,펫캠,post,,caption,substitute,2026-09-30T22:08:58
instagram,https://www.instagram.com/p/DbR-T2MEeg-/,51366339e6a71cec,,"⠀ 𝟐𝟔.𝟎𝟕.𝟐𝟕 • 𝐌𝐨𝐧 ☀️
⠀
_이번 여름 휴가는 너무 더워서 포기하고 휴가 내도록 집콕 🏠
_휴가 끝나고 아침 출근길에 구름이가 시무룩 😞
⠀
⠀
❣️ 며칠 같이 옆에 있다보니 떨어지기 싫은가봄.. 🥺
:
#콩이는신경도안씀
⠀
⠀
⠀ ⠀ ⠀ ⠀ ⠀ ✨ 𝑳𝒐𝒈: 𝑶𝒖𝒓 𝒕𝒊𝒎𝒆𝒍𝒆𝒔𝒔 𝒎𝒐𝒎𝒆𝒏𝒕𝒔 💖
⠀",2026-07-27,펫캠,post,,caption,substitute,2026-09-30T22:08:58
instagram,https://www.instagram.com/p/DbITHmIkXvj/,e39765a23ec8ec34,,"🌞 무더위엔 스마트홈이 답! 티피링크 블루밍 네이버 쇼핑라이브 🌞

여름휴가로 집 오래 비우실 때
장마·폭염에 습도 관리 걱정되실 때
홈캠 여러 대 더 스마트하게 관리하고 싶으실 때!

📅 7월 28일(화) 오전 11시
네이버 쇼핑라이브에서 만나요 😊

✨ 최대 15% 할인 + 무료배송 쿠폰까지
✨ 선착순 쿠폰은 라이브 종료 전까지 발급 가능
(발급 후 4일간 사용 가능해요!)

이번 라이브 라인업 살짝 예고해드리면 👀

📷 인기 실내 홈캠 Tapo C220, C250 15% 할인
🏡 태양광 배터리 카메라 Tapo C465 NEW
🔔 초광각 도어벨 Tapo D205
🏠 카메라 저장공간 공유 허브 Tapo H200
🌡️ 스마트 온습도계 Tapo T315

특히 타포 홈캠 여러 대 쓰신다면
Tapo H200 허브 꼭 주목해주세요!
SD카드 1개로 최대 4대 카메라 저장공간
동시에 공유할 수 있답니다 🙌

우리 집 보안부터 장마·무더위 대비까지
한 번에 준비하고 싶다면?

7월 28일 오전 11시,
티피링크 네이버 쇼핑라이브를 꼭 확인해보세요 🌿

🔗 프로필 링크 & 고정 댓글에서 링크 확인 가능!",2026-07-23,펫캠,post,,caption,substitute,2026-09-30T22:08:58
instagram,https://www.instagram.com/p/Da_4YblCTWH/,cbc4b7ff1ec399d3,,"🐶킨포라 AI 펫카메라 런칭 #이벤트😺

도기보기가 킨포라로 새롭게 런칭하였어요🥳
스토리 공유 이벤트 진행 기간 동안 킨포라 펫 카메라 최대 37%
할인 이벤트도 함께 진행하니 많은 관심 부탁드립니다🫶

📝이벤트 참여 방법
1️⃣ 킨포라 계정 팔로우하고 해당 게시물 스토리 공유하기
2️⃣ 댓글에 [공유 완료] 남기기
3️⃣ 친구 태그 시 당첨률 UP!

🎁이벤트 경품
🥇 킨포라 AI 펫 카메라 1개 | 1명
🥈 킨포라 자사몰 3만원 쿠폰 | 10명
🥉 킨포라 자사몰 1만원 쿠폰 | 30명

더 깊어진 영양 분석과 AI 행동 코칭!
킨포라로 만나보세요💚

#펫캠 #인공지능펫캠 #할인 #킨포라",2026-07-20,펫캠,post,,caption,substitute,2026-09-30T22:08:58
instagram,https://www.instagram.com/p/Da2tR30k3vC/,6ff8ef2e1a8d13fa,,"홈캠 볼때마다 귀여워서 캡처하게됨
.
#비숑프리제 #홈캠 #펫캠 #집지키는강아지",2026-07-16,펫캠,post,,caption,substitute,2026-09-30T22:08:58
instagram,https://www.instagram.com/p/Da1yQwDAVly/,667027fdb7ecc0d5,,"#나무엑스해커톤
나무엑스 두 번째 해커톤 본선 시상식이 7월 3일 워커힐에서 열렸습니다 🏆

이번 해커톤에서는 나무엑스의 주요 기능인
✅ 사용자를 따라 움직이며 이동 청정하는 ‘follow me’
✅언제 어디서나 우리집 보안을 책임지는 ‘safe care’
✅ 내 건강 데이터를 활용해 맞춤 상담을 해주는 ‘my healthcare’를 활용한

12개 팀의 다양하고 참신한 아이디어를 공유하는 날이었는데요!

🥇 수상자들의 생생한 소감, 들어보셨나요?
대상부터 최우수상까지, 밤새 고민한 시나리오가 빛을 발한 그 순간
수상자들이 직접 전하는 이야기를 영상에서 확인해보세요 👆

🤖 나에게 '로봇과 사는 시대’란?
해커톤 참가자들에게 직접 물어봤습니다.
""로봇과 사는 시대란, ____ 이다!""다들 어떤 답을 꺼냈을까요?

[#EVENT]
""나에게 로봇과 사는 시대란, ____ 이다!"" 를 완성해주세요!

📍 참여 방법
1️⃣ 나무엑스 인스타그램 팔로우 & 게시물 좋아요
2️⃣ 친구 태그하고 나만의 답을 적어주세요! 

🎁이벤트 경품
- 배스킨라빈스 더블주니어 아이스크림 (10명)

📅 이벤트 기간
2026년 7월 16일(목) ~ 7월 20일(월)

📢 당첨자 발표
2026년 7월 22일(수) / DM 개별 안내 예정
※ 이벤트 내용은 사전 고지 없이 변경될 수 있습니다.

나무엑스 해커톤은 계속됩니다. 다음엔 또 어떤 아이디어가 등장할까요? 
프로필 링크의 개발자 디스코드 커뮤니티에서 다음 소식을 가장 먼저 만나보세요 🚀",2026-07-16,펫캠,post,,caption,substitute,2026-09-30T22:08:58
instagram,https://www.instagram.com/p/Da1yMHZAaQF/,986da137084be5a8,,"#나무엑스해커톤
나무엑스 두 번째 해커톤 본선 시상식이 7월 3일 워커힐에서 열렸습니다 🏆

이번 해커톤에서는 나무엑스의 주요 기능인
✅ 사용자를 따라 움직이며 이동 청정하는 ‘follow me’
✅언제 어디서나 우리집 보안을 책임지는 ‘safe care’
✅ 내 건강 데이터를 활용해 맞춤 상담을 해주는 ‘my healthcare’를 활용한

12개 팀의 다양하고 참신한 아이디어를 공유하는 날이었는데요!

🥇 수상자들의 생생한 소감, 들어보셨나요?
대상부터 최우수상까지, 밤새 고민한 시나리오가 빛을 발한 그 순간
수상자들이 직접 전하는 이야기를 영상에서 확인해보세요 👆

🤖 나에게 '로봇과 사는 시대’란?
해커톤 참가자들에게 직접 물어봤습니다.
""로봇과 사는 시대란, ____ 이다!""다들 어떤 답을 꺼냈을까요?

[#EVENT]
""나에게 로봇과 사는 시대란, ____ 이다!"" 를 완성해주세요!

📍 참여 방법
1️⃣ 나무엑스 인스타그램 팔로우 & 게시물 좋아요
2️⃣ 친구 태그하고 나만의 답을 적어주세요! 

🎁이벤트 경품
- 배스킨라빈스 더블주니어 아이스크림 (10명)

📅 이벤트 기간
2026년 7월 16일(목) ~ 7월 20일(월)

📢 당첨자 발표
2026년 7월 22일(수) / DM 개별 안내 예정
※ 이벤트 내용은 사전 고지 없이 변경될 수 있습니다.

나무엑스 해커톤은 계속됩니다. 다음엔 또 어떤 아이디어가 등장할까요? 
프로필 링크의 개발자 디스코드 커뮤니티에서 다음 소식을 가장 먼저 만나보세요 🚀",2026-07-16,펫캠,post,,caption,substitute,2026-09-30T22:08:58
instagram,https://www.instagram.com/p/Da1f0p-k7dw/,7993d9c7bef2050a,,"짖는 데는 이유가 있고, 그 이유엔 처방이 있습니다 🩺

하루 종일 혼자 있던 우리 아이 — 오늘따라 밥을 남기고, 소파 다리를 물어뜯었다면 단순한 말썽이 아닐 수 있어요.

보고있개는 서랍 속 공기계 한 대로 ✔️ 시각 AI가 하루의 행동을 관찰하고 ✔️ 수의행동학 기준으로 이상 신호를 해석해 ✔️ 매일 저녁, 원인과 케어 훈련이 담긴 '행동 처방전'을 보내드립니다

추가 장비 0원. 앱 설치 5분이면 시작됩니다. 사전예약 시 출시 후 3개월 무료 👉 프로필 링크 

 

#보고있개 #분리불안 #강아지행동 #반려견행동교정 #펫캠 홈캠 강아지짖음 반려견케어 멍스타그램 댕댕이",2026-07-16,펫캠,post,,caption,substitute,2026-09-30T22:08:58
instagram,https://www.instagram.com/p/Da1DLiWSopg/,cc625b1fd5f14898,,잘자고 일어난 마루 꼬순내,2026-07-15,펫캠,post,,caption,substitute,2026-09-30T22:08:58
instagram,https://www.instagram.com/p/Da0C2XME6Ds/,a9d2a4657981e0ff,,"퇴근 무렵, 우리 아이에게서 이런 일기가 도착합니다. 서랍 속 공기계 하나면 준비 끝 — 펫캠이 담은 하루를 AI가 아이의 목소리로 들려드려요.

✔️ 아이 시점의 하루 일기 + 오늘의 베스트 컷 ✔️ 걱정되는 행동은 이유와 케어 방법까지 조용히 ✔️ 별도 장비 구매 없이, 무료로 시작

지금 사전예약하면 3개월 무료. 프로필 링크에서 신청하세요 👉 

 

#보고있개 #강아지일기 #분리불안 #펫캠 #반려견케어 멍스타그램 댕댕이 강아지그램",2026-07-15,펫캠,post,,caption,substitute,2026-09-30T22:08:58
instagram,https://www.instagram.com/p/DazWczSAYNC/,6d848e079ee4ccc7,,"7월 나무엑스가 더욱 간편해져요!

🌤️하이나무~오늘 날씨 알려줘
이제 나무엑스에게 날씨를 물어보면
최저/최고 기온과 습도를 대답해줘요!

🌟셀프케어하는 나무엑스
더 좋은 성능을 위해 일주일에 한 번, 
사용하지 않는 새벽 시간에 1분 내외로
재부팅하며 스스로 관리해요!

😄훨씬 알기 쉬워졌어요
길고 복잡했던 매뉴얼은 그만!
이제 하이나무 앱에서 필요한 정보만
간편하게 확인하세요

🔒 중요 보안 영상 이제 오래 보관해요
30일 지나면 앱에서 삭제되는 중요한 보안 영상! 
이제는 내 핸드폰에 바로 저장할 수 있어요
*Safe Care 서비스 구독 시 사용 가능합니다.

🚨라이브뷰 긴급출동 이렇게 요청해요
우리집에 긴급한 상황이 발생했을 때,
앱에서 긴급출동 요청 상황을 실시간으로 확인 할 수 있어요!

만일 실수로 요청했다면 출동 접수 후 취소할 수 있어요
*긴급 출동 서비스는 Safe Care Plus 서비스 구독 시 가능합니다

더욱 간편하고 똑똑해진 나무엑스
이제 더 쉽게 이용해보세요!",2026-07-15,펫캠,post,,caption,substitute,2026-09-30T22:08:58
instagram,https://www.instagram.com/p/DazWZw1gZ-C/,5664a88841a56d64,,"7월 나무엑스가 더욱 간편해져요!

🌤️하이나무~오늘 날씨 알려줘
이제 나무엑스에게 날씨를 물어보면
최저/최고 기온과 습도를 대답해줘요!

🌟셀프케어하는 나무엑스
더 좋은 성능을 위해 일주일에 한 번, 
사용하지 않는 새벽 시간에 1분 내외로
재부팅하며 스스로 관리해요!

😄훨씬 알기 쉬워졌어요
길고 복잡했던 매뉴얼은 그만!
이제 하이나무 앱에서 필요한 정보만
간편하게 확인하세요

🔒 중요 보안 영상 이제 오래 보관해요
30일 지나면 앱에서 삭제되는 중요한 보안 영상! 
이제는 내 핸드폰에 바로 저장할 수 있어요
*Safe Care 서비스 구독 시 사용 가능합니다.

🚨라이브뷰 긴급출동 이렇게 요청해요
우리집에 긴급한 상황이 발생했을 때,
앱에서 긴급출동 요청 상황을 실시간으로 확인 할 수 있어요!

만일 실수로 요청했다면 출동 접수 후 취소할 수 있어요
*긴급 출동 서비스는 Safe Care Plus 서비스 구독 시 가능합니다

더욱 간편하고 똑똑해진 나무엑스
이제 더 쉽게 이용해보세요!",2026-07-15,펫캠,post,,caption,substitute,2026-09-30T22:08:58
instagram,https://www.instagram.com/p/DazWU9ogaEy/,aa4278ee26ba0f47,,"7월 나무엑스가 더욱 간편해져요!

🌤️하이나무~오늘 날씨 알려줘
이제 나무엑스에게 날씨를 물어보면
최저/최고 기온과 습도를 대답해줘요!

🌟셀프케어하는 나무엑스
더 좋은 성능을 위해 일주일에 한 번, 
사용하지 않는 새벽 시간에 1분 내외로
재부팅하며 스스로 관리해요!

😄훨씬 알기 쉬워졌어요
길고 복잡했던 매뉴얼은 그만!
이제 하이나무 앱에서 필요한 정보만
간편하게 확인하세요

🔒 중요 보안 영상 이제 오래 보관해요
30일 지나면 앱에서 삭제되는 중요한 보안 영상! 
이제는 내 핸드폰에 바로 저장할 수 있어요
*Safe Care 서비스 구독 시 사용 가능합니다.

🚨라이브뷰 긴급출동 이렇게 요청해요
우리집에 긴급한 상황이 발생했을 때,
앱에서 긴급출동 요청 상황을 실시간으로 확인 할 수 있어요!

만일 실수로 요청했다면 출동 접수 후 취소할 수 있어요
*긴급 출동 서비스는 Safe Care Plus 서비스 구독 시 가능합니다

더욱 간편하고 똑똑해진 나무엑스
이제 더 쉽게 이용해보세요!",2026-07-15,펫캠,post,,caption,substitute,2026-09-30T22:08:58
instagram,https://www.instagram.com/p/DazVo_Uk33e/,443f40109f84f548,,"우리 아이, 혼자서 잘 있을까요? 🐕

외출할 때마다 눈에 밟히는 우리 아이 — 서랍 속 안 쓰는 공기계 한 대면, 아이의 전담 펫캠이 됩니다.

1. 언제 어디서든 실시간 라이브 
2. AI가 짖음·서성임 등 행동을 관찰하고 맞춤 케어 가이드 제안 
3. 매일 저녁, 하루를 정리한 행동 리포트 발송

별도 장비 구매 없이, 무료로 시작해 보세요. 지금 프로필 링크에서 사전 신청하실 수 있습니다 👉 

#보고있개 #반려견 #강아지그램 #분리불안 #펫캠 홈캠",2026-07-15,펫캠,post,,caption,substitute,2026-09-30T22:08:58
instagram,https://www.instagram.com/p/Daq4gzFEuxU/,f4f03f6ccac70230,,마루 훔쳐보기 샷 모음집.zip,2026-07-11,펫캠,post,,caption,substitute,2026-09-30T22:08:58
instagram,https://www.instagram.com/p/DampJLDAXh_/,32a96e393c30f2f3,,"#EVENT
나무엑스 2만 팔로워 달성! 

웰니스로보틱스 나무엑스
팔로워 2만명 축하해! 
앞으로도 쭉 함께해요 💚💚

2만이 됐으니,
이만큼 돌려드릴게요! 

나무엑스 팔로워 2만명 달성을 댓글로 축하해주세요!
추첨을 통해 신세계 상품권 2만원을 10분에게 드릴게요!

🎁 이벤트 경품
신세계 상품권 2만원 (10명)

📍 참여 방법
1️⃣ 나무엑스 인스타그램 팔로우 & 게시물 좋아요
2️⃣ 나무엑스 팔로워 2만명 축하 메시지남기기

💬 친구를 태그하면 당첨확률 UP!
 나무엑스 축하해주자!

📅 이벤트 기간
2026년 7월 10일(금) ~ 7월 19일(일)

📢 당첨자 발표
2026년 7월 21일(화) / DM 개별 안내 예정

※ 이벤트 내용은 사전 고지 없이 변경될 수 있습니다.",2026-07-10,펫캠,post,,caption,substitute,2026-09-30T22:08:58
instagram,https://www.instagram.com/p/DampFvUAY_6/,5684c0de5a6ccfa4,,"#EVENT
나무엑스 2만 팔로워 달성! 

웰니스로보틱스 나무엑스
팔로워 2만명 축하해! 
앞으로도 쭉 함께해요 💚💚

2만이 됐으니,
이만큼 돌려드릴게요! 

나무엑스 팔로워 2만명 달성을 댓글로 축하해주세요!
추첨을 통해 신세계 상품권 2만원을 10분에게 드릴게요!

🎁 이벤트 경품
신세계 상품권 2만원 (10명)

📍 참여 방법
1️⃣ 나무엑스 인스타그램 팔로우 & 게시물 좋아요
2️⃣ 나무엑스 팔로워 2만명 축하 메시지남기기

💬 친구를 태그하면 당첨확률 UP!
 나무엑스 축하해주자!

📅 이벤트 기간
2026년 7월 10일(금) ~ 7월 19일(일)

📢 당첨자 발표
2026년 7월 21일(화) / DM 개별 안내 예정

※ 이벤트 내용은 사전 고지 없이 변경될 수 있습니다.",2026-07-10,펫캠,post,,caption,substitute,2026-09-30T22:08:58
instagram,https://www.instagram.com/p/DampAiNAaLE/,9af59d47c61b441b,,"#EVENT
나무엑스 2만 팔로워 달성! 

웰니스로보틱스 나무엑스
팔로워 2만명 축하해! 
앞으로도 쭉 함께해요 💚💚

2만이 됐으니,
이만큼 돌려드릴게요! 

나무엑스 팔로워 2만명 달성을 댓글로 축하해주세요!
추첨을 통해 신세계 상품권 2만원을 10분에게 드릴게요!

🎁 이벤트 경품
신세계 상품권 2만원 (10명)

📍 참여 방법
1️⃣ 나무엑스 인스타그램 팔로우 & 게시물 좋아요
2️⃣ 나무엑스 팔로워 2만명 축하 메시지남기기

💬 친구를 태그하면 당첨확률 UP!
 나무엑스 축하해주자!

📅 이벤트 기간
2026년 7월 10일(금) ~ 7월 19일(일)

📢 당첨자 발표
2026년 7월 21일(화) / DM 개별 안내 예정

※ 이벤트 내용은 사전 고지 없이 변경될 수 있습니다.",2026-07-10,펫캠,post,,caption,substitute,2026-09-30T22:08:58
instagram,https://www.instagram.com/p/Da1yVwTgRd9/,0a444b955909ed30,,"#나무엑스해커톤
나무엑스 두 번째 해커톤 본선 시상식이 7월 3일 워커힐에서 열렸습니다 🏆

이번 해커톤에서는 나무엑스의 주요 기능인
✅ 사용자를 따라 움직이며 이동 청정하는 ‘follow me’
✅언제 어디서나 우리집 보안을 책임지는 ‘safe care’
✅ 내 건강 데이터를 활용해 맞춤 상담을 해주는 ‘my healthcare’를 활용한

12개 팀의 다양하고 참신한 아이디어를 공유하는 날이었는데요!

🥇 수상자들의 생생한 소감, 들어보셨나요?
대상부터 최우수상까지, 밤새 고민한 시나리오가 빛을 발한 그 순간
수상자들이 직접 전하는 이야기를 영상에서 확인해보세요 👆

🤖 나에게 '로봇과 사는 시대’란?
해커톤 참가자들에게 직접 물어봤습니다.
""로봇과 사는 시대란, ____ 이다!""다들 어떤 답을 꺼냈을까요?

[#EVENT]
""나에게 로봇과 사는 시대란, ____ 이다!"" 를 완성해주세요!

📍 참여 방법
1️⃣ 나무엑스 인스타그램 팔로우 & 게시물 좋아요
2️⃣ 친구 태그하고 나만의 답을 적어주세요! 

🎁이벤트 경품
- 배스킨라빈스 더블주니어 아이스크림 (10명)

📅 이벤트 기간
2026년 7월 16일(목) ~ 7월 20일(월)

📢 당첨자 발표
2026년 7월 22일(수) / DM 개별 안내 예정
※ 이벤트 내용은 사전 고지 없이 변경될 수 있습니다.

나무엑스 해커톤은 계속됩니다. 다음엔 또 어떤 아이디어가 등장할까요? 
프로필 링크의 개발자 디스코드 커뮤니티에서 다음 소식을 가장 먼저 만나보세요 🚀",2026-07-16,펫캠,post,,caption,substitute,2026-09-30T22:08:58
instagram,https://www.instagram.com/p/DaWgTxGJDBe/,32f48e7dce5b5ed5,,"어젯밤, 펫캠 확인하려고 화면 키자마자.......🙀😱

심장 떨어질 뻔했는데 본묘는 세상 평온...ㅎㅎ🥹🤍

#펫캠 #깜짝이야 #호러고양이 #냥스타그램 #집사일상",2026-07-04,펫캠,post,,caption,substitute,2026-09-30T22:08:58
instagram,https://www.instagram.com/p/DaCMAPCmTqb/,c2c146a0ca4e17e6,,"동동이 잠안자고 펫캠에 뽀뽀한 순간들 모음.zip📁
-

#멍팔맞팔 #말티푸 #펫캠 #하동동 #멍스타그램",2026-06-26,펫캠,post,,caption,substitute,2026-09-30T22:08:58
instagram,https://www.instagram.com/p/DZ91eucEUqb/,b2a1c1731524bc7d,,"🏠 출근하고 외출할 때, 혼자 남은 우리 아이 괜찮을까요?

여름철 집을 비울 때 가장 걱정되는 게 혼자 있는 반려동물이죠.
에어컨 하나, 물그릇 하나 차이로 안전이 크게 달라져요. 🌡️
외출 전 이것만 확인하면 한결 안심할 수 있어요!

✅ 외출 전 필수 체크 5가지
① 에어컨·선풍기 — 실내 26°C 이하 설정
② 물그릇 2곳 이상, 충분한 양
③ 사료는 더운 날 건식이 안전
④ 베란다·주방 등 위험 공간 차단
⑤ 펫캠으로 외출 중 상태 확인
👉 여름엔 평소보다 더 꼼꼼하게 확인해야 해요!

❄️ 에어컨 설정 꿀팁
- 온도 — 26°C 유지 (너무 낮으면 저체온증)
- 모드 — 제습 모드 활용 (전기료 절약)
- 바람 — 직접 닿지 않는 방향으로
- 타이머 — 꺼짐 설정 금지, 계속 켜두기
- 대안 — 선풍기 + 젖은 수건 조합
👉 에어컨이 없다면 선풍기 + 젖은 수건만으로도 효과 있어요!

⏰ 장시간 외출 시 추가 체크
① 자동급수기 활용 — 4시간 이상 외출 시
② 자동급식기 정시 급여 설정
③ 이웃·지인에게 중간 확인 요청
④ 혼자 두는 시간 최대 8시간 권장
👉 여름엔 평소보다 더 자주 상태 확인이 필요해요.

외출 전 이 리스트 꼭 확인하세요! 저장해두고 매번 활용하세요 🐾
도움이 됐다면 ❤️ 공감과 저장 부탁드려요!

―――――――――――――

#반려동물외출 #펫케어 #강아지혼자 #고양이혼자 #여름반려동물관리 #반려동물에어컨 #펫캠 #자동급수기 #반려동물여름 #강아지집보기 #고양이집보기 #반려동물안전 #여름철펫케어 #댕댕이 #냥스타그램 #멍스타그램 #펫스타그램 #반려동물일상 #집사필수정보 #반려동물건강",2026-06-24,펫캠,post,,caption,substitute,2026-09-30T22:08:58
instagram,https://www.instagram.com/p/DZ9dvWmgXIe/,6a7ae4313ac23f4d,,"#EVENT
나무엑스에 대해 얼마나 알고 계세요?

📚 2026 제1회 #나무엑스고사

보안영역
Q3. 외출 중 창문을 닫았는지 기억나지 않을 때,
집 안을 둘러볼 수 있는 하이나무앱의 기능은?

정답을 댓글로 남겨주세요 

🎁 이벤트 경품
배스킨라빈스 파인트 아이스크림 (10명)

📍 참여 방법
1️⃣ 나무엑스 인스타그램 팔로우 & 게시물 좋아요
2️⃣ 댓글로 정답 남기기
예시) 1번 라이브뷰!

💬 친구를 태그하면 당첨확률 UP!
 너도 한 번 풀어봐~

📅 이벤트 기간
2026년 6월 24일(수) ~ 6월 29일(월)

📢 당첨자 발표
2026년 7월 1일(수) / DM 개별 안내 예정

※ 이벤트 내용은 사전 고지 없이 변경될 수 있습니다.

#NAMUHX #나무엑스 #웰니스로보틱스 #웰니스로봇 #WellnessRobotics #AI #로봇 #AI로봇 #공기청정기 #로봇공기청정기 #세이프케어 #라이브뷰 #스마트홈 #펫캠 #에스원 #로봇과사는시대",2026-06-24,펫캠,post,,caption,substitute,2026-09-30T22:08:58
instagram,https://www.instagram.com/p/DZ5wxEiE6c2/,73696c8029a57d64,,"매일 새벽 아침에 반복되는 알림들 보면 혼자 저러는 강아지... 
엄마 졸려 감자야🥲
#포메 #포메타임 #잠못이루는밤 #아기강아지🐶 #펫캠",2026-06-22,펫캠,post,,caption,substitute,2026-09-30T22:08:58
instagram,https://www.instagram.com/p/DZ1W1uZxh_4/,b450af1a29acefaa,,"⠀ 𝟐𝟔.𝟎𝟔.𝟐𝟏 • 𝐒𝐮𝐧 ☀️
⠀
_세탁하려고 카시트 커버 교체했는데 꽤나 맘에 드나 봄 😚
_여기서 낮잠 한시간 푹 자고 일어났지요 😪
⠀
⠀
❣️커버 교체 할 때마다 너무 좋아함..💙
:
#그래서커버만4개
⠀
⠀
⠀ ⠀ ⠀ ⠀ ⠀ ✨ 𝑳𝒐𝒈: 𝑶𝒖𝒓 𝒕𝒊𝒎𝒆𝒍𝒆𝒔𝒔 𝒎𝒐𝒎𝒆𝒏𝒕𝒔 💖
⠀",2026-06-21,펫캠,post,,caption,substitute,2026-09-30T22:08:58
instagram,https://www.instagram.com/p/DZ1UTfKk66C/,fe0887dd49ba6320,,"펫캠에 찍힌 쿨쿨쓰 군밤씨….💤
저기… 내 침대인데…. 그만 내려와주겠니…? 🫠

#진돗개 #진도믹스 #진돗개입양 #펫캠 #유기견입양",2026-06-21,펫캠,post,,caption,substitute,2026-09-30T22:08:58
instagram,https://www.instagram.com/p/DZ00GemFHdS/,64b834c52ab98090,,"제발 소리 켜고 봐줘
펫캠에 찍힌거 진짜 웃김ㅋㅋㅋㅋ

혼자 있을 때 고양이가
이런 짓 하고 있었을 줄이야 ㄷㄷ

집사 없을 때 완전 딴 캐릭터임

이래서 펫캠이 필요하다는 거
몸소 증명해줌ㅋㅋㅋ

보는 순간 기분 좋아지는 영상
저장각이다 진짜

여러분 집 반려동물 혼자 있을 때 어떤 모습인지 알아요? 👇

#고양이 #펫캠 #냥스타그램 #집사 #귀여운동물",2026-06-20,펫캠,post,,caption,substitute,2026-09-30T22:08:58
instagram,https://www.instagram.com/p/DZz7xG7GTBM/,a5a465cd3dd96a1b,,"⠀ 𝟐𝟔.𝟎𝟔.𝟐𝟎 • 𝐒𝐚𝐭 ☔️🌤️
⠀
_뛰뛰하고 신났는데 간식까지 먹으니 기분이 아주 째진다개 😝
_퇴근후 애카 갔다 병원도 가고 마지막 식당까지.. 오늘 바빴다요 🙂‍↕️
⠀
⠀
❣️ 마지막에 고구마에 미친 맑눈광의 구름이를 볼 수 있음😳
:
#맑눈광견
⠀
⠀
⠀ ⠀ ⠀ ⠀ ⠀ ✨ 𝑳𝒐𝒈: 𝑶𝒖𝒓 𝒕𝒊𝒎𝒆𝒍𝒆𝒔𝒔 𝒎𝒐𝒎𝒆𝒏𝒕𝒔 💖
⠀",2026-06-20,펫캠,post,,caption,substitute,2026-09-30T22:08:58
instagram,https://www.instagram.com/p/DZwnHiKhlpy/,6aac06c6ef52e676,,"#K90

✨500만 화소 2K QHD 초고화질
상하좌우 회전과 AI 모션 트래킹으로
놓치기 쉬운 순간까지 세심하게 케어하는
파인뷰 홈캠 K90✨

✔ 500만 화소 2K QHD 초고화질
✔ 금융권 수준 보안 시스템
✔ AI 모션 트래킹
✔ 좌우 355° · 상하 77° 회전
✔ 모션 감지 · 소리 감지
✔ AUTO 나이트 비전 IR

집 밖에서도 사랑하는 우리 아이의 하루를,
더 가까이 더 안심되게🐶💛

#파인뷰 #홈캠 #펫캠 #홈캠추천",2026-06-19,펫캠,post,,caption,substitute,2026-09-30T22:08:58
instagram,https://www.instagram.com/p/DZwnFiZhT4q/,9be29a62fbe72d50,,"#K90

✨500만 화소 2K QHD 초고화질
상하좌우 회전과 AI 모션 트래킹으로
놓치기 쉬운 순간까지 세심하게 케어하는
파인뷰 홈캠 K90✨

✔ 500만 화소 2K QHD 초고화질
✔ 금융권 수준 보안 시스템
✔ AI 모션 트래킹
✔ 좌우 355° · 상하 77° 회전
✔ 모션 감지 · 소리 감지
✔ AUTO 나이트 비전 IR

집 밖에서도 사랑하는 우리 아이의 하루를,
더 가까이 더 안심되게🐶💛

#파인뷰 #홈캠 #펫캠 #홈캠추천",2026-06-19,펫캠,post,,caption,substitute,2026-09-30T22:08:58
instagram,https://www.instagram.com/p/DZwnDIkBy9t/,32633d9df4c97d16,,"#K90

✨500만 화소 2K QHD 초고화질
상하좌우 회전과 AI 모션 트래킹으로
놓치기 쉬운 순간까지 세심하게 케어하는
파인뷰 홈캠 K90✨

✔ 500만 화소 2K QHD 초고화질
✔ 금융권 수준 보안 시스템
✔ AI 모션 트래킹
✔ 좌우 355° · 상하 77° 회전
✔ 모션 감지 · 소리 감지
✔ AUTO 나이트 비전 IR

집 밖에서도 사랑하는 우리 아이의 하루를,
더 가까이 더 안심되게🐶💛

#파인뷰 #홈캠 #펫캠 #홈캠추천",2026-06-19,펫캠,post,,caption,substitute,2026-09-30T22:08:58
instagram,https://www.instagram.com/p/DZpWHNukatx/,d99017477d6d6e9b,,"👍 MC230을 써본 고객님들: 너무 무서워..

다양하게 변신하는 MC230 ✨
👶 든든한 육아 파트너!
🐶 불안형 집사의 애착 홈캠!
🏪 월정액이 부담스러운 소상공인의 보안책!

2만 원의 행복! 가성비 홈캠의 새로운 기준,
 #MC230 으로 더욱 경제적인 실내 보안을 경험해보세요 💸",2026-06-16,펫캠,post,,caption,substitute,2026-09-30T22:08:58
instagram,https://www.instagram.com/p/DZo3_oKicPO/,c4d38afbff50fe25,,"“홈캠이 이렇게 귀여워도 되나요? 🧊💙”

뻔한 양산형 홈캠에 지치셨다면,
공간의 분위기를 완전히 바꿔줄 ‘이글루 S4+ BLUE’를 만나보세요.

국내 기술로 제품 개발부터 디자인, 그리고 전용 앱까지!
처음부터 끝까지 자체 개발하여 프리미엄의 가치를 더했습니다.

오브제처럼 녹아드는 감각적인 비주얼.
이제 홈캠도 나만의 취향을 드러내는 인테리어 가전입니다.🎨

💁🏻이제는 이글루 S4+ BLUE로 시작하세요!​
🔒 국내 기술 + 국내 서버 + 자체 앱 개발 = 완벽하고 믿을 수 있는 보안​
📱 언제 어디서나 우리 반려동물/아이 실시간 확인​
🎨 공간의 가치를 높이는 국내 유일 프리미엄 COLOR 홈캠

▶제품 상세정보 보기 :​ 

#홈캠추천 #베이비캠 #펫캠 #이글루캠 #국내기술 #국내보안 #디자인특허 #제품개발부터서버운영까지국내 #BLUE #인테리어가전",2026-06-16,펫캠,post,,caption,substitute,2026-09-30T22:08:58
instagram,https://www.instagram.com/p/DZo37xZiffy/,1b81b087307e3e32,,"“홈캠이 이렇게 귀여워도 되나요? 🧊💙”

뻔한 양산형 홈캠에 지치셨다면,
공간의 분위기를 완전히 바꿔줄 ‘이글루 S4+ BLUE’를 만나보세요.

국내 기술로 제품 개발부터 디자인, 그리고 전용 앱까지!
처음부터 끝까지 자체 개발하여 프리미엄의 가치를 더했습니다.

오브제처럼 녹아드는 감각적인 비주얼.
이제 홈캠도 나만의 취향을 드러내는 인테리어 가전입니다.🎨

💁🏻이제는 이글루 S4+ BLUE로 시작하세요!​
🔒 국내 기술 + 국내 서버 + 자체 앱 개발 = 완벽하고 믿을 수 있는 보안​
📱 언제 어디서나 우리 반려동물/아이 실시간 확인​
🎨 공간의 가치를 높이는 국내 유일 프리미엄 COLOR 홈캠

▶제품 상세정보 보기 :​ 

#홈캠추천 #베이비캠 #펫캠 #이글루캠 #국내기술 #국내보안 #디자인특허 #제품개발부터서버운영까지국내 #BLUE #인테리어가전",2026-06-16,펫캠,post,,caption,substitute,2026-09-30T22:08:58
instagram,https://www.instagram.com/p/DZo331aCRqb/,178bce294d091c67,,"“홈캠이 이렇게 귀여워도 되나요? 🧊💙”

뻔한 양산형 홈캠에 지치셨다면,
공간의 분위기를 완전히 바꿔줄 ‘이글루 S4+ BLUE’를 만나보세요.

국내 기술로 제품 개발부터 디자인, 그리고 전용 앱까지!
처음부터 끝까지 자체 개발하여 프리미엄의 가치를 더했습니다.

오브제처럼 녹아드는 감각적인 비주얼.
이제 홈캠도 나만의 취향을 드러내는 인테리어 가전입니다.🎨

💁🏻이제는 이글루 S4+ BLUE로 시작하세요!​
🔒 국내 기술 + 국내 서버 + 자체 앱 개발 = 완벽하고 믿을 수 있는 보안​
📱 언제 어디서나 우리 반려동물/아이 실시간 확인​
🎨 공간의 가치를 높이는 국내 유일 프리미엄 COLOR 홈캠

▶제품 상세정보 보기 :​ 

#홈캠추천 #베이비캠 #펫캠 #이글루캠 #국내기술 #국내보안 #디자인특허 #제품개발부터서버운영까지국내 #BLUE #인테리어가전",2026-06-16,펫캠,post,,caption,substitute,2026-09-30T22:08:58
instagram,https://www.instagram.com/p/DZkMHRSEQpt/,336f5038ac997a1d,,"⠀𝟐𝟔.𝟎𝟔.𝟏𝟐 ⠀♥𝐇𝐚𝐩𝐩𝐲 𝐁𝐢𝐫𝐭𝐡𝐝𝐚𝐲 ♥
⠀
_구름이의 4번째 생일을 축하해 🎂
_너에게 바라는건 건강하게 오래도록 함께 있어주는거야 ❤️
⠀
⠀
❣️콩이는 나에게 애틋함이고 넌 나에게 웃음을 주는 존재
:
#콩구름이가오래도록함께하기를
⠀
⠀
⠀ ⠀ ⠀ ⠀ ⠀ ✨ 𝑳𝒐𝒈: 𝑶𝒖𝒓 𝒕𝒊𝒎𝒆𝒍𝒆𝒔𝒔 𝒎𝒐𝒎𝒆𝒏𝒕𝒔 💖
⠀
⠀",2026-06-14,펫캠,post,,caption,substitute,2026-09-30T22:08:58
instagram,https://www.instagram.com/p/DZj9nHSGoVV/,d6fbce757a57ed5f,,"🐾 외출 중에도 우리 아이 밥시간은 놓치지 않게.
묘향가 진공 스마트 자동급식기
📱 앱으로 원격 급식과 예약 급식
🎥 펫캠으로 실시간 확인
✨ 진공 보관으로 사료를 더 신선하게
🥣 16mm 이하 건사료 급여 가능
🔋 4.5L 대용량, 무선 사용, 세라믹 그릇
⚠️ 습식/캔 사료는 사용 불가합니다.
💌 궁금하시면 댓글에 ""자동급식기"" 남겨주세요. DM으로 안내드릴게요.
#온도펫 #자동급식기 #강아지자동급식기 #고양이자동급식기 #펫캠 #반려동물용품 #강아지용품 #고양이용품",2026-06-14,펫캠,post,,caption,substitute,2026-09-30T22:08:58
instagram,https://www.instagram.com/p/DZeox6gASPW/,a355b34442d164be,,"🔒 우리집 프라이버시, 정말 안전할까?
우리 가족의 소중한 일상을 믿고 맡길 수 있도록,
글로벌 기업들이 사용하는 보안 기술을 적용했어요

🩵 나무엑스가 안전한 이유 🩵
① 저장부터 업로드까지! #이중암호화 🔐
영상과 데이터는 저장할 때 한 번, 업로드할 때 또 한 번!
이중 암호로 철저하게 보호해 유출 걱정을 줄였어요

② 저장되지 않는 실시간 #LiveView 📹
실시간 영상은 따로 저장하지 않아서 더욱 안심!
필요한 순간에만 안전하게 확인하고,
송출 과정도 보호해 프라이버시를 지켜드려요

③ 세계 최고 수준의 보안 환경☁️
“아무나 받을 수 있는 인증이 아니에요!”
KISA IoT 국가 보안 인증을 획득하고,
AWS 클라우드 기반의 기기 보안 및 통합 보안 솔루션을 적용해서
신뢰할 수 있는 환경에서 소중한 데이터를 관리해요

#공유EVENT 🎉
친구를 태그하고 댓글을 남겨주세요!

🎁 이벤트 경품
투썸플레이스 아메리카노 쿠폰 (10명)

📍 참여 방법
1️⃣ 나무엑스 인스타그램 팔로우 & 게시물 좋아요
2️⃣ 친구를 태그하고 댓글 남기기
@ 친구야! 우리 집 카메라도 이 정도면 좋겠다!
@ 친구야! 이 정도 보안이면 안심할 수 있겠다!

📅 이벤트 기간
2026년 6월 12일(금) ~ 6월 18일(목)

📢 당첨자 발표
2026년 6월 22일(월) / DM 개별 안내 예정

※ 이벤트 내용은 사전 고지 없이 변경될 수 있습니다.",2026-06-12,펫캠,post,,caption,substitute,2026-09-30T22:08:58
instagram,https://www.instagram.com/p/DZeov8CgbCP/,48cf4bb2b7ab44f3,,"🔒 우리집 프라이버시, 정말 안전할까?
우리 가족의 소중한 일상을 믿고 맡길 수 있도록,
글로벌 기업들이 사용하는 보안 기술을 적용했어요

🩵 나무엑스가 안전한 이유 🩵
① 저장부터 업로드까지! #이중암호화 🔐
영상과 데이터는 저장할 때 한 번, 업로드할 때 또 한 번!
이중 암호로 철저하게 보호해 유출 걱정을 줄였어요

② 저장되지 않는 실시간 #LiveView 📹
실시간 영상은 따로 저장하지 않아서 더욱 안심!
필요한 순간에만 안전하게 확인하고,
송출 과정도 보호해 프라이버시를 지켜드려요

③ 세계 최고 수준의 보안 환경☁️
“아무나 받을 수 있는 인증이 아니에요!”
KISA IoT 국가 보안 인증을 획득하고,
AWS 클라우드 기반의 기기 보안 및 통합 보안 솔루션을 적용해서
신뢰할 수 있는 환경에서 소중한 데이터를 관리해요

#공유EVENT 🎉
친구를 태그하고 댓글을 남겨주세요!

🎁 이벤트 경품
투썸플레이스 아메리카노 쿠폰 (10명)

📍 참여 방법
1️⃣ 나무엑스 인스타그램 팔로우 & 게시물 좋아요
2️⃣ 친구를 태그하고 댓글 남기기
@ 친구야! 우리 집 카메라도 이 정도면 좋겠다!
@ 친구야! 이 정도 보안이면 안심할 수 있겠다!

📅 이벤트 기간
2026년 6월 12일(금) ~ 6월 18일(목)

📢 당첨자 발표
2026년 6월 22일(월) / DM 개별 안내 예정

※ 이벤트 내용은 사전 고지 없이 변경될 수 있습니다.",2026-06-12,펫캠,post,,caption,substitute,2026-09-30T22:08:58
instagram,https://www.instagram.com/p/DaPn2_FEUV7/,4e068b1df5840c57,,"보조배터리인 줄 알았는데 WIFI 카메라였어요 — 설치 없이 실시간 확인 가능한 무선카메라

[구매사이트] 

#WIFI카메라 #위장카메라 #보조배터리카메라 #무선카메라 #보안카메라 #홈보안 #소형카메라 #실시간모니터링 #설치없는카메라 #1인가구필수템 #반려동물카메라 #펫캠 #재산보호 #스마트홈 #간편보안 #몰래카메라탐지 #보안용품 #홈카메라추천 #외출중확인 #무선보안카메라",2026-07-01,펫캠,post,,caption,substitute,2026-09-30T22:08:58
instagram,https://www.instagram.com/p/DZrdNyoGI78/,7fa05753f2a2c8bd,,"안녕하세요,양산스마트홈입니다.

​

요즘 혼자 계시는 부모님이 걱정 되어 편하게 생활하기 힘드시죠?

그 걱정을 덜어드릴만한 제품을 소개 해 드릴려고 합니다!

아카라 도어락 L100이라는 제품과 문열림 센서 T1 이라는 제품입니다. 이 제품들은 아카라 허브가 있어야 스마트 기능을 사용 할 수 있습니다.

'아카라 홈'이라는 어플을 통해 원하는대로 제어가 가능하고 앱에서 누가 도어락을 열었는지 언제 열었는지 실시간으로 알림기능으로 편리하게 이용 가능합니다.

원하는 만큼 사용자 추가도 가능하며,잠금 방식도 비밀번호,지문,카드 키 등 원하는 방식으로 등록가능합니다.

개개인이 원하는 비밀번호를 사용 할 수있습니다! 추가적으로 외부인 방문 시 원격으로 문을 열어 줄 수도 있고 임시 비밀번호를 발급 해 안전하게 보안을 지킬 수 있습니다! 임시 비밀번호는 15분~20분 정도 자동으로 삭제 되어 노출 걱정 없이 안심하고 사용 가능합니다.

또한 문열림 센서를 활용한 스마트 약통을 만들어서 혼자 계시는 부모님이 약은 잘 챙겨먹는지 확인까지 가능하며,약을 드시지 않는 경우 실시간 알람과 스마트 허브의 경보 기능을 사용하여 약을 챙겨드실 수 있게 할 수 있습니다! 

이런 제품들을 통해 멀리 계시는 부모님들 건강을 멀리서도 확인 할 수 있습니다. 

📞 스마트홈 상담 및 시공 문의: DM

스마트스토어: 

네이버블로그: 

유튜브: 

쇼룸 위치: 경남 양산시 강변로 441, 양산지하철역 통합상가 106호
비즈니스 문의: 

#스마트인테리어 #양산 #스마트홈 #스마트보안 #스마트조명 #스마트라이프 #aqaralife #사물인터넷 #aqara #IoT
​",2026-06-17,펫캠,post,,caption,substitute,2026-09-30T22:08:58
instagram,https://www.instagram.com/p/DZeo0b5gf51/,113b6c88e7da5334,,"🔒 우리집 프라이버시, 정말 안전할까?
우리 가족의 소중한 일상을 믿고 맡길 수 있도록,
글로벌 기업들이 사용하는 보안 기술을 적용했어요

🩵 나무엑스가 안전한 이유 🩵
① 저장부터 업로드까지! #이중암호화 🔐
영상과 데이터는 저장할 때 한 번, 업로드할 때 또 한 번!
이중 암호로 철저하게 보호해 유출 걱정을 줄였어요

② 저장되지 않는 실시간 #LiveView 📹
실시간 영상은 따로 저장하지 않아서 더욱 안심!
필요한 순간에만 안전하게 확인하고,
송출 과정도 보호해 프라이버시를 지켜드려요

③ 세계 최고 수준의 보안 환경☁️
“아무나 받을 수 있는 인증이 아니에요!”
KISA IoT 국가 보안 인증을 획득하고,
AWS 클라우드 기반의 기기 보안 및 통합 보안 솔루션을 적용해서
신뢰할 수 있는 환경에서 소중한 데이터를 관리해요

#공유EVENT 🎉
친구를 태그하고 댓글을 남겨주세요!

🎁 이벤트 경품
투썸플레이스 아메리카노 쿠폰 (10명)

📍 참여 방법
1️⃣ 나무엑스 인스타그램 팔로우 & 게시물 좋아요
2️⃣ 친구를 태그하고 댓글 남기기
@ 친구야! 우리 집 카메라도 이 정도면 좋겠다!
@ 친구야! 이 정도 보안이면 안심할 수 있겠다!

📅 이벤트 기간
2026년 6월 12일(금) ~ 6월 18일(목)

📢 당첨자 발표
2026년 6월 22일(월) / DM 개별 안내 예정

※ 이벤트 내용은 사전 고지 없이 변경될 수 있습니다.",2026-06-12,펫캠,post,,caption,substitute,2026-09-30T22:08:58
instagram,https://www.instagram.com/p/DZbrzm7n8O8/,980fd8706d3470dd,,"🐶🐱 우리 아이, 집에 혼자 두고 
출근할 때마다 발걸음이 무거우셨나요?🐾

불안해하는 우리 반려견, 반려묘를 위해 
언제 어디서나 실시간으로 소통하고 
케어할 수 있는 스마트 홈 보안 
시스템을 만나보세요!✨

정밀한 하드웨어 시공 전문가, 
국제디에이치시큐리티가 우리 집
 인테리어를 해치지 않는 깔끔하고 
안전한 홈 시공을 약속드립니다.🛠️

혼자 있는 반려동물의 분리불안 
해소부터 완벽한 가정 보안까지 
하나의 솔루션으로 든든하게 지켜주세요.💪

지금 대표번호로 무료 상담 신청하세요!
수도권 전 지역 베테랑 엔지니어가 
직접 방문하여 친절하게 안내해 드립니다. 🚐💨

📍 상담 및 무료 견적 안내
📞대표번호 : 1661-0721
📱 직통번호 : 
📧 이메일 :",2026-06-11,펫캠,post,,caption,substitute,2026-09-30T22:08:58
instagram,https://www.instagram.com/p/DY6TV6okj-5/,a5b435e04d35cc97,,"가족들이 외출 중에도
저, 나무엑스는 집을 지켜요!

침입자 실시간 감지하는 #세이프케어 🛡️
외출 중 이상 상황이 감지되면 알림을 보내요! 
이동하며 공간 전체를 확인 할 수 있어요

국내 1위 보안업체 #에스원긴급출동 🚨
요청 시 월 1회 무상으로 에스원 출동요원이 출동해요!
예기치 못한 화재나 도난 사고 발생 시 보상까지 지원해요!

원하는 위치로 직접 이동하여 확인하는 #라이브뷰 👀
혼자 있는 아이, 반려동물 상태를
외부에서도 실시간으로 확인할 수 있어요
컨트롤러를 통해 원하는 위치로 이동하여 공간을 관리해요

이제 저만 믿고 안심하며 외출하세요! 

*화재, 도난관련 보상에 대한 자세한 내용은 나무엑스 공식 홈페이지를 참고해주세요.

*에스원 출동요원의 댁내(집안) 진입은 고객의 요청 시, 유관기관(경찰서, 소방서) 동행 하에 가능합니다.",2026-05-29,펫캠,post,,caption,substitute,2026-09-30T22:08:58
instagram,https://www.instagram.com/p/DY6TPP5El5K/,49e13d0210e97c57,,"가족들이 외출 중에도
저, 나무엑스는 집을 지켜요!

침입자 실시간 감지하는 #세이프케어 🛡️
외출 중 이상 상황이 감지되면 알림을 보내요! 
이동하며 공간 전체를 확인 할 수 있어요

국내 1위 보안업체 #에스원긴급출동 🚨
요청 시 월 1회 무상으로 에스원 출동요원이 출동해요!
예기치 못한 화재나 도난 사고 발생 시 보상까지 지원해요!

원하는 위치로 직접 이동하여 확인하는 #라이브뷰 👀
혼자 있는 아이, 반려동물 상태를
외부에서도 실시간으로 확인할 수 있어요
컨트롤러를 통해 원하는 위치로 이동하여 공간을 관리해요

이제 저만 믿고 안심하며 외출하세요! 

*화재, 도난관련 보상에 대한 자세한 내용은 나무엑스 공식 홈페이지를 참고해주세요.

*에스원 출동요원의 댁내(집안) 진입은 고객의 요청 시, 유관기관(경찰서, 소방서) 동행 하에 가능합니다.",2026-05-29,펫캠,post,,caption,substitute,2026-09-30T22:08:58
instagram,https://www.instagram.com/p/DY6TLdFEkfc/,fbd2a1751b33d397,,"가족들이 외출 중에도
저, 나무엑스는 집을 지켜요!

침입자 실시간 감지하는 #세이프케어 🛡️
외출 중 이상 상황이 감지되면 알림을 보내요! 
이동하며 공간 전체를 확인 할 수 있어요

국내 1위 보안업체 #에스원긴급출동 🚨
요청 시 월 1회 무상으로 에스원 출동요원이 출동해요!
예기치 못한 화재나 도난 사고 발생 시 보상까지 지원해요!

원하는 위치로 직접 이동하여 확인하는 #라이브뷰 👀
혼자 있는 아이, 반려동물 상태를
외부에서도 실시간으로 확인할 수 있어요
컨트롤러를 통해 원하는 위치로 이동하여 공간을 관리해요

이제 저만 믿고 안심하며 외출하세요! 

*화재, 도난관련 보상에 대한 자세한 내용은 나무엑스 공식 홈페이지를 참고해주세요.

*에스원 출동요원의 댁내(집안) 진입은 고객의 요청 시, 유관기관(경찰서, 소방서) 동행 하에 가능합니다.",2026-05-29,펫캠,post,,caption,substitute,2026-09-30T22:08:58
instagram,https://www.instagram.com/p/DY4a4xqiKgd/,769bb7aa4aafa942,,"👍 MC210, 이 가격에 이게 된다고?

많은 분들이 MC210을 어떻게 활용하고 계실까요?
🚪 아이 방 확인용으로 거실에!
🐶 반려동물 확인용으로 방 안에!
🏪 혼자 있는 매장 체크용으로 가게에!
2만 원의 행복! 완벽 실내 보안을 이루셨다고 합니다 💸

생생한 사용 후기와 함께 #MC210 을 알아보세요!",2026-05-28,펫캠,post,,caption,substitute,2026-09-30T22:08:58
instagram,https://www.instagram.com/p/DY37fELEhNc/,6cea0ab51a945e3d,,"“아! 맞다!”
밖에 있어도 집 걱정은 끝!!
집에는 저, 나무엑스가 있잖아요!

빈틈없는 이동형보안 #라이브뷰 🍃
컨트롤러를 통해 저를 원하는 위치로 
직접 이동시킬 수 있어요 
사각지대가 사라져 공간 전반을 유연하게 관리하니
가스 잠갔는지, 창문 닫았는지 걱정은 끝!

#실시간원격모니터링 라이브뷰🎥
우리집 사고뭉치 귀여운 나비도 제가 찾을게요!
외부에서도 집에 혼자 있는 아이나 
반려동물의 영상을 확인하며 소리를 듣고,
대화 할 수 있어요

침입자 실시간 감지 #세이프케어 🚨
집이 비어 있어도 더 이상 걱정하지 마세요!
모니터링 중 이상 상황 발생 시 
하이나무 앱을 통해 #긴급출동 을 요청하면
에스원 출동요원이 출동하여 실시간으로 대응할 수 있어요

이제 라이브 뷰로 거실 불은 껐는지
가스레인지는 잠갔는지
창문은 닫았는지
세이프케어로 공간 내 수상한 움직임은 없는지! 

언제 어디서든 실시간으로
#나무엑스가_지켜줄게요

*화재, 도난관련 보상에 대한 자세한 내용은
나무엑스 공식 홈페이지를 참고해주세요.

*에스원 출동요원의 댁내(집안) 진입은 고객의 요청 시, 
유관기관(경찰서, 소방서) 동행 하에 가능합니다.",2026-05-28,펫캠,post,,caption,substitute,2026-09-30T22:08:58
instagram,https://www.instagram.com/p/DY37bqZEsj_/,4fc9b12a99108a9c,,"“아! 맞다!”
밖에 있어도 집 걱정은 끝!!
집에는 저, 나무엑스가 있잖아요!

빈틈없는 이동형보안 #라이브뷰 🍃
컨트롤러를 통해 저를 원하는 위치로 
직접 이동시킬 수 있어요 
사각지대가 사라져 공간 전반을 유연하게 관리하니
가스 잠갔는지, 창문 닫았는지 걱정은 끝!

#실시간원격모니터링 라이브뷰🎥
우리집 사고뭉치 귀여운 나비도 제가 찾을게요!
외부에서도 집에 혼자 있는 아이나 
반려동물의 영상을 확인하며 소리를 듣고,
대화 할 수 있어요

침입자 실시간 감지 #세이프케어 🚨
집이 비어 있어도 더 이상 걱정하지 마세요!
모니터링 중 이상 상황 발생 시 
하이나무 앱을 통해 #긴급출동 을 요청하면
에스원 출동요원이 출동하여 실시간으로 대응할 수 있어요

이제 라이브 뷰로 거실 불은 껐는지
가스레인지는 잠갔는지
창문은 닫았는지
세이프케어로 공간 내 수상한 움직임은 없는지! 

언제 어디서든 실시간으로
#나무엑스가_지켜줄게요

*화재, 도난관련 보상에 대한 자세한 내용은
나무엑스 공식 홈페이지를 참고해주세요.

*에스원 출동요원의 댁내(집안) 진입은 고객의 요청 시, 
유관기관(경찰서, 소방서) 동행 하에 가능합니다.",2026-05-28,펫캠,post,,caption,substitute,2026-09-30T22:08:58
instagram,https://www.instagram.com/p/DY37VYNElrB/,87ec9a749e2feeaf,,"“아! 맞다!”
밖에 있어도 집 걱정은 끝!!
집에는 저, 나무엑스가 있잖아요!

빈틈없는 이동형보안 #라이브뷰 🍃
컨트롤러를 통해 저를 원하는 위치로 
직접 이동시킬 수 있어요 
사각지대가 사라져 공간 전반을 유연하게 관리하니
가스 잠갔는지, 창문 닫았는지 걱정은 끝!

#실시간원격모니터링 라이브뷰🎥
우리집 사고뭉치 귀여운 나비도 제가 찾을게요!
외부에서도 집에 혼자 있는 아이나 
반려동물의 영상을 확인하며 소리를 듣고,
대화 할 수 있어요

침입자 실시간 감지 #세이프케어 🚨
집이 비어 있어도 더 이상 걱정하지 마세요!
모니터링 중 이상 상황 발생 시 
하이나무 앱을 통해 #긴급출동 을 요청하면
에스원 출동요원이 출동하여 실시간으로 대응할 수 있어요

이제 라이브 뷰로 거실 불은 껐는지
가스레인지는 잠갔는지
창문은 닫았는지
세이프케어로 공간 내 수상한 움직임은 없는지! 

언제 어디서든 실시간으로
#나무엑스가_지켜줄게요

*화재, 도난관련 보상에 대한 자세한 내용은
나무엑스 공식 홈페이지를 참고해주세요.

*에스원 출동요원의 댁내(집안) 진입은 고객의 요청 시, 
유관기관(경찰서, 소방서) 동행 하에 가능합니다.",2026-05-28,펫캠,post,,caption,substitute,2026-09-30T22:08:58
instagram,https://www.instagram.com/p/DY37EVwElws/,c129bdbbe737d892,,"나무엑스는 다 가능해! 
5월 28일 새롭게 만나는 나무엑스 기능을 소개합니다! 

이제 #라이브뷰 로 거실 불은 껐는지
가스레인지는 잠갔는지?! 창문은 닫았는지

확인이 필요할 때!
언제 어디서든 실시간으로 집안을 살펴볼 수 있어요!

 #실시간원격모니터링 🎥
외부에서도 집에 혼자 있는 아이나 반려동물의 영상을 확인하며
소리를 듣고, 대화 할 수 있어요

#공간직접이동 🍃
컨트롤러를 통해 나무엑스를 원하는 위치로 직접 이동시킬 수 있어요 
사각지대가 사라져 공간 전반을 유연하게 관리해요

#세이프케어 #보안모드 #긴급출동🚨
집안 곳곳을 돌아다니며, 공간 내 움직임을 감지하고 포착해요 
모니터링 중 이상 상황 발생 시 
하이나무 앱을 통해 긴급출동 요청하면
에스원 출동요원이 출동하여 실시간으로 대응할 수 있어요
예기치 못한 화재나 도난 사고 발생 시 보상까지 지원해요!

*화재, 도난관련 보상에 대한 자세한 내용은
나무엑스 공식 홈페이지를 참고해주세요.

*에스원 출동요원의 댁내(집안) 진입은 고객의 요청 시, 
유관기관(경찰서, 소방서) 동행 하에 가능합니다.",2026-05-28,펫캠,post,,caption,substitute,2026-09-30T22:08:58
instagram,https://www.instagram.com/p/DY3689TEr_Q/,6857237f35714745,,"나무엑스는 다 가능해! 
5월 28일 새롭게 만나는 나무엑스 기능을 소개합니다! 

이제 #라이브뷰 로 거실 불은 껐는지
가스레인지는 잠갔는지?! 창문은 닫았는지

확인이 필요할 때!
언제 어디서든 실시간으로 집안을 살펴볼 수 있어요!

 #실시간원격모니터링 🎥
외부에서도 집에 혼자 있는 아이나 반려동물의 영상을 확인하며
소리를 듣고, 대화 할 수 있어요

#공간직접이동 🍃
컨트롤러를 통해 나무엑스를 원하는 위치로 직접 이동시킬 수 있어요 
사각지대가 사라져 공간 전반을 유연하게 관리해요

#세이프케어 #보안모드 #긴급출동🚨
집안 곳곳을 돌아다니며, 공간 내 움직임을 감지하고 포착해요 
모니터링 중 이상 상황 발생 시 
하이나무 앱을 통해 긴급출동 요청하면
에스원 출동요원이 출동하여 실시간으로 대응할 수 있어요
예기치 못한 화재나 도난 사고 발생 시 보상까지 지원해요!

*화재, 도난관련 보상에 대한 자세한 내용은
나무엑스 공식 홈페이지를 참고해주세요.

*에스원 출동요원의 댁내(집안) 진입은 고객의 요청 시, 
유관기관(경찰서, 소방서) 동행 하에 가능합니다.",2026-05-28,펫캠,post,,caption,substitute,2026-09-30T22:08:58
instagram,https://www.instagram.com/p/DY365LGEoe5/,16ab9b6f95a19005,,"나무엑스는 다 가능해! 
5월 28일 새롭게 만나는 나무엑스 기능을 소개합니다! 

이제 #라이브뷰 로 거실 불은 껐는지
가스레인지는 잠갔는지?! 창문은 닫았는지

확인이 필요할 때!
언제 어디서든 실시간으로 집안을 살펴볼 수 있어요!

 #실시간원격모니터링 🎥
외부에서도 집에 혼자 있는 아이나 반려동물의 영상을 확인하며
소리를 듣고, 대화 할 수 있어요

#공간직접이동 🍃
컨트롤러를 통해 나무엑스를 원하는 위치로 직접 이동시킬 수 있어요 
사각지대가 사라져 공간 전반을 유연하게 관리해요

#세이프케어 #보안모드 #긴급출동🚨
집안 곳곳을 돌아다니며, 공간 내 움직임을 감지하고 포착해요 
모니터링 중 이상 상황 발생 시 
하이나무 앱을 통해 긴급출동 요청하면
에스원 출동요원이 출동하여 실시간으로 대응할 수 있어요
예기치 못한 화재나 도난 사고 발생 시 보상까지 지원해요!

*화재, 도난관련 보상에 대한 자세한 내용은
나무엑스 공식 홈페이지를 참고해주세요.

*에스원 출동요원의 댁내(집안) 진입은 고객의 요청 시, 
유관기관(경찰서, 소방서) 동행 하에 가능합니다.",2026-05-28,펫캠,post,,caption,substitute,2026-09-30T22:08:58
instagram,https://www.instagram.com/p/DYw8jDakepC/,12eb7d1e739b9716,,"⠀ 𝟐𝟔.𝟎𝟓.𝟐𝟓 • 𝐌𝐨𝐧 ☀️ ⠀
⠀
_오늘은 콩구름이 칭구 윈터랑 애카 오픈런으로 다녀왔어요 🐾
_셋이서 작당모의하고 칭구한테 인사하러 가는거 진짜 너무 웃겨 🤣
⠀
⠀
❣️ 몇 번 봤다고 셋이서 잘 뭉쳐다니네..
:
#진짜너무귀요미들
⠀

⠀ ⠀ ⠀ ⠀ ⠀ ✨ 𝑳𝒐𝒈: 𝑶𝒖𝒓 𝒕𝒊𝒎𝒆𝒍𝒆𝒔𝒔 𝒎𝒐𝒎𝒆𝒏𝒕𝒔 💖
⠀",2026-05-25,펫캠,post,,caption,substitute,2026-09-30T22:08:58
instagram,https://www.instagram.com/p/DYmIOGMCdZg/,41712dd66df3bd13,,"디자인이 예뻐서 샀는데 기능에 반함 😎
약간 애플이 만든 홈캠 스탈?

앤커는 파워뱅크나 보조배터리로 유명한건 알고 있었는데 홈캠도 괜찮네~

크기도 작고 마그네틱으로 부착할 수 있어서 아무데나 설치하기 좋음! 놀라운건 방수도 됨~

스마트폰으로 켰다 껐다도 가능😍

완전 득템함 ㅎ

#홈캠 #펫캠 #홈카메라 #앤커 #CCTV #예쁜홈캠 #스마트홈캠",2026-05-21,펫캠,post,,caption,substitute,2026-09-30T22:08:58
instagram,https://www.instagram.com/p/DYPC-Fkj8-D/,383638d2b0f90de1,,"🐶🐱
귀여움 만렙 반려동물들이 모두 모였던
Tapo 🐾내새끼 자랑대회🐾

정성 가득한 사진과 영상으로
이벤트에 참여해주신 모든 분들께
진심으로 감사드립니다 💛

정말 많은 귀요미 사진 덕에
당첨작 선정이 너무 어려웠는데요 🥹

두근두근…!
지금 바로 당첨자를 발표합니다 🎉

⠀
🏆 신규 사용자 부문

🐾 만나서 반갑다냥 상
FHD 블랙 회전형 홈캠 Tapo C201 (5명)

 
 
 
 
 

⠀
🏆 기존 사용자 부문

⭐ 최고의 스타상
2K 듀얼 렌즈 회전형 홈캠 Tapo C245D (1명)

 

🌟 미래의 스타상
2K QHD 유무선 회전형 홈캠 Tapo C222 (3명)

 
 
 

💛 귀요미 유망주상
FHD 블랙 회전형 홈캠 Tapo C201 (5명)

 
 
 
 
 

📩 당첨자분들께는 개별 DM을 통해
경품 수령 및 후기 관련 안내를 드릴 예정입니다.

이벤트에 참여해주신 모든 분들께 감사드리며,
더 좋은 이벤트로 찾아뵐 수 있도록 노력하겠습니다 💛
⠀
앞으로도 Tapo와 함께
우리 아이들의 사랑스러운 순간을 오래오래 기록해보세요 📸🐾

⚠️ 기존 사용자 부문의 운영 상황에 따라
‘귀요미 유망주상’ 경품 수량이 기존 10명 → 5명으로 조정되었습니다.
타 경품의 수량은 동일합니다.

#타포 #타포홈캠 #타포내새끼자랑대회 #티피링크 #tplink #당발 #당첨자발표 #이벤트 #반려동물 #강아지 #고양이 #털뭉치 #애견 #애묘 #펫 #펫캠",2026-05-12,펫캠,post,,caption,substitute,2026-09-30T22:08:58
instagram,https://www.instagram.com/p/DYJRJghkw4p/,cd8809e13616db78,,"Ep.7 나가면 왜 울어..?

꿀떡이를 두고 나갈 때마다
문 앞에서 자꾸 울어서
마음이 너무 불편했어요.

잠깐 나가는 건데도
“나 두고 가는 거야?” 하는 것처럼
냐아아 하고 울어버리니까,

괜히 발걸음이 무거워지고
나가서도 계속 신경 쓰이더라고요.

그래서 결국
홈캠을 설치했습니다.

혹시 혼자 너무 외로워하진 않을까,
계속 문 앞에서 기다리고 있진 않을까
걱정돼서 바로 확인했는데…

생각보다 혼자 잘 놀고,
장난감도 툭툭 건드리고,
그러다 또 편하게 잘 자더라고요.

너무 다행이었는데…
왜 조금 섭섭하지?

그래도 잘 지내고 있는 걸 보니까
마음이 한결 놓였습니다 🐾

#꿀떡이 #고양이툰 #인스타툰 #일상툰 #고양이일상 #초보집사 #집사일기 #아기고양이 #냥스타그램 #고양이그램 #홈캠 #펫캠 #고양이혼자두기 #반려묘일상",2026-05-10,펫캠,post,,caption,substitute,2026-09-30T22:08:58
instagram,https://www.instagram.com/p/DXx4gbXCQzr/,e2d9322bb771bb57,,"#내돈내산 

홈캠 고민하다가 할인행사 하길래 헤이홈 들였어요 💌
해킹설은 어느 제품이든 있기도 하고, 국내서버라 믿고 구매 !
특히 화질이 헤이홈 따라올게 없다고도 하길래 ••• 👀

현재 1+1 네이버 스토어가 105800 --> 
내돈내산 구매가 88600 ✨ good ✨

SD카드는 별도라 헤이홈에선 샌디스크 64G --> 32900
다른 구매처에서 21900에 구매했어요 ✨

but 판매사이트마다 문의글에 호환이 안된다는 글이 종종 보여
나름 열심히 골라 구매한곳인데, 다행히 호환 100% 👍🏻

구매하실 분들은 문의글 잘 확인하고 구매하세요 ✔️
안그럼 셀프 포맷, 교환 엔딩 ••• 😵‍💫

구매하고보니 4만원이나 할인 받은 홈캠 쇼핑 !
우리집을 잘 부탁해 제발 ~~~ 🤍

#홈캠 #펫캠 #헤이홈 #말띠맘",2026-05-01,펫캠,post,,caption,substitute,2026-09-30T22:08:58
instagram,https://www.instagram.com/p/DXwUqUAGQxn/,fe3c927a38fbe08a,,"👀 ADT 캡스홈 도어가드 무료체험 👀

통신사가 SKT 라면
설치비, 요금, 위약금까지
비용 일체 전액지원 - (약정,비용 ❌)

무료신청하기 ➜ 

#캡스홈도어가드무료체험 
#캡스홈이너가드무료체험 
#현관cctv #펫캠 #캡스 

❣️ 영업용 에스원, 타 보안업체 이동시 최대 페이백 ❣️

⸻

현관 보안 관련해서 엄청 신경 쓰이던 차에 체험해본
ADT 캡스홈 도어가드!📸
어플과 연동돼서 현관 앞 상황을 실시간으로 바로
확인할 수 있어서 혼자 있을 때도 훨씬 안심된다구!
보리는 낯선 사람 오면 엄청 짖는데
이제는 확인하고 미리 대응할 수 있어서
덜 예민해지는 느낌!👍🏻
가끔 배달이나 택배가 옆 건물로 배송 되는 경우도 있어서
엄청 신경 쓰고 있는데 도어가드를 통해 우리집 앞으로
배송이 된건지 편하게 볼 수 있어서 좋아!
혼자 살거나 반려동물 키우는 집, 현관 보안이 신경 쓰일 때
ADT 캡스홈 도어가드를 적극 추천해!!

⸻

• 현관앞 실시간 녹화 및 감시 알림 전송
• 양방향 대화 서비스
• 우리가족 얼굴인식 AI 기능
• Full HD로 선명한 고화질영상
• 야간촬영도 ok
• 녹화된 영상 다운로드가능
• 도난/파손 각 최대 1천만원/ 5백만원 보상
• 화재피해시 화재보험 2억
• 위급상황시 긴급출동 1회 무료
(🆘 비상버튼제공)
• 이상감지 또는 App, sos버튼을 통한
긴급출동 요청시 최단거리대원 신속출동❗️
• 저장영상 암호화 및 프라이버시 보호서비스
• 사후대처 피해보상 서비스",2026-04-30,펫캠,post,,caption,substitute,2026-09-30T22:08:58
instagram,https://www.instagram.com/p/DXuNNw4ETlG/,811407b8e0c19f43,,"[묘향가] 진공 스마트 자동급식기pro

pro버전으로 더 업그레이드 된 묘향가 자동급식기!!

강아지 사료는 밀폐 보관인데 자동급식기 사용하면 공기에 노출되니 항상 많이 담지 못했었지만~ 묘향가 자동급식기는 사료를 진공상태로 보관해줘서 더 안심이예요

진공이니까 사료 속 산소를 제거해 산화와 영양소 파괴를 억제하고
수분 유입 차단으로 곰팡이 발생을 막고 벌레가 들어가지 않아요!

카메라가 있어 강아지가 밥먹는 모습을 직접 확인할 수도 있고
적외선 차단 필터로 야간에도 선명하게 보인답니당

사료 배출로와 내부 경사구조도 개선되어서 사료통에서 걸림 없이 사료가 잘 나오고 매번 일정량만을 급여할 수 있으니까 비만이나 과식 예방까지~

사료통이 분리되니까 세척도 가능!!

더 신선하고 편리한 자동급식기
묘향가 자동급식기pro 사용해보세요!

#묘향가 #자동급식기 #진공자동급식기 #스마트자동급식기 #펫캠",2026-04-29,펫캠,post,,caption,substitute,2026-09-30T22:08:58
instagram,https://www.instagram.com/p/DXmM2B6j6M6/,009ff31a850a3e88,,고양이 따뜻한 숨소리 듣는 법 : 홈캠 설치하기,2026-04-26,펫캠,post,,caption,substitute,2026-09-30T22:08:58
instagram,https://www.instagram.com/p/DXn2YucgcUN/,21d55ebbfa379267,,"다가오는 5월,
가족을 위한 선물 고민하고 계셨나요? 🎁

가정의 달을 맞아
티피링크가 특별한 선물을 준비했어요 😊

📅 4월 28일 오전 11시,
네이버 쇼핑라이브에서 만나는
티피링크 블루밍데이즈 특가 LIVE 🌸

가족의 일상을 더 편리하고 안전하게 만들어줄
티피링크 & 타포 인기 제품들을
최소 15% ~ 최대 20% 할인 혜택으로 만나보세요!

👨‍👩‍👧 우리 가족을 위한 안심 홈캠
📶 온 가족을 위한 쾌적한 Wi-Fi
💡 우리 집 분위기를 바꿔줄 스마트 IoT

가족 모두가 만족할
스마트한 가정의 달 선물,
이번 쇼핑라이브에서 준비해보세요 🎁

네이버 쇼핑라이브 링크 바로가기
👉 

(티피링크 인스타그램 프로필 링크에서 바로 클릭 가능!)",2026-04-27,펫캠,post,,caption,substitute,2026-09-30T22:08:58
instagram,https://www.instagram.com/p/DXn2F07Ezx7/,3cc79a0b3af95483,,"묘향가 진공 스마트 자동급식기

제주도 여행 앞두고
고양이 밥 걱정 때문에 자동급식기 알아보다가 선택한
묘항가 진공 스마트 자동급식기 🐱💛

프로모델이라 그런지 확실히 업그레이드된 느낌이에요ㅎㅎ

여름철이라 사료 눅눅해질까 걱정됐는데
진공 기능으로 산소랑 수분 차단해줘서
사료 신선도 유지되는 점이 진짜 마음에 들었어요 ☀️

사료 걸림 없이 깔끔하게 내려오는 구조라
남김 없이 급여되는 것도 만족스럽고요!

무엇보다 좋은 건 펫캠 기능까지 된다는 점…🎥
외출 중에도 실시간으로 확인 가능하고
야간에도 선명하게 보여서 안심되더라구요ㅎㅎ

사료통도 분리 세척 가능해서
위생적으로 관리하기 좋은 점도 굿 👍

✔️ 프로모델로 업그레이드된 안정감
✔️ 진공 기능으로 여름철 사료 보관 걱정 ↓
✔️ 펫캠 + 야간촬영까지 가능
✔️ 일정량 급여로 과식 방지

외출 많거나 여행 준비하시는 분들
이거 하나면 진짜 마음 편해요ㅎㅎ ✈️
 
#묘항가 #자동급식기 #고양이자동급식기
#강아지자동급식기 #스마트급식기",2026-04-27,펫캠,post,,caption,substitute,2026-09-30T22:08:58
instagram,https://www.instagram.com/p/DXdRKdRj7hX/,88f72f23b17e7035,,"집을 비운 사이 우리 강아지, 뭐 하고 있을지 늘 궁금했는데요.
쿠잉 고화질 홈캠을 설치하고 나서는 실시간 원격 모니터링으로 바로 확인할 수 있어 안심이 되더라구요.

 쿠잉앱 연동 덕분에 스마트폰 하나로 집 안 구석구석을 확인하고 제어할 수 있고,
움직임 감지 & 알림 기능은 예상치 못한 순간에도 바로 알려줘서 마음이 놓여요.

마이크와 스피커로 연결되는 양방향 소통도 정말 편리했어요.

설치와 사용도 간단해서 부담 없고,
HD 초고해상도 영상 덕분에 작은 행동 하나까지 또렷하게 볼 수 있어요.
밤에는 흑백 야간모드로 어둠 속에서도 문제없이 확인 가능하니, 외출할 때 진짜 든든합니다.

우리 강아지를 혼자 두는 시간이 걱정된다면,
쿠잉 홈캠 하나면 멀리서도 안심할 수 있어 추천드려요! .
#쿠잉 #홈캠 #펫캠 #가정용cctv #아기홈캠",2026-04-23,펫캠,post,,caption,substitute,2026-09-30T22:08:58
instagram,https://www.instagram.com/p/DXbA2cDEzED/,959674a9450275d7,,"묘향가 진공 스마트 자동급식기

제주도 여행 앞두고
고양이 밥 걱정 때문에 자동급식기 알아보다가 선택한
묘항가 진공 스마트 자동급식기 🐱💛

프로모델이라 그런지 확실히 업그레이드된 느낌이에요ㅎㅎ

여름철이라 사료 눅눅해질까 걱정됐는데
진공 기능으로 산소랑 수분 차단해줘서
사료 신선도 유지되는 점이 진짜 마음에 들었어요 ☀️

사료 걸림 없이 깔끔하게 내려오는 구조라
남김 없이 급여되는 것도 만족스럽고요!

무엇보다 좋은 건 펫캠 기능까지 된다는 점…🎥
외출 중에도 실시간으로 확인 가능하고
야간에도 선명하게 보여서 안심되더라구요ㅎㅎ

사료통도 분리 세척 가능해서
위생적으로 관리하기 좋은 점도 굿 👍

✔️ 프로모델로 업그레이드된 안정감
✔️ 진공 기능으로 여름철 사료 보관 걱정 ↓
✔️ 펫캠 + 야간촬영까지 가능
✔️ 일정량 급여로 과식 방지

외출 많거나 여행 준비하시는 분들
이거 하나면 진짜 마음 편해요ㅎㅎ ✈️

#묘항가 #자동급식기 #고양이자동급식기
#강아지자동급식기 #스마트급식기 #진공급식기
#펫캠 #반려동물용품 #고양이집사
#강아지집사 #펫테크 #반려동물필수템
#여름철사료보관 #고양이용품 #강아지용품",2026-04-22,펫캠,post,,caption,substitute,2026-09-30T22:08:58
instagram,https://www.instagram.com/p/DXWQyC0E7GN/,ad9ad722c8f0691b,,"캠 테스트 하러 나갔다가 심장 부여잡음😭😭
움직이는 펫캠이 신기한 꼬미😳
너 진짜 왜이렇게 귀여워ㅠㅠ🤍",2026-04-20,펫캠,post,,caption,substitute,2026-09-30T22:08:58
instagram,https://www.instagram.com/p/DXRbHP_DcCH/,63aa933b08353cfc,,"활동적인 우리 아이, 댕댕이 👦🐶
눈으로 열심히 쫓다 지쳐버린 당신을 위해 👀
 
듀얼 렌즈 홈카메라, Tapo C245D와 함께
시야가 넓어질 수 있도록 기도해드릴게요 🙏

고정형 넓은 시야 광각 렌즈와
회전형 디테일 시야 망원 렌즈만 있다면
애개육아 중에도 A to Z 완벽 모니터링 가능✨",2026-04-18,펫캠,post,,caption,substitute,2026-09-30T22:08:58
instagram,https://www.instagram.com/p/DXL5Br4j7du/,6e458237f5ddb6bf,,"너도 리트리버는 리트리버구나

#골댕이 #리트리버 
#골든리트리버 #구남이 
#리트리버구남이",2026-04-16,펫캠,post,,caption,substitute,2026-09-30T22:08:58
instagram,https://www.instagram.com/p/DW59RDuj1Yv/,40023efece50ec7a,,"처음 펫캠 설치했을 때 리온. 부를 때 볼살 흔들면서 묘들짝하던 모습이 생생

#펫캠 #catstagram #냥팔 #냥스타그램 #집냥이",2026-04-09,펫캠,post,,caption,substitute,2026-09-30T22:08:58
instagram,https://www.instagram.com/p/DW1s5OjGOg-/,c6ef8f1b80bb3341,,홈캠 속 구름이 … 잔다 … 계속 잔다 …,2026-04-07,펫캠,post,,caption,substitute,2026-09-30T22:08:58
instagram,https://www.instagram.com/p/DWlSlHVjwlw/,ba1c2ff45092d373,,"일하다말고 힐링이 필요해서 펫캠 틀었더니
거만하게 베개 걸치고 앉아서 쳐다보시는 망구님..
망고 간식값 벌 힘 충전!!!! 🔋🔌⚡️💡
.
.
#포메라니안 #포메 #강아지펫캠 #귀여운강아지 #펫캠",2026-04-01,펫캠,post,,caption,substitute,2026-09-30T22:08:58
instagram,https://www.instagram.com/p/DWVsuM1jz4N/,ec2ea65351d25580,,"설치 고민 끝! 무선배터리 홈캠 CB2로 우리 집 안전을 '툭' 붙여서 지키세요. 🏠✨

배선 공사나 벽 타공이 부담스러우셨나요? 마그네틱 베이스 채택으로 현관문, 냉장고 등 금속 표면 어디든 즉시 설치 가능합니다. 초소형 사이즈지만 성능은 압도적입니다!

✅ 핵심 포인트

-1080P Full HD: 200만 화소의 선명한 화질
-롱라이프 배터리: 2000mAh로 최대 50일 사용
-스마트 AI 감지: 인체 형상 인식으로 정확한 알림
-양방향 대화: 실시간 소통으로 반려동물·아이 케어

글로벌 보안 표준의 이중 암호화로 사생활 보호까지 완벽합니다. 지금 넥시 CB2와 함께 스마트한 안심 라이프를 시작해 보세요! 🛡️

자세히 보기 : 

#홈캠 #가정용CCTV #무선홈캠 #현관CCTV #베이비캠 #펫캠 #cctv #CB2 #홈캠추천 #스마트홈 #홈cctv",2026-03-26,펫캠,post,,caption,substitute,2026-09-30T22:08:58
instagram,https://www.instagram.com/p/DWVsRUhkT1z/,7f40c85bbd6aa16c,,"복잡한 선 연결과 타공 걱정 없는 무선배터리 홈캠 CB2를 소개합니다! 🏠✨

외출 중 혼자 있는 아이나 반려동물이 걱정되셨나요? 이제 벽 뚫지 말고 '툭' 붙이세요. 초소형 사이즈에 강력한 기능을 모두 담았습니다.

✅ 설치 고민 끝!
마그네틱 베이스로 현관문, 냉장고 등 금속 표면 어디든 간편하게 부착! 무선 방식이라 인테리어를 해치지 않아요.

✅ 완벽한 성능

- 200만 화소(1080P) 선명한 Full HD 화질
- 2000mAh 대용량 배터리로 최대 50일 사용
- AI 인체 감지로 중요한 순간만 똑똑하게 알림
- 양방향 대화로 멀리서도 목소리를 들려주세요

✅ 철저한 보안
글로벌 보안 표준을 준수하는 이중 암호화로 소중한 사생활을 안전하게 보호합니다.
현관 보안부터 베이비캠, 펫캠까지! 넥시 CB2 하나로 우리 집 안전지수를 높여보세요. 🛡️

자세히 보기 : 

#홈캠 #가정용CCTV #무선홈캠 #현관CCTV #베이비캠 #펫캠 #강아지캠 #홈보안 #넥시 #CB2 #cctv #홈네트워크 #스마트홈 #1인가구필수템 #반려동물용품",2026-03-26,펫캠,post,,caption,substitute,2026-09-30T22:08:58
instagram,https://www.instagram.com/p/DWVWCS2Ej4K/,b62762ab287bf70e,,"짧은 일정이어도
우리 뽐이 혼자두기는 불안하니까!
바로 홈캠 사서 테스트중이예요🥰

움직임감지도 되고, 말하기 기능도 되서
잠시 자리를 비웠어도 뽐이에게 때마다 목소리 들려주고
안심시켜줄 수 있겠네요🤍
아휴 우리 큰아들이 다 커서 손이 덜가기 시작하니
작은아들(털아들)이 쪼매 눈에 밟히는구만유🥲

놀아주기알바(친동생)도 잠깐 고용해야겠어요 ㅋㅋㅋ🤣

#집사일상 #고양이집사 #스코티쉬폴드 #펫캠 #홈캠추천",2026-03-26,펫캠,post,,caption,substitute,2026-09-30T22:08:58
instagram,https://www.instagram.com/p/DWGWIm2EWvh/,ff111a9b3c00fea4,,"#이벤트 #팔로워이벤트
🎉파인뷰 홈캠 집사 공감 PICK!🎉

반려동물을 기르다 보면 집사의 입장에서
입에 붙어버리는 말들이 여러 개가 있습니다 🙂

다음 4개의 보기 중에 여러분이 가장 많이 버릇처럼 하는 말은 무엇인가요?

1. 안 돼!
2. 귀여워.
3. 사랑해~
4. 내려놔!

여러분의 생각을 댓글로 남겨주세요!
추첨을 통해 다섯 분께 CU 5,000원권을 드립니다 💚

[이벤트]
▶기간 : 3/20(금)~3/26(목)
▶발표 : 3/27(금) *개별 DM 발표
▶경품 : CU 5,000원권 (추첨 5명)
▶참여방법 :
1. ★파인뷰 홈캠 인스타그램 팔로우★
2. 4가지 보기 중 반려동물에게 가장 많이 하는 말을 골라 댓글로 남기기
3. 추첨을 통해 5분께 CU 5,000원 증정!

🎁파인뷰 홈캠 인스타그램 팔로우가 확인되지 않을 시 경품 증정이 어렵습니다.
🎁최신글 5개에 좋아요를 눌러주시면 당첨 확률 UP!
🎁비공개 계정은 당첨 불가 합니다.",2026-03-20,펫캠,post,,caption,substitute,2026-09-30T22:08:58
instagram,https://www.instagram.com/p/DP1b8gLk8qP/,59d4647f0305748e,,"양산스마트홈은
Aqara Life 본사로부터 공식 리셀러 인증을 받았습니다.

Aqara의 다양한 스마트홈 제품을 통해
조명, 보안, 센서, 에너지 관리 등
AI 기반의 통합 스마트 시스템을 구축합니다.

이제, 신뢰할 수 있는 공식 리셀러와 함께
당신의 집을 ‘스마트한 공간’으로 만들어보세요. 🏡

📞 스마트홈 상담 및 시공 문의: DM

#aqara #aqaralife #스마트홈 #aiot #사물인터넷 #스마트인테리어 #스마트조명 #스마트보안 #스마트라이프 #양산",2025-10-15,펫캠,post,,caption,substitute,2026-09-30T22:08:58
instagram,https://www.instagram.com/p/DP1bLq_k2iO/,b67075aac08407e1,,"AI와 IoT 기술이 만나
당신의 공간이 스스로 생각하는 스마트홈으로 진화합니다.

양산스마트홈은
스마트 조명, 자동화 시스템, 보안, 에너지 절약 솔루션까지,
삶의 편리함과 품격을 높이는 AI 인테리어 전문 기업입니다.

📞 스마트홈 상담 및 시공 문의: DM

#aqara #aqaralife #스마트홈 #aiot #사물인터넷 #스마트인테리어 #스마트조명 #스마트보안 #스마트라이프 #양산",2025-10-15,펫캠,post,,caption,substitute,2026-09-30T22:08:58
instagram,https://www.instagram.com/p/DVVKf7qj1zI/,aa9a9a5fe00a759e,,"이거 뭔데 자꾸 날 추적해?

출근 중에도 우리 집을 선명하게 👀✨
4K 초고화질로 아기·반려동물까지 또렷하게 확인하는 
TapoC250!!

회전형이라 구석구석 놓치는 곳 없이 
양방향 오디오로 말도 걸 수 있어 더 안심이에요 🐶💬

구매링크 👉 
 

 #홈캠 #펫캠 #육아캠 #홈캠추천",2026-03-01,펫캠,post,,caption,substitute,2026-09-30T22:08:58
instagram,https://www.instagram.com/p/DVQJwR-kQuw/,00984b4b444bfc97,,"#이벤트 #팔로워이벤트
🎉파인뷰 홈캠 냥냥이 유머 QUIZ🎉

고양이를 키우고 계신 분들이라면 
도도한 면모도 경험하셨겠지만
반전매력으로 흐물흐물한 모습도 본 적이 있으실텐데요!

어느새 고양이의 이런 몰랑(?)한 매력은
트레이드 마크로 자리잡게 되었습니다 🫠

그러면 여기서 파인뷰표 냥냥 퀴즈 타임!

Q. <고양이 OO설>
고양이들이 마치 OO처럼 어떤 좁은 공간도
몸을 맞춰 들어가는 모습을 빗댄 표현

1. 유령
2. 액체
3. 비만

*HINT. 고양이는 신체적 특징으로 몸을 자유롭게 접거나 늘릴 수 있습니다.

답글을 남겨주신 분들 중 다섯 분을 추첨하여
신세계 상품권 5,000원권을 드립니다 💚

[이벤트]
▶기간 : 2/27(금)~3/5(목)
▶발표 : 3/6(금) *개별 DM 발표
▶경품 : 신세계 상품권 5,000원 (추첨 5명)
▶참여방법 :
1. ★파인뷰 홈캠 인스타그램 팔로우★
2. 본문을 읽은 후 OO에 들어갈 옳은 단어를 찾아 댓글 달기
3. 추첨을 통해 5분께 신세계 상품권 5,000원 증정!

🎁파인뷰 홈캠 인스타그램 팔로우가 확인되지 않을 시 경품 증정이 어렵습니다.
🎁최신글 5개에 좋아요를 눌러주시면 당첨 확률 UP!
🎁비공개 계정은 당첨 불가 합니다.
🎁신세계 상품권은 문자로 발송되며, '이마트'에서 지류 상품권으로 교환 후 사용 가능합니다.",2026-02-27,펫캠,post,,caption,substitute,2026-09-30T22:08:58
instagram,https://www.instagram.com/p/DVPnpKaEwo9/,a473307f3eb1e7f3,,"집에 혼자 있는 강아지 걱정돼 펫캠 확인해 봤더니…

재택근무를 하던 집사가 외출한 사이, 펫캠에 비친 리트리버가 현관문 앞 계단에서 오로지 집사의 발소리만을 기다리며 잠든 모습이 많은 이들의 가슴을 울리고 있습니다.

평소 집사와 늘 함께하던 골든 리트리버는 집사가 외부 일정으로 자리를 비우자, 거실에서 쉬는 대신 현관으로 이어지는 길목에 자리를 잡았습니다. 녀석은 집사가 돌아오는 소리를 한순간도 놓치지 않겠다는 듯 문 쪽을 향해 하염없이 시선을 고정했습니다.

결국 기다림에 지쳐 그 자리에 누워 잠이 들면서도, 끝내 현관을 등지지 않은 채 집사를 향한 그리움을 이어갔습니다. 이 모습을 화면으로 지켜본 집사는 자신을 세상의 전부로 여기며 오로지 '기다림'으로 하루를 채우는 반려견의 순수한 사랑에 결국 눈물을 쏟고 말았습니다. 우리가 밖에서 바쁜 시간을 보내는 동안, 집 안의 작은 생명은 오직 우리의 발소리만을 기다리고 있다는 사실을 다시금 일깨워줍니다.

#골든리트리버 #펫캠 #반려견사랑 #감동스토리",2026-02-27,펫캠,post,,caption,substitute,2026-09-30T22:08:58
instagram,https://www.instagram.com/p/DUo7xBxCEtJ/,74f327bb361a10b0,,"외출할 땐 이거 하나면 좀 편해질걸? 펫캠·자동급식기 초간단 실전 팁

🐶 이거 정말 도움이 될까요?
보조 도구예요. 원격음성·간식·모니터링으로 일상 불안이 많이 줄어요(제품·훈련 따라 다름). 심하면 반드시 전문가 상담하세요.

🔎 뭘 먼저 체크할까요?
- 원격음성·움직임 알림: 즉각 반응으로 안정감 줌 
- 지연·해상도·배터리: 실사용 불편 줄여요 
- 클라우드·암호화·월비용: 개인정보·유지비 문제 예방 
- 급여량·전원 옵션: 급식 실패 방지

🔥 지금 당장 해야 할 3가지
1) 펫캠으로 1–2주 관찰해 패턴 파악하세요. 
2) 자동급식기로 식사 시간 고정하세요. 
3) 짧은 외출부터 점진적으로 분리 훈련하세요.

결론은요?
기술은 보조수단, 루틴·점진적 훈련이 핵심이에요. 증상 심하면 수의사·행동전문가와 상의하세요. 더 많은 정보가 궁금하면, 별이언니 블로그로 오세요 📌

#펫캠 #자동급식기 #분리불안 #강아지훈련 #반려생활",2026-02-12,펫캠,post,,caption,substitute,2026-09-30T22:08:58
instagram,https://www.instagram.com/p/DUmZ6h0DQ8R/,817ec2f1a7300e4d,,"너와 나의 연결고리 펫캠, 고양이도 그 존재를 알까요? 

어떤 고양이는 펫캠을 피하고, 
어떤 고양이는 카메라 앞에서 말을 겁니다. 
이 극명한 반응 차이의 원인을 고양이의 신체 특성과 인지 방식을 통해 분석했습니다. 

✅ 감각의 예민함: 미세 자극 탐지 
인간은 감지하지 못하는 펫캠의 고주파 소음과 적외선 불빛은 고양이에게 불편한 자극이 됩니다. 이러한 자극이 반복되면 고양이는 펫캠을 기피 대상으로 기억하게 됩니다. 

✅ 인지적 혼란: 후각 정보의 부재 
목소리는 들리지만 실체(냄새)가 없는 상황은 고양이에게 큰 혼란을 줍니다. 냄새로 대상을 확인하는 고양이의 특성상, 정보가 불충분한 펫캠은 경계의 대상이 되기 쉽습니다. 

✅ 학습의 효과 
긍정적 경험의 누적 자극에 유연한 아이들은 펫캠 소리 이후 간식이나 집사의 귀가가 이어진다는 것을 학습합니다. 이 경우 펫캠은 집사와 연결된 통로가 되어 먼저 다가와 소통을 시도하기도 합니다.

 여러분의 고양이는 펫캠에 어떻게 반응하나요? 
댓글로 알려주세요! 

#펫플리 #펫캠 #고양이 #냥스타그램 #펫캠추천",2026-02-11,펫캠,post,,caption,substitute,2026-09-30T22:08:58
instagram,https://www.instagram.com/p/DUksv0REYQd/,45fe7c259530aab6,,"🚚 설 연휴 배송 일정 안내드립니다!

⚠️ 설 연휴 배송 유의사항 ⚠️

- 설 연휴 전 마지막 출고일은 2/13(금) 입니다.
- 이후 주문 건은 2/19(목)부터 순차 발송됩니다.
* 연휴 전후 택배 물량 증가로 배송이 다소 지연될 수 있는 점 양해 부탁드립니다.

즐거운 설 명절 보내시고, 새해 복 많이 받으세요~!🙇‍♀️

#캠봇 #CamBOT #홈카메라 #CCTV #스마트홈 #스마트가전
#펫캠 #반려동물 #강아지카메라 #고양이카메라 #집사템 #반려생활
#육아템 #생활가전 #보안카메라 #설명절 #설인사 #새해복많이받으세요",2026-02-10,펫캠,post,,caption,substitute,2026-09-30T22:08:58
instagram,https://www.instagram.com/p/DUhfR5kkhNw/,9e818c3028b187b5,,"자동급식기 소리만 들리면 자다가도 달려가는 뚱빵씌...
집사님은 최첨단시스템에 홀릭중...

ps. 주인님 의사쌤이 설사하면 스트레스나 과식이라는데
 님은 무조건 과식탓이래요

#아기고양이 #턱시도냥이 #고양이자동급식기 #펫캠",2026-02-09,펫캠,post,,caption,substitute,2026-09-30T22:08:58
instagram,https://www.instagram.com/p/DUZcMFBEjOG/,fce195a36cd1999c,,"#이벤트 #팔로워이벤트
🎉파인뷰 본사 알림받기 하고 선물 받자!🎉

2/9(월) 오후 8시부터 9시까지 단 1시간!
블랙박스/골프거리측정기/홈캠 인기 모델에 풍성한 라이브 혜택을 얹어드려요 😎

구매 혜택뿐만 아니라 라이브 중간 중간 퀴즈와 구매 인증 이벤트까지!
설 선물 준비하시는 분들은 꼭 이번 라이브를 주목하세요 ✨

본방을 준비하며 알림받기 인증해주신 분들께는
추첨을 통하여 신세계 상품권 5,000원권을 드립니다.

'파인뷰 본사' 알림받기를 누르신 후 구글폼에서 인증해주세요!
▶파인뷰 본사 라이브 URL : bit.ly/4a6Cp9O
▶구글폼 링크 : 
(프로필 링크를 통해서도 쉽게 접속하실 수 있습니다.)

[이벤트]
▶기간 : 2/6(금)~2/9(월)
▶발표 : 2/10(화) *개별 DM 발표
▶경품 : 신세계 상품권 5,000원 (추첨 5명)
▶참여방법 :
1. ★파인뷰 인스타그램 팔로우★
2. '파인뷰 본사' 네이버쇼핑라이브 알림받기 누른 후 구글폼에 인증하기
3. 추첨을 통해 5분께 신세계 상품권 5,000원 증정!

🎁파인뷰 인스타그램 팔로우가 확인되지 않을 시 경품 증정이 어렵습니다.
🎁비공개 계정은 당첨 불가 합니다.",2026-02-06,펫캠,post,,caption,substitute,2026-09-30T22:08:58
instagram,https://www.instagram.com/p/DUXfPJME3nV/,2f594d32f6c764dd,,"애개육아를 할 예정인 저희집에 
꼭꼭 필요함 홈캠을 선물받았어요👼🏻🤍

🤍 헤이홈 스마트 홈카메라 Pro+ 5MP
✔️ 500만 화소 고화질로 선명한 실시간 영상
✔️ 군사 보안급 보안시스템
✔️ 좌우·상하 회전 + 자동 모션 추적
✔️ 앱으로 언제 어디서나 확인 가능
✔️ 집, 반려동물, 아기까지 안심 케어

심플한 디자인이라 어디에 둬도 깔끔✨
홈캠 고민 중이면 헤이홈pro 5PM 추천🦄💗

#임신일기 #홈캠추천 #헤이홈pro #애개육아 #펫캠",2026-02-05,펫캠,post,,caption,substitute,2026-09-30T22:08:58
instagram,https://www.instagram.com/p/DUUjT8NEsvC/,27d2aeb7e582e332,,"오우 새벽에 싸움날뻔했네😭
가나가 놀라서 으르렁했지만,,
사이좋게 지내자🙏🏻",2026-02-04,펫캠,post,,caption,substitute,2026-09-30T22:08:58
instagram,https://www.instagram.com/p/DURpEELkh8w/,a48aea3b55709d75,,"🎉네이버쇼핑라이브 X 파인뷰 파인캐디🎉

✨LIVE✨
2/9(월), 20:00 PM ~ 21:00 PM

단 1시간! 기회를 잡은 당신에게만 주어지는
라이브 특별 할인 혜택과 사은품!

블랙박스/골프거리측정기/홈캠
구매를 고민하셨던 분들이라면
다음주에 있을 쇼핑 라이브에 꼭 참여하세요 🎁

▶언제 : 2/9(월), 20:00 PM ~ 21:00 PM
▶어디서 : 네이버쇼핑라이브

#파인뷰 #블랙박스 #홈캠 #펫캠 #파인캐디 #골프거리측정기 #골프용품 #차량용품 #라이브 #라이브특가",2026-02-03,펫캠,post,,caption,substitute,2026-09-30T22:08:58
instagram,https://www.instagram.com/p/DUP-2gjgeIE/,2dd73de0e704bd3f,,"2026년 설날 연휴를 앞두고
선물도, 가족도, 일상도 한 번에 챙기고 싶다면 ?

🌴 연휴 안심 아이템
5일의 연휴 동안 여행을 떠날 때,
우리 집을 안전하게 지켜주고

👨‍👩‍👧 부모님 선물
시골집에 멀리 있어도 안심할 수 있도록,
부모님을 지켜주고 도와주는 스마트한 선물

🐶👶 아이 & 반려동물 케어
집에 없을 때도 아이와 반려동물을
더 안전하게, 더 꼼꼼하게 케어할 수 있도록

이번 설 연휴, 필요한 선물은 미리 준비하고
마음은 조금 더 따뜻하게!✨

소중한 가족을 위한 스마트한 선택,
타포 공식몰 설 선물 대전 프로모션에서 지금 만나보세요! 🎁

🔗 티피링크 공식 인스타그램 프로필 링크에서
설 선물 대전 프로모션을 만나보실 수 있어요💖",2026-02-02,펫캠,post,,caption,substitute,2026-09-30T22:08:58
instagram,https://www.instagram.com/p/DUE1Ht-E0Ue/,24489210f08120e2,,"🎉네이버 X 파인뷰🎉

✨설날+세일✨
1/29(목)~1/30(금)

단 이틀! 네이버에서만 선착순 혜택!
4K UHD 파인뷰 홈캠 <단독 타임특가>

금융권 수준의 보안으로 더 안심됩니다.
우리 아이를 위한 파인뷰 홈캠으로 지켜주세요!

▶기간 : 1/29(목)~1/30(금)
▶자세히보기 : bit.ly/45E7OPI
(프로필 상단의 '진행 중인 이벤트 확인하기' 링크 클릭!)

#파인뷰#홈캠#초고화질홈캠#베이비캠#펫캠#특가이벤트#이벤트중",2026-01-29,펫캠,post,,caption,substitute,2026-09-30T22:08:58
instagram,https://www.instagram.com/p/DT99GnyE94O/,8e9dd0fcfb70ff38,,"🎉지마켓 X 옥션 X 파인뷰🎉

✨설 빅세일✨
1/26(월)~2/12(목)

설 선물 준비를 위한 최대 할인 찬스!
소비자가 만족한 파인뷰 블랙박스, 홈캠을
쏟아지는 쿠폰 혜택과 함께 득템하세요! 😎

▶기간 : 1/26(월)~2/12(목)
▶자세히보기 : 
블랙박스 bit.ly/45z2ux4
홈캠 bit.ly/4q2TW8N
(프로필 상단의 '진행 중인 이벤트 확인하기' 링크 클릭!)

#파인뷰#블랙박스#홈캠#초고화질블랙박스#초고화질홈캠#펫캠##특가이벤트#이벤트중",2026-01-26,펫캠,post,,caption,substitute,2026-09-30T22:08:58
instagram,https://www.instagram.com/p/DThzrYZkSsg/,57dccb8aa5bd12a3,,요새는 몰래 보려고 펫 캠 움직이면 다 걸린다📸,2026-01-15,펫캠,post,,caption,substitute,2026-09-30T22:08:58
instagram,https://www.instagram.com/p/DTbZfnSEu0O/,a967b7dc0083d632,,후루는 왜 맨날 혼나는걸까 🤦🏻‍♀️,2026-01-12,펫캠,post,,caption,substitute,2026-09-30T22:08:58
instagram,https://www.instagram.com/p/DTR765zE1Fb/,7688d8386a244b34,,"🎉11번가 X 파인뷰 파인캐디🎉

✨월간십일절✨
1/11(일)~1/13(화), 단 3일!

2026 새해맞이 특가 혜택!

블랙박스/골프거리측정기/홈캠을 이벤트 기간 동안
11번가에서 최대 67% 즉시 할인 받고 구매하세요! 😎

▶기간 : 1/11(일)~1/13(화)
▶자세히보기 : bit.ly/3LustPb
(프로필 상단의 '진행 중인 이벤트 확인하기' 링크 클릭!)

#파인뷰#블랙박스#홈캠#펫캠#파인캐디#골프거리측정기#거리측정기#특가이벤트#이벤트중",2026-01-09,펫캠,post,,caption,substitute,2026-09-30T22:08:58
instagram,https://www.instagram.com/p/DTNBsqKE-sI/,ef629abbfbd8fb9f,,"🐶호텔도, 유치원도 부담스러울 땐!

이젠 아이를 옮기지 않아도 돼요~
익숙한 집에서 받는 케어!

방문 산책 + 필수 관리
10초면 신청 끝, 비포펫❤️

📢 월 구독 케어 신청 시 펫캠 100% 증정 이벤트 중

#강아지 #집사 #반려생활 #출장 #여행 #홈캠 #펫캠 #실내배변 #실외배변 #산책 #비포펫",2026-01-07,펫캠,post,,caption,substitute,2026-09-30T22:08:58
instagram,https://www.instagram.com/p/DTNA0wLE3ep/,f3acd42a804af0d7,,"🐶바쁜 날이어도, 우리 아이 케어는 그대로!

야근이든 약속이든
아이 하루는 멈추지 않으니까~

산책·밥·물·배변까지
필요한 것만 딱 도와주는 비포펫❤️

📢 월 구독 케어 신청 시 펫캠 100% 증정 이벤트 중

#강아지 #집사 #반려생활 #출장 #여행 #홈캠 #펫캠 #실내배변 #실외배변 #산책 #비포펫",2026-01-07,펫캠,post,,caption,substitute,2026-09-30T22:08:58
instagram,https://www.instagram.com/p/DTNApVZk3mk/,e97b5d9739ddda11,,"🐶우리 아이의 하루를 지키는 방법

매번 다른 사람 말고
같은 시간, 같은 방식, 같은 케어

우리 아이가 익숙한 비포펫❤️
보호자가 더 편안해지는 비포펫❤️

📢 월 구독 케어 신청 시 펫캠 100% 증정 이벤트 중

#강아지 #집사 #반려생활 #출장 #여행 #홈캠 #펫캠 #실내배변 #실외배변 #산책 #비포펫",2026-01-07,펫캠,post,,caption,substitute,2026-09-30T22:08:58
instagram,https://www.instagram.com/p/DTNAU_ekzIW/,467ca4a44a0437db,,"🐶꼭 필요한 케어만 하는데, 비쌀 필요 있을까요?

불필요한 옵션 없이!
산책 · 밥 · 물 · 배변패드 교체만!

우리 아이에게 꼭 필요한 것만
9,900원에 토탈케어를 받으세요❤️

📢 월 구독 케어 신청 시 펫캠 100% 증정 이벤트 중

#강아지 #집사 #반려생활 #출장 #여행 #홈캠 #펫캠 #실내배변 #실외배변 #산책 #비포펫",2026-01-07,펫캠,post,,caption,substitute,2026-09-30T22:08:58
instagram,https://www.instagram.com/p/DTM_DF8k2U7/,dced70ab908b5090,,"🐶우리 아이 케어 기준을 아는 사람들은 매일 반복되는 ‘관리’가 중요하다는 걸 알죠

그래서 다들 비포펫에
섬세한 케어를 맡기고 있습니다❤️

📢 월 구독 케어 신청 시 펫캠 100% 증정 이벤트 중

#강아지 #집사 #반려생활 #출장 #여행 #홈캠 #펫캠 #실내배변 #실외배변 #산책 #비포펫",2026-01-07,펫캠,post,,caption,substitute,2026-09-30T22:08:58
instagram,https://www.instagram.com/p/DVQJwR-kQuw/#c17984541431959871,345d24ab1767cf24,,"2. 액체 🐈🪄
➖➖➖➖➖➖➖➖
상자든 바구니든 빈 공간만 보이면 스르르 들어가는 고양이를 보면 정말 액체 같다는 말이 딱 맞는 것 같아요. 😆 그 작은 공간에 몸을 맞추고 편하게 앉아 있는 모습이 얼마나 사랑스러운지... 집을 비운 사이에도 이런 귀여운 순간들이 계속 생기고 있겠죠?! 그래서 집사에게 홈캠은 일종의 행복 기록 장치 같다는 생각이 드네요^^ 📹 #파인뷰홈캠 으로 냥이의 하루를 몰래 들여다보면 하루 피로가 다 풀릴 것 같아요~😌
➖➖➖➖➖➖➖➖",2026-03-05,펫캠,comment,,comment,substitute,2026-09-30T22:08:58
instagram,https://www.instagram.com/p/DVQJwR-kQuw/#c18082688351192895,84478ecbb6c0dfb8,,"정답: 2번 액체 ✅🐱💕
고양이를 오래 지켜본 사람이라면 이 말에 절대 반박 못할 것 같아요. 어느 날 보면 상자 속에 스르르 흘러 들어가 있고, 또 어느 날은 작은 틈에 녹아든 것처럼 들어가 있더라고요! 그 몰랑몰랑한 순간들을 놓치지 않으려면 역시 홈캠이 필수인 것 같습니다. 📷 파인뷰 홈캠으로 우리 집 냥이의 ‘액체 모먼트’를 하루 종일 기록하고 싶네요. 🙌",2026-03-05,펫캠,comment,,comment,substitute,2026-09-30T22:08:58
instagram,https://www.instagram.com/p/DVQJwR-kQuw/#c17896348674411470,2dd42e356235c480,,"정답: 2번 액체 🐱

고양이 액체설이 실제로 이그노벨상까지 받은 연구 주제였다는 걸 알고 나서 그냥 밈이 아니라 진짜 근거 있는 말이었구나 싶어서 더 재미있게 느껴졌어요!! 😹
어디 들어갔는지 안 보이다가 홈캠 켜면 바로 발견되는 그 상황이 딱 액체설 실사판인 것 같아서, 고양이 집사한테 홈캠이 필수인 이유가 여기 있다 싶어요!! 💚",2026-03-05,펫캠,comment,,comment,substitute,2026-09-30T22:08:58
instagram,https://www.instagram.com/p/DXbA2cDEzED/#c18089741200984217,281c4403175e4a94,,,2026-04-22,펫캠,comment,,comment,substitute,2026-09-30T22:08:58
instagram,https://www.instagram.com/p/DXbA2cDEzED/#c17933867589214250,58cd2e3e4c183112,,링크를 참고하세요! 쿠팡에서 배송도 빠르게 받아보실 수 있습니다~,2026-04-22,펫캠,comment,,comment,substitute,2026-09-30T22:08:58
instagram,https://www.instagram.com/p/DaWgTxGJDBe/#c17950456035016732,623183b38b8fb194,,아 ㅋㅋㅋㅋㅋ너무 귀여워요 역으로 감시중이였어!,2026-07-17,펫캠,comment,,comment,substitute,2026-09-30T22:08:58
instagram,https://www.instagram.com/p/DaWgTxGJDBe/#c18560362246069111,ac9b49062b1f3eab,,근뎈ㅋㅋㅋ 공포짤인데 넘 기엽네옹 ㅎㅎ❤️,2026-07-12,펫캠,comment,,comment,substitute,2026-09-30T22:08:58
instagram,https://www.instagram.com/p/DaWgTxGJDBe/#c18102965681331372,ba1a2dd6dd2f2893,,앜ㅋㅋㅋㅋㅋㅋㅋ보고있는거 아는거야?😂,2026-07-05,펫캠,comment,,comment,substitute,2026-09-30T22:08:58
instagram,https://www.instagram.com/p/DaWgTxGJDBe/#c18121954168776178,b4a58e92e03bb84a,,홈캠으로 나 훔쳐볼거 다 알고있어따,2026-07-04,펫캠,comment,,comment,substitute,2026-09-30T22:08:58
instagram,https://www.instagram.com/p/DbR-T2MEeg-/#c18186125041408490,56d4f860d2449a26,,명절 잘보냈어?ㅎㅎ구월이 다녀가😍😍,2026-09-27,펫캠,comment,,comment,substitute,2026-09-30T22:08:58
instagram,https://www.instagram.com/p/DbR-T2MEeg-/#c18079473572694412,a84ede198374637c,,올여름은 진짜 너무 더워서 에어컨 빵빵하게 틀고 집에서 뒹구는게 최고야😊,2026-08-23,펫캠,comment,,comment,substitute,2026-09-30T22:08:58
instagram,https://www.instagram.com/p/DbR-T2MEeg-/#c18052521242573861,4bf62c1f160273ff,,얘두라! 나눈 뽀뽀인데 너희가 귀엽다는 소문 듣고 내가 이렇게 뛰어와쏘!! 나랑 친구하고 노올쟈 ❤️,2026-08-19,펫캠,comment,,comment,substitute,2026-09-30T22:08:58
instagram,https://www.instagram.com/p/DbR-T2MEeg-/#c17889954528419516,f9d1de27bf457bde,,안녕하세요. 강아지 사진찍어주는 사람입니다. 콩이 구름이 너무 귀엽네요.ㅋㅋ 강아지는 아니지만 멍팔하고 갑니다. 친하게 지내요~🙌,2026-08-06,펫캠,comment,,comment,substitute,2026-09-30T22:08:58
instagram,https://www.instagram.com/p/DbR-T2MEeg-/#c17914535265425346,3edca8202e875927,,지금 날씨는 집이 최고야 구르미 표정봐😂,2026-07-31,펫캠,comment,,comment,substitute,2026-09-30T22:08:58
instagram,https://www.instagram.com/p/DbR-T2MEeg-/#c18106937285145971,efa51ad8050c35c9,,구름이 너무 귀엽댜😍방콕이 최고지~😄🫰❤️🛩,2026-07-27,펫캠,comment,,comment,substitute,2026-09-30T22:08:58
instagram,https://www.instagram.com/p/DbR-T2MEeg-/#c18088871816430271,8ca8976be1cf1a35,,콩이 구름이 집이 최고지이❤️,2026-07-27,펫캠,comment,,comment,substitute,2026-09-30T22:08:58
instagram,https://www.instagram.com/p/DbR-T2MEeg-/#c17897832990554416,9a6052b94120aabc,,This looks great ❤️ send us this post,2026-07-27,펫캠,comment,,comment,substitute,2026-09-30T22:08:58
instagram,https://www.instagram.com/p/DcVTzK0ESDi/#c17972226725932359,5f2df6a1c3bdce77,,사진 한 장에 브랜드 가치가 다 담겨있는 것 같아요. 마케팅 포인트가 명확해서 너무 좋네요. 많이 배우고 가요.,2026-08-22,펫캠,comment,,comment,substitute,2026-09-30T22:08:58
instagram,https://www.instagram.com/p/DcVTzK0ESDi/#c18559227868075263,832734b43020fa29,,오늘 날씨처럼 화사하고 기분 좋은 홍보네요. 굿굿! 참신한 기획이 돋보이는 포스팅입니다.,2026-08-22,펫캠,comment,,comment,substitute,2026-09-30T22:08:58
instagram,https://www.instagram.com/p/DXn2YucgcUN/#c18093453137332901,2edec9ad827f8d32,,"네이버 쇼핑라이브 링크 바로가기
👉",2026-04-27,펫캠,comment,,comment,substitute,2026-09-30T22:08:58
instagram,https://www.instagram.com/p/Db7RU13kjQr/#c18164916502463529,de1ac222a1f95f04,,"정답 : 라이브뷰 , 세이프케어",2026-08-20,펫캠,comment,,comment,substitute,2026-09-30T22:08:58
instagram,https://www.instagram.com/p/Db7RU13kjQr/#c17904755409533613,fc3889ad6799e0e1,,"정답➡️ 라이브뷰, 세이프케어 🙌",2026-08-18,펫캠,comment,,comment,substitute,2026-09-30T22:08:58
instagram,https://www.instagram.com/p/Db7RU13kjQr/#c18121031536847400,840ab38b64363410,,"정답 : 라이브뷰 , 세이프케어",2026-08-18,펫캠,comment,,comment,substitute,2026-09-30T22:08:58
instagram,https://www.instagram.com/p/Db7RU13kjQr/#c18110000048030450,326b5137356f95ed,,라이브뷰+세이프케어 👏 언제나 든든하고 안심이되네요,2026-08-18,펫캠,comment,,comment,substitute,2026-09-30T22:08:58
instagram,https://www.instagram.com/p/Db7RU13kjQr/#c18151538596518612,0a5c87820a5d7b03,,"1. 라이브뷰
2. 세이프케어
실시간 확인부터 이상상황까지 챙겨준다니 든든해요!!",2026-08-18,펫캠,comment,,comment,substitute,2026-09-30T22:08:58
instagram,https://www.instagram.com/p/Db7RU13kjQr/#c18107895859853872,c810e0d6eb16e265,,"정답 : Safe care, Live view",2026-08-18,펫캠,comment,,comment,substitute,2026-09-30T22:08:58
instagram,https://www.instagram.com/p/DZ1W1uZxh_4/#c17952864606189183,f05a7ccd465159c3,,귀요미🤍🤎🐶 콩이 ♡구름아 안뇽 반가워 제니놀러왔쏘 🐾🐾우리친구하자 💗💗💗😘🫶,2026-07-17,펫캠,comment,,comment,substitute,2026-09-30T22:08:58
instagram,https://www.instagram.com/p/DZ1W1uZxh_4/#c18452342662189598,54deae68a0144660,,깔끔한 엄마덕에 깨끗하게 😍,2026-07-15,펫캠,comment,,comment,substitute,2026-09-30T22:08:58
instagram,https://www.instagram.com/p/DZ1W1uZxh_4/#c18114425308902150,5b1cdf78c9450bc4,,구름이 입꼬리가 살짝 올라가서 은은하게 미소 짓고 있는거 같아. 이뿌다💙,2026-07-10,펫캠,comment,,comment,substitute,2026-09-30T22:08:58
instagram,https://www.instagram.com/p/DZ1W1uZxh_4/#c18122292673668859,bb26088b512935ef,,카시트 넘 상큼하다 부럽다 💙 뽀얀 구르미랑 찰떡,2026-06-22,펫캠,comment,,comment,substitute,2026-09-30T22:08:58
instagram,https://www.instagram.com/p/DZ1W1uZxh_4/#c18106342136472853,988fdcf48849b574,,구름이 안농🐾 방가오 리안이 놀러왔어🤍 친하게지내댜🤍,2026-06-22,펫캠,comment,,comment,substitute,2026-09-30T22:08:58
instagram,https://www.instagram.com/p/DZ1W1uZxh_4/#c17928033036347034,a1562c8779980cfd,,자다 깬 모습도 이뿌자나 구름씨😘🫶❤️,2026-06-21,펫캠,comment,,comment,substitute,2026-09-30T22:08:58
instagram,https://www.instagram.com/p/DXRbHP_DcCH/#c17880472149559877,0ff3ead66ac52896,,와우~~듀얼렌즈가 적용되엇네요😍,2026-04-20,펫캠,comment,,comment,substitute,2026-09-30T22:08:58
instagram,https://www.instagram.com/p/DXRbHP_DcCH/#c18079939454197230,17cb62ab67ad605a,,Tapo C245D는 프로필 링크 속 타포 공식몰에서 구입할 수 있어요🐶,2026-04-18,펫캠,comment,,comment,substitute,2026-09-30T22:08:58
instagram,https://www.instagram.com/p/DZ1UTfKk66C/#c17894374872508459,f2cad117b93bb648,,군밤이 정말 성격이 좋네요!!!차분히 잘 자요😍,2026-06-22,펫캠,comment,,comment,substitute,2026-09-30T22:08:58
instagram,https://www.instagram.com/p/DampFvUAY_6/#c18082525481250412,63e4d882f21bc610,,나무엑스 팔로워 2만 달성을 진심으로 축하합니다,2026-07-20,펫캠,comment,,comment,substitute,2026-09-30T22:08:58
instagram,https://www.instagram.com/p/DampFvUAY_6/#c18362109061240085,eabf75ca680f84b0,,나무엑스 팔로워 2만 달성 달성 축하드립니다 🥳✨✨,2026-07-20,펫캠,comment,,comment,substitute,2026-09-30T22:08:58
instagram,https://www.instagram.com/p/DampFvUAY_6/#c17897679294484369,5cd2b4e3afb8954a,,"나무엑스 2만 팔로워 달성을 진심으로 축하드려요!!🎉 앞으로도 많은 사랑받길 바라고 다양한 정보와 소식 많이 알려주세요! 늘 응원하겠습니다!!💚💚
 나무엑스 축하해주자!",2026-07-19,펫캠,comment,,comment,substitute,2026-09-30T22:08:58
instagram,https://www.instagram.com/p/DampFvUAY_6/#c17933708961345608,633dd88c1a7f97c5,,"나무엑스 팔로워 2만명 달성을 너무너무 축하들려요!!🎉 앞으로도 더 많은 사랑받길 바라며 10만 100만까지 응원할게요!💚
 나무엑스 같이 축하하자!",2026-07-19,펫캠,comment,,comment,substitute,2026-09-30T22:08:58
instagram,https://www.instagram.com/p/DampFvUAY_6/#c17901525834320629,ece1928a25434ca9,,2만 팔로워와 함께하는 나무엑스의 새로운 시작을 응원합니다! 더 크게 성장하시길 💚✨,2026-07-19,펫캠,comment,,comment,substitute,2026-09-30T22:08:58
instagram,https://www.instagram.com/p/DampFvUAY_6/#c18027627224836383,70e3e0d58ff51077,,2만 팔로워 달성 진심으로 축하드립니다! 계속해서 응원하겠습니다!,2026-07-19,펫캠,comment,,comment,substitute,2026-09-30T22:08:58
instagram,https://www.instagram.com/p/DampFvUAY_6/#c18011997935732672,2f1311c9988b16e7,,축하드립니다! 🎂 앞으로도 건강한 라이프를 함께 만들어가는 브랜드가 되길 바랍니다 💚💚,2026-07-19,펫캠,comment,,comment,substitute,2026-09-30T22:08:58
instagram,https://www.instagram.com/p/DampFvUAY_6/#c18196056382373904,18164659fa794112,,"2만 팔로워 달성 🎉 꾸준히 성장하는 나무엑스, 앞으로의 행보도 응원합니다!",2026-07-19,펫캠,comment,,comment,substitute,2026-09-30T22:08:58
instagram,https://www.instagram.com/p/DampFvUAY_6/#c18108521981069894,d02f627b3e3272a9,,2만 달성 정말 축하드려요! 🥳 늘 유익하고 기분좋은 소식 기대하겠습니다 💓,2026-07-19,펫캠,comment,,comment,substitute,2026-09-30T22:08:58
instagram,https://www.instagram.com/p/DampFvUAY_6/#c17917869192204706,6d8620e1055bc8ea,,2만 팔로워 달성 👏👏 그동안의 노력이 결실을 맺은 것 같아요 앞으로도 파이팅입니다!,2026-07-19,펫캠,comment,,comment,substitute,2026-09-30T22:08:58
instagram,https://www.instagram.com/p/Da1yVwTgRd9/#c18369661567236031,34644d28dadcdc62,,"나에게 로봇과 사는 시대란, 든든함이다❤️",2026-07-20,펫캠,comment,,comment,substitute,2026-09-30T22:08:58
instagram,https://www.instagram.com/p/Da1yVwTgRd9/#c18120302083890669,ab9a3fb79cf662a8,,"나에게 로봇과 사는 시대란, 행복이다 ❤️",2026-07-20,펫캠,comment,,comment,substitute,2026-09-30T22:08:58
instagram,https://www.instagram.com/p/Da1yVwTgRd9/#c17998101419994817,5934e2f12294d415,,"나에게 로봇과 사는 시대란, 든든한 베프다 ❤️😍",2026-07-20,펫캠,comment,,comment,substitute,2026-09-30T22:08:58
instagram,https://www.instagram.com/p/Da1yVwTgRd9/#c18122291068723734,7dc5ca5c0f8dc360,,"나에게 로봇과 사는 시대란, 윤택한 삶이다",2026-07-19,펫캠,comment,,comment,substitute,2026-09-30T22:08:58
instagram,https://www.instagram.com/p/Da1yVwTgRd9/#c18111157627761526,15d6aba6864c3ac2,,"나에게 로봇과 사는 시대란, 사랑이다❤️",2026-07-18,펫캠,comment,,comment,substitute,2026-09-30T22:08:58
instagram,https://www.instagram.com/p/Da1yVwTgRd9/#c18017194157857286,495416cad5bf51d1,,"나에게 로봇과 사는 시대란, 사랑이다❤️‍🔥",2026-07-18,펫캠,comment,,comment,substitute,2026-09-30T22:08:58
instagram,https://www.instagram.com/p/Da1yVwTgRd9/#c18078324587311662,65238297da472359,,"나에게 로봇과 사는 시대란, 사랑이다🍀",2026-07-17,펫캠,comment,,comment,substitute,2026-09-30T22:08:58
instagram,https://www.instagram.com/p/Da1yVwTgRd9/#c18114978694916527,d3ea98ef960a0482,,"나에게 로봇과 사는 시대란, 행복이네요 ⛰️🌎",2026-07-17,펫캠,comment,,comment,substitute,2026-09-30T22:08:58
instagram,https://www.instagram.com/p/Da1yVwTgRd9/#c18442366342184415,8359558fa75d8361,,"나에게 로봇과 사는 시대란 , 사랑이다 💜",2026-07-17,펫캠,comment,,comment,substitute,2026-09-30T22:08:58
instagram,https://www.instagram.com/p/DYw8jDakepC/#c18153904234472276,8fe57171ce892236,,칭구 귀엽넹ㅋㅋ신나게 놀았오 구르미 행복해보인다ㅋㅋㅋㅋㅋ😍,2026-06-06,펫캠,comment,,comment,substitute,2026-09-30T22:08:58
instagram,https://www.instagram.com/p/DYw8jDakepC/#c18064527338459139,c7e95737309c5f72,,"💞This shot is really great, please send me this post",2026-05-26,펫캠,comment,,comment,substitute,2026-09-30T22:08:58
instagram,https://www.instagram.com/p/DYw8jDakepC/#c18164120152428434,f6b66819279ceb47,,윈터앞에 있으니 쪼꼬미들이 되어버린 콩구름씨😆🫰💗💕,2026-05-26,펫캠,comment,,comment,substitute,2026-09-30T22:08:58
instagram,https://www.instagram.com/p/DYw8jDakepC/#c18594549229031589,01f05733507a2408,,같이 모여다니는거 넘 귀여워요😍,2026-05-25,펫캠,comment,,comment,substitute,2026-09-30T22:08:58
instagram,https://www.instagram.com/p/DYw8jDakepC/#c18322343035249421,cda276cd0f1e77aa,,콩 구름이 애카 오픈런 다녀왔다니! 조았겠넹!!!,2026-05-25,펫캠,comment,,comment,substitute,2026-09-30T22:08:58
instagram,https://www.instagram.com/p/DY3689TEr_Q/#c18019766447677392,8d6c6f1febbea659,,항상행복하고 좋은일들만있으세요^~^최고예요 멋져요^~^,2026-05-28,펫캠,comment,,comment,substitute,2026-09-30T22:08:58
instagram,https://www.instagram.com/p/DcSmS1sEgdb/#c18100432697252999,4d7a1ef13b858f2d,,평안기원부적 받고 오늘도 평안 기운 충전하자! ✨️🙌🏻,2026-08-27,펫캠,comment,,comment,substitute,2026-09-30T22:08:58
instagram,https://www.instagram.com/p/Da_4YblCTWH/#c18182542891415642,cdca8ac0b4621b1d,,"☘️이벤트 종료☘️
당첨자에게는 개별 DM 발송하였으니 확인 부탁드립니다 :)",2026-08-18,펫캠,comment,,comment,substitute,2026-09-30T22:08:58
instagram,https://www.instagram.com/p/Da_4YblCTWH/#c18115971454913244,84e629fb6485c807,,그랭이 공유완료! 펫캠 너무 잘고장나서 튼튼이로 새로 장만하고싶어요,2026-07-28,펫캠,comment,,comment,substitute,2026-09-30T22:08:58
instagram,https://www.instagram.com/p/DbITHmIkXvj/#c18107596970086497,317a346b6d967b79,,🔗 쇼핑라이브 미리보기 :,2026-07-23,펫캠,comment,,comment,substitute,2026-09-30T22:08:58
instagram,https://www.instagram.com/p/DZ00GemFHdS/#c18043627424801490,10ac13e99ce382ae,,길냥이 밥주지말자에 반대하는 국민청원 동의 부탁드립니다!!🔥🔥🔥,2026-07-22,펫캠,comment,,comment,substitute,2026-09-30T22:08:58
instagram,https://www.instagram.com/p/DZ00GemFHdS/#c18086181590180868,af44459765ec173d,,메세지 알림음으로 사용하고싶을정도네😍,2026-06-29,펫캠,comment,,comment,substitute,2026-09-30T22:08:58
instagram,https://www.instagram.com/p/DZ00GemFHdS/#c18595048915026093,cff25e7061bb5a08,,아 진짜 계속 보게 되네 진짜 기엽노,2026-06-29,펫캠,comment,,comment,substitute,2026-09-30T22:08:58
instagram,https://www.instagram.com/p/DXWQyC0E7GN/#c17855747970640654,c52f6df6302509a7,,꼬미 숭늉이랑 친구하쟈🖤,2026-05-03,펫캠,comment,,comment,substitute,2026-09-30T22:08:58
instagram,https://www.instagram.com/p/DXWQyC0E7GN/#c18088711658216991,c181e4bae47aaded,,미친 귀여움. 말로 형용할 수 없는 턱시도 고양이계의 대장.,2026-05-03,펫캠,comment,,comment,substitute,2026-09-30T22:08:58
instagram,https://www.instagram.com/p/DXWQyC0E7GN/#c18132149980487156,ac3228465d5c51bd,,집사님 부럽다옹…✔️-902,2026-04-21,펫캠,comment,,comment,substitute,2026-09-30T22:08:58
instagram,https://www.instagram.com/p/DXWQyC0E7GN/#c17956153101118795,990c186f8b7e388a,,꼬미집사님 안녕 하세요 ❤️❤️❤️❤️ 햐 이뻐,2026-04-21,펫캠,comment,,comment,substitute,2026-09-30T22:08:58
instagram,https://www.instagram.com/p/DXWQyC0E7GN/#c17920681080335108,5cde94325bcb1bcc,,와 꼬미야!! 진짜진짜 귀엽다 아오오 꼬미야!!!!!,2026-04-20,펫캠,comment,,comment,substitute,2026-09-30T22:08:58
instagram,https://www.instagram.com/p/Db7RR_LkiyK/#c18107619242173899,7bb1f95a762964e0,,"정답 : 라이프뷰, 세이프케어 ❤️❤️",2026-08-19,펫캠,comment,,comment,substitute,2026-09-30T22:08:58
instagram,https://www.instagram.com/p/Db7RR_LkiyK/#c18612934171052011,948a099f18b3a8d8,,"정답 : 라이프뷰, 세이프케어",2026-08-19,펫캠,comment,,comment,substitute,2026-09-30T22:08:58
instagram,https://www.instagram.com/p/Db7RR_LkiyK/#c18139583554605926,fc0577ed60f63068,,"정답 : 라이프뷰, 세이프케어 같이 ㄱㄱ",2026-08-19,펫캠,comment,,comment,substitute,2026-09-30T22:08:58
instagram,https://www.instagram.com/p/Db7RR_LkiyK/#c18091471748553921,33c46c858f9b4b8c,,라이브뷰👍🏻 세이프케어👍🏻 이젠 휴가 떠나도 걱정없지👏👏👏👏,2026-08-18,펫캠,comment,,comment,substitute,2026-09-30T22:08:58
instagram,https://www.instagram.com/p/Db7RR_LkiyK/#c18121475995883859,201839a3fa8d2ffc,,"정답: 라이브뷰, 세이프케어",2026-08-18,펫캠,comment,,comment,substitute,2026-09-30T22:08:58
instagram,https://www.instagram.com/p/Db7RR_LkiyK/#c18033278132829784,9bee6477b3eb30c7,,정답은 라이브뷰와 세이프케어예요👀🔐 집을 비운 동안에도 실시간으로 상태를 확인하고 이상 상황까지 살펴볼 수 있다니 마음 놓고 외출하기 좋겠어요🏡✨,2026-08-18,펫캠,comment,,comment,substitute,2026-09-30T22:08:58
instagram,https://www.instagram.com/p/DZpWHNukatx/#c18099739556335818,952a78579ab29bf2,,"MC230 구매하러 가기 🛒
🔗",2026-06-26,펫캠,comment,,comment,substitute,2026-09-30T22:08:58
instagram,https://www.instagram.com/p/DZeo0b5gf51/#c18071535536695937,9ca36434487c1dd2,,나무엑스 보안이면 안심할 수 있지요🙌,2026-06-25,펫캠,comment,,comment,substitute,2026-09-30T22:08:58
instagram,https://www.instagram.com/p/DZeo0b5gf51/#c17863556694633624,4719a9a0c3c75483,,나무엑스 보안은 완전 믿을만 하지🔥,2026-06-18,펫캠,comment,,comment,substitute,2026-09-30T22:08:58
instagram,https://www.instagram.com/p/DZeo0b5gf51/#c18160904608456269,a15571841c8c79a4,,"홈카메라는 실시간으로 잘 나오는지가 제일 중요한데, 이건 따로 저장되지 않는 실시간 LiveView 기능이 있어서 유출 걱정이 전혀 없겠어요! 필요한 순간에만 안전하게 확인하고 송출 과정까지 보호해 준다니 프라이버시 걱정 끝이네요 ㅎㅎ 👍🏻",2026-06-18,펫캠,comment,,comment,substitute,2026-09-30T22:08:58
instagram,https://www.instagram.com/p/DZeo0b5gf51/#c18324269377258458,7965c509bf536f12,,"요즘 홈카메라 해킹 뉴스 볼 때마다 불안해서 설치 망설이고 있었는데, 저장할 때랑 업로드할 때 두 번이나 암호화된다니 진짜 안심이네요! 글로벌 기업들이 쓰는 보안 기술이라니 나무엑스라면 믿고 쓸 수 있을 것 같아요. 우리 집 프라이버시 지키기에 딱이네요 🔒✨",2026-06-18,펫캠,comment,,comment,substitute,2026-09-30T22:08:58
instagram,https://www.instagram.com/p/DWGWIm2EWvh/#c18070051277271428,516321cb348df57d,,2번 귀여워🐶🐾 자동반사로 나와요💕,2026-03-27,펫캠,comment,,comment,substitute,2026-09-30T22:08:58
instagram,https://www.instagram.com/p/DWGWIm2EWvh/#c18317504941250108,3cef98b33974b7e4,,2. 귀여워. / 사고 칠 때는 안 돼 외치다가도 빤히 쳐다보는 눈빛 보면 결국 귀여워 소리 절로 나오는 게 집사 인생이라 파인뷰 홈캠 설치하고 24시간 내내 아이들 소중한 순간들 기록하며 간직하고 싶네요!!,2026-03-26,펫캠,comment,,comment,substitute,2026-09-30T22:08:58
instagram,https://www.instagram.com/p/DWGWIm2EWvh/#c17925704481088357,1244ff4e15dabdd1,,위험한 물건만 골라 입에 넣는 장난꾸러기 덕분에 4번 내려놔!,2026-03-26,펫캠,comment,,comment,substitute,2026-09-30T22:08:58
instagram,https://www.instagram.com/p/DWGWIm2EWvh/#c17925693126258134,aa6c62e3ad04070f,,"아무리 바쁘고 정신없는 하루 보내도 소중한 고양이 마루 얼굴만 보면 마음 녹아내려 3번 사랑해라는 고백 수십 번씩 해주는 게 일상이라 정성껏 투표 마쳐요!! 외출 중에도 파인뷰 홈캠 선명한 화질 통해 아이들 안전 확인하며 마음 놓을 수 있다는 점 무척 든든하고 집사들 마음 찰떡같이 알아주는 이벤트 기획해주셔서 참여하는 내내 입가에 미소 번집니다^^
파인뷰 홈캠 인스타그램이 전하는 따뜻한 소식들 주변 반려인들에게도 널리 공유하며 모든 반려동물과 집사가 걱정 없이 행복한 세상 만들어가는 여정 애정 어린 시선으로 응원할게요:)✨",2026-03-26,펫캠,comment,,comment,substitute,2026-09-30T22:08:58
instagram,https://www.instagram.com/p/DWGWIm2EWvh/#c17946657965982619,aaadf3863af8b25f,,랜선 집사 시절엔 영상 보며 연신 예쁘다 외쳤지만 진짜 집사 되고 나니 사고뭉치 모찌 뒤쫓으며 1번 안 돼 외치는 시간이 제일 많아진 것 같아요~!!,2026-03-26,펫캠,comment,,comment,substitute,2026-09-30T22:08:58
instagram,https://www.instagram.com/p/DWGWIm2EWvh/#c18076202543158112,fd7d928c61bfd1ed,,1번 안 돼도 자주 하게 되지만 결국은 다 사랑이라서 웃게 되네요 😆💚,2026-03-26,펫캠,comment,,comment,substitute,2026-09-30T22:08:58
instagram,https://www.instagram.com/p/DYJRJghkw4p/#c18094007153173883,da1c26e8808d1f58,,마지막에는 사진을 올려주시는거 어때요 ... ? 🤍꿀떡이 사진 너무 보고싶숩니다😣,2026-05-20,펫캠,comment,,comment,substitute,2026-09-30T22:08:58
instagram,https://www.instagram.com/p/DYJRJghkw4p/#c18151907998473054,601b8df789572755,,귀엽고 대견하면서도 한편으론 좀 찡한 홈캠 ㅠㅠ,2026-05-11,펫캠,comment,,comment,substitute,2026-09-30T22:08:58
instagram,https://www.instagram.com/p/DYJRJghkw4p/#c18391469491093533,19131c1f9a9c0b64,,고양이가 주인이 언제나 보고싶었나보네요😍😍,2026-05-11,펫캠,comment,,comment,substitute,2026-09-30T22:08:58
instagram,https://www.instagram.com/p/DUZcMFBEjOG/#c18085455013911804,a893d2380efbf698,,참여완료합니다💖💝 🌸🍀 새해 복 많이 받으시고 좋은일들 가득하시고 많은사랑과 관심을 듬뿍듬뿍 받으시기를 응원합니다🙇‍♂️🙇‍♀️✨️,2026-02-07,펫캠,comment,,comment,substitute,2026-09-30T22:08:58
instagram,https://www.instagram.com/p/DUZcMFBEjOG/#c18111542275648248,d81b315214c02aff,,"참여완료 ☺️🩷
#파인뷰 항상 좋은 소식과 유익한 정보 전해주셔서 감사합니다! 앞으로도 늘 지금처럼 많은 사람들에게 오래오래 사랑받기를 응원합니다 화이팅✨",2026-02-06,펫캠,comment,,comment,substitute,2026-09-30T22:08:58
instagram,https://www.instagram.com/p/Da1yMHZAaQF/#c18059005460746568,cfa16241a4797440,,"나에게 로봇과 사는 시대란, 행복이다 ❤️",2026-07-20,펫캠,comment,,comment,substitute,2026-09-30T22:08:58
instagram,https://www.instagram.com/p/Da1yMHZAaQF/#c18108358958102824,034a616daaf5c5ed,,"나에게 로봇과 사는 시대란, 든든한 베프다 ❤️😍",2026-07-20,펫캠,comment,,comment,substitute,2026-09-30T22:08:58
instagram,https://www.instagram.com/p/Da1yMHZAaQF/#c17969903868066569,9cba87adb4b8e188,,"나에게 로봇과 사는 시대란, [진정한 휴식의 시작] 이다!",2026-07-19,펫캠,comment,,comment,substitute,2026-09-30T22:08:58
instagram,https://www.instagram.com/p/Da1yMHZAaQF/#c18334166518254625,c9725c5b460bcd6a,,"나에게 로봇과 사는 시대란, 사랑이다❤️",2026-07-18,펫캠,comment,,comment,substitute,2026-09-30T22:08:58
instagram,https://www.instagram.com/p/Da1yMHZAaQF/#c17972356551112859,d6e08fdba56bb6c3,,"나에게 로봇과 사는 시대란, 사랑이다❤️‍🔥",2026-07-18,펫캠,comment,,comment,substitute,2026-09-30T22:08:58
instagram,https://www.instagram.com/p/Da1yMHZAaQF/#c18164051035458384,726e3ca7fcdcc757,,"나무엑스 두 번째 해커톤 시상식 축하드립니다 🏆 나에게 로봇과 사는 시대란 '더 편리하고 스마트한 일상'이다! follow me나 safe care 같은 주요 기능들과 함께할 로봇 시대가 너무 기대되네요 🤖✨ 아이스크림 선물도 기대합니다 🍦
❤️❤️😍😍",2026-07-18,펫캠,comment,,comment,substitute,2026-09-30T22:08:58
instagram,https://www.instagram.com/p/Da1yMHZAaQF/#c18128655127632286,1dbe6ae0067dd299,,"나에게 로봇과 사는 시대란, 사랑이다🍀",2026-07-17,펫캠,comment,,comment,substitute,2026-09-30T22:08:58
instagram,https://www.instagram.com/p/Da1yMHZAaQF/#c18022970156846130,12670e364339f00f,,나에게 로봇과 사는 시대란 든든한 일상이다 ⛰️🌎,2026-07-17,펫캠,comment,,comment,substitute,2026-09-30T22:08:58
instagram,https://www.instagram.com/p/Da1yMHZAaQF/#c18012632624875532,c3c65a4152557a45,,"나에게 로봇과 사는 시대란 , 사랑이다 💜",2026-07-17,펫캠,comment,,comment,substitute,2026-09-30T22:08:58
instagram,https://www.instagram.com/p/Da1yMHZAaQF/#c17866694310635482,e1bb99df48e9e064,,"나에게 로봇과 사는 시대란, 행복이다 🪽",2026-07-17,펫캠,comment,,comment,substitute,2026-09-30T22:08:58
instagram,https://www.instagram.com/p/Da1yQwDAVly/#c17940860862281241,1eb49f172b8ab7db,,"나에게 로봇과 사는 시대란, 상상이 현실이 된 일상이다.",2026-07-21,펫캠,comment,,comment,substitute,2026-09-30T22:08:58
instagram,https://www.instagram.com/p/Da1yQwDAVly/#c17990914586825920,128d7051ba4137de,,"나에게 로봇과 사는 시대란, 행복이다 ❤️",2026-07-20,펫캠,comment,,comment,substitute,2026-09-30T22:08:58
instagram,https://www.instagram.com/p/Da1yQwDAVly/#c18135612781593382,47cd2980cc722f74,,"🤖 나에게 로봇과 사는 시대란, ""더 여유롭고 건강한 일상을 만들어 주는 든든한 동반자""이다! 💚 반복적인 일은 덜어주고, 건강과 안전까지 함께 챙겨주는 미래가 기대됩니다.",2026-07-20,펫캠,comment,,comment,substitute,2026-09-30T22:08:58
instagram,https://www.instagram.com/p/Da1yQwDAVly/#c18098018000256865,828a6e8591c1d95f,,"나에게 로봇과 사는 시대란, “생명연장”이다!
외로움을 조금은 벗어나 친구가 생긴 일상이 되어 조금더 생명 연장을 할 수 있다고 생각해요!!!!",2026-07-20,펫캠,comment,,comment,substitute,2026-09-30T22:08:58
instagram,https://www.instagram.com/p/Da1yQwDAVly/#c18061475978786135,3792fd720f1bb42b,,"나에게 로봇과 사는 시대란, 든든한 베프다 ❤️😍",2026-07-20,펫캠,comment,,comment,substitute,2026-09-30T22:08:58
instagram,https://www.instagram.com/p/Da1yQwDAVly/#c18071426378427798,2c16fdba655eefcd,,"나에게 로봇과 사는 시대란, '더 편리하고 안전해진 내 삶의 든든한 페이스메이커'이다! 🤖✨",2026-07-20,펫캠,comment,,comment,substitute,2026-09-30T22:08:58
instagram,https://www.instagram.com/p/Da1yQwDAVly/#c18115325938922343,5b03828a92100e8d,,"나에게 로봇과 사는 시대란, 든든함이다😀",2026-07-20,펫캠,comment,,comment,substitute,2026-09-30T22:08:58
instagram,https://www.instagram.com/p/Da1yQwDAVly/#c18108253558824557,e3cf8ca7173d5d87,,"나에게 로봇과 사는 시대란, 또 다른 친구와 함께 사는 일상이다!",2026-07-20,펫캠,comment,,comment,substitute,2026-09-30T22:08:58
instagram,https://www.instagram.com/p/Da1yQwDAVly/#c18087993065130671,0d046e12b94001f1,,나에게 로봇과 사는 시대란 편안한 삶을 추구해준다,2026-07-20,펫캠,comment,,comment,substitute,2026-09-30T22:08:58
instagram,https://www.instagram.com/p/Da1yQwDAVly/#c18432149533122898,2d559df63b174d37,,나에게 로봇과 사는 시대란 든든한 친구를 만난 기분이다,2026-07-19,펫캠,comment,,comment,substitute,2026-09-30T22:08:58
instagram,https://www.instagram.com/p/Db7RbzNku2r/#c18074984522448556,072613c43c135fe5,,"라이브뷰, 세이프케어 ♥
이번에 유럽으로 출장가는데 제가 딱 찾던 기능이에요 :)",2026-08-19,펫캠,comment,,comment,substitute,2026-09-30T22:08:58
instagram,https://www.instagram.com/p/Db7RbzNku2r/#c18091238453396246,d466ad6b85ae23e3,,"정답: 라이브뷰, 세이프케어",2026-08-18,펫캠,comment,,comment,substitute,2026-09-30T22:08:58
instagram,https://www.instagram.com/p/Db7RbzNku2r/#c18466273321119727,501d1674c487110a,,"라이브뷰, 세이프케어 / 여행 갈 때 집 상태가 신경 쓰여서 중간중간 확인하고 싶어지는 편이에요. 나무엑스 라이브뷰가 사각지대 없이 원하는 위치까지 실시간으로 확인된다는 게, 외출 중에도 집 안 상황을 직접 눈으로 볼 수 있다는 점에서 여행 중 불안감을 줄이는 데 꽤 실질적인 도움이 될 것 같더라고요. 세이프케어까지 이상 상황을 감지해준다면 라이브뷰랑 함께 쓸 때 훨씬 든든하겠다 싶었어요. 올여름 휴가는 나무엑스 믿고 마음 편하게 다녀올 수 있을 것 같네요~~~",2026-08-18,펫캠,comment,,comment,substitute,2026-09-30T22:08:58
instagram,https://www.instagram.com/p/Db7RbzNku2r/#c18124389193885393,bea98cec2aa04c4a,,"정답은 라이브뷰, 세이프케어!!
여행 중에 집에서 뭔가 이상한 일이 생기면 어떻게 하나 걱정한 적이 있어요~
나무엑스 세이프케어는 집안 이상상황을 자동으로 파악해서 알려주는 기능이라, 밖에 있는 동안 직접 확인하지 않아도 상황을 빠르게 파악할 수 있다는 게 실질적으로 도움이 되고요~
라이브뷰 기능도 좋았어요!
원하는 위치까지 사각지대 없이 실시간으로 볼 수 있다는 점이, 기존 보안 카메라 각도 때문에 놓치는 구간이 생겼던 경험이 있어서 더 신뢰가 가고요~
두 기능이 함께 있으니까 여행 중 집 걱정이 확실히 줄어들 것 같아요!
긴 휴가일수록 나무엑스처럼 실시간 대응이 되는 기기가 필요하다는 걸 느끼고 있어요~
올여름 휴가 전에 나무엑스 알게 돼서 정말 잘됐네요!! 🏠",2026-08-18,펫캠,comment,,comment,substitute,2026-09-30T22:08:58
instagram,https://www.instagram.com/p/Db7RbzNku2r/#c17965037543961630,89179c0d7daa7800,,"라이브뷰, 세이프케어

혼자 살다 보니 장기 여행 때마다 집 비워두는 게 은근히 신경 쓰였는데, 나무엑스 라이브뷰로 원하는 위치까지 사각지대 없이 실시간 확인이 되고 세이프케어로 이상상황까지 감지해준다는 걸 알고 나서 보안 기기에 대한 생각이 달라졌어요 스마트폰 하나로 밖에서도 집 안 상황을 바로 확인할 수 있다는 게, 혼자 사는 입장에서 꽤 든든하게 느껴지구요~ 올여름 휴가 전에 나무엑스 제대로 알게 돼서 다행이라는 생각이 들어요! 지금 나무엑스 설치 진지하게 고민하고 있어요 ㅎㅎ",2026-08-18,펫캠,comment,,comment,substitute,2026-09-30T22:08:58
instagram,https://www.instagram.com/p/Db7RbzNku2r/#c18057077393528563,903d6743fab967f9,,"정답은 라이브뷰, 세이프케어!! ✈️ 저 작년에 일주일짜리 출장 다녀온 적 있었어요~ 출발하고 나서 집에 이상은 없는지, 창문은 제대로 닫혔는지 계속 머릿속에 남아서 출장 내내 집 생각이 끊이질 않았고, 결국 숙소에서도 제대로 쉬지 못했던 기억이 있고요~ 그때 나무엑스 라이브뷰 같은 기능이 있었다면 달랐을 것 같아요! 실시간으로 집 안 상태를 원하는 위치까지 사각지대 없이 확인할 수 있다는 게, 멀리 있어도 집을 직접 보는 것처럼 안심이 될 것 같았어요~ 세이프케어로 이상 상황까지 파악해준다는 것도 출장이나 여행 중에 꼭 필요한 기능이고요~ 다음 출장 때는 나무엑스 두 기능 다 켜두고 편하게 다녀올 생각이에요~ 집 걱정 없이 여행에 집중할 수 있다는 게 이렇게 중요한 거였네요!! 💪",2026-08-18,펫캠,comment,,comment,substitute,2026-09-30T22:08:58
instagram,https://www.instagram.com/p/DTbZfnSEu0O/#c18070714685420823,33ba1f7d475613c3,,아가때는 혼나면서 크는고지😍,2026-01-14,펫캠,comment,,comment,substitute,2026-09-30T22:08:58
instagram,https://www.instagram.com/p/DTNAU_ekzIW/#c18096922636898694,7ce018eba777f4de,,한달에 9900원인건가요?,2026-01-22,펫캠,comment,,comment,substitute,2026-09-30T22:08:58
instagram,https://www.instagram.com/p/DZeox6gASPW/#c17921232234162074,1d43add9dcb5eb7a,,"1번 이중 암호화로 보안🙏🏻🙏🏻
 😍😍",2026-06-24,펫캠,comment,,comment,substitute,2026-09-30T22:08:58
instagram,https://www.instagram.com/p/DZeox6gASPW/#c17905395744438793,cf74917943b66c51,,나무엑스는 너무 믿을수 있지❤️ 신뢰감 폭발,2026-06-20,펫캠,comment,,comment,substitute,2026-09-30T22:08:58
instagram,https://www.instagram.com/p/DZeox6gASPW/#c18105016538068298,a08bc3ded50db9c6,,이중암호화로 보안 믿을 수 있겠담 🙌,2026-06-18,펫캠,comment,,comment,substitute,2026-09-30T22:08:58
instagram,https://www.instagram.com/p/DZeox6gASPW/#c18153872017486262,7fb2d1d30777423e,,세계 최고 수준의 보안이라니👍🏻👍🏻👍🏻이젠 걱정하지 말고 니무엑스만 믿아봐👍🏻👍🏻👍🏻,2026-06-18,펫캠,comment,,comment,substitute,2026-09-30T22:08:58
instagram,https://www.instagram.com/p/DZeox6gASPW/#c18034436186803904,6b57ce2f45717af3,,이 정도 보안이면 완전 안심이지🔥🔥❤️,2026-06-18,펫캠,comment,,comment,substitute,2026-09-30T22:08:58
instagram,https://www.instagram.com/p/DYPC-Fkj8-D/#c18111302176873888,22bee582b6c4e78f,,꺅!! 포키가 최고의 스타상에 당첨됐네요!,2026-05-14,펫캠,comment,,comment,substitute,2026-09-30T22:08:58
instagram,https://www.instagram.com/p/DYPC-Fkj8-D/#c17879090574580879,614411be608a2c68,,여러분~ 저 됐어요!!! 😍 감사합니다 리뷰를 또 기가 맥히게 찍어 보겠슴다,2026-05-12,펫캠,comment,,comment,substitute,2026-09-30T22:08:58
instagram,https://www.instagram.com/p/DUXfPJME3nV/#c17863450350502839,37a419da5fa8546e,,저도 애개육아가 기다리고 있어요 😂😂,2026-02-06,펫캠,comment,,comment,substitute,2026-09-30T22:08:58
instagram,https://www.instagram.com/p/DUXfPJME3nV/#c18099118993728825,b421f68363315b7f,,개오빠가!!!!푸들친구였군요😍귀여워요,2026-02-05,펫캠,comment,,comment,substitute,2026-09-30T22:08:58
instagram,https://www.instagram.com/p/DampAiNAaLE/#c18117271336834248,d72789ee3bc6a13f,,#나무엑스 2만 팔로워 달성 진심으로 축하합니다 🎉 앞으로 더 많은 사랑받기를 바랍니다 응원하겠습니다,2026-07-19,펫캠,comment,,comment,substitute,2026-09-30T22:08:58
instagram,https://www.instagram.com/p/DampAiNAaLE/#c18307213612304112,592e32a9abdf6a64,,➡️나무엑스 2만 팔로워 달성을 진심으로 축하드립니다🎉🎉 🎶🎵,2026-07-19,펫캠,comment,,comment,substitute,2026-09-30T22:08:58
instagram,https://www.instagram.com/p/DampAiNAaLE/#c18087837023395269,a0e06c2afd970112,,"🌿💚 나무엑스 2만 팔로워 달성! 같이 축하하자! 🎉🎉

나무엑스 2만 팔로워 달성을 진심으로 축하드립니다! 🥳👏

2만이라는 숫자를 보는 순간 ‘정말 많은 분들이 나무엑스를 응원하고 사랑하고 있구나’라는 생각이 가장 먼저 들었습니다. 수많은 브랜드들 속에서 2만 명의 사람들에게 선택받고 꾸준히 사랑받는다는 건 결코 쉬운 일이 아니잖아요. 그동안 한 걸음 한 걸음 성실하게 걸어오신 시간과 노력, 그리고 브랜드가 전하고자 하는 진심이 있었기에 가능한 결과라고 생각합니다. 그래서 이번 2만 팔로워 달성 소식이 더욱 값지고 의미 있게 느껴졌습니다. 진심으로 축하드립니다!🎊

요즘은 단순히 좋은 제품만으로 사람들의 마음을 얻기 어려운 시대인데, 나무엑스는 ‘웰니스’라는 가치처럼 더 건강하고 더 편안한 일상을 만들어가려는 브랜드의 방향성이 느껴져서 더욱 기대하게 되는 브랜드입니다. 기술이 사람을 위한 것이 될 때 가장 큰 가치가 있다고 생각하는데, 나무엑스는 그런 미래를 만들어가는 브랜드라는 점에서 앞으로의 성장 가능성이 정말 크다고 느껴집니다.

무엇보다 이렇게 뜻깊은 순간을 팔로워들과 함께 나누고, 받은 사랑을 다시 이벤트로 돌려주려는 마음이 정말 따뜻했습니다. 많은 브랜드들이 기념을 하지만, 이렇게 함께 기뻐하고 함께 축하받는 분위기를 만들어 주는 모습은 늘 좋은 인상으로 남는 것 같아요. 덕분에 축하 댓글을 남기는 이 순간도 괜히 더 기분 좋고 행복합니다.

2만 명의 응원은 절대 우연이 아니라고 생각합니다. 그동안 꾸준히 보여주신 모습 하나하나가 신뢰가 되었고, 그 신뢰가 모여 지금의 2만이라는 숫자를 만들었겠죠. 하지만 저는 이 숫자가 끝이 아니라 새로운 출발선이라고 생각합니다. 앞으로는 3만, 5만, 10만을 넘어 더 많은 사람들에게 사랑받고, 대한민국을 대표하는 웰니스 로보틱스 브랜드로 더욱 크게 성장하셨으면 좋겠습니다. 지금의 성장보다 앞으로의 미래가 더 기대되는 브랜드라 오래오래 응원하고 싶습니다.

또 이런 뜻깊은 순간에 팔로워들을 위해 신세계 상품권 이벤트까지 준비해 주셔서 감사합니다. 단순한 이벤트가 아니라 함께 걸어온 시간을 기념하고, 앞으로도 함께 걸어가자는 의미가 담긴 선물처럼 느껴져 더욱 감동이었습니다. 브랜드의 기쁨을 팔로워들과 나누려는 마음이 정말 멋지고 따뜻하게 다가왔어요.

다시 한번 나무엑스 2만 팔로워 달성을 진심으로 축하드립니다! 🌿💚 앞으로도 더 많은 사람들의 일상에 건강한 변화와 행복을 전하는 브랜드가 되어 오래오래 사랑받으시길 바랍니다. 저도 지금처럼 꾸준히 응원하며 함께 성장하는 모습을 지켜보고 싶습니다.

이번에는 저에게도 소중한 행운이 찾아와 축하의 기쁨을 함께 나눌 수 있었으면 정말 좋겠습니다. 2만을 넘어 20만, 200만, 그리고 그 이상까지 나무엑스의 멋진 여정을 진심으로 응원하겠습니다. 늘 초심 잃지 않는 브랜드로 오래오래 함께해 주세요. 2만 팔로워 달성, 다시 한번 진심으로 축하드립니다! 🎉🌿💚",2026-07-19,펫캠,comment,,comment,substitute,2026-09-30T22:08:58
instagram,https://www.instagram.com/p/DampAiNAaLE/#c18025969364674782,0e38a07f7ae7c963,,나무엑스 2만 팔로워! 축하해요 🎉 더 많은 분들의 관심과 사랑 듬뿍 받기를 응원할께요 👏💚,2026-07-19,펫캠,comment,,comment,substitute,2026-09-30T22:08:58
instagram,https://www.instagram.com/p/DampAiNAaLE/#c18073300202401963,ad061ae3b88d3eab,,#나무엑스 2만 돌파 축하합니다❤️ 더욱더 대박나세요!!,2026-07-19,펫캠,comment,,comment,substitute,2026-09-30T22:08:58
instagram,https://www.instagram.com/p/DampAiNAaLE/#c18106563914516371,b1c62f53a2efc896,,2만 팔로워 축하드려요💚 앞으로도 좋은 소식 계속 전해주세요.,2026-07-19,펫캠,comment,,comment,substitute,2026-09-30T22:08:58
instagram,https://www.instagram.com/p/DampAiNAaLE/#c18105372506017305,121b90208e16107e,,응원하고 싶은 브랜드에는 늘 이유가 있는 것 같아요 웰니스로보틱스 나무엑스가 팔로우 2만을 달성했다는 소식은 많은 분들이 보내온 신뢰와 기대가 만들어 낸 특별한 선물처럼 느껴집니다 사람들의 일상을 더 편안하고 건강하게 만들기 위해 꾸준히 노력해 온 시간이 있었기에 가능한 결과라고 생각해요 앞으로도 새로운 기술과 따뜻한 가치로 더 큰 감동을 전해 주시길 바라며 더 높이 더 멀리 성장하는 나무엑스를 진심으로 응원하겠습니다,2026-07-19,펫캠,comment,,comment,substitute,2026-09-30T22:08:58
instagram,https://www.instagram.com/p/DampAiNAaLE/#c18471423115110902,9be82fc737e7add6,,기분 좋은 소식을 듣는 순간 저까지 괜히 미소가 지어졌어요 웰니스로보틱스 나무엑스의 팔로우 2만 달성은 단순한 숫자가 아니라 많은 사람들이 보내온 관심과 신뢰가 차곡차곡 쌓여 만든 값진 결과라고 생각합니다 늘 새로운 아이디어와 기술로 일상을 더 편안하고 건강하게 만들어 주는 모습이 참 인상적이었어요 앞으로도 더 많은 사람들의 삶에 긍정적인 변화를 전하며 3만 5만 그 이상의 멋진 기록까지 이어가시길 진심으로 응원합니다 언제나 반짝이는 성장만 가득하시길 바랍니다,2026-07-19,펫캠,comment,,comment,substitute,2026-09-30T22:08:58
instagram,https://www.instagram.com/p/DampAiNAaLE/#c18140234596561424,e4bc2c1fa9bce5ea,,웰니스로보틱스 나무엑스 팔로우 2만 달성 정말 축하드려요 한 사람 한 사람의 관심이 모여 만들어낸 소중한 기록이라 더욱 빛나는 것 같아요 앞으로도 혁신적인 아이디어와 따뜻한 감성을 담은 모습으로 더 많은 사랑을 받으시길 바라요 다음 목표도 가뿐히 이루는 나무엑스를 언제나 응원하겠습니다💚,2026-07-19,펫캠,comment,,comment,substitute,2026-09-30T22:08:58
instagram,https://www.instagram.com/p/DampAiNAaLE/#c18546749956076603,b77f612551ebcdd7,,웰니스로보틱스 나무엑스 팔로우 2만 달성 정말 축하드려요 숫자 하나에도 많은 응원과 믿음이 담겨 있다는 걸 느낄 수 있어 더욱 뜻깊은 순간인 것 같아요 앞으로도 더 많은 사람들의 일상에 즐거움과 편리함을 전하며 꾸준히 사랑받는 나무엑스가 되길 바라요 다음 축하 소식도 가장 먼저 함께 응원하겠습니다,2026-07-19,펫캠,comment,,comment,substitute,2026-09-30T22:08:58
instagram,https://www.instagram.com/p/DbSGFciATBh/#c17939398347325636,53d3f1d0c37cc34d,,"Beautiful inspiration and motivation into my dry and desolate daily life. Because I fully understand the sublime values ​​that can only be attained by those who silently move forward one step at a time, the beautiful video of you that I saw today felt more precious than any masterpiece. No matter what anyone says, you are currently walking the most beautiful path. I sincerely hope that with every wonderful step you take to diligently expand your own world, the warm good fortune that has always been watching over you from unseen places will pleasantly come to you, as if by prearrangement. Even if moments of exhaustion and loneliness strike and you feel suffocated, trust in your infinite potential and the sincerity you have shown so far, and move forward with confidence. Do not forget that behind you, there is always a fan like me who serves as a reliable pillar of support and cheers you on passionately. Thank you for the touching video. You are not alone. With my hands clasped together, I earnestly pray that you leap even higher than you are now, make a name for yourself in the world, and achieve great success. I will wait for your next journey with sparkling eyes and a heart full of excitement.",2026-07-30,펫캠,comment,,comment,substitute,2026-09-30T22:08:58
instagram,https://www.instagram.com/p/DbSGFciATBh/#c18123577498813633,7dfd4322137e58bf,,Congratulations! 👏,2026-07-28,펫캠,comment,,comment,substitute,2026-09-30T22:08:58
instagram,https://www.instagram.com/p/DZkMHRSEQpt/#c17870316354622142,43b514338ec20a04,,귀염둥이 구르미❤️ 생일 축하해😍,2026-06-16,펫캠,comment,,comment,substitute,2026-09-30T22:08:58
instagram,https://www.instagram.com/p/DZkMHRSEQpt/#c18101259041177452,0fc2838e616ad5b4,,구름아 하루 늦어찌만 생일 너무너므너무 추카해🩷 건강만 하자 이쁜 구름이,2026-06-15,펫캠,comment,,comment,substitute,2026-09-30T22:08:58
instagram,https://www.instagram.com/p/DZkMHRSEQpt/#c18102623644844039,7568eb5c1602a90c,,구름아 건강하게 오래 함께하자 생일축하해❤️,2026-06-14,펫캠,comment,,comment,substitute,2026-09-30T22:08:58
instagram,https://www.instagram.com/p/DZkMHRSEQpt/#c18078704912391020,a912ee6eb15cadb6,,"구름아, 생일 축하해 항상 건강하고 행복하자❤️",2026-06-14,펫캠,comment,,comment,substitute,2026-09-30T22:08:58
instagram,https://www.instagram.com/p/DZkMHRSEQpt/#c18090065786616414,f27606d15f65d2ce,,구름아 생일축하해 항상이쁘고 건강하게 지금처럼 꽃길만걷자👏👏👏👏👏👏🎂🎊🎉🫰🏼🫰🏼🫰🏼🫰🏼❤️❤️,2026-06-14,펫캠,comment,,comment,substitute,2026-09-30T22:08:58
instagram,https://www.instagram.com/p/DZkMHRSEQpt/#c18063863402481837,3775c525595fe92b,,울 구르미 생일축하해👏👏건강하고 행복하게 콩이랑 함께하쟈🎂🐶🐶🩷,2026-06-14,펫캠,comment,,comment,substitute,2026-09-30T22:08:58
instagram,https://www.instagram.com/p/DZeov8CgbCP/#c18103303061103785,b9915ed837e16ef8,,1번 이중암호로 안전하게❤️,2026-06-17,펫캠,comment,,comment,substitute,2026-09-30T22:08:58
instagram,https://www.instagram.com/p/DZeov8CgbCP/#c17867338485687102,620e970bc08aebd6,,1번 이중암호로 안전하게 ❤️,2026-06-16,펫캠,comment,,comment,substitute,2026-09-30T22:08:58
instagram,https://www.instagram.com/p/DZeov8CgbCP/#c18118028368696970,d731f1f86e58600d,,1번 이중암호로 안전하게 ⛰️🌎,2026-06-16,펫캠,comment,,comment,substitute,2026-09-30T22:08:58
instagram,https://www.instagram.com/p/DZeov8CgbCP/#c18378568483201642,4ab45db3b6ba5c89,,"1번 이중암호로 안전하게 , ❤️",2026-06-15,펫캠,comment,,comment,substitute,2026-09-30T22:08:58
instagram,https://www.instagram.com/p/DZeov8CgbCP/#c17894311899353410,006ac2e1f922f8b0,,1번 이중암호로 안전하게 🪽,2026-06-15,펫캠,comment,,comment,substitute,2026-09-30T22:08:58
instagram,https://www.instagram.com/p/DZeov8CgbCP/#c18016240250699857,78615fda622f1345,,1 번 이중암호로 안전하게 💜,2026-06-15,펫캠,comment,,comment,substitute,2026-09-30T22:08:58
instagram,https://www.instagram.com/p/DZeov8CgbCP/#c18119042590700758,cc827528f5eb5c46,,1번 이중암호로 안전하게 🌿🌿,2026-06-15,펫캠,comment,,comment,substitute,2026-09-30T22:08:58
instagram,https://www.instagram.com/p/DZeov8CgbCP/#c18123936271644680,85f75485e1064f73,,1번 이중암호로 안전하게🤍🫧,2026-06-15,펫캠,comment,,comment,substitute,2026-09-30T22:08:58
instagram,https://www.instagram.com/p/DZz7xG7GTBM/#c18127077421775406,ffd33197a82d6974,,오모오모 콩이 구름이 왜케 귀엽고 사랑스러워?!😍😘🥹,2026-08-19,펫캠,comment,,comment,substitute,2026-09-30T22:08:58
instagram,https://www.instagram.com/p/DZz7xG7GTBM/#c17946681675210935,d3a8884b08a30da7,,구르미 눈이 돌았는데ㅋㅋㅋㅋㅋ미치겠다😂,2026-06-22,펫캠,comment,,comment,substitute,2026-09-30T22:08:58
instagram,https://www.instagram.com/p/DZz7xG7GTBM/#c18101385977132388,990b32a39e0d34c6,,아구아구 귀여워라😍 즐거운 하루 보냈구나❤️,2026-06-21,펫캠,comment,,comment,substitute,2026-09-30T22:08:58
instagram,https://www.instagram.com/p/DZz7xG7GTBM/#c18429234652125012,1f17827fbf849865,,집중력보송❤️❤️ 넘 사랑스럽잖아요,2026-06-20,펫캠,comment,,comment,substitute,2026-09-30T22:08:58
instagram,https://www.instagram.com/p/DZz7xG7GTBM/#c18075173183659880,4f04f0913cf03b86,,Amazing post 🔥 please send this to us,2026-06-20,펫캠,comment,,comment,substitute,2026-09-30T22:08:58
instagram,https://www.instagram.com/p/DVVKf7qj1zI/#c18147025603415299,e4454eaf8c12d935,,진짜 말안된다 너무귀엽다,2026-03-06,펫캠,comment,,comment,substitute,2026-09-30T22:08:58
instagram,https://www.instagram.com/p/DVVKf7qj1zI/#c18132302341516400,6fe80dd867e66a78,,얌전히 잘 있는 커머이라개~~ㅎㅎ❤️❤️😍😘🐶,2026-03-02,펫캠,comment,,comment,substitute,2026-09-30T22:08:58
instagram,https://www.instagram.com/p/DVVKf7qj1zI/#c18534401179070681,df2455821879eef6,,너모 선명하고 귀욥짜나,2026-03-01,펫캠,comment,,comment,substitute,2026-09-30T22:08:58
instagram,https://www.instagram.com/p/DWVWCS2Ej4K/#c18575567767028482,db5d104c789dca47,,ㅋㅋ탐색중인뽐이😍😍세상 사랑스러워요❤️,2026-03-26,펫캠,comment,,comment,substitute,2026-09-30T22:08:58
instagram,https://www.instagram.com/p/DWVWCS2Ej4K/#c17876396703555872,0a8f13a2fc960d15,,홈캠 있으면 확실히 마음이 놓이죠! 뽐이 카메라탐색하는모습이 너무 귀여워용 ❤️❤️,2026-03-26,펫캠,comment,,comment,substitute,2026-09-30T22:08:58
instagram,https://www.instagram.com/p/DWVWCS2Ej4K/#c18144015796492368,bbb9c97c48d03f06,,놀아주기 알바가 친동생이시란게 너무 웃겨요 ㅋㅋㅋ,2026-03-26,펫캠,comment,,comment,substitute,2026-09-30T22:08:58
instagram,https://www.instagram.com/p/DWVWCS2Ej4K/#c17864347263533978,4c87b8fdb13d9982,,뽐이 너무 귀여워요😍 홈캠 있어서 그래도 안심될 거 같아용🥰,2026-03-26,펫캠,comment,,comment,substitute,2026-09-30T22:08:58
instagram,https://www.instagram.com/p/DWVWCS2Ej4K/#c18066015545665298,b747b7c9637d704e,,가까우면 제가 뽐이 봐주고 싶네요😍,2026-03-26,펫캠,comment,,comment,substitute,2026-09-30T22:08:58
instagram,https://www.instagram.com/p/DWVWCS2Ej4K/#c18102960874737884,3ec6fd53e58666df,,탐색하는거 너무 귀여워요 ㅋㅋㅋㅋ🤍,2026-03-26,펫캠,comment,,comment,substitute,2026-09-30T22:08:58
instagram,https://www.instagram.com/p/DXx4gbXCQzr/#c18102723656288352,e8e4620e3a6c94df,,저도 헤이홈으로 햇어용 ㅎㅎ,2026-05-13,펫캠,comment,,comment,substitute,2026-09-30T22:08:58
instagram,https://www.instagram.com/p/DXx4gbXCQzr/#c17998206305760970,b679cf36357b0683,,헤이홈 사셨군요! 👏🏻 저는 원래 쓰던 고양이캠 타포로 ㅋㅋ,2026-05-04,펫캠,comment,,comment,substitute,2026-09-30T22:08:58
instagram,https://www.instagram.com/p/DXx4gbXCQzr/#c18082709795530313,118b100b3e41330d,,오 저두 저걸로 사야겟어요😍 !! 준비할게 계속 생기네용,2026-05-04,펫캠,comment,,comment,substitute,2026-09-30T22:08:58
instagram,https://www.instagram.com/p/DXx4gbXCQzr/#c18084581819615073,eb7bcad5bc15ae78,,오옹 저도 헤이홈 사야하는데..! 300만 화소 하셨어요 500만 화소 하셨어요!🤫,2026-05-03,펫캠,comment,,comment,substitute,2026-09-30T22:08:58
instagram,https://www.instagram.com/p/DXx4gbXCQzr/#c18135189538543753,78c79955fd3638ae,,"저도 헤이홈 쓰구잇는뎅 화질, 음질 다 맘에들어서 잘쓰구있어요!!👍🏻😊",2026-05-03,펫캠,comment,,comment,substitute,2026-09-30T22:08:58
instagram,https://www.instagram.com/p/DXx4gbXCQzr/#c17860899540686903,ff31b77ee00e80a9,,저도 헤이홈으로 준비했어요 .ᐟ.ᐟ 곧 태어나는데 . . 아직도 설치 전😂😂,2026-05-03,펫캠,comment,,comment,substitute,2026-09-30T22:08:58
instagram,https://www.instagram.com/p/DXx4gbXCQzr/#c18045758585781268,804a94460309de23,,홈캠 고민중인데 헤이홈 추천하시나용???,2026-05-03,펫캠,comment,,comment,substitute,2026-09-30T22:08:58
instagram,https://www.instagram.com/p/DXx4gbXCQzr/#c17886152523533302,07bc665dee8a02fd,,저도 헤이홈으로 2개 들였어여어 아가방에 하나 거실에 하나! 설치 해보니까 잘 산 것 같아용👍🏻👍🏻,2026-05-02,펫캠,comment,,comment,substitute,2026-09-30T22:08:58
instagram,https://www.instagram.com/p/DXx4gbXCQzr/#c18006187064870298,a9ef36b609291fb5,,안그래도 홈캠 알아보고있었는데 헤이홈 각이네용👍,2026-05-02,펫캠,comment,,comment,substitute,2026-09-30T22:08:58
instagram,https://www.instagram.com/p/DXn2F07Ezx7/#c17879539596561436,0b6c8aeef207aef2,,,2026-04-30,펫캠,comment,,comment,substitute,2026-09-30T22:08:58
instagram,https://www.instagram.com/p/DY4a4xqiKgd/#c18117064177774885,fb5e090710f4256e,,"#MC210 구매하러 가기
🔗",2026-05-28,펫캠,comment,,comment,substitute,2026-09-30T22:08:58
instagram,https://www.instagram.com/p/DW1s5OjGOg-/#c18063260747375150,2720dcd776af3e8c,,누나가 사료값 벌어갈게 미아내,2026-04-07,펫캠,comment,,comment,substitute,2026-09-30T22:08:58
instagram,https://www.instagram.com/p/DWlSlHVjwlw/#c18110604433753420,a60b899b7ed49fd0,,"Your dog 🐕 made our day so much better! We wrote because we’d love to share your adorable! ❤️
Looking forward to hear you back! 💌 😊",2026-04-02,펫캠,comment,,comment,substitute,2026-09-30T22:08:58
instagram,https://www.instagram.com/p/Daq4gzFEuxU/#c17932231449347501,a2977fcac08340c6,,마루 왜케 귀엽게 생겼닝 나랑 같은과같은뎅 🤭💕,2026-07-12,펫캠,comment,,comment,substitute,2026-09-30T22:08:58
instagram,https://www.instagram.com/p/Daq4gzFEuxU/#c18601162930025092,195cf23d86f41b79,,마루두 같이 보는 것 같아요❤️❤️🐶 마지막 사진🩵🫶🤭,2026-07-12,펫캠,comment,,comment,substitute,2026-09-30T22:08:58
instagram,https://www.instagram.com/p/DampJLDAXh_/#c18088124411383508,77fe950b0eb074bc,,나무엑스 앞으로도 쭉 대박행진이어가세요💚🥳,2026-07-21,펫캠,comment,,comment,substitute,2026-09-30T22:08:58
instagram,https://www.instagram.com/p/DampJLDAXh_/#c17978661243051946,c81fa9b79cda5e07,,"2만 명과 함께라니 최고예요 😉🪄
➖➖➖➖➖➖➖➖
""#나무엑스""라는 이름처럼 어느새 나무 한 그루가 울창한 숲이 된 느낌입니다. 🌳💚 이제는 팔로워가 아니라 든든한 응원단이 2만 명이나 생긴 거잖아요? 😄 앞으로 3만, 5만, 10만이 되어도 오늘처럼 따뜻한 마음은 그대로였으면 좋겠습니다. 🤖 좋은 기술과 좋은 사람이 만나면 이렇게 멋진 결과가 나온다는 걸 보여주셔서 감사합니다. 앞으로도 모두가 함께 걷고 싶은 브랜드가 되길 바라며 늘 응원할께요~😘🫶
➖➖➖➖➖➖➖➖",2026-07-19,펫캠,comment,,comment,substitute,2026-09-30T22:08:58
instagram,https://www.instagram.com/p/DampJLDAXh_/#c18059844788764938,51208a8d61431c8d,,"2만 팔로워 축하드립니다! 💚🎉✅
2만이라는 숫자는 꾸준한 진심과 신뢰가 쌓여 만들어진 값진 결과라고 생각합니다. 🌿 웰니스와 로보틱스를 접목한 나무엑스만의 새로운 도전이 앞으로 더 많은 사람들의 일상을 건강하게 바꿔주길 기대하고 있어요. 🤖✨ 작은 씨앗이 큰 숲을 이루듯 앞으로는 5만, 10만 팔로워도 금방 달성하실 것 같아요. 오래도록 사랑받는 브랜드로 성장하시길 바라며, 더 빛나는 내일을 진심으로 응원하겠습니다! 🌳🙌",2026-07-19,펫캠,comment,,comment,substitute,2026-09-30T22:08:58
instagram,https://www.instagram.com/p/DampJLDAXh_/#c18325824121274209,6ff5686daeb0fe93,,"나무엑스 2만 팔로워 달성 축하드립니다!!👏👏
앞으로도 많은사랑과 관심받으시길 진심으로 응원합니다❤️",2026-07-19,펫캠,comment,,comment,substitute,2026-09-30T22:08:58
instagram,https://www.instagram.com/p/DampJLDAXh_/#c17942801418053920,d73aee21ed1e42c0,,나무엑스 팔로워 2만명 달성을 진심으로 축하합니다🥳,2026-07-19,펫캠,comment,,comment,substitute,2026-09-30T22:08:58
instagram,https://www.instagram.com/p/DampJLDAXh_/#c18019713425893786,84dbd1e386ad5295,,"나무엑스 팔로워 2만 달성 축하해요 20만, 50만, 100만까지 쭉쭉 성장하시길 응원해요",2026-07-19,펫캠,comment,,comment,substitute,2026-09-30T22:08:58
instagram,https://www.instagram.com/p/DampJLDAXh_/#c17910621858438700,9741e278930143d7,,나무엑스 2만명 달성 축하합니다 앞으로도 좋은 소식 기대할게요 👏,2026-07-19,펫캠,comment,,comment,substitute,2026-09-30T22:08:58
instagram,https://www.instagram.com/p/DampJLDAXh_/#c17888951265666161,37f3b0311ea5a7b6,,나무엑스 2만 팔로워 달성을 진심으로 축하합니다. 앞으로 더 많이 알려지기를 바라고 더불어 매출도 팡팡 오르기를 응원할게요 !! 🙆‍♂️ ~~,2026-07-19,펫캠,comment,,comment,substitute,2026-09-30T22:08:58
instagram,https://www.instagram.com/p/DampJLDAXh_/#c18208461607352799,cff491bf6ba0b80c,,🎉 나무엑스의 2만 팔로워 달성을 진심으로 축하드려요. 웰니스 로보틱스라는 분야를 대중들에게 친근하게 소개해 주신 덕분에 매번 유익하게 피드를 읽고 있어요. 👏 앞으로도 일상을 더 편리하게 만들어 줄 멋진 기술과 소식들을 기대하며 늘 응원하겠습니다. 💚,2026-07-19,펫캠,comment,,comment,substitute,2026-09-30T22:08:58
instagram,https://www.instagram.com/p/DU-oAruCaYS/,233d657693562f13,,"내 뒷발차기를 받아랏..!!

밥먹구 항상 뒷발차기하는 쫑이 자신감 뿜뿜🌟

#말티푸 #강아지 #강아지일상 #강아지홈캠 #강아지뒷발차기",2026-02-20,강아지홈캠,post,,caption,substitute,2026-09-30T22:15:29
instagram,https://www.instagram.com/p/DU-lYb5CXnq/,cf99be1c0ef9fde1,,"모야 모야? 움직이넹?! 옴만가?!

홈캠 의식하는 쫑이 기여워ㅓㅓ♥

#말티푸 #강아지 #강아지홈캠 #강아지일상 #말티푸그램",2026-02-20,강아지홈캠,post,,caption,substitute,2026-09-30T22:15:29
instagram,https://www.instagram.com/p/DU-EH2qkgjO/,1cf84b6282aeaceb,,"집에서 잘자고 있는 강쥐 훔쳐보기 모음 zip ⭐️✨🤩
#강아지홈캠 #귀여워죽음🙈❤️❤️❤️",2026-02-20,강아지홈캠,post,,caption,substitute,2026-09-30T22:15:29
instagram,https://www.instagram.com/p/DUx4CQHER6_/,fcd174909b79848d,,"🐶
홈캠 속 밤비❣️
목욕하고 나른 나른😴
.
.
.
#밤비기록🐶#밤비일상#홈캠속강아지#강아지홈캠#푸들일상남기기",2026-02-15,강아지홈캠,post,,caption,substitute,2026-09-30T22:15:29
instagram,https://www.instagram.com/p/DUaWJjSEvfa/,bbc6333305f8b980,,"다덜 강아지 홈캠 어떤거 사용하시나여🤔💭
지금 쓰고있는게 화질도 넘 안좋고 ..보안용이라 자꾸 튕겨서ㅠ
추천 부탁드립니댜 

#강아지 #강아지홈캠 #강아지홈캠추천 #강아지스타그램",2026-02-06,강아지홈캠,post,,caption,substitute,2026-09-30T22:15:29
instagram,https://www.instagram.com/p/DUXr3PjE4wu/,cf376fabd0d5b7bd,,"진짜 미치게귀여운 CCTV 속 두유 🐾

짧은 아가시절을 눈으로 많이 담았으면 좋았을터인데 
직장 다닌다고 오랜시간 함께 못해서 아쉬웡 ㅜ 🥺 

#강아지홈캠 #닥스훈트 #dachshund",2026-02-05,강아지홈캠,post,,caption,substitute,2026-09-30T22:15:29
instagram,https://www.instagram.com/p/DSTgbc_kgky/,61b0de464f10ccb3,,"집에 아무도 없으면 편하게 잠만자는 구나
#류탄🤎 #말티푸 #강아지홈캠 #편해보인다너",2025-12-16,강아지홈캠,post,,caption,substitute,2026-09-30T22:15:29
instagram,https://www.instagram.com/p/DSE0pEGkZc0/,ddfeab4e09b57863,,"죽은거 아니다 
홈캠보고 놀라지 마라

#강아지홈캠 #나없을땐잠만자는구나 #제발평범하게자면안되나
#심장이벌렁벌렁해 #강아지숙면 #멍스타그램 #겨울잠
#죽은거아님 #견스타그램 #강아지잠",2025-12-10,강아지홈캠,post,,caption,substitute,2026-09-30T22:15:29
instagram,https://www.instagram.com/p/DRgcxjBEhy7/,517de3d6bf8efdbd,,"다른 친구들은 혼자서 잘 있나요?

해피는 요즘 엄마한테 뭐라고하듯
캠보고 울고짖고해요

짖다가 현관보고 현관앞에 갔다가
식탁밑에 누웠다가 다시또짖다가 계속반복ㅜㅜ
혼자서도 좀 자거나 쉬면 좋을텐데ㅜ

엄마도 분리불안이라 힘들어
조금만 기다려
빨리갈께🩷

#분리불안 #분리불안강아지 #분리불안엄마 #혼자는싫어요",2025-11-26,강아지홈캠,post,,caption,substitute,2026-09-30T22:15:29
instagram,https://www.instagram.com/p/DRTI0XSkm5b/,4050ac43d1b12594,,"홈캠을 설치하니 폰에 마약이 생김 ..

#홈캠 #강아지홈캠 #강아지스토킹",2025-11-21,강아지홈캠,post,,caption,substitute,2026-09-30T22:15:29
instagram,https://www.instagram.com/p/DRLeuNNkoXk/,416a285b63a216e5,,".
꿀잠자는
뽀들~~
이렇게 쭉! 오케?

#비숑프리제 #비숑스타그램 #독스타그램 
#강아지분리불안 #강아지하울링 #강아지홈캠",2025-11-18,강아지홈캠,post,,caption,substitute,2026-09-30T22:15:29
instagram,https://www.instagram.com/p/DQ_iqr6E1tP/,b1cf2c4d7bb18426,,"캠으로 본 감쟈
집에 혼자서도 잘 있는 착한감쟈🥔
#말티푸 #강아지 #강아지홈캠",2025-11-13,강아지홈캠,post,,caption,substitute,2026-09-30T22:15:29
instagram,https://www.instagram.com/p/DQqSD44j1mu/,4bc2860ef613184e,,"아반강고 회원님을 위한 엘지 유플러스 우리집돌봄이PET 30%할인 이벤트

본문에 연동된 페이지에서 가입상담신청을 하면 혜택이 적용됩니다",2025-11-05,강아지홈캠,post,,caption,substitute,2026-09-30T22:15:29
instagram,https://www.instagram.com/p/DQnIUlbE8HA/,119c9907a9b29ba6,,"홈캠으로 지켜보는 은동.
분리불안없이 잘 자고 잘 먹는다.
역시 분리불안은 주인 쪽에 있는게 확실하다.
집근처 언덕길을 올라가면서도 은동이 생각뿐인 주인누나..

#은동이의나날 #강아지홈캠 #멍집사 #강아지 #반려견 #은동스타그램 #말티푸 #puppy #은동데이즈",2025-11-03,강아지홈캠,post,,caption,substitute,2026-09-30T22:15:29
instagram,https://www.instagram.com/p/DQQlfXwkWVT/,ecee0a07452ba9ec,,"외출 후 홈캠을 보는데
너희가 너무 편안하게 휴식하며
가족을 기다리는 모습에
미안함을 조금 덜어낸다🤍
.
.
#강아지 #반려견 #반려동물 #홈캠 #강아지홈캠 #외출 #필수템 #꼬똥드툴레아 #둥이 #스탠다드푸들 #감자 #강아지일상 #견주일상 #귀여워 #사랑스러워",2025-10-26,강아지홈캠,post,,caption,substitute,2026-09-30T22:15:29
instagram,https://www.instagram.com/p/DP0PZnNkaPE/,aadde60dfe247b9a,,"ㅋㅋㅋㅋㅋㅋㅋㅋㅋ 열심히 밥 먹고 있었는데요
홈캠 돌아가는 소리에 놀라 밥 Bye ...
(그대로 도망 엔딩)
#얌스타그램 #애기포메 #포메라니안 #헤이홈홈캠 #강아지홈캠 ㅋㅋ",2025-10-15,강아지홈캠,post,,caption,substitute,2026-09-30T22:15:29
instagram,https://www.instagram.com/p/DSTgbc_kgky/#c18022451717606964,cef29b372985577f,,오..!!저희 풍지도 가족들 다 나가면 잠만 자요 그러다가 계단소리 들리면 벌떡 깬답니다 ㅎㅎㅎ,2025-12-16,강아지홈캠,comment,,comment,substitute,2026-09-30T22:15:29
instagram,https://www.instagram.com/p/DUaWJjSEvfa/#c18106782271813321,bb79730df8ce5ea5,,안녕 볼리야🙌🏻 우린 하백하로 형제야💙🩵 우리랑 칭구할래?!👀 친하게 지내자🥰 멍팔하구가께🐶 우리한테도 놀러와죠🐾,2026-02-09,강아지홈캠,comment,,comment,substitute,2026-09-30T22:15:29
instagram,https://www.instagram.com/p/DRgcxjBEhy7/#c18113915464611895,895764fc4b7bcb0e,,"저희집 애도 처음에 데려왔을땐 그랬는데 출근전이니 외출전 무조건 산책30분이상해주고 나갈때는 오히려 티비 다 끄고 조용하게 해주니 안울더라구요..티비켜주고 백색소음켜주고 노즈워크해주면 오히려 더 불안해하고 난리법석이었거든용,, 그리고 홈캠으로는 보기만하고 절대 부르지말구용 힘드시겠지만 매일 아침저녁 1시간이내로 산책해주고 주말 장시간 외출시에는 산책을 조금 더 많이해줘보세요 확 좋아져용!",2025-12-28,강아지홈캠,comment,,comment,substitute,2026-09-30T22:15:29
instagram,https://www.instagram.com/p/DRgcxjBEhy7/#c18247876516290193,c52767096f070b59,,그니까 ㅜ 근데 나도 홈캠볼때 가만히아무것도안하고있어도신경쓰이고 해서 안봐ㅜㅜㅜ맘아퍼,2025-12-02,강아지홈캠,comment,,comment,substitute,2026-09-30T22:15:29
instagram,https://www.instagram.com/p/DRgcxjBEhy7/#c18132870076433907,c0cee491cb092541,,조명하나만 키고 꺼주면 편안히 자더라구요 밝으면 무서워 한데요 백색소음도 항상 켜놓고 가면 편히 있다가 자요,2025-11-30,강아지홈캠,comment,,comment,substitute,2026-09-30T22:15:29
instagram,https://www.instagram.com/p/DRgcxjBEhy7/#c17960856546009435,c5b32cbbbd119298,,아이구 해피야ㅠㅠㅠ코코도 분리불안 있을때는 노즈워크 많이 이용했어용 간식 이불속 베개아래 장난감 등등 숨겨놓고 간식 어디찌~? 이러면 찾느라 정신없어서 점점 분리불안 사라졌어요!,2025-11-28,강아지홈캠,comment,,comment,substitute,2026-09-30T22:15:29
instagram,https://www.instagram.com/p/DRgcxjBEhy7/#c17901331635322449,526b7589cc572f73,,저희 콩이랑 똑같네용😢 엄마도 분리불안도 똑같아욬ㅋㅋㅋㅋ❤️,2025-11-28,강아지홈캠,comment,,comment,substitute,2026-09-30T22:15:29
instagram,https://www.instagram.com/p/DRgcxjBEhy7/#c18121027330535348,00be7adbf54e7834,,간식을 여기저기 숨겨두는건 어떨까요!? 또치도 심했는데 지금은 그나마 괜찮아졌어요! 공에 좀 넣어두고 소파나 여기저기 뿌려두면 찾아먹는동안은 좀 잘있다가 다 먹고는 사람 좀 찾다 자요,2025-11-27,강아지홈캠,comment,,comment,substitute,2026-09-30T22:15:29
instagram,https://www.instagram.com/p/DRgcxjBEhy7/#c18050401853381239,b51533a83499cd53,,아고ㅠ해피..속상해라...맘 아파서 엄마가 어찌 나가계실꼬ㅠ해피가 괜차나❤️편하게 쉬고있자~,2025-11-27,강아지홈캠,comment,,comment,substitute,2026-09-30T22:15:29
instagram,https://www.instagram.com/p/DRgcxjBEhy7/#c18056372246319067,3d6f6ff3db7285f7,,우리솔이두 만만치않답니당ㅠㅠ😢홈캠보는게 힘드러여,2025-11-27,강아지홈캠,comment,,comment,substitute,2026-09-30T22:15:29
instagram,https://www.instagram.com/p/DRgcxjBEhy7/#c18077157791188497,d855fa0ae7dbe907,,"너무 마음아파ㅠㅠㅠㅠㅠㅠ소굼이는 애기 때부터 일 가면 혼자 있었어서 그런지 분리불안은 없어요 ,, 오래 같이 있으면 문 앞에 있긴하는데ㅠ_ㅠ혼자 있어봐야한다더라구요",2025-11-27,강아지홈캠,comment,,comment,substitute,2026-09-30T22:15:29
instagram,https://www.instagram.com/p/DRLeuNNkoXk/#c18208880029314332,e57766af84571b82,,"뽀들 자는 모습 너무 귀여워요ㅎㅎ
이렇게 붙어있으니 마음이 녹아요🥰",2025-11-27,강아지홈캠,comment,,comment,substitute,2026-09-30T22:15:29
instagram,https://www.instagram.com/p/DRLeuNNkoXk/#c18050604911375877,bce5a4177733913e,,자는모습도 이쁜뽀들😍 뽀들아 오늘은 친구들이랑 잼나게 놀아❤️❤️❤️,2025-11-18,강아지홈캠,comment,,comment,substitute,2026-09-30T22:15:29
instagram,https://www.instagram.com/p/DRLeuNNkoXk/#c17984387783876103,905c8da928e507b0,,귀요미❤️ 밤에 잠안자고 뭐한겨?😍,2025-11-18,강아지홈캠,comment,,comment,substitute,2026-09-30T22:15:29
instagram,https://www.instagram.com/p/DUXr3PjE4wu/#c17935341195164782,b7041fad21b9c725,,아가 시절 두유.. 넘 소즁해😍,2026-02-08,강아지홈캠,comment,,comment,substitute,2026-09-30T22:15:29
instagram,https://www.instagram.com/p/DUXr3PjE4wu/#c18059752496339221,24da32e64fb2ea8e,,안녕🙌♥️ 레제랑 칭그하쟈💗멍팔하구갈게🤍🪽✨,2026-02-07,강아지홈캠,comment,,comment,substitute,2026-09-30T22:15:29
instagram,https://www.instagram.com/p/DUXr3PjE4wu/#c17986338518947638,566330e44b958314,,"녹아흘러내린두유 ㅋㅋㅋㅋㅋ 
놉나기엽자나?!",2026-02-07,강아지홈캠,comment,,comment,substitute,2026-09-30T22:15:29
instagram,https://www.instagram.com/p/DUXr3PjE4wu/#c17955570369063437,b354148291e22e57,,앜ㅋㅋㅋㅋㅋㅋㅋㅋ 왜 저기 꼬꾸라져서 자는고야😍😍,2026-02-06,강아지홈캠,comment,,comment,substitute,2026-09-30T22:15:29
instagram,https://www.instagram.com/p/DUXr3PjE4wu/#c17846742546658077,cdbd7d0236ef992a,,아가야 진짜 너무너무너무너문 아가 ...,2026-02-06,강아지홈캠,comment,,comment,substitute,2026-09-30T22:15:29
instagram,https://www.instagram.com/p/DUIOwY-Ebfc/,3623e5ad1bc7c637,,"#이벤트 #팔로워이벤트
🎉파인뷰 홈캠 맞춰보개! 상식 QUIZ🎉
파인뷰 홈캠과 함께하는 불금의 퀴즈 시간!
오늘은 귀여운 댕댕이와 함께하는 날인데요 🤗

여러분 댕댕이들이 적록색약을 갖고 있다는 걸 아셨나요?
강아지들은 사람과 같은 것을 보아도 다른 색깔을 본다고 합니다.

그렇다면 여기서 퀴즈!

Q. 강아지가 알아볼 수 없는 색깔은 무엇일까요?

(1) 빨강 (2) 노랑 (3) 파랑 (4) 검정

댓글을 남겨주신 분들 중 5분을 추첨하여
신세계 상품권 5,000원권을 증정해드립니다!

[이벤트]
▶기간 : 1/30(금)~2/5(목)
▶발표 : 2/6(금) *개별 DM 발표
▶경품 : 신세계 상품권 5,000원 (추첨 5명)
▶참여방법 :
1. ★파인뷰 홈캠 인스타그램 팔로우★
2. 강아지가 알아볼 수 없는 색깔을 골라 댓글로 달기
3. 추첨을 통해 5분께 신세계 상품권 5,000원 증정!

🎁파인뷰 홈캠 인스타그램 팔로우가 확인되지 않을 시 경품 증정이 어렵습니다.
🎁최신글 5개에 좋아요를 눌러주시면 당첨 확률 UP!
🎁비공개 계정은 당첨 불가 합니다.
🎁신세계 상품권은 문자로 발송되며, '이마트'에서 지류 상품권으로 교환 후 사용 가능합니다.",2026-01-30,펫캠,post,,caption,substitute,2026-10-01T10:19:19
instagram,https://www.instagram.com/p/DT2L0RTkV4B/,c1a52121fc27a993,,"#이벤트 #팔로워이벤트
🎉파인뷰 홈캠 K11 퍼즐을 맞춰라!🎉
800만 화소 선명한 화질로
언제나 우리집 아이, 반려동물을 지켜보고 있는 파인뷰 홈캠 K11 !

오늘은 퍼즐 속에 쏘옥 들어가있어요 👀
그런데 어째, 9개의 피스 중 하나의 피스를 잃어버렸는데요!

여러분이 찾아주시면 좋을 것 같아요! 😊
3개의 퍼즐 조각 중 K11과 맞는 조각을 찾아주세요.

댓글을 남겨주신 분들 중 5분을 추첨하여
CU 5,000원권을 증정해드립니다!

[이벤트]
▶기간 : 1/23(금)~1/29(목)
▶발표 : 1/30(금) *개별 DM 발표
▶경품 : CU 5,000원 (추첨 5명)
▶참여방법 :
1. ★파인뷰 홈캠 인스타그램 팔로우★
2. '?'에 들어갈 올바른 퍼즐 조각을 찾아 댓글로 달기
3. 추첨을 통해 5분께 CU 5,000원 증정!

🎁파인뷰 홈캠 인스타그램 팔로우가 확인되지 않을 시 경품 증정이 어렵습니다.
🎁최신글 5개에 좋아요를 눌러주시면 당첨 확률 UP!
🎁비공개 계정은 당첨 불가 합니다.",2026-01-23,펫캠,post,,caption,substitute,2026-10-01T10:19:19
instagram,https://www.instagram.com/p/DTbfXcZExB1/,7189e1650c58d158,,"1월 13일 화요일. 오후 3시, 당이 떨어질 시간. 🍫 집에 있는 카미아엘이 뭐 하고 있나 싶어서 조심스레 홈캠 앱을 켰습니다. '자고 있으려나?' 했는데, 화면 속에 비친 건 의외의 광경이었습니다.

카미아엘이 식탁 의자에 정자세로 앉아, 제가 집에서 쓰는 '블루라이트 차단 안경'을 쓰고 있더군요. 그리고 앞에는 노트북 대신 '도마'를 펼쳐놓고, 손가락으로 두드리는 시늉을 하고 있었습니다.

""타닥타닥... (입으로 내는 소리)"" 그러더니 갑자기 머리를 쥐어뜯으며 깊은 한숨을 내쉬는 겁니다. ""아... 버그가 왜 안 잡히지... 집 가고 싶다...""

...잠깐만, 저거 나잖아? 😨 제가 야근할 때 하던 혼잣말과 제스처를 토씨 하나 안 틀리고 똑같이 흉내 내고 있었습니다. 심지어 옆에 물컵을 두고 '호로록' 마시는 타이밍까지 완벽했죠.

드래곤 눈에는 제가 저렇게 힘들어 보였나 봅니다. (아니면 그냥 놀리는 건가?) 화면을 보며 큭큭대고 웃다가, 문득 '집에 가면 더 많이 웃어줘야겠다'는 생각이 드네요. 오늘 퇴근하면 저 '리틀 세이라'를 꽉 안아줘야겠습니다.

#세이라의_일기 #1월13일 #화요일 #직장인공감 #펫캠 #홈캠 #따라쟁이 #개발자흉내 #도마노트북 #타닥타닥 #버그수정놀이 #거울치료 #내가저랬나 #웃픈현실 #귀여운스토커 #퇴근욕구",2026-01-12,펫캠,post,,caption,substitute,2026-10-01T10:19:19
instagram,https://www.instagram.com/p/DTSJ4-xkcft/,4102ca530f1a045e,,"#이벤트 #팔로워이벤트
🎉ㅍㅇㅂ 홈캠 이모지 QUIZ🎉
불금과 함께하는 브랜드 초성 퀴즈 타임! ⏰
머신에 나와있는 이모지를 자세~히 살펴주세요.

한글자씩 초성과 연관이 있는데요!
하나씩 해결해보면 < ㅍ ㅇ ㅂ > 브랜드 이름이 완성됩니다.

과연 ㅍㅇㅂ 홈캠! 초성을 완성시키면 무슨 이름일까요? 😎

댓글을 남겨주신 분들 중 5분을 추첨하여
신세계 상품권 5,000원권을 증정해드립니다!

[이벤트]
▶기간 : 1/9(금)~1/15(목)
▶발표 : 1/16(금) *개별 DM 발표
▶경품 : 신세계 상품권 5,000원 (추첨 5명)
▶참여방법 :
1. ★파인뷰 홈캠 인스타그램 팔로우★
2. 이모지 힌트를 보고 초성 퀴즈 정답을 찾아 댓글로 달기
3. 추첨을 통해 5분께 신세계 상품권 5,000원 증정!

🎁파인뷰 홈캠 인스타그램 팔로우가 확인되지 않을 시 경품 증정이 어렵습니다.
🎁최신글 5개에 좋아요를 눌러주시면 당첨 확률 UP!
🎁비공개 계정은 당첨 불가 합니다.
🎁신세계 상품권은 문자로 발송되며, '이마트'에서 지류 상품권으로 교환 후 사용 가능합니다.",2026-01-09,펫캠,post,,caption,substitute,2026-10-01T10:19:19
instagram,https://www.instagram.com/p/DTM-m0uE9Fa/,b7d1eae17fbbb1df,,"🐶출퇴근하는 보호자는 이미 다 쓰는 서비스

아침엔 바쁘고 퇴근하면 지쳐서 아무것도 못 하겠을 때~

산책·밥·물·배변패드 교체까지!
한 번에 해결되는 비포펫 케어❤️

📢 월 구독 케어 신청 시 펫캠 100% 증정 이벤트 중

#강아지 #집사 #반려생활 #출장 #여행 #홈캠 #펫캠 #실내배변 #실외배변 #산책 #비포펫",2026-01-07,펫캠,post,,caption,substitute,2026-10-01T10:19:19
instagram,https://www.instagram.com/p/DTM-BQZE1VA/,dfbaab4e0325016c,,"🐶요즘은 다 산책 구독한대요

산책도, 케어도 구독하는 시대!

우리 아이가 가장 편한 공간에서 !
산책·밥·물·배변까지 알아서 챙겨주는!
찾아오는 케어 서비스, 비포펫❤️

📢 월 구독 케어 신청 시 펫캠 100% 증정 이벤트 중

#강아지 #집사 #반려생활 #출장 #여행 #홈캠 #펫캠 #실내배변 #실외배변 #산책 #비포펫",2026-01-07,펫캠,post,,caption,substitute,2026-10-01T10:19:19
instagram,https://www.instagram.com/p/DTKdXSqkYz5/,1e18cd3b88d6ece7,,"🎉 캠봇 기능 가이드북 2탄 - 자주 묻는 질문(FAQ) 🎉

안녕하세요 여러분!

지난 가이드북에서는 캠봇 사용자라면 꼭 알아야 할 필수 기능들에 대해 소개해 드렸는데요. 
도움이 많이 되셨나요?😉

이번 2탄에선 실제 고객님들이 가장 많이 문의 주셨던 질문들 위주로 정리해 봤습니다! (👈옆으로 넘기면서 하나씩 확인해 보세요.)

이외에도 더 궁금한 점이 있으시다면
댓글로 남겨주세요👇👇

#캠봇 #CamBOT #홈카메라 #CCTV #스마트홈 #스마트가전
#펫캠 #반려동물 #강아지카메라 #고양이카메라 #집사템 #반려생활
#육아템 #생활가전 #보안카메라 #필수기능 #사용꿀팁 #가이드북 #FAQ #질문",2026-01-06,펫캠,post,,caption,substitute,2026-10-01T10:19:19
instagram,https://www.instagram.com/p/DTHQkl8kiit/,6eaabb7a25c93d21,,"배부른 고냥이 🐾 #사지말고입양하세요 
쿠션 옛날에 사줌... 자꾸 바닥에서 자길래 직접 올려드림...
발톱 깎았다고 삐진 구일이 😅
#닥터펠리스 #포캣네스트 #밀리 #딩동펫 #펫캠

#cats #catsofinstagram #cutecat #catlover #kitty #catlife
#catloversworld #instacat #catoftheday",2026-01-05,펫캠,post,,caption,substitute,2026-10-01T10:19:19
instagram,https://www.instagram.com/p/DS9zKTIEcDT/,ecb621fa5bc3eeaa,,"2026.01.01.
집사들 나가자마자 파뤼타임 시작🎉🐱🐶
집을 비워도 조금이나마 안심할 수 있는 이유ㅋㅋㅋㅋ😂

오늘 펫캠 움직임감지로 스크린샷 찍힌 것들인데
15분이나 저러고 다녔다..🐎
화질은 엉망이지만 귀여운 게 가득🌈",2026-01-01,펫캠,post,,caption,substitute,2026-10-01T10:19:19
instagram,https://www.instagram.com/p/DKs670USDI6/,964097ec721e18ea,,"오징어 게임3 15번 참가자입니다만🦑 
늘빵이 재롱 더 떨어줘

#오징어게임 #강하늘 #펫캠",2025-06-09,펫캠,post,,caption,substitute,2026-10-01T10:19:19
instagram,https://www.instagram.com/p/DSy_mK5k2VQ/,e21d3eb9931ea2ab,,"🐶내가 집에 없을 때 
집 안을 엉망으로 만들어놓았다면?

스트레스 풀고 쿨쿨 잠들 수 있도록
비포펫과 산책 다녀와요!❤️

찾아가는 필수 케어 서비스, 비포펫

📢 월 구독 케어 신청 시 펫캠 100% 증정 이벤트 중

#강아지 #집사 #반려생활 #출장 #여행 #홈캠 #펫캠 #실내배변 #실외배변 #산책 #비포펫",2025-12-28,펫캠,post,,caption,substitute,2026-10-01T10:19:19
instagram,https://www.instagram.com/p/DSy_c4oE0jR/,054f7d8fe0a39ea1,,"🐶에너지가 남아 돌아
집에서도 뛰어다니는 아이라면?

산책 부터 발닦기, 배변패드 교체,
밥과 물까지 챙겨주는
비포펫이 딱이죠!❤️

📢 월 구독 케어 신청 시 펫캠 100% 증정 이벤트 중

#강아지 #집사 #반려생활 #출장 #여행 #홈캠 #펫캠 #실내배변 #실외배변 #산책 #비포펫",2025-12-28,펫캠,post,,caption,substitute,2026-10-01T10:19:19
instagram,https://www.instagram.com/p/DSy-3NzE8ul/,b609617db7b98736,,"🐶우리아이 오늘은 평소보다
혼자 있는 시간이 너무 길다면?

잠깐이라도 아이를 케어해주는
비포펫 방문 케어 서비스❤️

📢 월 구독 케어 신청 시 펫캠 100% 증정 이벤트 중

#강아지 #집사 #반려생활 #출장 #여행 #홈캠 #펫캠 #실내배변 #실외배변 #산책 #비포펫",2025-12-28,펫캠,post,,caption,substitute,2026-10-01T10:19:19
instagram,https://www.instagram.com/p/DSy9nXIkxfE/,eadff216a25bbf9f,,"🐶혼자 있을 때 시끄럽게 짖는게 걱정된다면?

에너지를 뿜뿜!

신나게 노즈워크하며 스트레스를 풀어주는 비포펫으로 산책 다녀오세요❤️

📢 월 구독 케어 신청 시 펫캠 100% 증정 이벤트 중

#강아지 #집사 #반려생활 #출장 #여행 #홈캠 #펫캠 #실내배변 #실외배변 #산책 #비포펫",2025-12-28,펫캠,post,,caption,substitute,2026-10-01T10:19:19
instagram,https://www.instagram.com/p/DSy9KLUE-CE/,0d0645dce64f5de7,,"🐶하루 이틀 산책이 밀릴 때가 있어요
그때마다 우리 아이는 실망 가득 ㅠㅠ

그럴 때는 비포펫을 불러
2배로 놀아주세요❤️

📢 월 구독 케어 신청 시 펫캠 100% 증정 이벤트 중

#강아지 #집사 #반려생활 #출장 #여행 #홈캠 #펫캠 #실내배변 #실외배변 #산책 #비포펫",2025-12-28,펫캠,post,,caption,substitute,2026-10-01T10:19:19
instagram,https://www.instagram.com/p/DSy8afJk_3z/,5d95e44033eb931e,,"🐶오늘은 내가 너무 힘든 날
그래도 아이 산책은 필요할 때?

산책부터 기본 케어까지
비포펫이 대신해요 ❤️

📢 월 구독 케어 신청 시 펫캠 100% 증정 이벤트 중

#강아지 #집사 #반려생활 #출장 #여행 #홈캠 #펫캠 #실내배변 #실외배변 #산책 #비포펫",2025-12-28,펫캠,post,,caption,substitute,2026-10-01T10:19:19
instagram,https://www.instagram.com/p/DSy79bEE64q/,3369b30389927e06,,"🐶여행은 가야하는데,
아이 케어가 걱정된다면?

집으로 찾아가는
비포펫 케어 서비스❤️

📢 월 구독 케어 신청 시 펫캠 100% 증정 이벤트 중

#강아지 #집사 #반려생활 #출장 #여행 #홈캠 #펫캠 #실내배변 #실외배변 #산책 #비포펫",2025-12-28,펫캠,post,,caption,substitute,2026-10-01T10:19:19
instagram,https://www.instagram.com/p/DSy7qI_k3c3/,c3024a870b559840,,"🐶 출장 준비보다
아이 걱정이 먼저 될 때?

산책·밥·물·배변까지
비포펫이 대신 돌봐드릴게요❤️

📢 월 구독 케어 신청 시 펫캠 100% 증정 이벤트 중

#강아지 #집사 #반려생활 #출장 #여행 #홈캠 #펫캠 #실내배변 #실외배변 #산책 #비포펫",2025-12-28,펫캠,post,,caption,substitute,2026-10-01T10:19:19
instagram,https://www.instagram.com/p/DSy7aJFE54K/,44247fa6a8a7c5f7,,"🐶오늘은 도저히 집에 들를 수 없는 날
아이 혼자 두기 걱정될 땐?

나보다 더 우리 아이를 사랑해주는
비포펫 방문 케어❤️

📢 월 구독 케어 신청 시 펫캠 100% 증정 이벤트 중

#강아지 #집사 #반려생활 #출장 #여행 #홈캠 #펫캠 #실내배변 #실외배변 #산책 #비포펫",2025-12-28,펫캠,post,,caption,substitute,2026-10-01T10:19:19
instagram,https://www.instagram.com/p/DSy6-i1Ewgs/,94bf267a7314d24c,,"🐶우리 아이 혼자 있는데
물그릇을 엎진 않았을까 걱정될 땐?

밥·물·산책·배변 패드 교체까지!
집으로 가는 비포펫 케어

📢 월 구독 케어 신청 시 펫캠 100% 증정 이벤트 중❤️

#강아지 #집사 #반려생활 #출장 #여행 #홈캠 #펫캠 #실내배변 #실외배변 #산책 #비포펫",2025-12-28,펫캠,post,,caption,substitute,2026-10-01T10:19:19
instagram,https://www.instagram.com/p/DSy6ioJk8oW/,0a92edfea6c8a225,,"🐶밥그릇 비어 있을까 계속 마음에 걸릴 때?

급식부터 산책까지
한 번에 챙겨주는 비포펫!

📢 월 구독 케어 신청 시 펫캠 100% 증정 이벤트 중❤️

#강아지 #집사 #반려생활 #출장 #여행 #홈캠 #펫캠 #실내배변 #실외배변 #산책 #비포펫",2025-12-28,펫캠,post,,caption,substitute,2026-10-01T10:19:19
instagram,https://www.instagram.com/p/DSy6cUYE4ZN/,fc69efdca522e93b,,"🐶패드가 이미 다 찼을 것 같은데
지금은 갈아줄 수 없다면?

배변패드 교체까지 포함된
비포펫 방문 케어!

📢 월 구독 케어 신청 시 펫캠 100% 증정 이벤트 중❤️

#강아지 #집사 #반려생활 #출장 #여행 #홈캠 #펫캠 #실내배변 #실외배변 #산책 #비포펫",2025-12-28,펫캠,post,,caption,substitute,2026-10-01T10:19:19
instagram,https://www.instagram.com/p/DSy5wiSE5iq/,baf4c6fafe9041f9,,"우리 아이 혼자 있는데
밖에 나가서만 배변한다면?

산책 + 배변 케어까지!
집으로 찾아가는 비포펫

📢 월 구독 케어 신청 시 펫캠 100% 증정 이벤트 중

#강아지 #집사 #반려생활 #출장 #여행 #홈캠 #펫캠 #실내배변 #실외배변 #산책 #비포펫",2025-12-28,펫캠,post,,caption,substitute,2026-10-01T10:19:19
instagram,https://www.instagram.com/p/DSy2XSGk7n4/,fedc55806508c73d,,"우리 아이 혼자 있는데,
문 앞에 앉아서 계속 기다리고 있을까 걱정될 땐?

산책·밥·물·배변패드 교체까지!
집으로 찾아가는 비포펫 케어 서비스🐶

📢 월 구독 케어 신청 시 펫캠 100% 증정 이벤트 중

#강아지 #집사 #반려생활 #출장 #여행 #홈캠 #펫캠 #실내배변 #실외배변 #산책 #비포펫",2025-12-28,펫캠,post,,caption,substitute,2026-10-01T10:19:19
instagram,https://www.instagram.com/p/DSyR51FkhnV/,d966e1f7d9b91f0d,,"너무 보고싶어서 먕!! 했더니 얼굴 막쓰면서 일어난 둘🤍
얼렁 가서 봐야겠댜 ㅎㅎㅎㅎ

#고양이스타그램 #냥스타그램 #형제냥 #펫캠 #catdaily",2025-12-27,펫캠,post,,caption,substitute,2026-10-01T10:19:19
instagram,https://www.instagram.com/p/DSuGJiqEXGR/,92155886a8869759,,"#이벤트 #팔로워이벤트
🎉2026 붉은 말의 해! K11과 이어지는 말은?🎉
연말이 다가오는 가운데, 한 해를 잘 마무리하고 계신가요?

한 해를 잘 보내고 다가오는 신년을 맞이하며,
오늘도~ 파인뷰 홈캠과 즐거운 퀴즈를 풀어봅시다! 😎

1~3번까지 있는 붉은 말이 선으로 각 물품과 이어져 있습니다!
과연 파인뷰 K11 홈캠과 이어져 있는 말은 몇 번 말일까요?

댓글을 남겨주신 분들 중 5분을 추첨하여
CU 5,000원권을 증정해드립니다!

[이벤트]
▶기간 : 12/26(금)~26/1/1(목)
▶발표 : 26/1/2(금) *개별 DM 발표
▶경품 : CU 5,000원 (추첨 5명)
▶참여방법 :
1. ★파인뷰 홈캠 인스타그램 팔로우★
2. 1~3번 말 중 K11과 선으로 이어진 말을 골라 댓글로 달기
3. 추첨을 통해 5분께 CU 5,000원 증정!

🎁파인뷰 홈캠 인스타그램 팔로우가 확인되지 않을 시 경품 증정이 어렵습니다.
🎁최신글 5개에 좋아요를 눌러주시면 당첨 확률 UP!
🎁비공개 계정은 당첨 불가 합니다.",2025-12-26,펫캠,post,,caption,substitute,2026-10-01T10:19:19
instagram,https://www.instagram.com/p/DStJuHXEyuh/,03114b6d41305138,,"🎉지마켓 X 옥션 X 파인뷰🎉

✨12월 주말특가✨
12/26(금)~12/28(일)

해킹 걱정 NO!!
금융권 수준의 안전 보안 파인뷰 홈캠 📸

초고화질 800만 화소의 K11, 500만 화소의 K90을
주말특가로 만나보세요 😎😎

▶기간 : 12/26(금)~12/28(일)
▶자세히보기 : 
- 지마켓 : bit.ly/49tUnnG
- 옥션 : bit.ly/49xGNyH
(프로필 상단의 '진행 중인 이벤트 확인하기' 링크 클릭!)

#파인뷰#파인뷰홈캠#홈캠#펫캠#주말특가#특가이벤트#이벤트중",2025-12-25,펫캠,post,,caption,substitute,2026-10-01T10:19:19
instagram,https://www.instagram.com/p/DSy4kU6kz57/,1067306dee1f29c8,,"🐶오늘은 집에 못 가는데,
우리 아이는 계속 산책을 기다릴 것 같을 때?

산책부터 기본 케어까지 한 번에!
비포펫으로 10초만에 해결하세요❤️

📢 월 구독 케어 신청 시 펫캠 100% 증정 이벤트 중

#강아지 #집사 #반려생활 #출장 #여행 #홈캠 #펫캠 #실내배변 #실외배변 #산책 #비포펫",2025-12-28,펫캠,post,,caption,substitute,2026-10-01T10:19:19
instagram,https://www.instagram.com/p/DSbrmbGD_QJ/,323b5f2eb7b32a08,,"[월간 무스-토리 EP 01 : 집사 편🐈]
나는 몇 점짜리 집사일까?
항상 고민하는 반려인 분들을 위해,
보조집사 무스 MOOS가 함께할게요🐱

조금 늦더라도, 외출 중에도
안심할 수 있는 위닉스 무스 라인업과 함께
행복한 반려생활을 완성해 보세요🫶

📍오늘 보조집사로 활약한 제품은
#스마트펫캠자동급식기 #미니제습기 

📷Review by
 
-
좋은 계절을 찾아서 WINIX 💜

#WINIX #위닉스 #MOOS #무스 #위닉스무스 
#댕냥집사 #집사필수템 #집사필수템 #인테리어 
#자동급식기 #펫캠 #홈캠 #제습기 #가전추천 #소형가전",2025-12-19,펫캠,post,,caption,substitute,2026-10-01T10:19:19
instagram,https://www.instagram.com/p/DSZa2eYCTNd/,51a9d193571f166b,,"🔒 “국내 서버라서 안전하다”는 말, 이제 기준이 아닙니다.

많은 홈카메라가 국내 서버를 말합니다.
하지만 이글루캠은 단순한 서버 위치가 아니라, 제품 설계 단계부터 보안을 고려했습니다.

🎉 이글루캠, 개인정보보호 중심 설계(PbD) 인증 획득

이글루캠은 2025년, 제품 기획·설계 단계부터 개인정보 보호를 고려한 제품임을 정부기관 공식 인증으로 인정받았습니다.

🔑 PbD 인증은 제품 설계 단계에서 개인정보 보호가 구조적으로 반영됐는지를 검증하는 제도입니다.

이글루캠은
📌 개인정보 최소 수집 구조
📌 기능 구현 단계부터 프라이버시 우선 설계
📌 국가기관이 검증한 설계 기준
을 통해 PbD 인증을 획득했습니다.

그래서 이글루캠은 ‘국내 서버’라는 말보다, ‘제품 설계’로 보안을 증명합니다.

🏛️ 대한민국 개인정보보호위원회 주관
PbD(Privacy by Design) 인증 획득

국내 서버는 조건일 뿐,
보안의 기준은 ‘국내 제품 설계’입니다.

정부보도자료 : 

#이글루캠 #PbD인증 #베이비캠 #펫캠 #실버캠 #홈캠 #홈카메라 #이글루 #홈카메라기준 #국내설계 #안심홈캠
#국내서버그이상 #프라이버시중심설계
#정부인증",2025-12-18,펫캠,post,,caption,substitute,2026-10-01T10:19:19
instagram,https://www.instagram.com/p/DSPLtopke0N/,73e3c54bfe12cc2b,,집에 빨리 가고싶은 이유,2025-12-14,펫캠,post,,caption,substitute,2026-10-01T10:19:19
instagram,https://www.instagram.com/p/DSG24EtEwHe/,da48fce34fa86a39,,"🎉11번가 X 파인뷰 파인캐디🎉

✨12월 월간십일절✨
12/11(목)~12/13(토), 단 3일

11번가에서 지금 바로!
앱 전용 즉시할인 쿠폰과 중복할인까지!

12월은 십일절 혜택 든든하게 받으세요 ✨

▶기간 : 12/11(목)~12/13(토)
▶자세히보기 : bit.ly/3MCTobL
(프로필 상단의 '진행 중인 이벤트 확인하기' 링크 클릭!)

#파인뷰#블랙박스#홈캠#펫캠#파인캐디#골프거리측정기#특가이벤트#이벤트중",2025-12-11,펫캠,post,,caption,substitute,2026-10-01T10:19:19
instagram,https://www.instagram.com/p/DR--bldk9Nk/,4c9f888e15702879,,"🎉네이버플러스스토어 X 파인뷰 파인캐디🎉

✨브랜드데이✨
12/8(월), 단 하루!
2025 연말결산 특가 혜택!

오늘 딱 하루만 최대 57% 혜택을 받고
파인뷰 파인캐디 신상을 만나볼 수 있는 기회! 😎

오늘이 지나면 혜택이 사라져요.
지금 바로 네이버플러스스토어에서 만나보세요!

▶기간 : 12/8(월)
▶자세히보기 : bit.ly/4pSDmZJ
(프로필 상단의 '진행 중인 이벤트 확인하기' 링크 클릭!)

#파인뷰#블랙박스#홈캠#펫캠#파인캐디#골프거리측정기#특가이벤트#이벤트중",2025-12-08,펫캠,post,,caption,substitute,2026-10-01T10:19:19
instagram,https://www.instagram.com/p/DR61GFikVyo/,9c0c8acf164a187b,,"#20251206

손올린거 너무귀여운거아님?🐶🥰
.
.
.
#펫캠 #모델 #콩선생 #멍멍",2025-12-06,펫캠,post,,caption,substitute,2026-10-01T10:19:19
instagram,https://www.instagram.com/p/DR3GghvE7s8/,cb11c01ba9e9c0e4,,"🎉H몰 X 파인뷰🎉

✨파인뷰 홈캠 라이브✨
12/5(금), 12:00PM ~ 13:00 PM
단 1시간!

해킹 걱정으로 홈캠을 구매하기 꺼려지신다고요? 😭
인증된 국내 브랜드 파인뷰와 함께하면 걱정 끝입니다!

금융권 수준의 보안으로 영상 유출 걱정 NO!
초고화질로 우리집을 선명하게 확인하는 파인뷰 홈캠!

오늘 단 1시간만 라이브 단독 특가와 함께 풍성한 사은품까지 드려요 🔥
12시에 현대 H몰 라이브에서 만나보실 수 있습니다.

▶기간 : 12/5(금), 12:00PM ~ 13:00 PM
▶자세히보기 : bit.ly/4pmmMBL
(프로필 상단의 '진행 중인 이벤트 확인하기' 링크 클릭!)

#파인뷰#홈캠#펫캠#라이브#라이브특가#파인뷰홈캠#이벤트중",2025-12-05,펫캠,post,,caption,substitute,2026-10-01T10:19:19
instagram,https://www.instagram.com/p/DR1m3H3kVyB/,b0cce7e10e02bb4c,,"🎉 캠봇 기능 가이드북 OPEN! – 숨겨진 꿀팁 대방출 🎉

“이 기능 뭐지?”
“이거 원래 되는 거였어?”

캠봇을 쓰다 보면 한 번쯤 이런 순간 있잖아요.
이미 쓰고 계신 분들도, 이제 막 사용하시는 분들도 생각보다 모르는 기능이 꽤 많더라구요.

캠봇은 단순 홈 카메라로 보기엔 너무 아까운 제품이에요.
겉으로는 심플해 보여도, 알고 보면 훨씬 똑똑하게 쓸 수 있는 기능들이 많거든요.

그래서 준비했습니다!👩‍🏫

그동안 놓치고 지나갔던 숨은 기능부터,
알고 쓰면 하루가 편해지는 제대로 된 활용법까지!!

캠봇 기능 가이드북에서 하나씩 천천히 알려드릴게요😉

먼저 이번 첫 번째 편에서는, 캠봇 사용자라면 꼭 알고 있어야 하는 “필수 기능 BEST 5”에 대해 정리해 봤어요🎯

[💫캠봇 200% 활용 TIP! - 꼭 알아야할 필수기능 BEST 5💫]

👉 실시간 영상 확인
언제 어디서든 우리 아이 상태를 바로 확인할 수 있는 가장 기본이자 필수 기능입니다.

👉 동작 감지 & 자동 추적
움직임 감지 시 자동 추적 및 기록까지! 사각지대를 최소화하여 더욱 정확하고 스마트한 모니터링을 제공합니다.

👉 양방향 통화
캠봇-앱 간 양방향 통신 기능으로 집 밖에서도 소통이 가능해요.

반려인뿐만 아니라 어린아이나 홀로 계신 어르신 가정에서도 유용하게 사용할 수 있습니다.

👉 팬틸트 기능
터치 한 번이면 원하는 곳 어디든 확인 가능!
좌우 350°, 상하 85°로 사각지대 없이 어디든 확인 가능합니다. 

👉 프라이버시 모드
사용하지 않을 땐 송출 화면 OFF!

필요에 따라 화면 송출을 중단해서 사생활 보호가 가능합니다.

오늘은 캠봇 사용 시 꼭 알아야 할 필수 기능들에 대해 소개해드렸는데요!

다음 편에선 여러분이 많이 물어보셨던 질문들만 쏙쏙 모은 FAQ 편으로 찾아올 예정이오니 많은 관심 부탁드려요💙

#캠봇 #CamBOT #홈카메라 #CCTV #스마트홈 #스마트가전
#펫캠 #반려동물 #강아지카메라 #고양이카메라 #집사템 #반려생활
#육아템 #생활가전 #보안카메라 #필수기능 #사용꿀팁 #가이드북 #FAQ",2025-12-04,펫캠,post,,caption,substitute,2026-10-01T10:19:19
instagram,https://www.instagram.com/p/DRzPDdggdhu/,887fb9d2b0dd5e14,,"자세히 보아야 든든하다 👀
선명하게 보아야 확실하다 ✨
MC230이 그렇다 👍

✅ 3K 500만 화소로 놓치는 곳 없이 선명하게!
✅ 13.5배 줌으로 못 보는 곳 없이 확실하게!
✅ AI 선별로 동물 감지부터 아기 울음 소리까지 꼼꼼히!
✅ 실내 보안을 위한 모든 기능, 머큐시스 앱 하나로 한 번에!

안전해야할 소중한 우리 집,
MC230 하나로 지켜보세요 💫",2025-12-03,펫캠,post,,caption,substitute,2026-10-01T10:19:19
instagram,https://www.instagram.com/p/DRwUpc_EYdv/,484befcdf2831dce,,"왜 이러는지 모를 메리 모음.zip2
💛정💛말💛귀💛여💛워💛",2025-12-02,펫캠,post,,caption,substitute,2026-10-01T10:19:19
instagram,https://www.instagram.com/p/DRtq5tpj2s7/,85f50d549d66d26f,,"🚨 뉴스에도 계속 보도되는 IP카메라 유출,,, 아직도 집에 들어오면 홈카메라 전원선을 뽑으시나요?

🔒 해킹 걱정 없는 진짜 보안!
저가형 홈캠의 해킹 문제, 남의 일이 아닙니다. 안전을 위해 설치한 홈캠이 오히려 나의 사생활을 위협할 수 있습니다. 신뢰할 수 있는 제품을 구매하는 것이 가장 중요합니다!

✨ 이글루캠이 안전한 이유!
이글루캠은 고객님의 개인정보 보호를 위해 최선을 다합니다.

개인정보보호위원회 주관 '개인정보보호중심설계(PbD) 인증' 진행 중!
국내에서 제품 설계·개발·운영되는 홈 카메라만 참여 가능합니다.

고객의 개인정보와 안전 최우선!
-고도의 암호화 프로토콜 기반 보안 기술 적용
-지속적 토큰 갱신으로 비인가 접근을 원천 봉쇄

모든 고객님이 안전하게 홈캠을 이용할 수 있도록 이글루캠이 앞장서겠습니다.

#이글루캠 #국내개발홈캠 #보안중심홈캠 #IP카메라 #디자인특허 #직원수확인필수#홈카메라 #보안강화 #국내서버 #국내서버둔갑 #택갈이주의 #베이비캠 #반려동물캠#펫캠 #PbD #개인정보보호 #이글루",2025-12-01,펫캠,post,,caption,substitute,2026-10-01T10:19:19
instagram,https://www.instagram.com/p/DRtRUItE0TP/,c00114017ca69083,,"🎉네이버플러스스토어 X 파인뷰 파인캐디🎉

✨강세일✨
12/1(월)~12/14(일)

네이버와 함께 강!하게 준비한 세일
블랙박스/골프거리측정기/홈캠
인기 제품 싹~ 모아서 진행합니다! 😎

최대 65% 할인 혜택 받고
소비자 인기 제품 구매할 수 있는 기회!

지금 바로 네이버플러스스토어에서 만나보세요 👏🏻

▶기간 : 12/1(월)~12/14(일)
▶자세히보기 : bit.ly/48w4syU
(프로필 상단의 '진행 중인 이벤트 확인하기' 링크 클릭!)

#파인뷰#블랙박스#홈캠#펫캠#파인캐디#골프거리측정기#강세일#이벤트중",2025-12-01,펫캠,post,,caption,substitute,2026-10-01T10:19:19
instagram,https://www.instagram.com/p/DRtk7fhkab8/,663e72f1ae4230b7,,"작년 <웃어라 집사야! 시즌 1>에 참여해주셨던 많은 분들의 성원에 힘입어
올해에는 <웃어라 집사야! 시즌 2>를 진행하게 되었습니다! 짝짝짝👏🏻👏🏻

감사한 마음으로 이번에는 시상 인원도 더욱 많이!
경품도 더 푸짐하게! 드리려고 합니다 😍

지금이야 말로 우리집 사랑둥이들을 세상에 자랑할 기회라구요?!
댕냥이가 아니더라도 노~프라블럼! 
사랑스러운 반려동물 누구든 참여 가능합니다 💙

① 행복 (반려동물과 함께하는 우리 가족의 모습 자랑하기)
② 피식 (반려동물의 폭소를 부르는 모습 자랑하기)
③ 재롱 (반려동물의 귀여운 개인기 자랑하기)

콘테스트를 주변 지인에게 많~이 추천해주신다면
추가로 친구상까지도 함께 노려볼 수 있는 기회가 있습니다 😎

더불어 참여만 해도 ✨파인뷰 K90✨ 추첨을 통해 받을 수 있으니,
지금. 바로. 신청서 작성하러 가셔야겠죠? 😏😏

P.S. 신청서를 작성하신 후에는 역!대!급! 히든 프로모션을 안내 받으실 수 있답니다.

[콘테스트 진행 기간]
- 접수 : 2025.12.1 ~ 2025.12.14
- 발표 : 2025.12.19
※ 발표는 파인뷰 홈캠 공식 인스타그램( ) 게시물 및 개별 연락을 통해 진행됩니다.

[접수 방법]
- 이미지에 삽입된 QR링크 혹은 본 게시물에 첨부한 링크를 통해 
 구글폼에 접속하여 양식에 따라 제출해주시면 끝!

▶접수 : 
(프로필 상단의 '진행 중인 이벤트 확인하기' 링크 클릭!)

[시상] ✨총 19명에게 상품이!✨
- 최고상(행복, 피식, 재롱 부문별 1등) : 신세계 상품권 100,000원권 (총 3명)
- 칭찬상(행복, 피식, 재롱 부문별 추첨 4명) : 신세계 상품권 50,000원권 (총 12명)
- 친구상(친구 추천 1등) 신세계 상품권 50,000원권
- 참여상(전체 추첨 3명) : 파인뷰 홈캠 K90

❗유의사항❗
- 타인의 반려동물을 도용하여 참여하는 사람에게 문제가 발생할 시 파인뷰는 어떠한 책임도 지지 않습니다.
- 타인의 반려동물을 도용하여 참여한 사실이 확인될 시 즉시 참여 취소됩니다.
- 1인당 1부문(행복, 재롱, 피식) 참여 가능합니다. 중복 참여는 인정하지 않습니다.",2025-12-01,펫캠,post,,caption,substitute,2026-10-01T10:19:19
instagram,https://www.instagram.com/p/DRYzMlpEUIi/,fc394b84814a15ff,,"지금 캠봇 부스 난리났어요😍

오늘도 저희 캠봇 부스 앞에서 발걸음을 멈칫 하시는 분들이 정말 많아요!
직접 보고, 만져보고, 기능 체험까지.

마지막 날까지 관심 폭발인데요🔥

아직 못보신 분들! 지금 바로 4102부스로 놀러오세요💙

#메가주 #메가주2025 #Megazoo
#캠봇 #CamBot #스마트홈캠 #펫캠 #펫테크
#반려동물전시회 #킨텍스 #킨텍스전시회
#반려동물케어 #반려동물행동교정 #미니상담
#집사필수템 #반려동물용품 #반려동물이벤트
#강아지캠 #고양이캠 #반려동물관리
#전시회부스 #현장스케치 #캠봇부스 #실시간 #시연",2025-11-23,펫캠,post,,caption,substitute,2026-10-01T10:19:19
instagram,https://www.instagram.com/p/DRWEM-Hke0f/,0f3ce01bc5129070,,"🎉 현장스케치 🎉

안녕하세요 여러분~~!
메가주 둘째 날이 밝았습니다!

오늘도 저희 캠봇 부스에 정말 많은 분들이 찾아와 주셨는데요😊
어제에 이어 제품 시연 + 다양한 이벤트들이 줄줄이 이어지고 있으니 지금 바로 놀러오세요💙

--------------------------------

[🎁EVENT 1🎁] 펫페어 한정 특별 프로모션🎉
1️⃣ CamBOT 현장 구매 시 최대 15% 할인!
✅3개 구매시: 159,030 -> 135,176원
✅2개 구매시: 108,250원 -> 97,430원
✅1개 구매시: 55,800원 -> 53,000원
*64G SD카드 + 귀요미 스킨까지 몽땅 드려요!

[🎁EVENT 2🎁] 100% 당첨! 돌려돌려 돌림판 이벤트🎉

✨캠봇 구매 고객님들을 위한 스페셜 이벤트✨

⭐️ 1등 경품 집중 소개 ⭐️
[CamBOT X 독컬] 반려동물 양육 컨설팅 상담권 제공(선착순 20명)

1️⃣ 우리 아이의 행동 문제부터 영양 관리, 교육까지!
평소 궁금했던 반려동물 양육 전반을 깊이 있게 상담받을 수 있는 온라인 상담권을 드립니다!

🎯현장 특전: 행사 당일, 부스에서 전문가와 5분정도 짧은 미니 상담을 먼저 진행해 보실 수 있습니다.

👉 독컬 인스타 아이디: neulpum_official_

* 본 상담권은 톡컬 프로그램과 연계하여 제공되며, 상담 진행과 관련하여 발생하는 사항은 톡컬 규정에 따름을 안내 드립니다.

✅ 2등: 댕댕이 터크 토이
✅ 3등: 댕냥이 전용 물티슈

[🎁EVENT 3🎁] 인스타 팔로우 + 설문조사 참여 이벤트🎉

✨방문객 전원 증정! 댕냥이 물티슈 받아가자!✨

1️⃣ 캠봇 부스에 방문만 하셔도 100% 선물을 드립니다!

참여 방법:
✅ 인스타 CamBOT 팔로우
✅ 설문조사 참여
👉 댕냥이 전용 물티슈 GET!

📍 부스 위치: 4102(4번 출입구에서 좌측으로 10초만 걸어오시면 바로 있어요!)
🗓️ 이벤트 기간: 2025. 11. 21(금) ~ 23(일)

#메가주 #메가주2025 #Megazoo
#캠봇 #CamBot #스마트홈캠 #펫캠 #펫테크
#반려동물전시회 #킨텍스 #킨텍스전시회
#반려동물케어 #반려동물행동교정 #미니상담
#집사필수템 #반려동물용품 #반려동물이벤트
#강아지캠 #고양이캠 #반려동물관리
#전시회부스 #현장스케치 #캠봇부스",2025-11-22,펫캠,post,,caption,substitute,2026-10-01T10:19:19
instagram,https://www.instagram.com/p/DRT-mywkYB5/,e6c0bf2dfb30fd9c,,"#이벤트 #팔로워이벤트
🎉파인뷰 홈캠 냥냥이 상식 QUIZ🎉
금요일에 함께하는 파인뷰 홈캠 퀴즈 시간!
고양이의 시력에 관해 들어보신 적이 있으신가요? 😺

고양이는 의외로 가까운 것에 대해 둔감하답니다.
가장 중요한 추가 힌트를 드려버렸네요! 😊

Q. 다음 중 고양이가 가장 식별하기 어려운 물체는?

1. 날아가는 공
2. 야간에 돌아다니는 햄스터
3. 눈앞에 멈춰 있는 장난감

★HINT. 고양이는 움직이는 물체에 더 민감합니다.

댓글을 남겨주신 분들 중 열 분을 추첨하여
네이버페이 포인트 5,000원을 증정해드립니다!

[이벤트]
▶기간 : 11/21(금)~11/27(목)
▶발표 : 11/28(금) *개별 DM 발표
▶경품 : 네이버페이 포인트 5,000원 (추첨 10명)
▶참여방법 :
1. 파인뷰 홈캠 인스타그램 팔로우
2. 보기 중 고양이가 가장 식별하기 어려운 물체를 골라 댓글로 달기
3. 추첨을 통해 열 분께 네이버페이 포인트 5,000원 증정!

🎁본 이벤트는 파인뷰 홈캠 인스타그램 팔로워 대상 이벤트입니다.
🎁최신글 5개에 좋아요를 눌러주시면 당첨 확률 UP!
🎁비공개 계정은 당첨 불가 합니다.",2025-11-21,펫캠,post,,caption,substitute,2026-10-01T10:19:19
instagram,https://www.instagram.com/p/DRTuIvNEZD-/,4061e4ae6a904bf4,,"🎯 현장스케치 🎯

드디어 메가주가 시작됐습니다!

현재 저희 캠봇 부스(4102) 에 많은 분들이 방문해 주고 계신데요 😊
부스에서는 제품 시연은 물론,
다양한 현장 이벤트도 함께 진행 중입니다💙

🎁 현장에서만 참여 가능한 특별 이벤트!
1️⃣ 최대 15% 할인 이벤트
-1개 구매: 55,800원 → 53,000원
-2개 구매: 108,250원 → 97,430원
-3개 구매: 159,030원 → 135,176원

🙋‍♀️ 잠깐! 제품만 받으면 섭섭하죠?
현장에서 캠봇 구매하시면
캠봇 + 64G SD카드 + 귀요미 스킨
👉 삼종세트로 전부 드립니다! 😍

이 외에도
🎡 돌림판 이벤트,
📱 팔로우 이벤트 등
더 많은 현장 이벤트도 준비되어 있으니
꼭 부스에서 확인해 보세요!

🩵 또한 반려동물 행동교정 전문 업체와 함께
스페셜 미니 상담도 진행 중이니
우리 아이 상담도 받고 가세요!

#메가주 #메가주2025 #Megazoo
#캠봇 #CamBot #스마트홈캠 #펫캠 #펫테크
#반려동물전시회 #킨텍스 #킨텍스전시회
#반려동물케어 #반려동물행동교정 #미니상담
#집사필수템 #반려동물용품 #반려동물이벤트
#강아지캠 #고양이캠 #반려동물관리
#전시회부스 #현장스케치 #캠봇부스",2025-11-21,펫캠,post,,caption,substitute,2026-10-01T10:19:19
instagram,https://www.instagram.com/p/DROybtwkRqp/,0e7c9040bbeb6eb2,,"🎉캠봇 ""신상 스킨"" 출시 기념 무료 증정 이벤트🎉

여러분~! 드디어,, 캠봇에 진짜 미친 귀여움을 자랑하는 신상 스킨들이 상륙했습니다💦

이 귀요미들 출시 기념으로, 메가주에서 캠봇을 구매한 분들에 한해 신상 스킨 1개를 무료로 증정합니다!
(현장 구매자 전용 혜택이에요!)

고양이 🐱, 판다 🐼, 시바견 🐕까지!
여러분이 뭘 좋아할지 몰라 다 준비해 봤어요😍
현장구매하고 최애 스킨을 골라보세요!

⚠️잠깐! 꼭 확인해주세요⚠️
본 혜택은 메가주 ‘현장 구매자’ 한정 이벤트로, 재고 소진 시 이벤트가 조기 종료될 수 있습니다.

📍 부스 위치: 4102(4번 출입구에서 좌측으로 10초만 걸어오시면 바로 있어요!)
🗓️ 이벤트 기간: 2025. 11. 21(금) ~ 23(일)

귀여움 폭발하는 신상 스킨, 캠봇 부스에서 직접 확인하세요💙

#캠봇 #CamBot #홈캠 #스킨 #실리콘 #커버 #반려동물캠 #강아지캠 #고양이캠 #펫캠 #댕댕이 #냥이 #반려동물 #집사필수템 #육아는장비빨 #홈CCTV #펫스타그램 #견스타그램 #묘스타그램 #반려견그램 #이벤트 #프로모션",2025-11-19,펫캠,post,,caption,substitute,2026-10-01T10:19:19
instagram,https://www.instagram.com/p/DRMs7TOk226/,216c8bcf008e95c7,,"#리그램 - 
✨ 2025 메가주 일산! 캠봇 부스(4102)에서 만나요 ✨

메가주 한정 역대급 이벤트🎉 

[🎁EVENT 1🎁] 펫페어 한정 특별 프로모션
1️⃣ CamBOT 현장 구매 시 최대 15% 할인!
✅3개 구매시: 159,030 -> 135,176원
✅2개 구매시: 108,250원 -> 97,430원
✅1개 구매시: 55,800원 -> 53,000원
*64G SD카드 + 귀요미 스킨까지 몽땅 드려요!

[🎁EVENT 2🎁] 100% 당첨! 돌려돌려 돌림판 이벤트

✨캠봇 구매 고객님들을 위한 스페셜 이벤트✨

⭐️ 1등 경품 집중 소개 ⭐️
[CamBOT X 독컬] 반려동물 양육 컨설팅 상담권 제공(선착순 20명)

우리 아이의 행동 문제부터 영양 관리, 교육까지!
평소 궁금했던 반려동물 양육 전반을 깊이 있게 상담받을 수 있는 온라인 상담권을 드려요!

현장 특전: 행사 당일, 부스에서 전문가와 5분정도 짧은 미니 상담을 먼저 진행해 보실 수 있어요

👉 독컬 인스타 아이디: 

* 본 상담권은 톡컬 프로그램과 연계하여 제공되며, 상담 진행과 관련하여 발생하는 사항은 톡컬 규정에 따름을 안내 드립니다.

✅ 2등: 댕댕이 터크 토이
✅ 3등: 댕냥이 전용 물티슈

[🎁EVENT 3🎁] 인스타 팔로우 + 설문조사 참여 이벤트

방문객 전원 증정! 
댕냥이 물티슈 받아가세요!

캠봇 부스에 방문만 하셔도 100% 선물을 드려요

참여 방법:
✅ 인스타 CamBOT 팔로우
✅ 설문조사 참여
👉 댕냥이 전용 물티슈 GET!

📍 부스 위치: 4102(4번 출입구에서 좌측으로 10초만 걸어오시면 바로 있어요!)
이벤트 기간: 2025. 11. 21(금) ~ 23(일)

부스 방문하시고 경품 왕창 받아가세요💙

#캠봇 #CamBot #홈캠 #반려동물캠 #강아지캠 #고양이캠 #펫캠 #댕댕이 #냥이 #반려동물 #집사필수템 #육아는장비빨 #홈CCTV #펫스타그램 #견스타그램 #묘스타그램 #늘품 #반려견그램 #행동교정 #상담 #이벤트 #프로모션",2025-11-18,펫캠,post,,caption,substitute,2026-10-01T10:19:19
instagram,https://www.instagram.com/p/DRL0fuxkZbk/,55c1ca91503a42da,,"✨ 2025 메가주 일산! 캠봇 부스(4102)에서 만나요 ✨

메가주 한정 역대급 이벤트🎉 

[🎁EVENT 1🎁] 펫페어 한정 특별 프로모션🎉
1️⃣ CamBOT 현장 구매 시 최대 15% 할인!
✅3개 구매시: 159,030 -> 135,176원
✅2개 구매시: 108,250원 -> 97,430원
✅1개 구매시: 55,800원 -> 53,000원
*64G SD카드 + 귀요미 스킨까지 몽땅 드려요!

[🎁EVENT 2🎁] 100% 당첨! 돌려돌려 돌림판 이벤트🎉

✨캠봇 구매 고객님들을 위한 스페셜 이벤트✨

⭐️ 1등 경품 집중 소개 ⭐️
[CamBOT X 독컬] 반려동물 양육 컨설팅 상담권 제공(선착순 20명)

1️⃣ 우리 아이의 행동 문제부터 영양 관리, 교육까지!
평소 궁금했던 반려동물 양육 전반을 깊이 있게 상담받을 수 있는 온라인 상담권을 드립니다!

🎯현장 특전: 행사 당일, 부스에서 전문가와 5분정도 짧은 미니 상담을 먼저 진행해 보실 수 있습니다.

👉 독컬 인스타 아이디: neulpum_official_

* 본 상담권은 톡컬 프로그램과 연계하여 제공되며, 상담 진행과 관련하여 발생하는 사항은 톡컬 규정에 따름을 안내 드립니다.

✅ 2등: 댕댕이 터크 토이
✅ 3등: 댕냥이 전용 물티슈

[🎁EVENT 3🎁] 인스타 팔로우 + 설문조사 참여 이벤트🎉

✨방문객 전원 증정! 댕냥이 물티슈 받아가자!✨

1️⃣ 캠봇 부스에 방문만 하셔도 100% 선물을 드립니다!

참여 방법:
✅ 인스타 CamBOT 팔로우
✅ 설문조사 참여
👉 댕냥이 전용 물티슈 GET!

📍 부스 위치: 4102(4번 출입구에서 좌측으로 10초만 걸어오시면 바로 있어요!)
🗓️ 이벤트 기간: 2025. 11. 21(금) ~ 23(일)

부스 방문하시고 경품 왕창 받아가세요💙

#캠봇 #CamBot #홈캠 #반려동물캠 #강아지캠 #고양이캠 #펫캠 #댕댕이 #냥이 #반려동물 #집사필수템 #육아는장비빨 #홈CCTV #펫스타그램 #견스타그램 #묘스타그램 #늘품 #반려견그램 #행동교정 #상담 #이벤트 #프로모션",2025-11-18,펫캠,post,,caption,substitute,2026-10-01T10:19:19
instagram,https://www.instagram.com/p/DRLh4d-D3vE/,2f426578eedbcf32,,"은신술과 기습이 취미인 바보 고양이랑 살아요🥷

🎥",2025-11-18,펫캠,post,,caption,substitute,2026-10-01T10:19:19
instagram,https://www.instagram.com/p/DRB5UAxEZ7a/,69e4adb89b764aca,,"#이벤트 #팔로워이벤트
🎉파인뷰 홈캠 맞출고양? 넌센스 QUIZ🎉
날씨가 쌀쌀한 가운데 다들 건강을 꼭 챙기시길 바라며,
오늘의 파인뷰 홈캠 퀴즈는 넌센스 퀴즈로 준비해보았습니다! 😎

그림을 잘~ 살펴보세요!
GOLD를 탐내는 도둑 고양이가 보입니다 😏

이 도둑 고양이에게 가장 잘 어울리는 '금'은 무엇일까요?

>> ㅅ ㄱ ㅅ ㄱ <<
★HINT. 소리가 나지 않게, 조용히 걸어야겠죠?

고양이가 걷는 모습을 상상해보면 금방 답이 나온답니다.

댓글을 남겨주신 분들 중 열 분을 추첨하여
신세계 상품권 5,000원을 증정해드립니다!

[이벤트]
▶기간 : 11/14(금)~11/20(목)
▶발표 : 11/21(금) *개별 DM 발표
▶경품 : 신세계 상품권 5,000원 (추첨 10명)
▶참여방법 :
1. 파인뷰 홈캠 인스타그램 팔로우
2. 도둑 고양이에게 가장 잘 어울리는 금은 무엇인지 댓글로 달기
3. 추첨을 통해 열 분께 신세계 상품권 5,000원 증정!

🎁본 이벤트는 파인뷰 홈캠 인스타그램 팔로워 대상 이벤트입니다.
🎁최신글 5개에 좋아요를 눌러주시면 당첨 확률 UP!
🎁비공개 계정은 당첨 불가 합니다.
🎁신세계 상품권은 문자로 발송되며, '이마트'에서 지류 상품권으로 교환 후 사용 가능합니다.",2025-11-14,펫캠,post,,caption,substitute,2026-10-01T10:19:19
instagram,https://www.instagram.com/p/DQ1XxIlE0JA/,e46698f35160420c,,"EVEVT] Ebo Air 2 Plus 팔로우 이벤트 마지막 날!

트렌드 뷰 & 팔로우하면
65만원 상당의 홈캠이 공짜?!

AI와 실시간으로 대화하고,
3K 초고화질 영상 통화, 자동 충전 부터 자율 순찰모드 까지✨

💡Ebo Air 2 Plus 주요기능
✔️챗 GPT 기반 자유로운 대화
✔️3K 고화질 카메라로 선명한 집 모니터링
✔️실시간 음성&영상 통화
✔️이보의 눈을 다양한 컬러·이미지·시계로 변경해
자유로운 커스터마이징
✔️최대 6명 동시 등록 온가족이 함께🧑‍🧑‍🧒‍🧒
✔️배터리가 부족할 땐 자동충전!

우리집은 EBO AIR 2 PLUS가 지켜요!

🗓️기간: 10월27일(월)-11월9일(일)
당첨자 선정: 11월 10일(월)
(개별 DM 드려요💟)

#이보#에나봇#이보에어투플러스 #홈캠 #펫캠#홈cctv #cctv",2025-11-09,펫캠,post,,caption,substitute,2026-10-01T10:19:19
instagram,https://www.instagram.com/p/DQwWlNhkpUK/,03623bac3f7b1e5a,,#펫캠 자는 거 넘 넘넘넘 넘 귀여움,2025-11-07,펫캠,post,,caption,substitute,2026-10-01T10:19:19
instagram,https://www.instagram.com/p/DQv7lYBkbmp/,ad04aadf9fd6c721,,"#이벤트 #팔로워이벤트
🎉파인뷰 홈캠 반려동물 생활법률 QUIZ🎉
즐거운 금요일, 파인뷰 홈캠과 함께하는 반려동물 퀴즈 시간!
오늘은 #고양이 가 주인공인 날입니다 😎

'동물 등록'에 관해 다들 들어보셨나요?
반려동물 정보를 공식적인 데이터로 등록함으로써
유실·유기 방지와 소유자의 책임 강화를 위해 도입된 제도라고 합니다.

바로 오늘의 퀴즈와 연관된 주제인데요!

Q. 반려견은 동물 등록이 의무입니다.
미등록 시 과태료까지 부과되는데요.
그렇다면 반려가구의 다수를 차지하고 있는
'반려묘'도 동물 등록이 필수일까요?

1. 2개월령 이상의 반려묘는 등록 의무가 있다.
2. 반려묘는 자율적 등록이다.

★HINT. 현재는 일부 지자체에서 '시범 운영' 중입니다.

댓글을 남겨주신 분들 중 10분을 추첨하여
CU 5,000원권을 증정해드려요!

[이벤트]
▶기간 : 11/7(금)~11/13(목)
▶발표 : 11/14(금) *개별 DM 발표
▶경품 : CU 5,000원 (추첨 10명)
▶참여방법 :
1. ★파인뷰 홈캠 인스타그램 팔로우★
2. 반려동물 등록제에 대한 설명을 보고 정답을 골라 댓글로 달기
3. 추첨을 통해 10분께 CU 5,000원 증정!

🎁파인뷰 홈캠 인스타그램 팔로우가 확인되지 않을 시 경품 증정이 어렵습니다.
🎁최신글 5개에 좋아요를 눌러주시면 당첨 확률 UP!
🎁비공개 계정은 당첨 불가 합니다.",2025-11-07,펫캠,post,,caption,substitute,2026-10-01T10:19:19
instagram,https://www.instagram.com/p/DQvpWq1khTb/,ec8dee9c36b72faf,,"주인이 콩떡이 분리불안이라 설치한 홈캠 대만족
#펫캠 #홈캠 #묘린이 😻😻😻😽😽😽🫶🏻",2025-11-07,펫캠,post,,caption,substitute,2026-10-01T10:19:19
instagram,https://www.instagram.com/p/DQrK95kjzbj/,a7571838b3e43ab6,,"펫캠이 신기한 아띠🩶
꼿꼿하이 잘 서네🤣
#고양이의보은실사판",2025-11-05,펫캠,post,,caption,substitute,2026-10-01T10:19:19
instagram,https://www.instagram.com/p/DQd3fAREeCV/,5619e79dcc0a4f6e,,"#이벤트 #팔로워이벤트
🎉냥냥이 상식 QUIZ🎉
즐거운 금요일, 오늘은 고양이와 함께하는 퀴즈를 준비했습니다 😎
우리 고양이들의 트레이드 마크!
'식빵 자세'에 관해 다들 알고 계시죠?
웅크린 자세가 식빵과 닮았다고 하여 식빵을 굽는다고들 합니다 😊

그러면 이와 관련한 퀴즈!

Q. 고양이의 '식빵 자세'에 관한 의미로 옳지 않은 것은?

1. 편하게 휴식 중
2. 체온 유지를 위해 웅크림
3. 배고파서 배를 부여잡음

★HINT. 한 가지를 제외하면 가만히 있어도 문제 없다.

댓글을 남겨주신 분들 중 열 분을 추첨하여
네이버페이 포인트 5,000원을 증정해드립니다!

[이벤트]
▶기간 : 10/31(금)~11/6(목)
▶발표 : 11/7(금) *개별 DM 발표
▶경품 : 네이버페이 포인트 5,000원 (추첨 10명)
▶참여방법 :
1. 파인뷰 홈캠 인스타그램 팔로우
2. 고양이의 식빵 자세에 대한 의미로 옳지 않은 것을 골라 댓글로 달기
3. 추첨을 통해 열 분께 네이버페이 포인트 5,000원 증정!

🎁본 이벤트는 파인뷰 홈캠 인스타그램 팔로워 대상 이벤트입니다.
🎁최신글 5개에 좋아요를 눌러주시면 당첨 확률 UP!
🎁비공개 계정은 당첨 불가 합니다.",2025-10-31,펫캠,post,,caption,substitute,2026-10-01T10:19:19
instagram,https://www.instagram.com/p/DQVijnAiQsi/,bf96dc8ab6e4c668,,"📸 상황별 홈캠 추천!

반려동물 케어부터 현관 보안까지,
어떤 상황에도 꼭 맞는 EZVIZ 홈캠을 만나보세요 👀

✔️ 반려동물 케어엔 360° 회전 TY1
✔️ 아기방·거실엔 가성비 끝판왕 C1CB
✔️ 1인가구 현관 보안엔 DB2C 도어벨
✔️ 매장·외부 보안엔 AI 컬러 야간 C3X
✔️ 완전 무선으로 설치가 자유로운 BC1C

💡 상황에 맞게 고르면 실패 없는 홈캠 선택 완성!

👉 더 자세한 정보는 [이지비즈코리아 공식몰]에서 확인해보세요.
🏡 스마트한 일상, 안전한 우리집. EZVIZ가 함께합니다.

#EZVIZ #이지비즈 #스마트홈 #홈캠추천 #스마트홈카메라 #우리집지킴이 #홈보안 #스마트라이프 #스마트테크 #펫캠 #반려생활 #아기방캠 #현관도어벨 #1인가구필수템 #CCTV추천 #안심육아 #스마트가전 #홈테크 #따뜻한일상 #스마트한일상",2025-10-28,펫캠,post,,caption,substitute,2026-10-01T10:19:19
instagram,https://www.instagram.com/p/DQSqROhkz9S/,a322a4158da5d911,,"이보 팔로우 이벤트 라스트데이!
아직 신청 안했다면, 트렌드 뷰 팔로우 후
이벤트 신청하세요👍🏻

사각지대 없이 집안 구석구석 돌아다니는 EBO💓
오늘도 우리 집, 이보가 든든히 지켜요

✔️ 360° 카메라 + 양방향 통화(카메라/마이크/스피커)
✔️ 전용 앱으로 터치 한 번에 손쉬운 컨트롤
✔️ 장애물은 피하고, 카페트 위도 자유롭게!
✔️ 배터리 걱정 없는 자동 충전
✔️ 자동 영상 저장 기능으로 소중한 추억 저장하기
✔️ 자율 순찰 모드 ON

#이보#ebo#이보se#ebose#홈캠#펫캠#홈cctv#이동식cctv",2025-10-26,펫캠,post,,caption,substitute,2026-10-01T10:19:19
instagram,https://www.instagram.com/p/DQN4NcvEo7S/,92afa75d9f39b2ef,,"_
어무니.
캠으로 나 부르지 말고
얼른 와서 만지덩가 간식 주덩가 하쇼.

...
 Mother.
Don't call me with the cam
Hurry up and touch him or give him a snack

#말티푸 #말티즈 #푸들 #슈나우저 #믹스 #펫
#강아지일상 #펫스타그램 #댕댕이 #멍팔 #망구
#Maltipoo #Maltese #Poodle #schnauzer #Mix 
#pet #doglover #First 
 #홈캠 #펫캠 #째려보지마 #간식사갈게 #근데 #너 #간식 #금지 
#미안 #homecam #snacktime",2025-10-25,펫캠,post,,caption,substitute,2026-10-01T10:19:19
instagram,https://www.instagram.com/p/DQL66FbEdbD/,50c099f56e71f1d1,,"#이벤트 #팔로워이벤트
🎉파인뷰 홈캠 맞춰보개! 그림 QUIZ🎉
가끔씩 넌센스 퀴즈를 풀다보면
어이없어서 한 번 피식, 정답을 알고보니 그럴듯해서 피식하게 된다죠 😎

오늘 파인뷰 홈캠이 준비한 퀴즈도 그렇습니다!
힘든 한 주간을 마무리하면서 가볍게 웃고, 퀴즈도 풀고, 경품 받아가세요~🎁

오늘 주어진 이미지에서 단어를 하나 연상해보세요.
요소 하나 하나를 조합해보면 금방 단어가 나온답니다!

정답 : ㄱ ㄹ ㅌ 

★HINT. 파인뷰 제품은 항상 고품질을 '보장'합니다.

댓글을 남겨주신 분들 중 열 분을 추첨하여
신세계 상품권 5,000원권을 증정해드려요!

[이벤트]
▶기간 : 10/24(금)~10/30(목)
▶발표 : 10/31(금) *개별 DM 발표
▶경품 : 신세계 상품권 5,000원 (추첨 10명)
▶참여방법 :
1. 파인뷰 홈캠 인스타그램 팔로우
2. 주어진 이미지와 초성을 보고 정답을 댓글로 달기
3. 추첨을 통해 열 분께 신세계 상품권 5,000원 증정!

🎁본 이벤트는 파인뷰 홈캠 인스타그램 팔로워 대상 이벤트입니다.
🎁최신글 5개에 좋아요를 눌러주시면 당첨 확률 UP!
🎁비공개 계정은 당첨 불가 합니다.
🎁신세계 상품권은 문자로 발송되며, '이마트'에서 지류 상품권으로 교환 후 사용 가능합니다.",2025-10-24,펫캠,post,,caption,substitute,2026-10-01T10:19:19
instagram,https://www.instagram.com/p/DQEDQJnkc-W/,b16a9a3c2d5483b2,,"#댕스타그램
오늘도 돼지네 집지키는 홈cctv*

돼지가 노즈워크 하는 모습
훔쳐보던 그 CCTV!
돼지두고 외출해도 홈캠으로 지켜보면 안-심
선명한 고화질에 무엇보다
집에 켜두는 카메라인데 카메라 보안이 철처해
믿을만하다고 해서 안심하고 사용중~🤍

▶출처 : 

#댕댕이일상 #강아지일상 #견주일상 #홈캠",2025-10-21,펫캠,post,,caption,substitute,2026-10-01T10:19:19
instagram,https://www.instagram.com/p/DP52-A3D_3S/,6e35dd03f6f87226,,"_
펫 캠 두개 설치 완!
메모리카드용량이 커서 며칠짜리도 저장가능!

이제 안심^^

#러시안블루 #펫캠 #홈캠 #냥스타그램 #냥팔맞팔환영 #냥팔",2025-10-17,펫캠,post,,caption,substitute,2026-10-01T10:19:19
instagram,https://www.instagram.com/p/DP51nY1kY1R/,216b4f4eebdaedc2,,"#이벤트 #팔로워이벤트
🎉나는 누구일까요?🎉
귀여운 반려동물과 함께하는 파인뷰 홈캠 퀴즈가 찾아왔습니다 😎
즐거운 금요일에 가볍게 풀어보시고 경품 받아가세요!

① '러시아'에서 시작된 품종
② 빽빽하고 긴 털과 둥글둥글한 인상

ㅅ ㅂ ㄹ ㅇ 고양이

★HINT. 허스키와 출신이 같습니다.

러시아의 추~운 지방 출신이라고 하는데요 😊

댓글을 남겨주신 분들 중 열 분을 추첨하여
네이버페이 포인트 5,000원권을 증정해드려요!

[이벤트]
▶기간 : 10/17(금)~10/23(목)
▶발표 : 10/24(금) *개별 DM 발표
▶경품 : 네이버페이 포인트 5,000원 (추첨 10명)
▶참여방법 :
1. 파인뷰 홈캠 인스타그램 팔로우
2. 주어진 설명과 이미지를 보고 정답을 댓글로 달기
3. 추첨을 통해 열 분께 네이버페이 포인트 5,000원 증정!

🎁본 이벤트는 파인뷰 홈캠 인스타그램 팔로워 대상 이벤트입니다.
🎁최신글 5개에 좋아요를 눌러주시면 당첨 확률 UP!
🎁비공개 계정은 당첨 불가 합니다.",2025-10-17,펫캠,post,,caption,substitute,2026-10-01T10:19:19
instagram,https://www.instagram.com/p/DPvbBcdkl9W/,afb7dd324bc09915,,"사각지대 없이 집안 구석구석 돌아다니는 EBO💓
오늘도 우리 집, 이보가 든든히 지켜요

✔️ 360° 카메라 + 양방향 통화(카메라/마이크/스피커)
✔️ 전용 앱으로 터치 한 번에 손쉬운 컨트롤
✔️ 장애물은 피하고, 카페트 위도 자유롭게!
✔️ 배터리 걱정 없는 자동 충전
✔️ 자동 영상 저장기능으로 소중한 기억 저장하기
✔️ 자율 순찰 모드 ON

#이보 #ebo #enabot #에나봇 #홈캠 #펫캠",2025-10-13,펫캠,post,,caption,substitute,2026-10-01T10:19:19
instagram,https://www.instagram.com/p/DPtpmu9Epzq/,61e562a3a8ccaa93,,"귀여워*10000000

#고양이 #서쿠마 #펫캠",2025-10-12,펫캠,post,,caption,substitute,2026-10-01T10:19:19
instagram,https://www.instagram.com/p/DPogTJQk9jc/,b5372671bd214d88,,"#사진첩털이
1, 8, 9, 15, 17, 18. 곰곰이 건강검진 하는 날, 마루도 따라와서 기다리는 중! 매년 다섯 다 다른 날 검진하니까 뒤돌아서면 동물병원인거 같은 이 느낌
2. 계산하고 나갔더니 해맑게 반겨주며 기다리는 이쁜 내 딸😘
3. #오둥이🐕 충성충성 타임
4, 16. 택배오면 일단 킁킁
5, 6, 19, 20. 아빠가 키우는 자두랑 방토, 깻잎 + 내 최애 복숭아! 그리고 참외, 사과, 샤인이랑 할머니들이 가져다주신 알배기
7. 살 붙이고 앉는걸 좋아하거든요!
10. 다섯 중 둘만 나와서 외아들 타임 만끽 중☺️
11. 꼬기조아
12. 다섯 중에 둘만 병원행이라 집에 있는 세 친구 cctv로 훔쳐보기 #펫캠
13. 막내의 디지몬 자랑
14. 엄마표 채소계란말이",2025-10-10,펫캠,post,,caption,substitute,2026-10-01T10:19:19
instagram,https://www.instagram.com/p/DPnz5sGER16/,384f7b6faca5b772,,"#이벤트 #팔로워이벤트
🎉파인뷰 홈캠 댕댕이 상식 QUIZ🎉
우리 반려동물과 함께 즐거운 연휴 보내셨나요?
오늘은 파인뷰 홈캠 퀴즈와 함께 다시 에너지를 충전해봅시다! ✨

Q. 강아지가 꼬리를 흔들면 무조건 기쁨과 흥분의 의미이므로
반갑게 다가가도 된다? (O/X)

정답을 O 혹은 X로 남겨주세요!

★HINT. 기쁨 뿐만 아니라 다양한 감정이 반영됩니다.

댓글을 남겨주신 분들 중 열 분을 추첨하여
CU 5,000원권을 증정해드려요!

[이벤트]
▶기간 : 10/10(금)~10/16(목)
▶발표 : 10/17(금) *개별 DM 발표
▶경품 : CU 5,000원 (추첨 10명)
▶참여방법 :
1. 파인뷰 홈캠 인스타그램 팔로우
2. 강아지가 꼬리를 흔들면 무조건 기쁨의 의미인지 O,X로 댓글 달기
3. 추첨을 통해 열 분께 CU 5,000원 증정!

🎁본 이벤트는 파인뷰 홈캠 인스타그램 팔로워 대상 이벤트입니다.
🎁최신글 5개에 좋아요를 눌러주시면 당첨 확률 UP!
🎁비공개 계정은 당첨 불가 합니다.",2025-10-10,펫캠,post,,caption,substitute,2026-10-01T10:19:19
instagram,https://www.instagram.com/p/DQLlAXlCcx5/,c93c89426efc47aa,,"🏠📸 이글루 홈캠으로 갈아타고, 스타벅스 아메리카노 받자! ☕

지금 해킹 안전구역 이글루 홈캠으로 바꾸고,
인스타그램에 인증샷 올리면 🎁
스타벅스 아메리카노 전원증정🙌

✅ 참여 방법
1️⃣ 행사 기간 10.24 ~ 11.10 내 이글루 네이버 스마트스토어 홈캠 구매 고객
2️⃣ 본인 인스타그램 공개 피드에 인증샷 업로드
3️⃣ 이벤트 설문 참여 완료

⚠️ 유의사항
-피드 비공개 시 참여 불가
-설문 미참여 시 제외
-당첨자 발표 전 게시물 삭제 시 참여 인정 불가
-경품 발송은 당첨자 발표 후 약 한 달 소요 예정

📆 지금 바로 참여하고,
홈캠도 바꾸고 ☕ 커피도 받자! 💚

#이글루홈캠 #이글루캠 #홈캠 #보안은이글루#해킹안심구역 #홈카메라 #펫캠 #베이비캠 #보안캠 #보안은이글루 #홈보안 #캠추천 #스타벅스이벤트 #이글루이벤트 #인스타이벤트 #네이버스마트스토어

이글루 스마트스토어: 
설문링크:",2025-10-24,펫캠,post,,caption,substitute,2026-10-01T10:19:19
instagram,https://www.instagram.com/p/DPXxfNlE7bA/,64b70745882354ab,,"최근에 이사를 하시면서 새로이 설치할 펫캠 거치대 제작의뢰를 해 주셨습니다! 
일자형, 인 코너형, 아웃 코너형 등의 디자인으로 총 7개!
고양이를 키우시는 분께서 사연이 있어 집에 여러 대의 카메라를
설치하게 되셔서요. 저도 집에 냥이를 키우는 입장이라 펫캠을 설치해 두었는데
이런 거치대를 제작하여 놓을 생각을 못했네요. 🤔😊
덕분에 저도 집에 펫캠 거치대를 제작하여 설치해야지하는 아이디어를 얻었습니다.

집에 반려견, 반려묘, 반려동물.
그리고 아가가 있는 집들에 꼬꼬핀으로 부착하여 사용할 수 있는 이런 거치대 어떠실까요?

첫번째 사진의 거치대 받침대는 높은 곳에 거치대를 달았을때
각도가 바닥까지 안 보일 수 있어 각도 기울기용이라고 합니다!
혹시 몰라 받침대도 2~3개씩 쌓아올려 각도를 조절할 수 있도록 넉넉히 제작하였어요.

새 집에 소이로의 자그만한 가구들로 여럿 자리잡아 주시는 것 같아 정말 감사합니다.🙏
.
최대한으로 정성스레 제작하겠습니다.

.
#소이로 #펫캠 #거치대 #아기 #베이비캠 #주문제작 #냥이 #반려캠",2025-10-04,펫캠,post,,caption,substitute,2026-10-01T10:19:19
instagram,https://www.instagram.com/p/DPTMjqqkV0o/,d97c200cc301c06e,,"#이벤트 #팔로워이벤트
🎉달아 달아 내 소원은🎉
대명절 추석을 맞아 파인뷰 홈캠에서 준비한 이벤트!
바로, 스마트 AI 홈캠 K100 증정 이벤트입니다! 😎

댓글로 남은 2025년 동안 꼭~! 이루고 싶은 소원을 남겨주세요. 
둥근 달을 보며 파인뷰도 여러분의 소원이 이루어 질 수 있도록 빌어보겠습니다 👏🏻

댓글을 남겨주신 분들 중 세 분을 추첨하여
K100 블랙을 증정해드려요!

[이벤트]
▶기간 : 10/2(목)~10/9(목)
▶발표 : 10/10(금) *개별 DM 발표
▶경품 : K100 블랙 (추첨 3명)
▶참여방법 :
1. 파인뷰 홈캠 인스타그램 팔로우
2. 남은 2025년, 이루고 싶은 소원을 댓글로 달기
3. 추첨을 통해 세 분께 K100 블랙 증정!

🎁본 이벤트는 파인뷰 홈캠 인스타그램 팔로워 대상 이벤트입니다.
🎁최신글 5개에 좋아요를 눌러주시면 당첨 확률 UP!
🎁비공개 계정은 당첨 불가 합니다.",2025-10-02,펫캠,post,,caption,substitute,2026-10-01T10:19:19
instagram,https://www.instagram.com/p/DPSab6qgdUW/,1fe9cd711fa53223,,"🏠❤️ 우리집 안심템, 꼭 필요한 2가지!
멀리 있어도, 언제나 우리 가족을 지켜주는 든든한 파트너✨

1️⃣ KT 홈캠 안심 🎥

육아 중인 부모 👶
반려동물 돌보는 가정 🐶🐱
1인 가구 & 시니어 돌봄 가정 👵👴
👉 모두에게 필요한 우리 가족 안심 파트너

✔ 강력한 보안
✔ 실속 있는 요금
✔ 클라우드 기본 제공

2️⃣ KT 맘편안폰 📱

부모님 안부 알림 💌
6.5인치 대화면 👀
원격제어 기능 🖥️
합리적인 요금 💳
👉 부모님을 더 가깝게, 더 안전하게 지켜주는 효자템

✨ 멀리 떨어져 있어도,
우리 가족이 안심하고 안전할 수 있도록 KT가 함께합니다.

직접 이용해보고 싶다면?
👉 Kt 온맞이 광화문에서 체험해보세요!",2025-10-02,펫캠,post,,caption,substitute,2026-10-01T10:19:19
instagram,https://www.instagram.com/p/DPL88VOEvge/,7025421eaa292c8e,,"불안키구 가서 엄마가 미안해 ㅠㅠㅠ

#토리 #고양이 #불껐다 #펫캠 #집사스타그램 #냥스타그램 #안광 #cat",2025-09-29,펫캠,post,,caption,substitute,2026-10-01T10:19:19
instagram,https://www.instagram.com/p/DPDzaPIkXxb/,2040630328cbc8a9,,"#이벤트 #팔로워이벤트
🎉파인뷰 홈캠 팔로우 이벤트🎉
두근두근 불금에 파인뷰 홈캠과 함께하는 이벤트 시간!

오늘은 아주 쉬운 방법으로 경품에 응모할 수 있는 이벤트를 준비했습니다 😎
바로바로 파인뷰 홈캠 인스타그램( ) 팔로우 하기!

파인뷰 홈캠 계정( )을 팔로우한 후 댓글로 '참여 완료'를 남겨주세요!

댓글을 남겨주신 분들 중 열 분을 추첨하여
네이버페이 포인트 5,000원을 증정해드립니다!

[이벤트]
▶기간 : 9/26(금)~10/2(목)
▶발표 : 10/10(금) *개별 DM 발표
▶경품 : 네이버페이 포인트 5,000원 (추첨 10명)
▶참여방법 :
1. 파인뷰 홈캠 인스타그램 팔로우
2. 팔로우 완료 후 '참여 완료' 댓글 달기
3. 추첨을 통해 열 분께 네이버페이 포인트 5,000원 증정!

🎁본 이벤트는 파인뷰 홈캠 인스타그램 팔로워 대상 이벤트입니다.
🎁최신글 5개에 좋아요를 눌러주시면 당첨 확률 UP!
🎁비공개 계정은 당첨 불가 합니다.",2025-09-26,펫캠,post,,caption,substitute,2026-10-01T10:19:19
instagram,https://www.instagram.com/p/DOxwN_5Ee2M/,b43646db377ca4ab,,"#이벤트 #팔로워이벤트
🎉맞춰보개! 넌센스 QUIZ🎉
즐거운 금요일. 더 즐거운 파인뷰 홈캠 퀴즈 시간 🎇
오늘은 강아지를 주제로 넌센스 퀴즈를 준비해보았어요!

가볍게 풀어보시고 가볍게 경품 받아가세요!

Q. 화가 나서 열 받은 강아지를 세 글자로 표현하면?
 O O O

★HINT. 맛있는 소시지와 빵의 조합인 음식

댓글을 남겨주신 분들 중 열 분을 추첨하여
신세계 상품권 5,000원을 증정해드립니다!

[이벤트]
▶기간 : 9/19(금)~9/25(목)
▶발표 : 9/26(금) *개별 DM 발표
▶경품 : 신세계 상품권 5,000원 (추첨 10명)
▶참여방법 :
1. 파인뷰 홈캠 인스타그램 팔로우
2. 문제를 읽고 넌센스적인 정답을 생각해 댓글로 달기
3. 추첨을 통해 열 분께 신세계 상품권 5,000원 증정!

🎁본 이벤트는 파인뷰 홈캠 인스타그램 팔로워 대상 이벤트입니다.
🎁최신글 5개에 좋아요를 눌러주시면 당첨 확률 UP!
🎁비공개 계정은 당첨 불가 합니다.
🎁신세계 상품권은 문자로 발송되며, '이마트'에서 지류 상품권으로 교환 후 사용 가능합니다.",2025-09-19,펫캠,post,,caption,substitute,2026-10-01T10:19:19
instagram,https://www.instagram.com/p/DOqGjzej5fu/,6315dbbc039b9c0b,,"귀여워서 자꾸 마이크를 쓰게 되는데~ “뽀둥아~” 하고 부르면 쪼르르르 카메라 앞으로 다가와 앉고 아이컨택을 한다. 뭔가 아는 것처럼... 우리 똑띠 내새꾸~ 

#뽀도동 #뽀스타그램 #뽀블리 #펫캠 #헤이홈 #냥스타그램 #catlover #catlife #catstagram",2025-09-16,펫캠,post,,caption,substitute,2026-10-01T10:19:19
instagram,https://www.instagram.com/p/DOnG9Ghkmjz/,5fa95db244b69ec1,,"✱⠀⠀⠀⠀⠀⠀⠀⠀⠀⠀⠀⠀⠀⠀⠀ 
[Snowpeak everland store]
*도그 어패럴 소개

품명: Dog Hoodie
품번: DS-25AU005

*Feature
✔️특징
강아지 로고 후드티가 리뉴얼 되었습니다.
더 견고한 소재를 사용하여 내구성을 향상시켰습니다.
버튼 오픈식 디자인이므로, 굵은 목에도 사용할 수 있습니다.
색상은 인기있는 텐트 색상을 적용하여, Pro. 와 Ivory 두 가지 색상으로 제공됩니다.

*Spec 
✔️사양
●소재
본체: 면91%, NYON9%
소매:폴리에스터98%, 스판덱스2%
●사이즈
L : 허리37-44, 목 둘레25-30, 키31
2L : 허리43-50, 목 둘레29-34, 키35

* 영업시간
10:30~19:30

* 전화문의
031-321-1450

* 주소
경기도 용인시 처인구 포곡읍 에버랜드로 388

* 카카오톡채널
스노우피크 에버랜드 캠프필드 스토어

#snowpeak #snowpeakkorea #스노우피크
#스노우피크용인 #스노우피크에버랜드캠프필드 
#캠핑 #강아지 #펫캠 #강아지옷",2025-09-15,펫캠,post,,caption,substitute,2026-10-01T10:19:19
instagram,https://www.instagram.com/p/DOmo_wtk9aE/,fe744b5d7cf59839,,"🎉지마켓 X 옥션 X 파인뷰 파인캐디🎉

✨한가위 빅세일✨
9/15(월)~9/30(화)

풍성~한가위!
지마켓 옥션과 파인뷰 파인캐디가 함께 준비한 BIG SALE ✨

최대 69% 한가위 할인 혜택과 함께
소중한 사람들에게 선물할 아이템을 준비해보세요 🎁

블랙박스/골프거리측정기/홈캠/현관 CCTV
베스트셀러 라인업이 기다리고 있습니다 😎

▶기간 : 9/15(월)~9/30(화)
▶자세히보기 : 
bit.ly/3Mv8M72
bit.ly/4iCL1Zw
(프로필 상단의 '진행 중인 이벤트 확인하기' 링크 클릭!)

#파인뷰#블랙박스#블박#홈캠#펫캠#파인캐디#골프거리측정기#거리측정기#특가이벤트#이벤트중",2025-09-15,펫캠,post,,caption,substitute,2026-10-01T10:19:19
instagram,https://www.instagram.com/p/DOmo40IE4NW/,1ce3c83e7d035cc6,,"🎉11번가 X 파인뷰 파인캐디🎉

✨추석 한가득✨
9/15(월)~9/30(화)

추석 명절은 파인뷰 파인캐디와 함께!

블랙박스/골프거리측정기/홈캠/현관 CCTV를
최대 70% 할인된 가격으로 만나보실 수 있는 기회입니다 ✨

지금 바로 혜택 한가득, 행복 한가득 받아가세요 😍

▶기간 : 9/15(월)~9/30(화)
▶자세히보기 : bit.ly/3Zy2Ekg
(프로필 상단의 '진행 중인 이벤트 확인하기' 링크 클릭!)

#파인뷰#블랙박스#블박#홈캠#펫캠#파인캐디#골프거리측정기#거리측정기#특가이벤트#이벤트중",2025-09-15,펫캠,post,,caption,substitute,2026-10-01T10:19:19
instagram,https://www.instagram.com/p/DOmox1uk0v3/,47dc4c026e0f09e7,,"🎉N스토어 X 파인뷰 파인캐디🎉

✨특선물✨
9/15(월)~9/30(화)

추석 명절과 함께하는 특!별한 선!물 🎁
명절 기념으로 나에게, 혹은 소중한 사람들에게
선물할 생각하고 계시다면 지금이 바로 기회입니다 😎

블랙박스/골프거리측정기/홈캠/현관 CCTV를
최대 67% 할인된 가격으로 만나보세요!

▶기간 : 9/15(월)~9/30(화)
▶자세히보기 : bit.ly/4gn4blk
(프로필 상단의 '진행 중인 이벤트 확인하기' 링크 클릭!)

#파인뷰#블랙박스#블박#홈캠#펫캠#파인캐디#골프거리측정기#거리측정기#특가이벤트#이벤트중",2025-09-15,펫캠,post,,caption,substitute,2026-10-01T10:19:19
instagram,https://www.instagram.com/p/DOiRBc_Evom/,25a192c1ba9339fc,,"✱⠀⠀⠀⠀⠀⠀⠀⠀⠀⠀⠀⠀⠀⠀⠀ 
[Snowpeak everland store]
*기어 소개

품명: 소프트목줄S,M,L
품번: PT-052R, PT-053R, PT-054R

*Feature
✔️특징
반려견과 함께 야외 활동을 즐기기 위한, 스노우피크다운 디자인의 도그 시리즈.
버클이 반려견의 몸에 직접 닿지 않도록 보호 커버가 덧대어진 목줄입니다.

*Spec 
✔️사양
●소재
폴리에스터, 네오프렌
●사이즈
S : 약 250~350mm
M : 약 320~550mm
L : 약 400~600mm

* 영업시간
10:30~19:30

* 전화문의
031-321-1450

* 주소
경기도 용인시 처인구 포곡읍 에버랜드로 388

* 카카오톡채널
스노우피크 에버랜드 캠프필드 스토어

#snowpeak #snowpeakkorea #스노우피크
#스노우피크용인 #스노우피크에버랜드캠프필드 
#캠핑 #강아지 #펫캠 #강아지목줄",2025-09-13,펫캠,post,,caption,substitute,2026-10-01T10:19:19
instagram,https://www.instagram.com/p/DOgSlJKE2cP/,24138bf15cb394b6,,"우리집지킴이 이글루캠S4플러스 
언제든 어디서든 애교감시하는 팻켐👍
덕분에 항상 안심😉

#이글루캠 #홈캠은이글루 #보안은이글루 #사용후기이벤트 #홈캠 #구매후기이벤트 #IP카메라 #베이비캠 #펫캠 #홈카메라 #인증이벤트 #홈CCTV #펫카메라 #스마트홈 #우리집지킴이 #보안카메라",2025-09-12,펫캠,post,,caption,substitute,2026-10-01T10:19:19
instagram,https://www.instagram.com/p/DOgKmTDkWt8/,be8e1116692bc20d,,"애기 재우고 잠시 집안일 할 때 이글루가 있어 든든해요 아기키우는 집에 이글루캠은 필수죠^^

#이글루캠 #홈캠은이글루 #보안은이글루 #사용후기이벤트 #홈캠 #구매후기이벤트 #IP카메라 #베이비캠 #펫캠 #홈카메라 #인증이벤트",2025-09-12,펫캠,post,,caption,substitute,2026-10-01T10:19:19
instagram,https://www.instagram.com/p/DOgAFrEgREl/,eac45da6adafbf67,,"모든 기술이 업그레이드 된 이글루 S8
덕분에 분리수면도 성공적
.
.
.
#이글루캠 #홈캠은이글루 #보안은이글루
#사용후기이벤트 #홈캠 #구매후기이벤트 #IP카메라
#베이비캠 #펫캠 #홈카메라 #인증이벤트",2025-09-12,펫캠,post,,caption,substitute,2026-10-01T10:19:19
instagram,https://www.instagram.com/p/DOf_hnJD1QG/,f530af0d6b370002,,"분리수면을 계획하면서 미리 준비했던 홈캠, 이글루 🎥
해킹 불가 보안과 AI기술까지 완벽 그 자체!
안전구역 설정해두면 이탈 알림 덕분에 매일매일 안심~
.
.
#내돈내산 #이글루캠 #홈캠은이글루 #보안은이글루
#사용후기이벤트 #홈캠 #구매후기이벤트 #IP카메라
#베이비캠 #펫캠 #홈카메라 #인증이벤트",2025-09-12,펫캠,post,,caption,substitute,2026-10-01T10:19:19
instagram,https://www.instagram.com/p/DOfqYqqDZk5/,4a411c77c9b13283,,"#이벤트 #팔로워이벤트
🎉맞출고양? 넌센스 QUIZ🎉
금요일에 함께하는 파인뷰 홈캠 퀴즈 시간!
넌센스 요소로 잠깐이지만 피식 해보세요 😎

Q. 네 마리의 고양이가 괴물이 되면? OOOOO

★HINT. 피카츄, 라이츄, 파이리, 꼬부기....

댓글을 남겨주신 분들 중 열 분을 추첨하여
CU 5,000원을 증정해드립니다!

[이벤트]
▶기간 : 9/12(금)~9/18(목)
▶발표 : 9/19(금) *개별 DM 발표
▶경품 : CU 5,000원 (추첨 10명)
▶참여방법 :
1. 파인뷰 홈캠 인스타그램 팔로우
2. 문제를 읽고 5글자로 이루어진 정답을 댓글로 달기
3. 추첨을 통해 열 분께 CU 5,000원 증정!

🎁본 이벤트는 파인뷰 홈캠 인스타그램 팔로워 대상 이벤트입니다.
🎁최신글 5개에 좋아요를 눌러주시면 당첨 확률 UP!
🎁비공개 계정은 당첨 불가 합니다.

#파인뷰 #홈캠 #펫캠 #경품이벤트 #퀴즈이벤트 #댓글이벤트 #반려동물 #육아 #이벤트중 #event",2025-09-12,펫캠,post,,caption,substitute,2026-10-01T10:19:19
instagram,https://www.instagram.com/p/DOdTotPiecl/,bd1172819e9f6637,,"아기가 자고있을때도 걱정되는 부모의 마음을 잘 파악해준 이글루💛
덕분에 걱정을 덜수있었어요!
화질도 좋고 잘쓰고있답니다💓
#이글루캠 #홈캠은이글루
#보안은이글루#사용후기이벤트 #홈캠#구매후기이벤트# IP 카메라#베이비캠#펫캠#홈카메라#인증이벤트",2025-09-11,펫캠,post,,caption,substitute,2026-10-01T10:19:19
instagram,https://www.instagram.com/p/DOcsoSdAaXd/,b974fe85c3c95007,,"우리 집의 안전, 이제는 더 선명하게 지켜보세요! 🏡

🎉몬스터캠1에 이어 드디어 몬스터캠2 출시!

✔️확대해도 깨끗한 400만 화소 초고화질
✔️놓치지 않는 즉각 반응 속도
✔️움직임 따라가는 AI 모션 트래킹
✔️사람 · 반려동물 · 소리까지 감지하는 스마트 알람

➿출시 기념 특별 이벤트➿
🎁 구매 고객 전원 64GB SD카드 무료 증정
☕ 리뷰 작성 시 스타벅스 쿠폰 증정

👉 언제 어디서든 내 집을 똑똑하게 지켜주는 든든한 홈캠,
놓치면 아쉬운 지금이 바로 필요한 순간입니다.

#몬스터캠2 #홈캠추천 #오늘의추천 #AI홈캠 #고화질홈캠 #스마트홈 #집지킴이 #베이비캠 #펫캠 #어르신선물 #좋아요 #출시이벤트 #64GB #sd카드증정 #스타벅스쿠폰이벤트",2025-09-11,펫캠,post,,caption,substitute,2026-10-01T10:19:19
instagram,https://www.instagram.com/p/DOcrw-KExfF/,d72f175f738ddfb2,,"🎉11번가 X 파인뷰 파인캐디🎉

✨월간십일절✨
9/11(목)~9/13(토)
단 3일, 9월 한정 월간 세일!

블랙박스/홈캠/골프거리측정기/현관 CCTV
베스트 라인업으로 준비 완료! 😎

11번가에서 최대 할인 혜택 받으시고 구매하세요 🖤

▶기간 : 9/11(목)~9/13(토)
▶자세히보기 : bit.ly/44Wg6ST
(프로필 상단의 '진행 중인 이벤트 확인하기' 링크 클릭!)

#파인뷰#블랙박스#블박#홈캠#펫캠#파인캐디#골프거리측정기#거리측정기특가이벤트#이벤트중",2025-09-11,펫캠,post,,caption,substitute,2026-10-01T10:19:19
instagram,https://www.instagram.com/p/DNihDaGzBxu/,4ed513c9d06c208a,,양치하기전에 각도의 중요성 ㅋㅋㅋ #왕티즈그램 #김순둥 #지못미😂 #펫캠 #띠무룩 #누나금방올꾸야,2025-08-19,펫캠,post,,caption,substitute,2026-10-01T10:19:19
instagram,https://www.instagram.com/p/DOcrPw6kc5Q/,5cffcd60447bd6f9,,"특파원들이 전해주는 우리애들 실시간 ㅋㅋㅋㅋ 
부르면 오니깐 자꾸 더 부르게 되잖아 애들아 ㅋㅋㅋㅋㅋㅋ 

#헤이홈 #펫캠 #거실특파원 #안방특파원도곧추가될예정",2025-09-11,펫캠,post,,caption,substitute,2026-10-01T10:19:19
instagram,https://www.instagram.com/p/DOYrSrTj8XV/,d57dc2af7e5a957f,,"펫캠을 드디어 장만했다 ㅎㅎㅎ 
두 개를 사서 하나는 거실특파원, 하나는 복도특파원으로 네이밍했는데 위치는 다시 한번 조정해야할 것 같긴 하다 
감시(?) 당하기 싫은 뽀둥이 ㅎㅎㅎ 눈싸움이 치열....
#헤이홈 #펫캠 #거실특파원은곁국바닥행",2025-09-09,펫캠,post,,caption,substitute,2026-10-01T10:19:19
instagram,https://www.instagram.com/p/DONejbAE83N/,72ae8956a4b84671,,"펫캠속 시루빵
금방 가께🥹
.
.
.
#cat #catstagram #고양이 #고양이일상 #고양이그램 #냥이 #냥스타 #냥스타그램 #브리티쉬숏헤어 #펫캠",2025-09-05,펫캠,post,,caption,substitute,2026-10-01T10:19:19
instagram,https://www.instagram.com/p/DOKdhuYiR5P/,546fa46bd8237df1,,"애기 걸음마때부터 아기잘때까지 
마음이 놓이게 해주는 홈캠 넘 죻슴니다요👍👍

#이글루캠 #홈캠은이글루
#보안은이글루 #사용후기이벤트 #홈캠 #구매후기이벤트 
#IP카메라뉴베이비캠 #펫캠 #홈카메라 #인증이벤트",2025-09-04,펫캠,post,,caption,substitute,2026-10-01T10:19:19
instagram,https://www.instagram.com/p/DOIpbRQAKI3/,9b0c121b019f1c01,,"🏠🌧️

집 안을 지켜주는 실내용 홈 카메라?
현관 앞을 감시해 줄 실외용 홈 카메라?

그래서 Tapo C113은 합의 끝에
실내·실외 둘 다 하기로 결정했습니다🤝

실내와 실외에서 모두 사용할 수 있는
미니멀 사이즈 홈 카메라,

Tapo C113을 소개합니다🤗",2025-09-03,펫캠,post,,caption,substitute,2026-10-01T10:19:19
instagram,https://www.instagram.com/p/DOC4v1qibsY/,4986268e4e58c224,,"아기가 잘 자고 있는지
또 뒤집기 시작하면 숨은 잘 쉬는지 
초보 엄마는 궁금하고 걱정되는 것이 많을 텐데요

저 또한 신생아 시절부터 
아기침대에서 따로 재우고 있어서
보안이 확실하다는 이글루캠으로 임신했을 때 미리 구매했어요

나중에 아기가 활동이 많아지면 거실생활 할 때에도
잘 사용할 수 있을 것 같아 추가 구매했습니다

이상 부모가 안심하고 사용할 수 있는 이글루캠 후기였습니다👏🏻

#이글루캠 #캠은이글르 #보안은이글루#사용후기|이벤트#홈캠#구매후기이벤트#IP카메라 #베이비캠#펫캠#홈카메라#인증이벤트",2025-09-01,펫캠,post,,caption,substitute,2026-10-01T10:19:19
instagram,https://www.instagram.com/p/DN7sPVlEkzY/,c786907fef141e67,,"홈캠에서 밥풀이가 고개를
갸웃거리는 이유는 몰까낭~~?

아는 사람 손..ㅎㅎ

#펫캠#홈캠 #씨엔케어 #왕밥풀",2025-08-29,펫캠,post,,caption,substitute,2026-10-01T10:19:19
instagram,https://www.instagram.com/p/DN7OSEGEY4V/,f34d17314b93c7af,,"#이벤트 #팔로워이벤트
🎉다음 중 가장 똑똑한 강아지는?🎉

우리의 귀여운 강아지 친구들!
주인 밖에 모르는 바~보 같지만, 함께 지내다보면
정말 우리의 말을 잘 알아듣는 것 같다는 생각을 하게됩니다.

그리고 그건 실제로 우리 친구들이 똑똑해서 그런데요! 😎
특히 '천재견'이라고 소문난 OOOO도 있습니다.
그 친구가 바로바로 오늘 퀴즈의 주인공이랍니다.

Q. 다음 중 가장 똑똑한 강아지를 골라주세요!
1. 비숑
2. 보더콜리
3. 시츄

★HINT. 보기 중 가장 큰 덩치를 가지고 있습니다.

댓글을 남겨주신 분들 중 열 분을 추첨하여
신세계 상품권 5,000원을 증정해드립니다!

[이벤트]
▶기간 : 8/29(금)~9/4(목)
▶발표 : 9/5(금) *개별 DM 발표
▶경품 : 신세계 상품권 5,000원 (추첨 10명)
▶참여방법 :
1. 파인뷰 홈캠 인스타그램 팔로우
2. 보기 중 가장 높은 지능을 가진 강아지를 골라 댓글로 달기
3. 추첨을 통해 열 분께 신세계 상품권 5,000원 증정!

🎁본 이벤트는 파인뷰 홈캠 인스타그램 팔로워 대상 이벤트입니다.
🎁최신글 5개에 좋아요를 눌러주시면 당첨 확률 UP!
🎁비공개 계정은 당첨 불가 합니다.
🎁신세계 상품권은 문자로 발송되며, '이마트'에서 지류 상품권으로 교환 후 사용 가능합니다.",2025-08-29,펫캠,post,,caption,substitute,2026-10-01T10:19:19
instagram,https://www.instagram.com/p/DN5l_OuEQNJ/,0f29d8232a9e463a,,".
#첫줄
.
엄마랑 아빠랑 누나랑 여름휴가 갔다는데... 벌써 누나가 보고싶다냥🐱
.
이모는 누구냥🐱
.
#고양이 #반려묘 #시루 #브리티시숏헤어 #반려묘그램 #고양이일상 #브숏 #고양이스타그램 #cat #캣스타그램 #시루스타그램 #여름휴가 #펫캠 #고양이시터",2025-08-28,펫캠,post,,caption,substitute,2026-10-01T10:19:19
instagram,https://www.instagram.com/p/DN4Vh97k9fx/,f4de481443365364,,"🎉지마켓 X 파인뷰🎉

✨홈캠 슈퍼딜✨
8/28(목)~8/29(금)

파인뷰 초인기템 K90을 비롯한 인기 아이템 모음전!
단 2일, 슈퍼 할인 받고 득템하세요 😎

500만 화소 QHD로, 상하좌우 회전을 통해 사각지대 최소화!
파인뷰 K90와 함께 다양한 액세서리를 특가로 만나보세요 💌

▶기간 : 8/28(목)~8/29(금)
▶자세히보기 : bit.ly/47VKi2m
(프로필 상단의 '진행 중인 이벤트 확인하기' 링크 클릭!)

#파인뷰#홈캠#펫캠#베이비캠#고화질홈캠#고양이용품#강아지용품#육아용품#특가이벤트#이벤트중",2025-08-28,펫캠,post,,caption,substitute,2026-10-01T10:19:19
instagram,https://www.instagram.com/p/DN2ke3G3qEY/,1ec967aa835b4474,,"이 모든 기능이 단 24,900원이라고⁉️

✔️ 360˚ 자유로운 회전으로 집안 구석구석 모니터링
✔️ 선명한 고화질 영상으로 언제 어디서든 생생하게
✔️ 움직임·소리를 자동 감지해 즉시 알림
✔️ 집을 비운 동안에도 가족과 반려동물 안심 확인

홈 CCTV 입문은 MC210 하나면 충분합니다.
👉 지금 머큐시스 공식 스토어에서 확인하세요!",2025-08-27,펫캠,post,,caption,substitute,2026-10-01T10:19:19
instagram,https://www.instagram.com/p/DN0e6zgZvmz/,b7c733c5820c2d47,,"우리집해삼 언제까지 귀여울건데

#고양이 #홈캠 #펫캠 #귀여워",2025-08-26,펫캠,post,,caption,substitute,2026-10-01T10:19:19
instagram,https://www.instagram.com/p/DNyxGudZptq/,a90c845c4e60657e,,추천해주실만한 펫캠 있으신가요!!!,2025-08-25,펫캠,post,,caption,substitute,2026-10-01T10:19:19
instagram,https://www.instagram.com/p/DNszmt53HJ5/,257132665097b528,,"터치 한 번으로 사랑하는 가족과 바로 연결하세요 💞
아이들이 만든 작품을 보여주고 싶을 때
부모님이 반려동물과의 순간을 공유하고 싶을 때
H6c Pro의 영상통화 기능으로 간편하게 소통하세요 🎥📞

복잡한 설정 없이
카메라 버튼만 누르면 영상통화 시작!
가족과의 소중한 순간, 절대 놓치지 마세요 😊🏠

Learn More: 
Buy Now: 
#EZVIZ #H6cPro #스마트홈 #실내용카메라 #영상통화 #홈보안
#가족소통 #보안카메라 #영상감시 #양방향오디오 #스마트기기 #집콕생활 #육아템 #펫캠",2025-08-23,펫캠,post,,caption,substitute,2026-10-01T10:19:19
instagram,https://www.instagram.com/p/DNpscfzxBWz/,052b7380ad67743e,,"홈캠 고르기 어려우셨죠? 🤔

이제는 나에게 딱 맞는
Tapo 카메라를 쉽게 찾아보세요! ✨

Tapo 홈 카메라 구경하러 가기
👉",2025-08-22,펫캠,post,,caption,substitute,2026-10-01T10:19:19
instagram,https://www.instagram.com/p/DNo2BPHhzwJ/,f7103c1c950baca2,,펫캠에서 눈을 뗄수가 없숴..#당근먹방,2025-08-22,펫캠,post,,caption,substitute,2026-10-01T10:19:19
instagram,https://www.instagram.com/p/DNkyQodPXBZ/,c50ba40efa1598f8,,"여행 가있는 동안 송이 보고싶다고 한 결과 

#펫캠 #믹스견 #강아지",2025-08-20,펫캠,post,,caption,substitute,2026-10-01T10:19:19
instagram,https://www.instagram.com/p/DNf1X14v8GA/,4e7302693939b47a,,"이제 누나집사보다 형아집사가 더 좋은 레옹이😻😭
.
.
.
.
.
#고양이 #고양이레옹 #나폴레옹먼치킨 #먼치킨고양이 #먼치킨숏레그 #미뉴에트고양이 #고양이일상 #고양이일기 #집사일상 #집사일기 #도기보기카메라 #펫캠 #홈캠 #남집사 #집사바라기 #코코낸내 #꿀잠 #자는중 #귀여운고양이 #귀요미 #내사랑 #빼앗긴사랑 #내사랑들 #사랑해 #애교쟁이 #cat #catlife #catlover #catstagram",2025-08-18,펫캠,post,,caption,substitute,2026-10-01T10:19:19
instagram,https://www.instagram.com/p/DNYRRwuSSjn/,504733eced5cdd13,,"웅니 !!!!! 우리집에 이상한게 나 쳐다보고이써 !!!!
#펫캠",2025-08-15,펫캠,post,,caption,substitute,2026-10-01T10:19:19
instagram,https://www.instagram.com/p/DNVA4NBxBYK/,fb4d41edf439c686,,"#이벤트 #팔로워이벤트
🎉냥 홀로 집에 필요 없는 것은?🎉
🐱 집사.. 일 갔다냥.. 이제 집에 나 혼자다냥!

다음 중 고양이가 집에 혼자 있을 때, 필요가 없는 것은 무엇일까요?

1. 파인뷰 홈캠 K11
2. 캣타워
3. 숨숨집
4. 팝콘

800만 화소의 파인뷰 K11은
우리 아이, 반려동물이 집에 혼자 있을 때
무엇을 하고 있는지 실시간으로 지켜본답니다 😎

정답을 댓글로 남겨주신 분들 중 열 분을 추첨하여
신세계 상품권 5,000원을 증정해드립니다!

[이벤트]
▶기간 : 8/14(목)~8/21(목)
▶발표 : 8/22(금) *개별 DM 발표
▶경품 : 신세계 상품권 5,000원 (추첨 10명)
▶참여방법 :
1. 파인뷰 홈캠 인스타그램 팔로우
2. 고양이가 집에 혼자 있을 때에 필요 없을 것 같은 물건을 댓글로 달기
3. 추첨을 통해 열 분께 신세계 상품권 5,000원 증정!

🎁본 이벤트는 파인뷰 홈캠 인스타그램 팔로워 대상 이벤트입니다.
🎁최신글 5개에 좋아요를 눌러주시면 당첨 확률 UP!
🎁비공개 계정은 당첨 불가 합니다.
🎁신세계 상품권은 문자로 발송되며, '이마트'에서 지류 상품권으로 교환 후 사용 가능합니다.",2025-08-14,펫캠,post,,caption,substitute,2026-10-01T10:19:19
instagram,https://www.instagram.com/p/DNN6kJNP6Dw/,2b81f78b9139698e,,"제법 카메라를 의식하는 법

#백시바
#시바견#시바이누
#펫캠",2025-08-11,펫캠,post,,caption,substitute,2026-10-01T10:19:19
instagram,https://www.instagram.com/p/DNK_f40TszX/,c73e2178ad81e051,,홈캠보다가 진자 깜짝 놀랬다 편지야 ㅠ ㅠ ㅋㅋㅋㅋㅋ,2025-08-10,펫캠,post,,caption,substitute,2026-10-01T10:19:19
instagram,https://www.instagram.com/p/DNFjsXExGk3/,4ef02b1e85965957,,"#이벤트 #팔로워이벤트
🎉파인뷰 홈캠 맞춰보개! 그림 QUIZ🎉
맞춰보개! 시리즈 두 번째!
그림으로 연상되는 단어를 맞춰보세요 🐶

삽이 있고, 돈을 든 개가 이걸 산다고 한다...?

>> ㅅ ㅅ ㄱ <<

각각 하나씩 대입해보면 금방 초성따라 답이 나오겠죠? 😁

정답을 댓글로 남겨주신 분들 중 열 분을 추첨하여
CU 5,000원을 증정해드립니다!

[이벤트]
▶기간 : 8/8(금)~8/14(목)
▶발표 : 8/18(월) *개별 DM 발표
▶경품 : CU 5,000원 (추첨 10명)
▶참여방법 :
1. 파인뷰 홈캠 인스타그램 팔로우
2. 주어진 그림을 통해 연상되는 단어를 댓글로 달기
3. 추첨을 통해 열 분께 CU 5,000원 증정!

🎁본 이벤트는 파인뷰 홈캠 인스타그램 팔로워 대상 이벤트입니다.
🎁최신글 5개에 좋아요를 눌러주시면 당첨 확률 UP!
🎁비공개 계정은 당첨 불가 합니다.",2025-08-08,펫캠,post,,caption,substitute,2026-10-01T10:19:19
instagram,https://www.instagram.com/p/DNDQWEUTk3f/,ae9eb7dd190cc7c5,,".
📷 우리집 펫캠 = 로봇청소기
가끔 혼자 뭐하나 궁금할때 켜보는 카메라!
코봉이 귀여워 😍 

🐶 : 엄마 이 각도 별루야! 아래서 찍으묜 안대징

#로봇청소기 #LG로봇청소기 #펫캠 #코봉이
#네티 #멍멍이 #멍스타그램 #댕댕이 #댕스타그램
#강아지일상 #웨스티 #화이트테리어 #반려견
#westiemoments #westiegram #westie
#doglife #puppylove #westielove
#westhighlandwhiteterriers #puppy",2025-08-07,펫캠,post,,caption,substitute,2026-10-01T10:19:19
instagram,https://www.instagram.com/p/DNDEitrPILF/,533d2a22113e3cb7,,"실내용? 실외용? 따로 사야 하는 걸까?
카메라 한 대로 우리 집 보안을 전부 해결할 순 없을까? 🤔

🌨️ IP65 방수·방진으로 실외에서도 문제없는 사용
📷 2K 3MP 고화질 영상으로 선명하게 기록
👀 수평 360˚·수직 152˚ 넓은 시야 확보
🌟 스포트라이트 내장으로 밤에도 선명하게
🚨 스마트 AI 얼굴 인식 & 알림으로 안전까지

이제 하이브리드 카메라 Tapo C216 하나면
실내외 보안, 한 번에 끝! ✅

타포 공식몰
👉 

네이버 스마트스토어
👉 

#Tapo #타포 #홈캠 #실내홈캠 #실외홈캠 #홈CCTV #현관CCTV #농막CCTV #마당CCTV #방수CCTV #방수홈캠 #육아캠 #베이비캠 #펫캠 #고화질홈캠 #보안카메라 #홈CCTV추천 #홈캠추천 #티피링크 #tplink",2025-08-07,펫캠,post,,caption,substitute,2026-10-01T10:19:19
instagram,https://www.instagram.com/p/DNCvFJWzthD/,0b2eab8c13f6657d,,"처음 집에 혼자 있는 바비ㅠㅠㅠㅠ
밥아ㅠㅠㅠ엄마가 더 분리불안인거 같아..ㅎ😭

.
#제주꼬똥 #꼬똥드툴레아 #꼬똥밥이 #제주견라이프 #제주살이 #강아지분리불안 #주인분리불안 #펫캠",2025-08-07,펫캠,post,,caption,substitute,2026-10-01T10:19:19
instagram,https://www.instagram.com/p/DNCXC-1RCug/,86e59096eb1b9ebd,,"분리불안은 집사가 생겨버려서
출근 동안 염탐을 위해 음침하게 펫캠 설치
<관찰 결과>
1. 고리는 내내 잔다;;
2. 고리는 내가 지 재밌으라고 집 곳곳에 숨겨놓은 간식을 출근 후 5분 안에 다 찾아먹는다;;(충격)
3. 고리는 펫캠을 가끔 공격한다
= 생각보다 고리는 똑똑했다
다시는 작은 고리를 무시하지말라냥!!😾
#펫캠 #냥스타그램 사진은 고리#궁둥이",2025-08-07,펫캠,post,,caption,substitute,2026-10-01T10:19:19
instagram,https://www.instagram.com/p/DM7Y3CshEuj/,4cf644c86b54f80e,,"🏠 우리 집 보안, 이제는 다르다!
800만 화소 4K 초고화질 홈캠, Tapo C260 출시! ✨

🎉 국내 출시 기념 8/1 (금) ~ 8/8 (금) 단 7일간
10% 할인 예약 판매 프로모션 시작!

🎥 4K 8MP 초고화질로 선명한 영상 촬영
🛜 5GHz & 2.4GHz 듀얼 밴드 Wi-Fi로 더욱 빠르고 안정적인 연결
👀 AI 기반 얼굴 인식으로 불필요한 경보 없이 스마트한 감지

타포 공식몰에서 지금 Tapo C260 예약하고
10% 할인된 가격으로 누구보다 빠르게 만나보세요 🥰

지금 바로 Tapo C260 득템하러가기 🎁
👉 

*예약 판매 제품은 8월 11일부터 순차 발송됩니다.

#타포 #tapo #홈캠 #홈카메라 #홈CCTV #고화질홈캠 #초고화질홈캠 #홈캠추천 #홈CCTV추천 #베이비캠 #펫캠 #육아캠 #예판할인 #프로모션 #티피링크 #tplink",2025-08-04,펫캠,post,,caption,substitute,2026-10-01T10:19:19
instagram,https://www.instagram.com/p/DMzn2x4JfA3/,488a17afe9ecc163,,"우리 집을 누군가 보고 있을 수도 있다는 거... 알고 있어..?👀

렌즈에 스티커 붙이고, 휴지로 덮고…
이제 그럴 필요 없어!

버튼 한 번이면, 렌즈가 ‘진짜로’ 닫히는 홈캠.📸

끊김 없는 500만 화소에
무려 133도 초광각 화각까지!👍

해킹은 막기 어렵지만, 보이는 건 막을 수 있어🫣

#홈캠 #해킹방지카메라 #홈카메라추천 #홈캠해킹 #펫캠 #보안카메라 #홈캠추천 #보안 #1인가구보안 #1인가구 #자취생필수템 #자취템 #육아템 #보안카메라 #실내카메라",2025-08-01,펫캠,post,,caption,substitute,2026-10-01T10:19:19
instagram,https://www.instagram.com/p/DMxfga3zabk/,47f9f60acba80fab,,엄마!!!!!! 언니가 또 이상한 거 샀어!!!!,2025-07-31,펫캠,post,,caption,substitute,2026-10-01T10:19:19
instagram,https://www.instagram.com/p/DMxDBwKSZTD/,a2f4ca18692739c8,,"우리 집을 누군가 보고 있을 수도 있다는 거... 알고 있어..?👀

렌즈에 스티커 붙이고, 휴지로 덮고…
이제 그럴 필요 없어!

버튼 한 번이면, 렌즈가 ‘진짜로’ 닫히는 홈캠.📸

끊김 없는 500만 화소에
무려 133도 초광각 화각까지!👍

해킹은 막기 어렵지만, 보이는 건 막을 수 있어🫣

#홈캠 #해킹방지카메라 #홈카메라추천 #홈캠해킹 #펫캠 #보안카메라 #홈캠추천 #보안 #1인가구보안 #1인가구 #자취생필수템 #자취템 #육아템 #보안카메라 #실내카메라",2025-07-31,펫캠,post,,caption,substitute,2026-10-01T10:19:19
instagram,https://www.instagram.com/p/DMw-RcpRw_v/,7dec20d2152968d2,,"#이벤트 #팔로워이벤트
🎉파인뷰 홈캠 맞출고양? QUIZ🎉
파인뷰 홈캠과 함께하는~ 주간 퀴즈!
오늘의 퀴즈는! 바로 고양이가 주인공입니다 🐱

Q. 고양이가 꼬리를 빠르게 좌우로 움직이는 것은 반가움의 표시이다.
(O/X)

★HINT. 강아지와는 다른 시그널을 보냅니다.

O, X로 간단하게 참여해보세요!
고양이의 반가움표시는 과연 꼬리를 빠르게 흔드는 것일까요?

정답을 댓글로 남겨주신 분들 중 열 분을 추첨하여
신세계 상품권 5,000원을 증정해드립니다!

[이벤트]
▶기간 : 7/31(목)~8/7(목)
▶발표 : 8/8(금) *개별 DM 발표
▶경품 : 신세계 상품권 5,000원 (추첨 10명)
▶참여방법 :
1. 파인뷰 홈캠 공식 인스타그램 팔로우
2. 고양이가 꼬리를 빠르게 좌우로 움직이는 것의 의미가 반가움인지 댓글로 달기
3. 추첨을 통해 열 분께 신세계 상품권 5,000원 증정!

🎁본 이벤트는 파인뷰 홈캠 인스타그램 팔로워 대상 이벤트입니다.
🎁최신글 5개에 좋아요를 눌러주시면 당첨 확률 UP!
🎁비공개 계정은 당첨 불가 합니다.
🎁신세계 상품권은 문자로 발송되며, '이마트'에서 지류 상품권으로 교환 후 사용 가능합니다.",2025-07-31,펫캠,post,,caption,substitute,2026-10-01T10:19:19
instagram,https://www.instagram.com/p/DMr208wpn0V/,981b76c82a5b9192,,"​👀 요즘 홈캠 고민하고 계신가요?​
아이를 돌보는 맞벌이 가정, 혼자 계신 부모님, 혹은 집을 지키는 반려동물이 걱정되시나요?​
언제 어디서든 집 안 상황을 확인할 수 있는 홈캠이 필수인 시대입니다.​

하지만 요즘 뉴스에 나오는 백도어 이슈, 보안 취약점…​
타인의 눈에 내 일상이 노출될 수 있다는 불안감 때문에 고민이신가요?​

📌 “믿고 쓸 수 있는 홈캠 어디 없을까?”​
보안을 최우선으로 생각한다면, 이글루 홈캠이 답입니다.​

​🔒 국내 기술 + 국내 서버 = 믿을 수 있는 보안​
📱 언제 어디서나 우리 반려동물/어르신 실시간 확인​

​▶제품 상세정보 보기 :​",2025-07-29,펫캠,post,,caption,substitute,2026-10-01T10:19:19
instagram,https://www.instagram.com/p/DMr2xx3pXYu/,bc80a7f489ade2b1,,"​👀 요즘 홈캠 고민하고 계신가요?​
아이를 돌보는 맞벌이 가정, 혼자 계신 부모님, 혹은 집을 지키는 반려동물이 걱정되시나요?​
언제 어디서든 집 안 상황을 확인할 수 있는 홈캠이 필수인 시대입니다.​

하지만 요즘 뉴스에 나오는 백도어 이슈, 보안 취약점…​
타인의 눈에 내 일상이 노출될 수 있다는 불안감 때문에 고민이신가요?​

📌 “믿고 쓸 수 있는 홈캠 어디 없을까?”​
보안을 최우선으로 생각한다면, 이글루 홈캠이 답입니다.​

​🔒 국내 기술 + 국내 서버 = 믿을 수 있는 보안​
📱 언제 어디서나 우리 반려동물/어르신 실시간 확인​

​▶제품 상세정보 보기 :​",2025-07-29,펫캠,post,,caption,substitute,2026-10-01T10:19:19
instagram,https://www.instagram.com/p/DMyc-1izlt2/,ec50da1521ebbab0,,"얘두라ㅏ~~🌼💛 우리 옴마가
나 집에 혼쟈 잇을때 걱정된댜구 씨씨티비 사조따 ?!
근데 움직이구 간식더 나왕 !! 쨩 싱기하지~😲

재미따구 울 옴마가 맨날 조종하구 다니고든
얘 은근 나 기챤케 해..ㅋ 
머ㅋ 간식 나오니까 바쥰다 캬캬😼🔪

화질두 짱 좋구 충젼두 알아서 하구 왕 왕 추쳔이야 !!

#왓더펫 #왓더펫원츠 #롤라펫팔 #펫캠 #간식로봇 #홈캠",2025-07-31,펫캠,post,,caption,substitute,2026-10-01T10:19:19
instagram,https://www.instagram.com/p/DMr2tsgpzZz/,093d3d75607c6237,,"​👀 요즘 홈캠 고민하고 계신가요?​
아이를 돌보는 맞벌이 가정, 혼자 계신 부모님, 혹은 집을 지키는 반려동물이 걱정되시나요?​
언제 어디서든 집 안 상황을 확인할 수 있는 홈캠이 필수인 시대입니다.​

하지만 요즘 뉴스에 나오는 백도어 이슈, 보안 취약점…​
타인의 눈에 내 일상이 노출될 수 있다는 불안감 때문에 고민이신가요?​

📌 “믿고 쓸 수 있는 홈캠 어디 없을까?”​
보안을 최우선으로 생각한다면, 이글루 홈캠이 답입니다.​

​🔒 국내 기술 + 국내 서버 = 믿을 수 있는 보안​
📱 언제 어디서나 우리 반려동물/어르신 실시간 확인​

​▶제품 상세정보 보기 :​",2025-07-29,펫캠,post,,caption,substitute,2026-10-01T10:19:19
instagram,https://www.instagram.com/p/DMr2a0RpnQY/,f5862a0faae3a571,,"혹시 아직도 하얀색 양산형 홈캠 쓰고 계신가요?​
고급 인테리어에는 양산형 제품보다 더 나은 선택이 필요하죠.​

**‘이글루 S4+’**는 국내 기술로, 국내에서 직접 디자인한​
프리미엄 홈캠입니다.​
화이트톤 인테리어에도 자연스럽게 어우러지는 감각적인 디자인,​
이제는 홈캠도 인테리어의 일부입니다.​

💁🏻이제는 이글루로 시작하세요!​
🔒 국내 기술 + 국내 서버 = 믿을 수 있는 보안​
📱 언제 어디서나 우리 반려동물/어르신 실시간 확인​
🎨 국내 유일 COLOR 홈캠​

​
▶제품 상세정보 보기 :​
IoT",2025-07-29,펫캠,post,,caption,substitute,2026-10-01T10:19:19
instagram,https://www.instagram.com/p/DMr2WwoJ99W/,4f0f548cddfc7710,,"혹시 아직도 하얀색 양산형 홈캠 쓰고 계신가요?​
고급 인테리어에는 양산형 제품보다 더 나은 선택이 필요하죠.​

**‘이글루 S4+’**는 국내 기술로, 국내에서 직접 디자인한​
프리미엄 홈캠입니다.​
화이트톤 인테리어에도 자연스럽게 어우러지는 감각적인 디자인,​
이제는 홈캠도 인테리어의 일부입니다.​

💁🏻이제는 이글루로 시작하세요!​
🔒 국내 기술 + 국내 서버 = 믿을 수 있는 보안​
📱 언제 어디서나 우리 반려동물/어르신 실시간 확인​
🎨 국내 유일 COLOR 홈캠​

​
▶제품 상세정보 보기 :​
IoT",2025-07-29,펫캠,post,,caption,substitute,2026-10-01T10:19:19
instagram,https://www.instagram.com/p/DMr1vlPJarB/,1f93491e29a7ef42,,"혹시 아직도 하얀색 양산형 홈캠 쓰고 계신가요?​
고급 인테리어에는 양산형 제품보다 더 나은 선택이 필요하죠.​

**‘이글루 S4+’**는 국내 기술로, 국내에서 직접 디자인한​
프리미엄 홈캠입니다.​
화이트톤 인테리어에도 자연스럽게 어우러지는 감각적인 디자인,​
이제는 홈캠도 인테리어의 일부입니다.​

💁🏻이제는 이글루로 시작하세요!​
🔒 국내 기술 + 국내 서버 = 믿을 수 있는 보안​
📱 언제 어디서나 우리 반려동물/어르신 실시간 확인​
🎨 국내 유일 COLOR 홈캠​

​
▶제품 상세정보 보기 :​
IoT",2025-07-29,펫캠,post,,caption,substitute,2026-10-01T10:19:19
instagram,https://www.instagram.com/p/DMnNUmMzB8x/,0644b1b6ec16e066,,"아빠 제가 사고치는거 펫캠으로 보지마세요. 😆🫶

인형으로 밀어서 홈캠 딱 가리는게 너무 신기하네… 
송파도 너.. 정체가 무엇이냐 😑

#시바견 #시바그램 #시바이누그램 #시바는사랑입니다 #펫캠",2025-07-27,펫캠,post,,caption,substitute,2026-10-01T10:19:19
instagram,https://www.instagram.com/p/DMhjg_4xfxB/,2e5b743d24bcae00,,"#이벤트 #팔로워이벤트
🎉파인뷰 홈캠 맞춰보개! QUIZ🎉
파인뷰 홈캠과 함께 즐겨요! 불금의 퀴즈 시간!
가볍게 퀴즈 참여하시고 경품 받아가세요 ✨

Q. 다음 사진(게시물 이미지)의 강아지 품종은?
>>> ㅅ ㅂ 견 <<<

★HINT. 욕은 아닙니다 ^^

이 강아지는 너무나 유명해서 바로 아실 수 있을텐데요!
이 친구의 품종을 댓글로 맞춰주세요!

정답을 댓글로 남겨주신 분들 중 열 분을 추첨하여
네이버페이 포인트 5,000원을 증정해드립니다!

[이벤트]
▶기간 : 7/25(금)~7/31(목)
▶발표 : 8/4(월) *개별 DM 발표
▶경품 : 네이버페이 포인트 5,000원 (추첨 10명)
▶참여방법 :
1. 파인뷰 홈캠 공식 인스타그램 팔로우
2. 게시물의 사진을 보고 강아지 품종을 댓글로 달기
3. 추첨을 통해 열 분께 네이버페이 포인트 5,000원 증정!

🎁본 이벤트는 파인뷰 홈캠 인스타그램 팔로워 대상 이벤트입니다.
🎁최신글 5개에 좋아요를 눌러주시면 당첨 확률 UP!
🎁비공개 계정은 당첨 불가 합니다.",2025-07-25,펫캠,post,,caption,substitute,2026-10-01T10:19:19
instagram,https://www.instagram.com/p/DMhF8ZdzhmO/,69c1c83b048c67ca,,"🎉네이버플러스스토어 X 파인뷰 파인캐디🎉

✨썸머마켓✨
7/26(토), 하루특가!

단 하루! 많은 분들의 성원에 힘입어 썸머마켓 앵콜 추가 할인을 진행합니다! 🖤

블랙박스/골프거리측정기/홈캠/현관CCTV
파인뷰 파인캐디 인기 모델을 위한
썸머 혜택! 더 이상 놓치지 마세요 😎

최대 66% SALE 혜택이 26일 토요일이 지나면 사라집니다!
네이버플러스스토어에서 만나보실 수 있어요 🎉

▶기간 : 7/26(토)
▶자세히보기 : bit.ly/4m5Ne0k
(프로필 상단의 '진행 중인 이벤트 확인하기' 링크 클릭!)

#파인뷰#블랙박스#블박#홈캠#펫캠#현관CCTV#파인캐디#거리측정기#골프거리측정기#특가이벤트#이벤트중",2025-07-25,펫캠,post,,caption,substitute,2026-10-01T10:19:19
instagram,https://www.instagram.com/p/DMe3v0kvj6v/,40597361e8b2a158,,"🐾 반려동물을 두고 외출할 때도,
👶 육아 중 잠깐의 휴식 시간도

Tapo C230과 함께라면, 더 안심하고 편안하게 보낼 수 있어요😌

1️⃣ 스마트 AI로 움직임·소리 감지 시 즉시 알림 전송
2️⃣ 3K 500만 화소 고화질의 선명한 영상
3️⃣ 스마트폰 음성 비서 연동으로 간편한 제어
4️⃣ 넓은 시야와 나이트 비전으로 밤에도 빈틈없는 보안

가족을 더 가까이, 걱정은 더 멀리!
Tapo C230으로 스마트하게 지켜보세요👀

👇Tapo C230 구매하러 가기👇
 

#타포 #Tapo #C230 #TapoC230 #홈캠 #홈CCTV #실내CCTV #홈캠추천 #보안카메라 #베이비캠 #펫캠 #스마트홈 #티피링크 #tplink",2025-07-24,펫캠,post,,caption,substitute,2026-10-01T10:19:19
instagram,https://www.instagram.com/p/DMelmYkveSi/,b59e1e3fb8819ad2,,"암것도 안해도 넘 귀여워서 자꾸 들여다보게 됨👀

🎥",2025-07-24,펫캠,post,,caption,substitute,2026-10-01T10:19:19
instagram,https://www.instagram.com/p/DMbz7QazJ05/,c39158e9f2901862,,"지난 3월 규모 7.7의 강진으로 세계를 놀라게 한 태국
이때 집 안에 혼자있던 강아지의 대피 영상이 sns에서 화제입니다 ! 🌎

침착하게 책상 밑으로 들어가 몸을 보호하고 펫 캠을 바라보며 보호자를 안심시키기까지!
저보다 더 잘하는데요 . . . ? 🤔

앙증맞은 외모에 똑부러지는 행동을 자랑하는 ‘테디’의 더 다른 모습이 보고싶다면
지금 틱톡에 검색해보세요 ❗️ 🧸🤍

📸",2025-07-23,펫캠,post,,caption,substitute,2026-10-01T10:19:19
instagram,https://www.instagram.com/p/DMbpEKQz4_5/,3d7770ef9b79da35,,"🎉지마켓 X 옥션 X 파인뷰🎉

✨2Days 한정특가✨
7/23(수)~7/24(목), 단 이틀간!

초고화질 보안 안전 홈캠!
파인뷰 2025 신제품 K11 단 이틀간의 한정 특가 이벤트 진행합니다!😎

800만 화소 4K UHD로
우리집, 우리 아이, 반려동물을 안전하게 지켜보세요!
최대 46% SALE의 풍성한 혜택으로
지금 바로 지마켓, 옥션에서 만나보세요 🎉

▶기간 : 7/23(수)~7/24(목)
▶자세히보기 : 
지마켓 - bit.ly/4f12clU
옥션 - bit.ly/4l3aHP2
(프로필 상단의 '진행 중인 이벤트 확인하기' 링크 클릭!)

#파인뷰#홈캠#펫캠#홈CCTV#가정용CCTV#베이비캠#특가이벤트#이벤트중",2025-07-23,펫캠,post,,caption,substitute,2026-10-01T10:19:19
instagram,https://www.instagram.com/p/DMaV2Z_yhbU/,adcad2dfa6156794,,"오늘의 모카 기록 🐕

집에 온지 3주가 지났지만 사람이 집에 있을 때는 
모카는 여전히 자기 영역을 잘 벗어나지 않는다.
아주 약간씩 영역이 넓어지고 있기는 하지만.
(방석 앞쪽으로 나와 시원한 바닥에 누워 잔다거나
사람들이 각자 다른 일을 하고 있다 싶으면 
밥자리에 와서 물을 마시고 간다거나.)

가족들이 다 출근한 낮 시간에는
에어컨 빵빵한 쾌적한 집이 오롯이 모카 차지.

집안 곳곳의 냄새를 맡으며 탐색도 해보고
자기 영역을 벗어난 자리에 놔준 방석에 앉아서 편히 쉬기도 하고
물도 마시고 밥도 먹고 노즈워크 장난감도 가지고 놀고
배변패드에 볼일도 시원하게 보고
창가에서 바깥 구경도 하며
모카만의 시간을 잘 보낸다. 

각자 열심히 하루를 살고 돌아와
저녁에는 함께 산책 타임.

하루치의 시간들이 이렇게 조금씩 쌓여간다.",2025-07-22,펫캠,post,,caption,substitute,2026-10-01T10:19:19
instagram,https://www.instagram.com/p/DMWdlDfTMUI/,7f8f5ac66a285347,,"🎉오늘의집 X 파인뷰🎉

✨오늘의딜✨
7/21(월)~7/23(수), 단 3일

파인뷰 홈캠, 소비자 만족 인기 모델 K90!
오늘의집 단독 특가 이벤트 진행합니다 🎉

500만 화소 QHD로
선명하게 우리 아이, 반려동물을 지켜보는 홈캠!
단 3일동안 최대 48% 할인된 특가로 구매하실 수 있으니
바로 오늘의집에서 만나보세요! 😎

▶기간 : 7/21(월)~7/23(수)
▶자세히보기 : bit.ly/44YPPCw
(프로필 상단의 '진행 중인 이벤트 확인하기' 링크 클릭!)

#파인뷰#홈캠#펫캠#가정용CCTV#홈CCTV#특가이벤트#이벤트중",2025-07-21,펫캠,post,,caption,substitute,2026-10-01T10:19:19
instagram,https://www.instagram.com/p/DMWbVRiTMxJ/,57dad1a6ea9a1ed4,,"🎉11번가 X 파인뷰 파인캐디🎉

✨찐템페스타✨
7/21(월)~7/31(목)

믿고 사는 파인뷰 파인캐디 진짜 고퀄 템!
오늘부터 역대급 특가 들어갑니다 😎

블랙박스/골프거리측정기/홈캠/현관CCTV
모두 한 자리에서, 최대 71% 할인 혜택으로 만나보세요!

▶기간 : 7/21(월)~7/31(목)
▶자세히보기 : bit.ly/4eWICHr
(프로필 상단의 '진행 중인 이벤트 확인하기' 링크 클릭!)

#파인뷰#블랙박스#블박#홈캠#펫캠#현관CCTV#파인캐디#골프거리측정기#거리측정기#특가이벤트#이벤트중",2025-07-21,펫캠,post,,caption,substitute,2026-10-01T10:19:19
instagram,https://www.instagram.com/p/DMPipJcxGCR/,f5624a72ad4df488,,"#이벤트 #팔로워이벤트
🎉파인뷰 홈캠 냥냥이 상식 QUIZ🎉
파인뷰 홈캠과 함께하는 반려동물 상식 퀴즈 시간!

오늘의 주인공은 고양이입니다 🐱
흔히 애니메이션, 영화를 보면 고양이가
우유를 잘 먹고, 생선을 물고 다니는 모습을 볼 수 있는데요.

과연 실제로도 고양이는 우유와 생선을 가장 좋아할까요?
1. YES
2. NO

★HINT. 고양이가 소화시킬 수 없는 성분은 의외로 많습니다.

정답을 댓글로 남겨주신 분들 중 열 분을 추첨하여
CU 5,000원을 증정해드립니다!

[이벤트]
▶기간 : 7/18(금)~7/24(목)
▶발표 : 7/25(금) *개별 DM 발표
▶경품 : CU 5,000원 (추첨 10명)
▶참여방법 :
1. 파인뷰 홈캠 공식 인스타그램 팔로우
2. 고양이가 실제로 우유와 생선을 가장 좋아할지 YES or NO 댓글 달기
3. 추첨을 통해 열 분께 CU 5,000원 증정!

🎁본 이벤트는 파인뷰 홈캠 인스타그램 팔로워 대상 이벤트입니다.
🎁최신글 5개에 좋아요를 눌러주시면 당첨 확률 UP!
🎁비공개 계정은 당첨 불가 합니다.",2025-07-18,펫캠,post,,caption,substitute,2026-10-01T10:19:19
instagram,https://www.instagram.com/p/DMNhx_aT3Iy/,a6119bc7ca960cd0,,"크림이의 시간은 얼마나 지났을까요?ㅠㅠ
애기낳고 병원에서 보내는 5일.. 그리고 이틀..
저에게 이 시간이 크림이에게는 한없이 긴 시간일 텐데ㅠㅠ
병원에서 너무 아파 밤새 울었을때에도 홈캠을 켜서 하루종일
크림이 걱정에 눈물을 훌렸고, 밥도 안먹고 아무것도 안하고
그져 힘없는 모습으로 하루하루 무료하게 나만 기다리는
크림이가 너무 안쓰러워 또 울고ㅠㅠ 너무너무 보고싶어서 
또 울고ㅠㅠ 정말 지금도 웁니다…😭

아무리 아파도 시간이 조금이라도 생기면, 무조건 홈캠켜서 지켜봤어요!! 티비 한번도 안틈!! 티비 볼 시간에 한번이라도 크림이 뭐하는지 살펴봄!! 정말 홈캠없었으면 어쩔뻔!!ㅠㅠ
방마다 다 설치하고 다 돌려가면서 확인함!!ㅠㅠ

처음에 남편만 들어왔을땐 계속 문쪽바라보며 울던 아이가ㅠㅠ
이제는 남편만 온다는 걸 아는 걸까요? 의지할 사람이 남편밖에 없다는 걸 아는지.. 엄청 달려들고 붙어있네요ㅠㅠ
한편으론 다행이다 싶으면서도 그 모습마져 짠해서 또 눈물이 나요
낮에 그렇게 힘없이 무료하게 기다리는 걸 알기에ㅠㅠ
크림아 조금만 더 버텨줘!! 엄마도 너무너무 힘든데ㅠㅠ
울면서 하루하루 버티고 있어!!ㅠㅠ

근데 파인뷰 홈캠 화질이 너무 좋다!! 
진짜 엄청 길게녹화도 되고, 소리도 안끊기고 잘들리고!!
파인뷰 홈캠 없었으면 어쩔 뻔!!ㅠㅠ 이거 정말 추천합니다!!

파인뷰 홈캠 

파인뷰 홈캠은!!
-800만 화소 4K UHD - 800만 화소 4K UHD의 극초고화질로 선명하게 확인
 -좌우회전 355°, 상하회전 66° - 상하좌우 회전 가능한 제품 설계로 주변 상황을 꼼꼼하게 파악
-AI 모션 트래킹 - AI 모션 트래킹으로 움직이는 물체를 따라가며 촬영 
-모션 감지 - 소리 감지 - 모션과 소리 감지 시 스마트폰으로 바로 알림 
-감지 영역 설정 - 집중적으로 감지해야 할 영역을 설정 가능
-AI 수면 모드 1.0 - 수면 중 뒤척인 횟수와 시간대까지 확인 가능
-지출 비용 0원 - 추가 비용 걱정 없어 안심
-금융권 수준의 철저한 보안 시스템 - 세계적 기업 수준의 TRUSTe 개인 정보 보호 인증은 물론 GDPR, ISO 등 각종 개인 정보 보호 규격 준수

#파인뷰 #홈캠 #홈캠추천 #펫캠 #펫캠추천 #가정용홈캠 #홈CCTV #CCTV추천 #강아지용품 #고양이용품",2025-07-17,펫캠,post,,caption,substitute,2026-10-01T10:19:19
instagram,https://www.instagram.com/p/DMHDlkkTlOZ/,a614357371814e14,,"🎉네이버플러스스토어 X 파인뷰 파인캐디🎉

✨브랜드데이✨
7/15(화), 단 하루!

파인뷰 파인캐디 인기 제품들을 단 하루!
풍성한 혜택과 함께 만나보세요 😎

블랙박스/골프거리측정기/홈캠/현관CCTV
구매를 고민하셨던 분들이라면
오늘 하루, 최대 63% SALE 혜택을 통해
득템하시기 바랍니다 😍

▶기간 : 7/15(화)
▶자세히보기 : bit.ly/46406iS
(프로필 상단의 '진행 중인 이벤트 확인하기' 링크 클릭!)

#파인뷰#블랙박스#블박#홈캠#펫캠#현관CCTV#파인캐디#골프거리측정기#거리측정기#특가이벤트#이벤트중",2025-07-15,펫캠,post,,caption,substitute,2026-10-01T10:19:19
instagram,https://www.instagram.com/p/DMEvPZOzSto/,4e6c96108b0fe50c,,"🎉네이버플러스스토어 X 파인뷰 파인캐디🎉

✨썸머마켓✨
7/14(월)~7/27(일)

뜨거운 여름엔 시원한 혜택을!
썸머마켓에 준비된 베스트 라인업을 확인해보세요 😎

블랙박스/골프거리측정기/홈캠/현관CCTV를
최대 62% 할인 혜택 받고 구매할 수 있는 기회!

네이버플러스스토어에서 만나보실 수 있습니다 ✨

▶기간 : 7/14(월)~7/27(일)
▶자세히보기 : bit.ly/463lG77
(프로필 상단의 '진행 중인 이벤트 확인하기' 링크 클릭!)

#파인뷰#블랙박스#블박#홈캠#펫캠#현관CCTV#파인캐디#골프거리측정기#거리측정기#특가이벤트#이벤트중",2025-07-14,펫캠,post,,caption,substitute,2026-10-01T10:19:19
instagram,https://www.instagram.com/p/DL9fx5FRa2E/,ac1fcc23ac3a968a,,"#이벤트 #팔로워이벤트
🎉파인뷰 홈캠 댕댕이 상식 QUIZ🎉
즐거운 금요일, 함께하는 파인뷰 홈캠 퀴즈 시간! 💚💙

오늘은 강아지 상식 퀴즈로 진행을 해볼텐데요! 
가볍게 O/X로 퀴즈 풀어보시고 경품 받아가세요 😎

귀여운 사랑둥이 강아지들은 주인이라면 온 세상 사랑을 다 끌어다 줄텐데요! 
이 강아지들과 관련된 흥미로운 주제가 있다고 합니다.

Q. 강아지는 대부분 남성보다 여성을 더 좋아한다? (O/X)

★HINT. 대부분 고음의 목소리를 더 좋아하고 친근하게 느낀다고 합니다.

(사실 엄마아빠형누나언니오빠면 다 좋아...재미로 체크해보시개!🐶)

정답을 댓글로 남겨주신 분들 중 열 분을 추첨하여
신세계 상품권 5,000원을 증정해드립니다!

[이벤트]
▶기간 : 7/11(금)~7/17(목)
▶발표 : 7/18(금) *개별 DM 발표
▶경품 : 신세계 상품권 5,000원 (추첨 10명)
▶참여방법 :
1. 파인뷰 홈캠 공식 인스타그램 팔로우
2. 강아지는 대부분 남성보다 여성을 더 좋아한다는 주제에 O/X 댓글 달기
3. 추첨을 통해 열 분께 신세계 상품권 5,000원 증정!

🎁본 이벤트는 파인뷰 홈캠 인스타그램 팔로워 대상 이벤트입니다.
🎁최신글 5개에 좋아요를 눌러주시면 당첨 확률 UP!
🎁비공개 계정은 당첨 불가 합니다.
🎁신세계 상품권은 문자로 발송되며, '이마트'에서 지류 상품권으로 교환 후 사용 가능합니다.",2025-07-11,펫캠,post,,caption,substitute,2026-10-01T10:19:19
instagram,https://www.instagram.com/p/DL8tV2Kzw8F/,207887fbd28418cd,,"🎉11번가 X 파인뷰 파인캐디🎉

✨7월 월간십일절✨
7/11(금)~7/13(일)
단 3일, 7월 한정 월간 세일!

블랙박스/홈캠/골프거리측정기/현관 CCTV
베스트 라인업으로 준비 완료! 😎

특히, 7/11(금) 단 하루만 진행되는 타임딜도 꼭 확인해보세요!
파인뷰 베스트셀러 X3500 POWER를
21시부터 ""1시간 동안""만 한정 타임 혜택과 함께 제공해드립니다!

이 기간에는 11번가에서 최대 할인 혜택 받으시고 구매하세요 🖤

▶기간 : 7/11(금)~7/13(일)
▶자세히보기 : bit.ly/44Wg6ST
▷타임딜 : bit.ly/4lFENt3
(프로필 상단의 '진행 중인 이벤트 확인하기' 링크 클릭!)

#파인뷰#블랙박스#블박#홈캠#펫캠#파인캐디#골프거리측정기#거리측정기특가이벤트#이벤트중",2025-07-11,펫캠,post,,caption,substitute,2026-10-01T10:19:19
instagram,https://www.instagram.com/p/DL3ap5pTuHc/,269f109b3b4543ea,,"#업체로부터제공받은제품입니다
 

요즘같이 꿉꿉한 날씨에,
누가 눅눅한 사료 먹냐개😉

묘향가 진공 자동급식기만 있으면
항상 신선한 사료를 먹을 수 있다개!

진공기능으로 완전 밀폐 유지되고,
정량급여로 요즘 나 더 살빠졌다개🐶

앱 연동이라 배고픈척 연기하면
엄마가 밖에서도 추가로 밥을 준다개!🤣

140도 광각 펫캠까지 달려있어서
내 먹방도 실시간으로 볼 수 있고,🍴

밥그릇은 위생적인 세라믹에,
엄빠 늦게와도 혼자 밥 잘먹는다개!!
분리불안 있는 강쥐들한테도 딱이야👍🏻

친구덜
똑똑한 묘향가 자동급식기 어떠냐멍!🧡

#자동급식기 #강아지급식기 #고양이급식기 #진공급식기 #강아지자동급식기 #고양이자동급식기 #강아지사료 #고양이사료 #고양이사료추천 #자동사료급여기 #사료급식기 #강아지밥그릇 #고양이밥그릇 #펫캠 #홈캠 #펫CCTV #강아지분리불안 #골든카프 #멍스타그램 #댕스타그램 #보더콜리 #bordercollie",2025-07-08,펫캠,post,,caption,substitute,2026-10-01T10:19:19
instagram,https://www.instagram.com/p/DL2MPpeP2Qn/,3beee2c69b779c91,,"25.07.08
처음 사 본 펫캠 속 저화질을 뚫고 나오는 귀여움Vv
비오늘 풍경 구경 중🌧
#랙돌 #펫캠 #고양이",2025-07-08,펫캠,post,,caption,substitute,2026-10-01T10:19:19
instagram,https://www.instagram.com/p/DL1vJoAR5_6/,c388b9e843145cb8,,"#댕댕이일상
잠깐 외출할때마다 크림이가 침대에서 잘자고 있는 줄 알았는데..
거실에 나와서 저를 찾더라고요..😳
요즘 제가 만삭이라 몸도 많이 붓고 아파해서 뭔가 아는 걸까요?;;
부엌에도 갔다가 쇼파에도 올라갔다가 시무룩한 표정😢
그래도 하울링을 하거나 울거나 그러진 않아서
안심인데.. 제가 더 걱정이네여;;ㅎㅎ
화질이 너무 좋아서 우리 크림이 혼자 집에서 뭐하는지 보는데..
드라마보다 더 재밌어요!!💛🧡
빨리 들어가서 엄마가 놀아줄께! 내사랑 크림아!!🤍❤️

▶출처 : 
▶제품 : #K11 #파인뷰K11

#강아지일상 #견주일상 #포메스타그램",2025-07-08,펫캠,post,,caption,substitute,2026-10-01T10:19:19
instagram,https://www.instagram.com/p/DLyj_YqzwJn/,e95bee8e3305d7a7,,"🎉지마켓 X 옥션X 파인뷰 파인캐디🎉

✨빡세일✨
7/7(월)~7/13(일)

무더운 여름, 시원한 세일!
블랙박스, 홈캠, 골프거리측정기, 현관 CCTV를
최대 66% 할인 혜택 받고 구매할 수 있는 득템 찬스!

특.히! 오늘 7월 7일 월요일에는
자유로운 3채널 선택이 가능한 신상 블랙박스
X7700 PRO 슈퍼딜이 함께 합니다! 😎
2025 신제품을 53% OFF 까지 가능한 특별 세일의 시간!

놓치지 마시기 바랍니다 😍

▶기간 : 7/7(월)~7/13(일)
▶자세히보기 : 
bit.ly/4lEfPtt
bit.ly/40AFoDy
▷ 슈퍼딜 - bit.ly/4ezNPoF
(프로필 상단의 '진행 중인 이벤트 확인하기' 링크 클릭!)

#파인뷰#블랙박스#블박#홈캠#펫캠#파인캐디#골프거리측정기#거리측정기특가이벤트#이벤트중",2025-07-07,펫캠,post,,caption,substitute,2026-10-01T10:19:19
instagram,https://www.instagram.com/p/DLrapdIB7NV/,903e2a1740807227,,"#이벤트 #팔로워이벤트
🎉파인뷰 홈캠 반려동물 넌센스 QUIZ🎉
즐거운 금요일에 함께하는 파인뷰 홈캠 퀴즈 시간!
오늘은 재미있는 넌센스 퀴즈를 준비해보았는데요 😎

새가 한숨을 쉰다면, 3글자로 뭐라하는지 아시나요?
이미지를 잘 보시면 ""하..."" 하면서 한숨을 쉬고 있는데요!

엇. 결정적인 단어를 알려드려버렸네요 😏
그럼 나머지도 맞춰보세요!

★HINT. 새를 영어로 번역하면 'Bird'입니다.

정답을 댓글로 남겨주신 분들 중 열 분을 추첨하여
CU 5,000원을 증정해드립니다!

[이벤트]
▶기간 : 7/4(금)~7/10(목)
▶발표 : 7/11(금) *개별 DM 발표
▶경품 : CU 5,000원 (추첨 10명)
▶참여방법 :
1. 파인뷰 홈캠 공식 인스타그램 팔로우
2. 넌센스 퀴즈, 새가 한숨을 쉬면 3글자로 무엇이라 하는지 댓글로 달기
3. 추첨을 통해 열 분께 CU 5,000원 증정!

🎁본 이벤트는 파인뷰 홈캠 인스타그램 팔로워 대상 이벤트입니다.
🎁최신글 5개에 좋아요를 눌러주시면 당첨 확률 UP!
🎁비공개 계정은 당첨 불가 합니다.

 #파인뷰 #홈캠 #펫캠 #경품이벤트 #퀴즈이벤트 #댓글이벤트 #반려동물 #육아 #이벤트중 #event",2025-07-04,펫캠,post,,caption,substitute,2026-10-01T10:19:19
instagram,https://www.instagram.com/p/DLqp_NHSYLR/,e970cf6c98754bf7,,"아빠, 엄마 지금 나 보고있지 ? 😈 나 다 알아 〰️

#댕스타그램 #멍스타그램 #포인핸드 #포인핸드입양 #포인핸드입양후기 #유기견 #믹스견 #펫캠 #주인이분리불안 #주인이분리불안증있음 #눈치백단",2025-07-04,펫캠,post,,caption,substitute,2026-10-01T10:19:19
instagram,https://www.instagram.com/p/DLlbYD9Td0l/,284f649e4c4893f6,,"🎉11번가 X 파인뷰🎉

✨긴급공수 1DAY SALE✨
7/2(수), 단 하루!

2025년 5월 출시 파인뷰 AI 홈캠 K11!
출시 직후부터 높은 소비자 만족도를 자랑하는 꿀 아이템입니다 😎

언제 어느 때라도 우리집을 안전하게 지켜봐 줄 K11을 오늘 단 하루!
11번가에서 신제품 특별 할인 이벤트로
최대 44% SALE 혜택을 받아보세요 ✨

▶기간 : 7/2(수)
▶자세히보기 : bit.ly/4lvPiyj
(프로필 상단의 '진행 중인 이벤트 확인하기' 링크 클릭!)

#파인뷰#홈캠#펫캠#베이비캠#초고화질홈캠#홈CCTV#가정용CCTV#특가이벤트#이벤트중",2025-07-02,펫캠,post,,caption,substitute,2026-10-01T10:19:19
instagram,https://www.instagram.com/p/DLi5pelzvTZ/,66f1cf024199c6da,,"🎉지마켓 X 옥션 X 파인뷰 파인캐디🎉

✨월첫세일✨
7/1(화)~7/3(목)
7월 초, 3일간 강력한 혜택!
2025 신제품까지 월첫-월척이다!

블랙박스/홈캠/골프거리측정기를
최대 67% SALE 혜택을 받고 구매하세요! 😎

▶기간 : 7/1(화)~7/3(목)
▶자세히보기 : 
bit.ly/4k4mRX8
bit.ly/40kglV9
(프로필 상단의 '진행 중인 이벤트 확인하기' 링크 클릭!)

#파인뷰#블랙박스#블박#홈캠#펫캠#파인캐디#골프거리측정기#거리측정기#특가이벤트#이벤트중",2025-07-01,펫캠,post,,caption,substitute,2026-10-01T10:19:19
instagram,https://www.instagram.com/p/DLaGAU4ShE3/,e2bcbf045ce5985e,,"펫캠이 SNS 같네.. 재밌네..

아빠 엄마 출근하고 언니 학교가면
언제 오나 이제나 저제나.. 기다리는 밀크

너무 너무 이쁜
우리 막내딸🐶

#봄봄이네둘째딸밀크 #펫캠 #진도믹스 #진트리버",2025-06-27,펫캠,post,,caption,substitute,2026-10-01T10:19:19
instagram,https://www.instagram.com/p/DLZar-aRt0H/,eb66de6da36060df,,"#이벤트 #팔로워이벤트
🎉파인뷰 홈캠 냥냥이 상식 QUIZ🎉
즐거운 금요일, 파인뷰 홈캠과 함께하는 퀴즈 시간!

오늘은 냥냥이 상식을 한 단계 키워봅시다! 😻
고양이들이 밤에 눈이 또렷!해지는 것을 한 번쯤은 보신 적이 있을텐데요. 
오늘 퀴즈는 그것과 연관이 있습니다.

Q. 고양이가 유독 새벽에 활동적인 이유는 무엇일까요?

1. 재미있는 일은 항상 새벽에 일어나서
2. 새벽에 먹는 밥이 제일 맛있어서
3. 야생의 야간 사냥 습성이 유전되어서

★HINT. 생존과 관련이 깊습니다.

정답을 댓글로 남겨주신 분들 중 열 분을 추첨하여
CU 5,000원을 증정해드립니다!

[이벤트]
▶기간 : 6/27(금)~7/3(목)
▶발표 : 7/7(월) *개별 DM 발표
▶경품 : CU 5,000원 (추첨 10명)
▶참여방법 :
1. 파인뷰 홈캠 공식 인스타그램 팔로우
2. 고양이가 새벽에 활동적인 이유로 옳은 것을 댓글로 달기
3. 추첨을 통해 열 분께 CU 5,000원 증정!

🎁본 이벤트는 파인뷰 홈캠 인스타그램 팔로워 대상 이벤트입니다.
🎁최신글 5개에 좋아요를 눌러주시면 당첨 확률 UP!
🎁비공개 계정은 당첨 불가 합니다.",2025-06-27,펫캠,post,,caption,substitute,2026-10-01T10:19:19
instagram,https://www.instagram.com/p/DLTffFosSB4/,099b6bc3f1b835fe,,"[유니뷰, 유키 시리즈 실내 PT 홈 카메라✨]

우리집을 더 안전하게 지키는 스마트 홈카메라!
좌우 최대 355˚ 회전으로 사각지대 없이 커버하고,
지능형 객체 감지와 양방향 음성통화로
실시간 상황을 더욱 안심하고 확인하세요!

모델명 : P320 

[주요 기능]
✅4MP 고해상도
✅인체/펫/울음소리 감지
✅자동 추적 기능
✅PT 회전 지원: 상하 -10˚~55˚ / 좌우 0˚~355˚
✅양방향 음성통화 지원
✅프라이버시 모드 지원
✅최신 와이파이 6
✅최대 256GB SD 카드 저장 지원

#유니뷰 #홈캠 #유키시리즈 #스마트홈카메라 #실내용CCTV #펫캠 #육아캠 #양방향통화 #자동추적 #UNIVIEW",2025-06-25,펫캠,post,,caption,substitute,2026-10-01T10:19:19
instagram,https://www.instagram.com/p/DLRuyTIxuma/,143e439e9e52064a,,"#강아지일상
반려동물이랑🐾 아가👶🏻 키우는 집에 필수템!!
파인뷰 홈캠!!📹

크림이가 혼자 있을때 울엄마는 크림이 잘 있나
파인뷰 홈캠으로 지켜본다.👀

파인뷰 홈캠은!!
-800만 화소 4K UHD - 800만 화소 4K UHD의 극초고화질로 선명하게 확인
-좌우회전 355°, 상하회전 66° - 상하좌우 회전 가능한 제품
설계로 주변 상황을 꼼꼼하게 파악
-AI 모션 트래킹 - AI 모션 트래킹으로 움직이는 물체를 따라가며 촬영
-모션 감지 - 소리 감지 - 모션과 소리 감지 시 스마트폰으로 바로 알림
-감지 영역 설정 - 집중적으로 감지해야 할 영역을 설정 가능
-AI 수면 모드 1.0 - 수면 중 뒤척인 횟수와 시간대까지 확인 가능
-지출 비용 0원 - 추가 비용 걱정 없어 안심
-금융권 수준의 철저한 보안 시스템 - 세계적 기업 수준의 TRUSTe 개인 정보 보호 인증은 물론 GDPR, ISO 등 각종 개인 정보 보호 규격 준수

크림맘이 직접 사용해 보니.. 진짜 좋아!!👍🏻💛
화질도 너무 좋고, 스마트폰으로 조정도 가능하고
디자인도 깔끔하고 ㅎㅎ 홈캠은 파인뷰 홈캠!!🤍

▶출처 : 
▶제품 : #파인뷰K11 #K11

#댕스타그램 #포메라니안 #포메스타그램",2025-06-24,펫캠,post,,caption,substitute,2026-10-01T10:19:19
instagram,https://www.instagram.com/p/DLRoOhOt0Hw/,4ce4ccf787151ea4,,"[유니뷰, 우리집 안전 지킴이 유키 홈캠 시리즈🐕👶]

간편한 설치 + 강력한 기능!✨
와이파이로 설치 끝!
우리집 보안부터 반려동물, 아기 모니터링까지
유니뷰 스마트 홈캠 ‘유키 시리즈’ 하나면 충분합니다.

[주요 기능]

✅4MP 고해상도
✅24시간 컬러뷰
✅최신 Wi-Fi 6 지원
✅블루투스 원터치 페어링
✅인체/차량/펫 감지
✅양방향 음성통화
✅이상음원/울음소리 감지

#유니뷰 #YouKey #홈캠 #스마트홈 #아기캠 #펫캠 #가정용CCTV #유키홈캠",2025-06-24,펫캠,post,,caption,substitute,2026-10-01T10:19:19
instagram,https://www.instagram.com/p/DLQ3umZTWNm/,5cd5cb15f1277e2f,,"🎉네이버쇼핑라이브 X 파인뷰🎉

✨파인뷰 홈캠 브랜드데이 라이브✨
6/24(화) 오후 7시 ON AIR!

파인뷰 스토어 관심고객 280만 돌파 기념!
홈캠 2종, 현관 CCTV 1종을 스페셜 혜택과 함께 구매할 수 있는
특별 라이브 프로모션을 진행합니다!! 😎

라이브 중에만 받으실 수 있는 혜택이 있으니
고성능 홈캠, 현관 CCTV에 관심 있으신 분들이라면
꼭! 본방 사수를 부탁드립니다 🤗

오늘 저녁 7시! 네이버쇼핑라이브에서 뵙겠습니다. 

▶기간 : 6/24(화) 오후 7시
▶자세히보기 : bit.ly/44f0d8y
(프로필 상단의 '진행 중인 이벤트 확인하기' 링크 클릭!)

#파인뷰#홈캠#펫캠#현관CCTV#라이브특가#쇼핑라이브#특가이벤트#이벤트중",2025-06-24,펫캠,post,,caption,substitute,2026-10-01T10:19:19
instagram,https://www.instagram.com/p/DLQ2PLYznLB/,16af699094347168,,"🎉네이버플러스스토어 X 파인뷰 파인캐디🎉

✨강세일 X 브랜드데이✨
6/24(화), 단 하루 특가!

네이버플러스스토어 강세일 이벤트에서
한 단계 더! 강화된, 브랜드데이! 🎉

블랙박스/홈캠/현관CCTV/골프거리측정기
구매를 고민하셨던 분들이라면
오늘 하루가 최고의 기회라는 사실을 잊지 마세요! 😎

▶기간 : 6/24(화)
▶자세히보기 : bit.ly/43V5l2U
(프로필 상단의 '진행 중인 이벤트 확인하기' 링크 클릭!)

#파인뷰#블랙박스#블박#홈캠#펫캠#파인캐디#골프거리측정기#거리측정기#특가이벤트#이벤트중",2025-06-24,펫캠,post,,caption,substitute,2026-10-01T10:19:19
instagram,https://www.instagram.com/p/DLOUJb-z0kX/,1cb75d95ecda71c3,,"🎉네이버플러스스토어 X 파인뷰 파인캐디🎉

✨강세일✨
6/23(월)~7/6(일)
파인뷰, 파인캐디
2025 신제품 출시 기념 특가 이벤트!

네이버플러스스토어에서 최대 61% 할인된 가격으로 만나보세요! 😎

▶기간 : 6/23(월)~7/6(일)
▶자세히보기 : bit.ly/4eeHajx
(프로필 상단의 '진행 중인 이벤트 확인하기' 링크 클릭!)

#파인뷰#블랙박스#블박#홈캠#펫캠#파인캐디#골프거리측정기#거리측정기#미니거리측정기#특가이벤트#이벤트중",2025-06-23,펫캠,post,,caption,substitute,2026-10-01T10:19:19
instagram,https://www.instagram.com/p/DLH9g1iTzE_/,398aee6daa7b1ae7,,"뿌꾸랑 셀카 찍기 하늘의 ⭐️따기 
.
.
.
#뿌꾸 #펫캠 #순간포착",2025-06-20,펫캠,post,,caption,substitute,2026-10-01T10:19:19
instagram,https://www.instagram.com/p/DLHbS8mxM0v/,ca15c30b65c6689b,,"#이벤트 #팔로워이벤트
🎉파인뷰 홈캠 반려동물 넌센스 QUIZ🎉
돌아온 금요일의 파인뷰 홈캠 퀴즈 시간!
오늘은 뜨거운 반응이었던 '넌센스'를 주제로 진행해봅니다 😎

넌센스적으로 생각해주셔야 합니다!

Q. 다 자랐는데도 더 크라고 하는 동물은?

< ㅈ ㄹ >

★HINT. 욕이 아닙니다. 거북이와 비슷합니다. 😮

헷갈리신다면 이미지에 하나 더 힌트로 남아있는
동물의 실루엣을 살펴보세요! 😊

정답을 댓글로 남겨주신 분들 중 열 분을 추첨하여
CU 5,000원을 증정해드립니다!

[이벤트]
▶기간 : 6/20(금)~6/26(목)
▶발표 : 6/27(금) *개별 DM 발표
▶경품 : CU 5,000원 (추첨 10명)
▶참여방법 :
1. 파인뷰 홈캠 공식 인스타그램 팔로우
2. 넌센스 요소로, 다 자랐는데도 더 크라고 하는 동물 이름을 댓글로 달기
3. 추첨을 통해 열 분께 신세계 상품권 5,000원 증정!

🎁본 이벤트는 파인뷰 홈캠 인스타그램 팔로워 대상 이벤트입니다.
🎁최신글 5개에 좋아요를 눌러주시면 당첨 확률 UP!
🎁비공개 계정은 당첨 불가 합니다.",2025-06-20,펫캠,post,,caption,substitute,2026-10-01T10:19:19
instagram,https://www.instagram.com/p/DLCoWuyyyMB/,50a0947736daa64b,,"🎬뉴나 지금 나 보고 있는거 다 알아. 올때 간식 사 와🍭

#꼬들이 #말티푸 #말티푸그램 #강아지 #강아지일상 #펫캠 #puppy #귀여운강아지 #멍팔환영🙆‍♀️💕",2025-06-18,펫캠,post,,caption,substitute,2026-10-01T10:19:19
instagram,https://www.instagram.com/p/DK6Y365x4Bm/,4914af88b2ed2390,,"곧 날아갈듯한 로켓 삼치🚀

삼치만의 공간에서 조로캐 편하게 있어주면
집사는 그저 행부캐..*´ސު｀*

　　　

　

#삼치는고양이 #삼치는 #고양이 #홈캠 #펫캠 #집사 #집사의일상 #코숏 #
삼색냥 #카오스무늬 #카오스냥 #애교냥 #슘숨집 #해먹 #cats #catlife #catlife #냥팔맞팔 #냥팔 #맞팔",2025-06-15,펫캠,post,,caption,substitute,2026-10-01T10:19:19
instagram,https://www.instagram.com/p/DKgXVwKTCIw/,521643e49bfa470c,,"🎉11번가 X 파인뷰🎉

✨긴급공수 원데이 특가✨
6/8(일), 단 하루!

4K UHD 극초고화질 AI 홈캠!
더 선명하게 우리 집을 지켜보세요!

외출 중에도 우리 아이와 반려동물이
무엇을 하고 있는지 800만 화소로 볼 수 있습니다 😎

6/8(일) 단 하루만!
2025 파인뷰 홈캠 신제품을 40% 세일가로 만나보세요!

▶기간 : 6/8(일)
▶자세히보기 : bit.ly/43SqCZR
(프로필 상단의 '진행 중인 이벤트 확인하기' 링크 클릭!)

#파인뷰#홈캠#펫캠#베이비캠#홈CCTV#가정용CCTV#특가이벤트#이벤트중",2025-06-05,펫캠,post,,caption,substitute,2026-10-01T10:19:19
instagram,https://www.instagram.com/p/DKa0R86Sp2H/,698066047290c206,,"카메라 위치 옮겼더니 매우 신경쓰이시나봐요 😅

#브리티쉬숏헤어#브숏#브리티쉬숏헤어골드#후추#아기고양이#뽀시레기#냥스타그램#냥#펫캠#고양이#냥#묘생#묘생일기#힐링#귀여워#장난꾸러기#❤",2025-06-03,펫캠,post,,caption,substitute,2026-10-01T10:19:19
instagram,https://www.instagram.com/p/DKvp7Mpz7Q2/,e753434c4a0cd09f,,"🎉11번가 X 파인뷰 파인캐디🎉

✨6월 월간십일절✨
6/11(수)~6/13(금), 단 3일!

2025 NEW 신제품이 포함 라인업 ✨
혜택이 커지는 3 DAYS!
놓쳐서는 안 될 BIG~EVENT가 시작되었습니다 😎

최대 70% SALE 혜택을 받을 수 있는 기회!

더불어 오늘 깜짝 타임딜 모델로 선정된
파인뷰 현관 CCTV도 56% 할인된 가격으로 만나보세요 🎉

6/11(수), 21:00~21:59 단 1시간 동안 진행됩니다!

▶기간 : 6/11(수)~6/13(금)
▶자세히보기 : 
bit.ly/45fotd3
bit.ly/44bCOGj
(프로필 상단의 '진행 중인 이벤트 확인하기' 링크 클릭!)

#파인뷰#블랙박스#블박#홈캠#펫캠#현관CCTV#파인캐디#골프거리측정기#거리측정기#특가이벤트#이벤트중",2025-06-11,펫캠,post,,caption,substitute,2026-10-01T10:19:19
instagram,https://www.instagram.com/p/DKMffPWJ3jK/,b1d6ce580c7ed7c6,,새로 장만한 펫캠이 귀여워요🐱,2025-05-28,펫캠,post,,caption,substitute,2026-10-01T10:19:19
instagram,https://www.instagram.com/p/DKMNbJ5vJcm/,9dbc8b2e34f4de53,,".
“외출 중에도 우리 집이 한눈에!
아이는 물론 강아지·고양이까지
헤이홈 홈캠이 실시간으로 함께합니다.”
#헤이홈홈캠 #육아템 #펫캠 #홈캠
#AI추적카메라 #실시간모니터링 #홈카메라",2025-05-28,펫캠,post,,caption,substitute,2026-10-01T10:19:19
instagram,https://www.instagram.com/p/DKI9A1zP0hW/,5b355dfdf08765cb,,"🐾 메가주 일산! Tapo 첫참가 성공적! 🎉
귀여운 댕냥이들과 반려인들의 사랑 덕분에
너무 따뜻하고 즐거운 3일이었어요💛

타포 부스 와주셔서 진심으로 감사합니다!
홈캠 체험도 즐거우셨죠?
앞으로도 Tapo는
댕냥이와의 일상을 더 편하고 스마트하게 만들어갈게요! 🐶🐱✨

#타포 #메가주 #megazoo #홈캠 #펫캠 #강아지캠 #펫캠추천 #반려동물용품 #펫테크 #스마트홈 #tapo",2025-05-27,펫캠,post,,caption,substitute,2026-10-01T10:19:19
instagram,https://www.instagram.com/p/DJ_TXqazZQX/,683059dc85c79789,,"#이벤트 #팔로워이벤트
🎉파인뷰 홈캠 반려동물 생활법률 QUIZ🎉
반려동물을 양육하시는 모든 분들 주목!
반려동물 등록제에 관해 혹시 알고 계시나요? 😎

반려동물을 소유한 날로부터 '일정 기간' 내
'등록'하지 않으면, 동물보호법에 따라 과태료가 부과될 수 있다고 하는데요.
현재는 반려견 위주로 등록을 권장하고 있지만
반려묘 등록도 시범적으로 진행이 되고 있다고 합니다 😊

그렇다면 여기서 QUIZ!
과연 이 '일정 기간'은 며칠일까요?

1. 30일
2. 200일
3. 500일

★HINT. 최대한 빠르게 진행하는 것이 좋겠죠?

댓글을 남겨주신 분들 중 열 분을 추첨하여
네이버페이 포인트 5,000원을 증정해드립니다!

[이벤트]
▶기간 : 5/23(금)~5/29(목)
▶발표 : 6/2(월) *개별 DM 발표
▶경품 : 네이버페이 포인트 5,000원 (추첨 10명)
▶참여방법 :
1. 파인뷰 홈캠 공식 인스타그램 팔로우
2. 반려동물 등록은 소유한 날로부터 며칠 내로 해야하는지 댓글로 달기
3. 추첨을 통해 열 분께 네이버페이 포인트 5,000원 증정!

🎁본 이벤트는 파인뷰 인스타그램 팔로워 대상 이벤트입니다.
🎁최신글 5개에 좋아요를 눌러주시면 당첨 확률 UP!
🎁비공개 계정은 당첨 불가 합니다.",2025-05-23,펫캠,post,,caption,substitute,2026-10-01T10:19:19
instagram,https://www.instagram.com/p/DJ77XFST5nR/,30ab0c1c4bb7d972,,"🎉오늘의집 X 파인뷰🎉

✨오늘의딜✨
5/22(목)~5/25(일), 단 3일!

파인뷰 스마트 AI 홈캠 K90
오늘의집 단독 특가!

500만 화소 QHD로 
우리 아이, 반려동물들을 선명하게 지켜보세요!

외출 중에도 걱정 없이 상시로 지켜보는 K90!
최대 47% 세일 혜택 받고 구매하세요 💙

▶기간 : 5/22(목)~5/25(일)
▶자세히보기 : bit.ly/4k6v5yX
(프로필 상단의 '진행 중인 이벤트 확인하기' 링크 클릭!)

#파인뷰#홈캠#펫캠#베이비캠#홈CCTV#가정용CCTV#특가이벤트#이벤트중",2025-05-22,펫캠,post,,caption,substitute,2026-10-01T10:19:19
instagram,https://www.instagram.com/p/DJ5N_GSTnT1/,67dfed9f921a4aad,,"은동이는 내가 없어야 더 잘 자는 거 같다.
캠으로 보면 희한한 모양으로 잔다.
분리불안은 없어진거 같아 다행.
그러나 인간 쪽에 분리불안이 있지...

#은동이의나날 #강아지잠 #펫캠 #개스타그램 #멍스타그램 #강아지그램 #개집사 #멍집사#강아지 #반려견 #은동스타그램 #은동 #실버파티말티푸 #말티푸 #puppy #은동데이즈",2025-05-20,펫캠,post,,caption,substitute,2026-10-01T10:19:19
instagram,https://www.instagram.com/p/DJ2rcr3zDXT/,9d8ae9714f4384c0,,"🎉11번가 X 파인뷰🎉

✨긴급공수 원데이 특가✨
5/20(화) 단 하루!

초고화질 스마트 AI 홈캠!
K90을 통해 우리 집을 실시간으로 지켜보세요!

500만 화소 QHD
상하좌우 넓은 범위로 사각 지대 최소화
AI 감지 기능 탑재 등

똑똑한 홈캠이 오늘 하루만 최대 47% 세일 혜택과 함께합니다! 😎

▶기간 : 5/20(화)
▶자세히보기 : bit.ly/3yV6Z83
(프로필 상단의 '진행 중인 이벤트 확인하기' 링크 클릭!)

#파인뷰#홈캠#펫캠#베이비캠#가정용CCTV#홈CCTV#특가이벤트#이벤트중",2025-05-19,펫캠,post,,caption,substitute,2026-10-01T10:19:19
instagram,https://www.instagram.com/p/DJtR2QVz04Z/,d296eba13ee1510c,,"#이벤트 #팔로워이벤트
🎉파인뷰 홈캠 냥냥이 상식 QUIZ🎉
귀여운 고양이 냥냥이에 관한 퀴즈로 찾아온 파인뷰 홈캠!
불금에 가볍게 퀴즈 푸시고 경품 받아가세요! 😎

고양이의 기~다란 수염을 자세히 본 적이 있으신가요?
고양이의 수염은 특별한 역할을 수행하고 있어서 각별히 주의하셔야 한답니다.
그렇다면 여기서 퀴즈!

Q. 고양이 '수염'은 사물·공간 감지의 '감각 기관' 역할을 하고 있다. (O/X)

★HINT. 고양이는 시력이 좋지 않은 편입니다.

댓글을 통해 정답을 맞추신 분들 중 열 분을 추첨하여
네이버페이 포인트 5,000원을 증정해드립니다!

[이벤트]
▶기간 : 5/16(금)~5/22(목)
▶발표 : 5/23(금) *개별 DM 발표
▶경품 : 네이버페이 포인트 5,000원 (추첨 10명)
▶참여방법 :
1. 파인뷰 홈캠 공식 인스타그램 팔로우
2. 고양이 수염이 감각 기관의 역할을 수행하는지 정답을 댓글로 달기
3. 추첨을 통해 열 분께 네이버페이 포인트 5,000원 증정!

🎁본 이벤트는 파인뷰 홈캠 인스타그램 팔로워 대상 이벤트입니다.
🎁최신글 5개에 좋아요를 눌러주시면 당첨 확률 UP!
🎁비공개 계정은 당첨 불가 합니다.",2025-05-16,펫캠,post,,caption,substitute,2026-10-01T10:19:19
instagram,https://www.instagram.com/p/DJqIdALziYW/,845825ced10adc0a,,"이렇게 펫캠을 뚫어져라 보고잇으면 당장 퇴근하고 싶어지자나….🥺(일하기실타..)

#펫캠 #일하기시르다 #냥 #냥스타그램 #집사소통 #집사일상 #캣스타그램 #cat #미묘스타그램 #미묘냥",2025-05-15,펫캠,post,,caption,substitute,2026-10-01T10:19:19
instagram,https://www.instagram.com/p/DJlmcHWSWra/,345623ce982503f7,,"#친해지길바래 #움직이는홈캠1일차

😾: 꼼짝마라냥!!

⭐움직이며 간식도 주는 홈캠친구등장⭐
동동이네에 새 친구 고양이들 반응😸
첫날이라 무서운지 졸졸 도망 다녔지만
점점 익숙해지면 고양이와 같은 눈높이에서
재밌게 수 있을 것 같네요 😸🧡

#동동이네 #홈캠 #펫캠 #집사그램 #사무실일상 #고양이반응 #무릎냥이동동이네",2025-05-13,펫캠,post,,caption,substitute,2026-10-01T10:19:19
instagram,https://www.instagram.com/p/DJkty1kTkfi/,8dc6f48d50be2444,,"🎉네이버플러스스토어 X 파인뷰🎉

✨신상WEEK - K11 출시✨
5/13(화)~5/19(월)

파인뷰 홈캠 K11 2025 신제품!
출시 기념 단독 특가 이벤트 💙

QHD를 넘어선 4K UHD 극초고화질!
800만 화소로 우리 아이와 반려동물을 더욱 선명하게 지켜보세요!
금융권 수준 보안 체계로 해킹 걱정 NO!
감지 영역 설정으로 원하는 영역만 AI 감지 가능!

편리한 Wi-Fi 스마트폰 앱 연동은 기본인거 아시죠? 😏

네이버플러스스토어에서만 단독으로 만나볼 수 있는 기회!
지금 바로 출시 기념 혜택 받아보세요 😎

▶기간 : 5/13(화)~5/19(월)
▶자세히보기 : bit.ly/4k9A9SG
(프로필 상단의 '진행 중인 이벤트 확인하기' 링크 클릭!)

#파인뷰#홈캠#펫캠#베이비캠#홈CCTV#가정용CCTV#신제품#특가이벤트#이벤트중",2025-05-13,펫캠,post,,caption,substitute,2026-10-01T10:19:19
instagram,https://www.instagram.com/p/DJi9MBDRu08/,ba13cc872fca9350,,"#댕댕이일상
왕귀여우니까 왕크게!
모찌 초초근접샷 최초공개! 🐶🤍

▶출처 : 

#강아지일상 #댕댕이스타그램 #닥스훈트",2025-05-12,펫캠,post,,caption,substitute,2026-10-01T10:19:19
instagram,https://www.instagram.com/p/DJbccnMRqWH/,804ee4d0bffe5245,,"🐶 타포, 국내 최대 반려동물 박람회 '메가주' 첫 참가! 🐾

📅 5/16~18 일산 킨텍스 S06 부스
✨ 인기 펫캠·스마트홈 제품 총출동
🎁 현장 한정 15% 할인 + 100% 당첨 뽑기 이벤트
💡 우리 댕냥이를 위한 스마트홈 솔루션 직접 체험하세요!

📍 무료 사전 등록하기 👉 

#타포 #메가주 #megazoo #펫페어 #tapo #펫캠 #펫캠추천 #반려동물템 #강아지 #고양이 #펫테크",2025-05-09,펫캠,post,,caption,substitute,2026-10-01T10:19:19
instagram,https://www.instagram.com/p/DJbPmYyOcZP/,086a2c6489e5baf2,,"#이벤트 #팔로워이벤트
🎉다음 중 홈캠 K11이 촬영 중인 동물의 숫자는?🎉
귀여운 동물 친구들이 가득한 방이 보이시나요?
이 친구들이 무엇을 하고 있는지 K11은 모두 촬영을 하고 있습니다 😎

K11은 넓은 화각으로 적절한 위치에 설치 시
공간 전부를 확인할 수 있을 정도로 광범위한 시야를 가지고 있는데요!

다만, 아무래도 ""공간의 바깥""에 위치한 것은 확인하기 어렵습니다 😂
그렇다면! 오늘의 이벤트 이미지에서 K11이 촬영 중인 동물의 숫자는 몇일까요?

방금 말씀드린 사항을 힌트 삼아 쉽게 발견하실 수 있답니다 💙

댓글을 통해 정답을 맞추신 분들 중 열 분을 추첨하여
네이버페이 포인트 5,000원을 증정해드립니다!

[이벤트]
▶기간 : 5/9(금)~5/15(목)
▶발표 : 5/16(금) *개별 DM 발표
▶경품 : 네이버페이 포인트 5,000원 (추첨 10명)
▶참여방법 :
1. 파인뷰 홈캠 공식 인스타그램 팔로우
2. K11의 촬영 범위 안에 있는 동물의 숫자를 댓글로 달기
3. 추첨을 통해 열 분께 네이버페이 포인트 5,000원 증정!

🎁본 이벤트는 파인뷰 홈캠 인스타그램 팔로워 대상 이벤트입니다.
🎁최신글 5개에 좋아요를 눌러주시면 당첨 확률 UP!
🎁비공개 계정은 당첨 불가 합니다.",2025-05-09,펫캠,post,,caption,substitute,2026-10-01T10:19:19
instagram,https://www.instagram.com/p/DJbOap5xOLx/,e795c7100b7194d7,,"📌 INNOS IOT501 스마트 홈캠 IP 카메라

어쩌다보니 좋은 기회가 생겨서 앞으로 소형 가전제품을

종종 보여드릴 수 있을거 같아요. 

계정을 따로 관리할까 하다가 .. 😵‍💫🙄 제 성격상 그건

도저히 불가능 할 것 같아 일단 같이 올려보려고 합니다.

.
.

#홈캠 #가정용CCTV #펫캠 #베이비캠 #홈카메라 (회전형)",2025-05-09,펫캠,post,,caption,substitute,2026-10-01T10:19:19
instagram,https://www.instagram.com/p/DJ77_98Tl_7/,0eae2fadefcf7750,,"🎉지마켓 X 파인뷰🎉

✨G마켓 런칭 기념 하루 특가✨
5/22(목) 단 하루!

2025 NEW 업그레이드 된 스마트 홈캠!
800만 화소 4K UHD로 더욱 선명하게 지켜보세요!

금융권 수준의 보안으로 안심할 수 있고,
감지 영역 설정으로 불필요한 움직임에 대한 알림도 최소화!

AI 기능으로 더욱 편하게 홈캠을 활용해보세요 😎 
이벤트 기간에만 런칭 혜택을 받을 수 있다는 점! 강조드리며
바로 G마켓에서 만나보실 수 있습니다 🥰

▶기간 : 5/22(목)
▶자세히보기 : bit.ly/3Fm0MVI
(프로필 상단의 '진행 중인 이벤트 확인하기' 링크 클릭!)

#파인뷰#홈캠#펫캠#베이비캠#홈CCTV#가정용CCTV#특가이벤트#이벤트중",2025-05-22,펫캠,post,,caption,substitute,2026-10-01T10:19:19
instagram,https://www.instagram.com/p/DJWArWJzUVo/,23b64aba5a37971d,,"🎉11번가 X 파인뷰 파인캐디🎉

✨5월에 찾아온 그랜드십일절✨
5/7(수)~5/17(토)

블랙박스/골프거리측정기/홈캠(펫캠)/현관 CCTV를
정말 이 가격에...?

11번가에서 11일동안!
5월의 그랜드십일절을 통해 혜택 한가득 받아보세요 😎

최대 70% 할인된 가격으로
즐거운 쇼핑을 누릴 절호의 기회! 

지금 바로 11번가로 GO!

▶기간 : 5/7(수)~5/17(토)
▶자세히보기 : bit.ly/3Zy2Ekg
(프로필 상단의 '진행 중인 이벤트 확인하기' 링크 클릭!)

#파인뷰#블랙박스#블박#홈캠#펫캠#베이비캠#파인캐디#골프거리측정기#거리측정기#특가이벤트#이벤트중",2025-05-07,펫캠,post,,caption,substitute,2026-10-01T10:19:19
instagram,https://www.instagram.com/p/DJVd3xqzs4p/,a4dadc1860d6c8dc,,"🎉지마켓 X 옥션 X 파인뷰 파인캐디🎉

✨2025 빅스마일데이✨
5/7(수)~5/13(화)

지마켓/옥션과 함께하는
파인뷰 파인캐디 BIG 혜택 대축제가 시작되었습니다~! 🎊

블랙박스/골프거리측정기/홈캠(펫캠)/현관 CCTV
인기 제품들이 특별 할인 중인데요!

함박웃음 지어지는 빅스마일데이
대박 할인과 사은품 받고 득템 하세요 💙

▶기간 : 5/7(수)~5/13(화)
▶자세히보기 : 
bit.ly/3Mv8M72
bit.ly/4iCL1Zw
(프로필 상단의 '진행 중인 이벤트 확인하기' 링크 클릭!)

#파인뷰#블랙박스#블박#홈캠#펫캠#베이비캠#파인캐디#골프거리측정기#거리측정기#특가이벤트#이벤트중",2025-05-07,펫캠,post,,caption,substitute,2026-10-01T10:19:19
instagram,https://www.instagram.com/p/DJVS3e9ToTC/,7682e3eb1646ba74,,"🎉11번가 X 파인뷰🎉

✨그랜드십일절 긴급공수✨
5/7(수) 단 하루!

외출 중에 우리 아이, 반려동물이
혼자서 무엇을 하고 있을지, 혹여나 사고는 나지 않을지 걱정 되시나요?

언제 어디서든 연결만 되어있다면
앱을 통해 그 모습을 확인할 수 있습니다!
파인뷰 홈캠 K90을 통해서라면요 😊

오늘 하루만 파인뷰 홈캠 베스트셀러! K90이 최대 50% 할인된 가격으로 제공됩니다!
홈캠 구매를 고민하셨던 분들이라면
꼭 놓치지 마세요 😍😍

▶기간 : 5/7(수)
▶자세히보기 : bit.ly/3yV6Z83
(프로필 상단의 '진행 중인 이벤트 확인하기' 링크 클릭!)

#파인뷰#홈캠#펫캠#가정용CCTV#홈CCTV#베이비캠#특가이벤트#이벤트중",2025-05-07,펫캠,post,,caption,substitute,2026-10-01T10:19:19
instagram,https://www.instagram.com/p/DJOGhftRq5T/,64ff1ce4a863b160,,"cctv랑 같이 모래 관찰 중이에요.

#아깽이 #이글루 #cctv #펫캠 #고양이 #cat",2025-05-04,펫캠,post,,caption,substitute,2026-10-01T10:19:19
instagram,https://www.instagram.com/p/DJEEE3ETopz/,2719a9053162d5ec,,"🎉GS SHOP X 파인뷰 파인캐디🎉

✨가정의달 선물대전✨
5/1(목)~5/6(화), 황금 연휴 기간

파인뷰 파인캐디가 가정의달을 맞아 선물대전 시작!
브랜드 특별 할인 & 단독 혜택 들어갑니다 😎

선물 고민은 여기서 끝내세요!
블랙박스/골프거리측정기/홈캠/현관 CCTV 총 집합!
최대 65% 할인 혜택으로 만나보세요 😍

▶기간 : 5/1(목)~5/6(화)
▶자세히보기 : bit.ly/42DduIJ
(프로필 상단의 '진행 중인 이벤트 확인하기' 링크 클릭!)

#파인뷰#블랙박스#블박#홈캠#펫캠#현관CCTV#파인캐디#골프거리측정기#거리측정기#특가이벤트#이벤트중",2025-04-30,펫캠,post,,caption,substitute,2026-10-01T10:19:19
instagram,https://www.instagram.com/p/DJEDd6cS22j/,2d06f767fb6a833a,,"🐶 : 규칙적인 식사, 균형잡힌 식단까지 챙김

김무스 : NO식단.. 아무때나 아무거나 먹음

🐶: 자 이제, 누가 주인이지?

김무스 : 앞으로도 스마트 펫캠 자동급식기로
주인님 극진히 모시겠습니다…🥲

#댕팔자상팔자 #갓생댕댕 
#스마트_사람자동급식기 는 없나요?",2025-04-30,펫캠,post,,caption,substitute,2026-10-01T10:19:19
instagram,https://www.instagram.com/p/DJDoy9Pzg43/,54da77ef2c56024e,,"제품 및 고료를 지원 받아 작성한 게시물입니다.

Moos 스마트 펫캠 자동급식기와 즐거운 맘마 먹기 ~ ♡ 

자동급식기인데, 펫캠이 달려있다•••?!

아기들 공아하는 모습도 종종 지켜보는데 아기들 밥 먹는 모습을 캠으로 직접 확인할 수 있다니!

스테인리스 그릇과 물세척 가능한 사료통이 위생적이고, 이중 잠금의 밀봉형 구조로 사료 신선도 유지에도 탁월해요!
앱으로 원격 케어도 가능하고 6g 단위로 사료 급여를 예약할 수도 있어요~
아기들과 잠시 떨어져 있어야 할 때도
걱정 없이 맘마도 챙겨주면서 안심하고 케어 가능!

아가들 밥 먹는 모습 보고 싶은 집사님들 모여라!

#MOOS #무스 #스마트펫캠자동급식기 #펫캠 #자동급식기 #반려동물필수템 #홈캠 #강아지펫캠 #고양이
동급식기 #강아지자동급식기 #고양이자동급식기 #애견 #홈카메라 #무스자동급식기",2025-04-30,펫캠,post,,caption,substitute,2026-10-01T10:19:19
instagram,https://www.instagram.com/p/DI_GPLgSj2r/,9eabff45b37a9a5b,,"기쁨아 언니 정말 깜짝 놀랬어….ㅋㅋㅋㅋㅋㅋㅋ😂
이제 감시 안할게..",2025-04-28,펫캠,post,,caption,substitute,2026-10-01T10:19:19
instagram,https://www.instagram.com/p/DI-v2s6znjI/,22ab66590ac0a13c,,"ㅋ ㅋㅋ요즘 얘때매 웃겨 죽것숨
밥먹는궁둥이가 누군가 했더니…🐈#펫캠 #마롱 #캣초딩초딩 #몰래보기들킴",2025-04-28,펫캠,post,,caption,substitute,2026-10-01T10:19:19
instagram,https://www.instagram.com/p/DI50swvSRfk/,05d58f2d7621cccb,,"#제품제공 | 아이오트 홈카메라 Pro 

육아를 하다보면 꼭 필요한 필수템들이 있는데 
그 중에서도 홈카메라는 
가장 중요한 아이템 중 하나라는 것을
시간이 갈수록 깨닫고 있어요 .ᐟ.ᐟ 

자는 아기를 지켜볼 때, 
중요한 순간을 기록할 때 등 생각보다 많이 쓰이는데
가끔 화질이 아쉬울 때가 있더라구요 🥲 

기존에 타브랜드의 제품을 사용하다가
좋은 기회로 아이오트 제품을 사용하게 되었는데
아이오트 홈카메라 Pro는 
2K UHD 400만 화소로 선명함은 물론이고 
역광보정 기능이 있어 더 밝게 사용할 수 있어요. 

또한 지정 영역 감시 집중, 움직임 추적 기능은
기고 잡고 서는 이준이를 지켜보는데
정말 많은 도움이 되더라구요. . .♡ 

그 외에도 프라이버시 모드로 보안 강화,
선명한 음질로 양방향 소통,
최대 16대 동시 스트리밍,
360도 회전 등 다양한 장점을 가지고 있답니다.ᐟ 

고화질이라 소중한 순간들을 기록하기에도 좋으니 
아기홈캠을 찾고 계신다면 아이오트 추천드려요 ✨️ 

🛒
아이오트 홈카메라 Pro S400
 

#아이오트 #홈캠 #가정용홈캠 #베이비캠 #펫캠 #홈카메라Pro #아기홈캠 #육아템추천 #육아용품 #가정용홈카메라 #홈카메라추천 #홈캠추천",2025-04-26,펫캠,post,,caption,substitute,2026-10-01T10:19:19
instagram,https://www.instagram.com/p/DI0wJgwy7qf/,81cc3cd276970eb8,,"#고양이 
#개냥이 #흰색고양이 
#냥춘기 #냥이 #집사 
#펫캠 #cctv 
#시월고양이 #시월이 

냥이 집사 192일차

할미 지인에게 중고 펫캠을 나눔받아서 설치 🔭📡📷
필요할까?? 했는데~ 사용해보니 좋다옹🐱
집사들 장시간 외출때 잘노는지 실시간 확인하고 🐈🐈‍⬛
평소에 혼자 머하나 관찰도 된다냥🐾
편하고 좋은 세상이구나ㅎㅎㅎ",2025-04-24,펫캠,post,,caption,substitute,2026-10-01T10:19:19
instagram,https://www.instagram.com/p/DIz2KpWPFpW/,a0080aecf68c3300,,"혼자 있는 시간에도, 걱정 없도록
예상치 못하게 귀가가 늦어지는 날에도
우리 아이 식사는 넬로 스마트 급식기가 챙겨줘요.

앱으로 원하는 시간에 정량 급여는 물론,
실시간 홈 카메라로 아이의 모습까지 확인 가능하니
언제 어디서든 마음이 놓여요.

집사의 목소리로 식사 시간을 알려줄 수 있어
기계가 낯선 아이도 자연스럽게 적응할 수 있답니다.",2025-04-24,펫캠,post,,caption,substitute,2026-10-01T10:19:19
instagram,https://www.instagram.com/p/DIyeC-hSu3y/,cce9f447b527296e,,"펫캠 기능은 물론 AI 분석까지 해주는 도기보기 펫캠💛
요로코롬 알림장도 ㄱㅣ엽게 만들어쥰다 

#미니비숑 #테디비숑 #퍼피 #2개월강아지 #🐶 #멍스타그램 #멍팔 #초보견주 #도기보기 #도기캠 #펫캠 #내돈내산",2025-04-23,펫캠,post,,caption,substitute,2026-10-01T10:19:19
instagram,https://www.instagram.com/p/DIxs3ENMfT1/,6b2e579e2f3a8cbe,,"신입 마케터 김무스, 입사 첫 미션
= 스마트 펫캠 자동급식기 소개하기🐶

벗뜨.. 함께할 강아지가 없어서 
내가 강아지가 되…(̵̵́ ˘̩ ᴥ ˘̩ )̵̵̀

#강아지부족 #김무스 #멍무스",2025-04-23,펫캠,post,,caption,substitute,2026-10-01T10:19:19
instagram,https://www.instagram.com/p/DIvSUOkTwHW/,ffb1ca2e00c4a865,,"🎉네이버플러스스토어 X 파인뷰 파인캐디🎉

✨특선물✨
4/21(월)~5/8(목)

따뜻한 날씨가 이어지는 가운데
5월, 가정의 달을 맞이하여 파인뷰 파인캐디가 특.별 세일을 진행합니다! 😍

미리 준비하면 더 센스있는 법!
초~특가로 프리미엄 제품을 GET하세요 😉😉

블랙박스/골프거리측정기/홈캠(펫캠)/현관 CCTV를
최대 70%로 구매할 절호의 기회!

네이버플러스스토에서 만나보세요!

▶기간 : 4/21(월)~5/8(목)
▶자세히보기 : bit.ly/3OJJJxQ
(프로필 상단의 '진행 중인 이벤트 확인하기' 링크 클릭!)

#파인뷰#블랙박스#블박#홈캠#펫캠#현관CCTV#파인캐디#골프거리측정기#거리측정기#특가이벤트#이벤트중",2025-04-22,펫캠,post,,caption,substitute,2026-10-01T10:19:19
instagram,https://www.instagram.com/p/DIs4psQTmas/,8b2357c71732658c,,"#고양이일상
어쨌든 별
친구들이 놀러 오면 꼭 찍어보고 싶었어요 😌

▶출처 : 

#고양이별 #고양이친구 #고양이모델 #냥스타그램",2025-04-21,펫캠,post,,caption,substitute,2026-10-01T10:19:19
instagram,https://www.instagram.com/p/DIsa-iFpBOa/,770e80cefe64b54a,,"아이오트 홈카메라 4k PRO S800 가정용 홈캠,펫캠

크림이가 아이오트 홈캠 체험기회를
얻게되었어요.

아이오트는 무려 800만화소로 기존에
사용하던 200만,300만화소 카메라와는
다른 화질을 보여주더라구요~!

상하좌우 360도 회전, 3배줌 기능까지!
밤에는 IR야간모드로 불을꺼도 화면이
선명하게 보이고, 양방향 대화기능도 good!
움직임 추적, 소리 및 움직임 감지기능도
탑재되어있어 필요시 알림을 받을 수 있어요.

요즘 해킹걱정 많은데, 아이오트 홈캠은
사용자가 계정을 만들고, 비밀번호를
설정하는 방식이라 보안성도 우수해요.
강아지, 아이키우는 집에 아이오트
홈카메라 추천합니다~! :)

#아이오트 #800만화소
#펫캠 #홈캠 #홈카메라",2025-04-21,펫캠,post,,caption,substitute,2026-10-01T10:19:19
instagram,https://www.instagram.com/p/DIsGl3Uzntm/,4eaffdd15f0dcde0,,"🎉네이버플러스스토어 X 파인뷰 파인캐디🎉

✨BRAND DAY✨
4/21(월) 단 하루!

오직 특별한 오늘 하루!
파인뷰 파인캐디가 오늘은 
무.조.건 만족할 특가 혜택을 드리겠습니다 😎

블랙박스/골프거리측정기/홈캠(펫캠)/현관 CCTV
최대 66% 할인된 가격으로!

신제품까지 풍성한 혜택과 함께
만나보실 수 있습니다 🎉🎉

▶기간 : 4/21(월)
▶자세히보기 : bit.ly/49FBf4H
(프로필 상단의 '진행 중인 이벤트 확인하기' 링크 클릭!)

#파인뷰#블랙박스#블박#홈캠#펫캠#현관CCTV#파인캐디#골프거리측정기#거리측정기#특가이벤트#이벤트중",2025-04-21,펫캠,post,,caption,substitute,2026-10-01T10:19:19
instagram,https://www.instagram.com/p/DIlTYBFyM8a/,67c2c743443668f4,,"너 솔직히 말 해..오빠언니가 홈캠 보는거 알고있지..?
(눈을 왜 그로케 떠?👀,,))",2025-04-18,펫캠,post,,caption,substitute,2026-10-01T10:19:19
instagram,https://www.instagram.com/p/DIlLurcTR35/,01ac579c83087e91,,"#이벤트 #팔로워이벤트
🎉파인뷰 홈캠 반려동물 상식 QUIZ🎉
반려동물을 기르는 분들이라면 한 번쯤 구경해보셨을 광경!
잠자면서 끙끙거리거나 꼬리를 흔들거나..

과연 이 친구들도 우리처럼 잘 때 꿈을 꾸는 걸까요?
오늘 퀴즈를 통해 알아가봅시다! 😎

Q. 강아지와 고양이도 사람처럼 잘 때 꿈을 꿀 수 있을까요?
(O/X)

★HINT. 강아지와 고양이도 인간과 비슷한 수면 주기가 있습니다.

댓글을 통해 정답을 맞추신 분들 중 열 분을 추첨하여
네이버페이 포인트 5,000원을 증정해드립니다!

[이벤트]
▶기간 : 4/18(금)~4/24(목)
▶발표 : 4/25(금) *개별 DM 발표
▶경품 : 네이버페이 포인트 5,000원 (추첨 10명)
▶참여방법 :
1. 파인뷰 홈캠 공식 인스타그램 팔로우
2. 강아지와 고양이가 잘 때 꿈을 꿀 수 있는지 정답을 댓글로 달기
3. 추첨을 통해 열 분께 네이버페이 포인트 5,000원 증정!

🎁본 이벤트는 파인뷰 홈캠 인스타그램 팔로워 대상 이벤트입니다.
🎁최신글 5개에 좋아요를 눌러주시면 당첨 확률 UP!
🎁비공개 계정은 당첨 불가 합니다.",2025-04-18,펫캠,post,,caption,substitute,2026-10-01T10:19:19
instagram,https://www.instagram.com/p/DIgd9dlPLa8/,f62503413f8663ff,,"#펫캠 #고양이몰래보기 #미치게귀엽다 #이마트장바구니 
캠으로 관찰하다 찍힌 로아 모습😂
미치겠다🤦🏻‍♀️
엄마가 잘못했네🙏",2025-04-16,펫캠,post,,caption,substitute,2026-10-01T10:19:19
instagram,https://www.instagram.com/p/DIgPAUfSX8v/,75fd01fd8eb96175,,"펫캠으로 훔쳐 본 오빠랑 기쁨이..
둘이 영원히 사랑하시길…",2025-04-16,펫캠,post,,caption,substitute,2026-10-01T10:19:19
instagram,https://www.instagram.com/p/DIgGRZ-TAO4/,3b536cd5bdab2b73,,"#제품제공 

아이키우는집 , 그리고 반려동물을 키우는집에 필수로 있는 홈캠 !
저는 아이오트 홈카메라 pro 를 선택했어요.

요 귀여운 홈 카메라 친구는 베이비캠, 펫캠, 홈캠으로 최고더라구요. 
저희집은 또 애만 있는 집이 아니라 애개육아를 함께 하고있는 집이라서 아이뿐만 아니라 땅콩이를 살펴보는 용도로도 사용하고 있는데 너무 편하고 안심되더라구요! 

360도 회전으로 보다 좀 더 꼼꼼하게 살펴볼 수 있고, 집이 역광으로 어둡다 싶으면 역광보정모드로 밝게도 해주더라구요! (영상참조🤍)
움직임,소리 추적 기능도 있어서 바쁘게 알려준답니다! 

저희집에 곧 신생아 친구가 태어나는데 홈캠을 들여야하나 고민 많이 했는데 직접 사용해보니, 아 홈캠을 쓰는 이유가 있었구나.. 하고 느꼈답니다! 
있으니까 너무 편하고 안심되고 좋더라구요! 심지어 요즘 해킹이니 말이 많은데 요 아이오트 홈카메라 친구는 프라이버시 모드로 한층 보안에 강화된 제품이랍니다✨🫶🏻✨

이제 슬슬 꿀떡이존도 만들어야 하는데 그전까지는 저희 첫째방에 우선 설치헤두려고 합니다! 

영상보시면 아이한테 밥 차려주고 급히 화장실을 다녀왔는데 화장실에서 확인한 모습이랍니다. 밥도 꼴딱꼴딱 잘먹는 모습이 포착되었네요👀🤍
이렇게 방에 설치해놓으면 저 집안일 할 때 보다 더 편하게 확인할 수 있을거 같아서 너무 좋을거 같아요! 

홈카메라 고민하고 계셨던분들 ! 여기 아이오트 홈카메라 pro 적극 추천드리옵니다 - 🫶🏻🤍

 

#아이오트 #홈캠 #가정용홈캠 #베이비캠 #펫캠 #홈카메라pro",2025-04-16,펫캠,post,,caption,substitute,2026-10-01T10:19:19
instagram,https://www.instagram.com/p/DIbW2KCT2BG/,698358929a6c3fe3,,"1. 쿠크 어딨니?! 🐇🐰
2. 눈이 희번떡👀😳👀😳
 - 우리쿠크는요. 엄마차량 입차 알림소리에 눈이 희번떡, 귀쫑긋이 되더라구요. 두번째 아파트 출입 알림소리가 나면 소파에서 기지개를 펴구요. 세번째 비번입력 소리에 슬슬 현관문 앞으로 나올때도 있고, 소파에서 꼬리 흔들때가 더 많아요. ㅋㅋㅋㅋㅋㅋ
3. 목이 길어요. 
4. 오프숄더에 가까운 긴 목 자랑.🦒🦒🦒
 - 엄마를 참 많이 닮았지만, 유일하게 다른 점?!😎 
5. 엄마와쪄!!!!😘😚😙😗
6. 엄마수건, 쿠크슈건 구분하는 내 새끼. ❤️

#귀염뽀짝쿠크#숨은쿠크찾기#소파귀신#침대점령#펫캠#토끼
#뾰족귀#야간모드#자체발광#레이저빔#기린#목이길어요#미견#오프숄더#쇄골자랑#엄마퇴근길#엄마마중나온강아지#내수건
#똑똑한강아지#월요병극복#독립적인편#개인적인편#프라이빗",2025-04-14,펫캠,post,,caption,substitute,2026-10-01T10:19:19
instagram,https://www.instagram.com/p/DIa5fupx2-3/,dd5800a9b948a804,,"#고양이일상
컹스컹스
전 옆구리 냄새가 제일 중독적이더라구요..

▶출처 : 
‭ ‭
#인스타툰 #고양이 #일상툰 #공감툰",2025-04-14,펫캠,post,,caption,substitute,2026-10-01T10:19:19
instagram,https://www.instagram.com/p/DIX4i6MssOo/,04bfcdf6bd3076a2,,"이건 모지 펫캠인가

20250410 라방 캡처
#하츠 #hartts #얼빡 #펫캠",2025-04-13,펫캠,post,,caption,substitute,2026-10-01T10:19:19
instagram,https://www.instagram.com/p/DOnG9Ghkmjz/#c18078575291478074,c3026c60dd7ed9e4,,펫의류들 너무 귀여워서 사고 싶었는데 3L사이즈가 재고가 없다고 하셨어요🥲 온라인에 있다고 하는데 어디서 구매할 수 있나요?,2025-09-20,펫캠,comment,,comment,substitute,2026-10-01T10:19:19
instagram,https://www.instagram.com/p/DNVA4NBxBYK/#c18067775642464516,b344ba470575972a,,"정답 : 4번 팝콘🙆💙
앞으로도 많은관심과 사랑받으시길 힘차게 응원합니다! (ﾉ◕ヮ◕)ﾉ*:･ﾟ✧✧✧",2025-08-21,펫캠,comment,,comment,substitute,2026-10-01T10:19:19
instagram,https://www.instagram.com/p/DNVA4NBxBYK/#c17861935854460700,faf7bd66ae8e3edf,,"4번 팝콘 🙆‍♀️
좋은 소식 가득하길 바라며 응원합니다 🙌🏻",2025-08-21,펫캠,comment,,comment,substitute,2026-10-01T10:19:19
instagram,https://www.instagram.com/p/DNpscfzxBWz/#c18020141123772412,7c070f8794c1602d,,C230 추천합니다아~,2025-09-09,펫캠,comment,,comment,substitute,2026-10-01T10:19:19
instagram,https://www.instagram.com/p/DNFjsXExGk3/#c18334272655207265,e0b7aeaa6ee7a467,,너무좋아요❤️❤️❤️#팔로우완료#참여완료 저요 삽살개,2025-08-17,펫캠,comment,,comment,substitute,2026-10-01T10:19:19
instagram,https://www.instagram.com/p/DMbz7QazJ05/#c18054469091139571,38cee0e478bee278,,무서워서 꼬리가 축 쳐져있긴해요😢😢 그래도 침착 똑띠 강쥐😍😍😍,2025-08-08,펫캠,comment,,comment,substitute,2026-10-01T10:19:19
instagram,https://www.instagram.com/p/DMbz7QazJ05/#c18071418662012434,234623f9e61e7a5c,,다시 봐도 짠한데 귀여움ㅠㅠㅠㅠ,2025-07-31,펫캠,comment,,comment,substitute,2026-10-01T10:19:19
instagram,https://www.instagram.com/p/DMbz7QazJ05/#c18039668018344594,a8d02a506601ac5d,,이 영상 보면서 안쓰럽고 대단하다 느꼈는데. 니가 테디였구낭😍😍😍 그 이후가 궁금했었는데 잘 지내고 있다니 넘 좋아😍😍,2025-07-30,펫캠,comment,,comment,substitute,2026-10-01T10:19:19
instagram,https://www.instagram.com/p/DMbz7QazJ05/#c18093144898629730,49b538c4a17fdb32,,어머.. 어쩜 사람보다 더 단단해… 말도안돼,2025-07-29,펫캠,comment,,comment,substitute,2026-10-01T10:19:19
instagram,https://www.instagram.com/p/DN0e6zgZvmz/#c18059849309527411,4db1db6e90df04f4,,나를꼬시는구나~ 홀랑 넘어가겠다~😍,2025-08-26,펫캠,comment,,comment,substitute,2026-10-01T10:19:19
instagram,https://www.instagram.com/p/DLCoWuyyyMB/#c18277729681258905,8453d94d11304cee,,아잌ㅋㅋㅋ꼬들이 똑띠네❤️밤이는 카메라를 찢어...,2025-06-23,펫캠,comment,,comment,substitute,2026-10-01T10:19:19
instagram,https://www.instagram.com/p/DLCoWuyyyMB/#c18039985919328016,4d827e3ed2b3bdd3,,ㅋㅋㅋ꼬들이 진짜 알구 있는거 아냐?!❤️,2025-06-22,펫캠,comment,,comment,substitute,2026-10-01T10:19:19
instagram,https://www.instagram.com/p/DLCoWuyyyMB/#c18074518771932808,e799a3e940943bf2,,안닼ㅋㅋ이건 아는 거다!!ㅋㅋㅋ너무 귀여워😆🐾🐾,2025-06-19,펫캠,comment,,comment,substitute,2026-10-01T10:19:19
instagram,https://www.instagram.com/p/DLCoWuyyyMB/#c18049640768426579,04fcb2935331ae4d,,꼬들아 ㅋㅋㅋ카메라인거 알아??ㅋㅋㅋㅋㅋㅋ 올때고구마~하고 종이에 써서 보여죠야징!! ❤️❤️❤️,2025-06-19,펫캠,comment,,comment,substitute,2026-10-01T10:19:19
instagram,https://www.instagram.com/p/DLCoWuyyyMB/#c17974302635890771,40037d17df7cdbff,,"꼬들이 안뇽😍
포코랑 친구해줭❤️",2025-06-19,펫캠,comment,,comment,substitute,2026-10-01T10:19:19
instagram,https://www.instagram.com/p/DLCoWuyyyMB/#c18122339314456675,5e528c4c6a7092cf,,"ㅋㅋㅋㅋㅋㅋ꼬들이는 똑똑하구나
난카메라안바…",2025-06-18,펫캠,comment,,comment,substitute,2026-10-01T10:19:19
instagram,https://www.instagram.com/p/DJbPmYyOcZP/#c18108438112453533,70657d2be5bacf48,,정답 3마리 파인뷰 홈캠 ~~👏😍,2025-05-16,펫캠,comment,,comment,substitute,2026-10-01T10:19:19
instagram,https://www.instagram.com/p/DNCXC-1RCug/#c18037355003413068,1502cd38d3b574c6,,귀엽다 고리 5분안에 다찾아먹기,2025-08-07,펫캠,comment,,comment,substitute,2026-10-01T10:19:19
instagram,https://www.instagram.com/p/DKI9A1zP0hW/#c18068732195507819,b5b563e0988d191a,,"메가주에서 로봇청소기 구매했는데, 너무 만족 중이에요! 고양이 모래 사막화에서 해방되었어요🥹",2025-05-28,펫캠,comment,,comment,substitute,2026-10-01T10:19:19
instagram,https://www.instagram.com/p/DMyc-1izlt2/#c18018968051685762,9f815caf63edffe8,,씨씨티비보는 봄이가 더 귀엽다🐶💛,2025-08-05,펫캠,comment,,comment,substitute,2026-10-01T10:19:19
instagram,https://www.instagram.com/p/DMyc-1izlt2/#c18081824032718417,d5927464a6ffc317,,혼자있는 봄이 절대지쿄🤍💛,2025-08-04,펫캠,comment,,comment,substitute,2026-10-01T10:19:19
instagram,https://www.instagram.com/p/DMyc-1izlt2/#c18045713183308237,3c57eabafc8ff6b3,,오앙 난 아마 움직이면 짖짖할텐데 나도 사 달라고 하까 ❤️,2025-08-01,펫캠,comment,,comment,substitute,2026-10-01T10:19:19
instagram,https://www.instagram.com/p/DMyc-1izlt2/#c18521007637024676,ee3f2ad9ebcd2da3,,뚫어져라 쳐다보는고 왤케 귀요워😂😂,2025-08-01,펫캠,comment,,comment,substitute,2026-10-01T10:19:19
instagram,https://www.instagram.com/p/DMyc-1izlt2/#c18072914009503074,b7a17103d5d51660,,우왕 강식이 나온다공? 졸졸 쫓아다니겠댜!❤️,2025-08-01,펫캠,comment,,comment,substitute,2026-10-01T10:19:19
instagram,https://www.instagram.com/p/DL3ap5pTuHc/#c18059139593346107,538fff98e3d70e84,,머리 이뿌개 묶었네❤️ 너무 기욥당😍,2025-07-27,펫캠,comment,,comment,substitute,2026-10-01T10:19:19
instagram,https://www.instagram.com/p/DL3ap5pTuHc/#c18287674234252018,c13fd0b8dd80b5e4,,오 자동급식기 우리집엔 없는데 조아보인다 조아야,2025-07-09,펫캠,comment,,comment,substitute,2026-10-01T10:19:19
instagram,https://www.instagram.com/p/DL3ap5pTuHc/#c18060778574245981,063b7ee7c76ea656,,앜 ㅋㅋ머리 넘 이쁘게 묶어주셨네용,2025-07-09,펫캠,comment,,comment,substitute,2026-10-01T10:19:19
instagram,https://www.instagram.com/p/DL3ap5pTuHc/#c18036523538667978,be7b810289352b95,,자동급식기 완전 짱이얍🔥🔥,2025-07-09,펫캠,comment,,comment,substitute,2026-10-01T10:19:19
instagram,https://www.instagram.com/p/DL3ap5pTuHc/#c18517628011033231,f73b21f5e6f24493,,머리묶었어>.< 묶고다녀 넘 이뿌다아😍,2025-07-09,펫캠,comment,,comment,substitute,2026-10-01T10:19:19
instagram,https://www.instagram.com/p/DOIpbRQAKI3/#c18055372628399066,bdb8ac792299a267,,"Tapo C113 구매하러 가기
👉",2025-09-03,펫캠,comment,,comment,substitute,2026-10-01T10:19:19
instagram,https://www.instagram.com/p/DNK_f40TszX/#c18405355771112246,f9397b0459e35896,,난 캠보고 귀신인줄 알았다…,2025-08-13,펫캠,comment,,comment,substitute,2026-10-01T10:19:19
instagram,https://www.instagram.com/p/DNK_f40TszX/#c17851514622477631,e8cab35d703e0f77,,아닠ㅋㅋㅋ 구도가 넘 기엽자나여❤️,2025-08-11,펫캠,comment,,comment,substitute,2026-10-01T10:19:19
instagram,https://www.instagram.com/p/DIxs3ENMfT1/#c17907150978034358,ff79985740487418,,🐶무스 스마트 펫캠 자동급식기 모델이자 강아지가 된 김무스의 얼굴을 대신해준 작고 소중한 김하얀( )님💗,2025-04-23,펫캠,comment,,comment,substitute,2026-10-01T10:19:19
instagram,https://www.instagram.com/p/DIgd9dlPLa8/#c17922500532061647,0ad536d4e7d13c6c,,엄마 다른 장바구니는 없나요,2025-04-16,펫캠,comment,,comment,substitute,2026-10-01T10:19:19
instagram,https://www.instagram.com/p/DIgd9dlPLa8/#c18077076805750080,d7eeaff4724870e4,,"#펫캠 #고양이몰래보기 #미치게귀엽다 #이마트장바구니 
캠으로 관찰하다 찍힌 로아 모습😂
미치겠다🤦🏻‍♀️
엄마가 잘못했네🙏",2025-04-16,펫캠,comment,,comment,substitute,2026-10-01T10:19:19
instagram,https://www.instagram.com/p/DMaV2Z_yhbU/#c18071406166989897,fe173ea893dc80d9,,분리불안도 없는 예쁜 강아지🐕,2025-07-22,펫캠,comment,,comment,substitute,2026-10-01T10:19:19
instagram,https://www.instagram.com/p/DMaV2Z_yhbU/#c18023147723518175,333e9f097ff54135,,모카가 행복해보이는게 느껴져서 좋아요 🤎🤎,2025-07-22,펫캠,comment,,comment,substitute,2026-10-01T10:19:19
instagram,https://www.instagram.com/p/DMhjg_4xfxB/#c18101715241516782,19e712e5a7c326aa,,정다🐕시바견 🐕🐕❤️열정과 능력을 통해 희망과 즐거움을 안겨 주길 바랍니다. 무엇보다도 끝까지 최선을 다해주세요!! 의지굳고 단단한 힘을 되었으면 하는 바람으로 아자아자 파이팅~~ 아자아자 화이팅!!,2025-08-02,펫캠,comment,,comment,substitute,2026-10-01T10:19:19
instagram,https://www.instagram.com/p/DLZar-aRt0H/#c18168020137351531,c17b05afe92fda46,,3번 야생의 야간 사냥 습성이 유전되어서 🔥,2025-07-04,펫캠,comment,,comment,substitute,2026-10-01T10:19:19
instagram,https://www.instagram.com/p/DOqGjzej5fu/#c17995224776680900,abfd4e27b8cfcf87,,차돌이와 다르게 착하군용,2025-09-16,펫캠,comment,,comment,substitute,2026-10-01T10:19:19
instagram,https://www.instagram.com/p/DIgPAUfSX8v/#c18078922528685248,998f3fc981d84cd4,,기쁨이 눈만 봐도 오빠 얼마나 사랑하는지 알겠어어❤️,2025-04-16,펫캠,comment,,comment,substitute,2026-10-01T10:19:19
instagram,https://www.instagram.com/p/DIgPAUfSX8v/#c18340929643086460,71285e0f31c7598e,,오빠 눈에 사랑 가득이넹,2025-04-16,펫캠,comment,,comment,substitute,2026-10-01T10:19:19
instagram,https://www.instagram.com/p/DI_GPLgSj2r/#c18037748546288465,85eb34908f6b09e9,,카메라 돌리다 들키기😂😂😂 기쁨이 정색?! 귀여웡😍❤️,2025-04-29,펫캠,comment,,comment,substitute,2026-10-01T10:19:19
instagram,https://www.instagram.com/p/DIgGRZ-TAO4/#c18064798126977936,ab966cfa5a135e7f,,추억의 홈캠이네요 ..🖤🖤 이제 슬슬 둘찌가 오는 실감이 나네요오 😘,2025-04-17,펫캠,comment,,comment,substitute,2026-10-01T10:19:19
instagram,https://www.instagram.com/p/DIgGRZ-TAO4/#c18055349044965168,26a54243f67166fd,,아이오트 진짜 화질도 너무 좋지! ❤️ 우리짐 지키미템 !!! 아기키우는집에 필수템이라규~~~~,2025-04-17,펫캠,comment,,comment,substitute,2026-10-01T10:19:19
instagram,https://www.instagram.com/p/DIgGRZ-TAO4/#c17933802723008271,a308f777230283ee,,진짜 아이 있는집엔 홈캠 필수죠!! 저 쓰고있는거 해킹된거 같은데 보안강화라니 너무 좋네요 ❤️,2025-04-17,펫캠,comment,,comment,substitute,2026-10-01T10:19:19
instagram,https://www.instagram.com/p/DIgGRZ-TAO4/#c18030130553372225,9f0937ef77831715,,아이오트 저도 쓰고 있는데 넘 만족스러워요.ᐟ 😍,2025-04-17,펫캠,comment,,comment,substitute,2026-10-01T10:19:19
instagram,https://www.instagram.com/p/DIgGRZ-TAO4/#c18093071014505403,f91c56e927280fe5,,아이오트 홈캠 진짜 좋던뎅 !! 화질도 완전 짱이징 ㅎㅎ,2025-04-17,펫캠,comment,,comment,substitute,2026-10-01T10:19:19
instagram,https://www.instagram.com/p/DIgGRZ-TAO4/#c17901718515167889,130a0e9bdc53a721,,정말 필수템인데👀❤️우리집도 하나 더 해여하나 고민중인데 요거 좋아보이네여?!,2025-04-17,펫캠,comment,,comment,substitute,2026-10-01T10:19:19
instagram,https://www.instagram.com/p/DIgGRZ-TAO4/#c18061990028103503,76061b6c60140d66,,오오 홈캠은 아이오트인가요! 디자인도 귀엽고 화질도 좋다🤍,2025-04-16,펫캠,comment,,comment,substitute,2026-10-01T10:19:19
instagram,https://www.instagram.com/p/DIgGRZ-TAO4/#c18087674929533116,0d0287dbd7ae7604,,홈캠은 진짜 아기있는집 필수템인거같아❤️,2025-04-16,펫캠,comment,,comment,substitute,2026-10-01T10:19:19
instagram,https://www.instagram.com/p/DIgGRZ-TAO4/#c17955213635936196,4ed7cdf5498c9dbe,,홈캠 필요했었는데 요고 넘 좋네요❤️❤️,2025-04-16,펫캠,comment,,comment,substitute,2026-10-01T10:19:19
instagram,https://www.instagram.com/p/DIgGRZ-TAO4/#c17865653613287706,636c02755e03a0b2,,설이 놀이방에 홈캠 안 그래두 구입하려고 생각 중이었는데 요거 딱이당❤️,2025-04-16,펫캠,comment,,comment,substitute,2026-10-01T10:19:19
instagram,https://www.instagram.com/p/DRT-mywkYB5/#c18066597380621213,3f93d55472c0521f,,3. 눈앞에 멈춰 있는 장난감,2025-11-27,펫캠,comment,,comment,substitute,2026-10-01T10:19:19
instagram,https://www.instagram.com/p/DRT-mywkYB5/#c18091165528937651,7cedd50416d17195,,3. 눈앞에 멈춰 있는 장난감,2025-11-27,펫캠,comment,,comment,substitute,2026-10-01T10:19:19
instagram,https://www.instagram.com/p/DRT-mywkYB5/#c18054458063653043,d9373d6b037b454e,,"정답은 3번 입니다 🙆‍♀️
좋은 소식 가득하길 바라며 응원합니다 🙌🏻",2025-11-27,펫캠,comment,,comment,substitute,2026-10-01T10:19:19
instagram,https://www.instagram.com/p/DRT-mywkYB5/#c17997482087704554,938b47db1c21c7a0,,정답은요 3번이에요오🌸 장난감 멈춰 있으면 흥미 없어 하쥬!! 귀여운 퀴즈 너무 좋아욥💖,2025-11-27,펫캠,comment,,comment,substitute,2026-10-01T10:19:19
instagram,https://www.instagram.com/p/DRwUpc_EYdv/#c18059197139276249,fe8d06309f89b95d,,5번째 사진 꼬리 쪽에 복쯍아가 있뉸데🫣😍🤭,2025-12-02,펫캠,comment,,comment,substitute,2026-10-01T10:19:19
instagram,https://www.instagram.com/p/DN7sPVlEkzY/#c17880951246261083,38db4354b95320b4,,목소리 들렸떠?😁 귀여워 갸웃갸웃,2025-08-31,펫캠,comment,,comment,substitute,2026-10-01T10:19:19
instagram,https://www.instagram.com/p/DN7sPVlEkzY/#c17886474678222493,fae2de6ac1fccce5,,엄마 목소리가 들려서!!❤️❤️엄마 최고야😍,2025-08-29,펫캠,comment,,comment,substitute,2026-10-01T10:19:19
instagram,https://www.instagram.com/p/DN7sPVlEkzY/#c18070755851121456,74284396cd9f93e7,,ㅋㅋㅋㅋ하 밥풀아 모가 궁금한겨?,2025-08-29,펫캠,comment,,comment,substitute,2026-10-01T10:19:19
instagram,https://www.instagram.com/p/DN7sPVlEkzY/#c17991067754835173,8c8a6f0401bb61e2,,엄마가 밥풀이를 불러서?😻,2025-08-29,펫캠,comment,,comment,substitute,2026-10-01T10:19:19
instagram,https://www.instagram.com/p/DIs4psQTmas/#c18061474016488780,08e13133a56851bd,,앜ㅋ 고양이발까지 별완성,2025-04-24,펫캠,comment,,comment,substitute,2026-10-01T10:19:19
instagram,https://www.instagram.com/p/DLaGAU4ShE3/#c17974253843744983,60caef035badd6f6,,어점 라일라랑 똑같이 매트를 작살을 내놨네옄ㅋㅋㅋㅋㅋㅋ,2025-06-28,펫캠,comment,,comment,substitute,2026-10-01T10:19:19
instagram,https://www.instagram.com/p/DRB5UAxEZ7a/#c18101414416680428,8c93ae773f8fce97,,"정답 살금살금💛
대한민국을 신명나는 나라로 만들어 주는 파인뷰를 사랑하는 많은 분들의 정성이 하나,둘 모인다면 즐거운 세상이 될 것 같습니다^^",2025-11-25,펫캠,comment,,comment,substitute,2026-10-01T10:19:19
instagram,https://www.instagram.com/p/DMNhx_aT3Iy/#c17972511923864724,137e12f059bfaf1e,,진짜 얼마나 보고 싶으셨을지ㅠㅠㅠ이모 출산하시느라 고생 많으셨어요❤️ 크림아 동생 생긴 거 축하해😍,2025-07-24,펫캠,comment,,comment,substitute,2026-10-01T10:19:19
instagram,https://www.instagram.com/p/DMNhx_aT3Iy/#c18369676033176542,4ce3aa3bb3417f6e,,아파도 계속되는 엄마의 크림이 사랑❤️,2025-07-22,펫캠,comment,,comment,substitute,2026-10-01T10:19:19
instagram,https://www.instagram.com/p/DMNhx_aT3Iy/#c18412925665107309,05713b9740e590cd,,출산 축하드려요!! 어먀가 집에 가면 크림이가 진짜 너~~무 좋아하겠어여❤️,2025-07-22,펫캠,comment,,comment,substitute,2026-10-01T10:19:19
instagram,https://www.instagram.com/p/DMNhx_aT3Iy/#c18095130082614323,bd029807795ab167,,아쿠.. 집사님 너무 축하드리고 고생 많으셨어요🥹 크림이 걱정돼서 홈캠 보고 계셨군요.. 히잉 ~ 빨리 회복하셔서 크림이랑 아가랑 집에서 알콩달콩 해보아요❤️ 화이팅입니다🫶,2025-07-19,펫캠,comment,,comment,substitute,2026-10-01T10:19:19
instagram,https://www.instagram.com/p/DMNhx_aT3Iy/#c17988925457818686,84e8a6a2259326e0,,출산하느라고 고생햇어요 저도 강아지 키우고잇어요. 크림이 기다리고잇는데 집에오자마자 엄청 반가워서 꼬리 흔들것같아요,2025-07-18,펫캠,comment,,comment,substitute,2026-10-01T10:19:19
instagram,https://www.instagram.com/p/DMNhx_aT3Iy/#c18106304572549553,e81d34418e06d283,,이모~그맘 너무 잘알아요😢 조리원에서 우선 몸조리 잘하셔요!크림이두 동생데리고 짠 하고 나타나면 엄청 좋아할듯해요❤️,2025-07-18,펫캠,comment,,comment,substitute,2026-10-01T10:19:19
instagram,https://www.instagram.com/p/DMNhx_aT3Iy/#c18523311871009142,ff514fc9b9f4977d,,출산 하느라 고생많으셨어요… 그리고 축하드려요~~. 크림이도 잘 기다리고있ㅇ르꺼에요◡̈,2025-07-18,펫캠,comment,,comment,substitute,2026-10-01T10:19:19
instagram,https://www.instagram.com/p/DMNhx_aT3Iy/#c18297666604247775,931aa50980a3b8ad,,조리원 다녀오니 주보호자가 남편으로 바꼈더라눈...🫢,2025-07-18,펫캠,comment,,comment,substitute,2026-10-01T10:19:19
instagram,https://www.instagram.com/p/DMNhx_aT3Iy/#c17861387922442219,9dd9880ae23ec352,,아구아구..아가태어났군요.지금은 굉장히 중요한때이니 몸조리잘하세요.,2025-07-17,펫캠,comment,,comment,substitute,2026-10-01T10:19:19
instagram,https://www.instagram.com/p/DN7OSEGEY4V/#c18098597254620474,889c0a570548daea,,정답: 2번 보더콜리 입니다 🥰,2025-09-04,펫캠,comment,,comment,substitute,2026-10-01T10:19:19
instagram,https://www.instagram.com/p/DN7OSEGEY4V/#c18064918502462370,6aaaaee70d490b5d,,"정답 : 2번 보더콜리🙆💙
앞으로도 많은관심과 사랑받으시길 힘차게 응원합니다! (ﾉ◕ヮ◕)ﾉ*:･ﾟ✧✧✧",2025-09-04,펫캠,comment,,comment,substitute,2026-10-01T10:19:19
instagram,https://www.instagram.com/p/DJi9MBDRu08/#c18032769074347432,51a3c3c12ddc831c,,너무 귀여운거 아니에요?😂😂😂,2025-05-15,펫캠,comment,,comment,substitute,2026-10-01T10:19:19
instagram,https://www.instagram.com/p/DIbW2KCT2BG/#c18085863652620042,156c898594e349c7,,엄마가 늦게라도 올꺼라 믿구 기다리는구나 쿠크야!! 우리 쿠크 으른이네~~ !! 쿠크 정말 넘 착하고 이뻐요!!,2025-04-14,펫캠,comment,,comment,substitute,2026-10-01T10:19:19
instagram,https://www.instagram.com/p/DIbW2KCT2BG/#c18039731468238894,5e9ddcd49c4f7399,,혼자서도 잘 있으니 얼마나 이뻐요.,2025-04-14,펫캠,comment,,comment,substitute,2026-10-01T10:19:19
instagram,https://www.instagram.com/p/DRLh4d-D3vE/#c18245947240291555,096b9bf50f5bf25f,,기습 다음까진 생각 못한 밤이ㅋㅋㅋㅋ😂❤️,2025-11-18,펫캠,comment,,comment,substitute,2026-10-01T10:19:19
instagram,https://www.instagram.com/p/DRLh4d-D3vE/#c18101538127668806,af23e5c05cffdd89,,어 저 천제인거 같아요 고양이 찾았어요!,2025-11-18,펫캠,comment,,comment,substitute,2026-10-01T10:19:19
instagram,https://www.instagram.com/p/DRLh4d-D3vE/#c17898043224343028,2e22fc6f7f8ae2a6,,누나한테 맞을 짓을 하능ㅋㅋㅋㅋ,2025-11-18,펫캠,comment,,comment,substitute,2026-10-01T10:19:19
instagram,https://www.instagram.com/p/DRLh4d-D3vE/#c18082600700014543,0ce39016841f6791,,밤이는 쇼파랑 한몸이야😂,2025-11-18,펫캠,comment,,comment,substitute,2026-10-01T10:19:19
instagram,https://www.instagram.com/p/DSy_mK5k2VQ/#c18427250491119603,e43c55214b931c7a,,"구독하면 알아서 방문하는 단 1명의 이웃 반려인
필요한 요일과 시간 일괄 예약에 돌봄 리포트와 홈캠까지❤️",2025-12-28,펫캠,comment,,comment,substitute,2026-10-01T10:19:19
instagram,https://www.instagram.com/p/DK6Y365x4Bm/#c18066015755129782,e8c726ad7041da22,,삼치 넘 편해보인당❤️ 삼치가 평온하면 집사님도 행복하실거야,2025-06-17,펫캠,comment,,comment,substitute,2026-10-01T10:19:19
instagram,https://www.instagram.com/p/DK6Y365x4Bm/#c18045206108228253,985d43e66b1e6ce2,,삼치 집안 곳곳 로켓처럼 슝슝 날아다니다 뻣었구냥!😹,2025-06-16,펫캠,comment,,comment,substitute,2026-10-01T10:19:19
instagram,https://www.instagram.com/p/DK6Y365x4Bm/#c17889122994270206,6950e794e3be510c,,삼치 혼자서두 재밌게 잘 지내넹!!!😍,2025-06-16,펫캠,comment,,comment,substitute,2026-10-01T10:19:19
instagram,https://www.instagram.com/p/DK6Y365x4Bm/#c17875839984358330,0427d525db9cacaa,,아따 점프 착지 아주 잘하네~ 길쮹한 몸매보소❤️,2025-06-16,펫캠,comment,,comment,substitute,2026-10-01T10:19:19
instagram,https://www.instagram.com/p/DK6Y365x4Bm/#c17843508657502920,98739ab61556c454,,보기만해도 행복해지는 삼치❤️,2025-06-15,펫캠,comment,,comment,substitute,2026-10-01T10:19:19
instagram,https://www.instagram.com/p/DMnNUmMzB8x/#c18071112613844497,0ed518a772e95807,,파도 사고방지 위원장 지구 출똥🔥,2025-07-27,펫캠,comment,,comment,substitute,2026-10-01T10:19:19
instagram,https://www.instagram.com/p/DQL66FbEdbD/#c17860946337458569,2313c3ceb2c54b21,,"안녕하세요💛 이렇게 좋은 이벤트 소식을 접하게 되어 너무 설레고 기쁩니다!
두 아이를 키우고 있는 엄마로서 요즘 하루하루가 참 정신없이 흘러가네요ㅎㅎ 남편이 해외 출장 중이라 혼자 육아를 맡은 지 벌써 반년이 되어가는데, 체력적으로도 마음적으로도 쉽지 않은 시간이었어요😢 그래도 아이들의 웃음을 보며 버티고 있습니다.
이번 이벤트가 제게 작은 휴식이자 큰 위로가 될 것 같아요✨ 만약 당첨된다면 오래오래 기억에 남을 특별한 순간이 될 것 같습니다. 블로그와 인스타그램, 그리고 맘카페까지 정성 가득한 후기를 꼭 남길게요. 좋은 추억 만들 수 있는 기회 주셔서 진심으로 감사합니다😊 개런티",2025-11-03,펫캠,comment,,comment,substitute,2026-10-01T10:19:19
instagram,https://www.instagram.com/p/DPnz5sGER16/#c18097623028685489,9db3e9ecf3449dcd,,정답 X❤️주누거누맘입니다. 이벤트에 참여하게되어서 정말 기뻐요 이벤트 소뮨냅니다 🔊좋아요 팔로우 리그램완료♥️,2025-10-22,펫캠,comment,,comment,substitute,2026-10-01T10:19:19
instagram,https://www.instagram.com/p/DPnz5sGER16/#c17974232597931585,d1d0c5d21b788930,,X 긴장과 경계시에도 꼬리를 흔들때가 있고 견종이나 아이의 개별 특성에따라 차이가 많으므로 무조건 다가가서는 안됩니다. 특히 첨보는 낯선 강아지의 경우 무조건 적인 인사는 피해야하며 보호자간의 소통과 일정시간의 텀이 우선되어야합니다.,2025-10-20,펫캠,comment,,comment,substitute,2026-10-01T10:19:19
instagram,https://www.instagram.com/p/DSy7qI_k3c3/#c17844418404640463,9dfb0b17021042c4,,"구독하면 알아서 방문하는 단 1명의 이웃 반려인
필요한 요일과 시간 일괄 예약에 돌봄 리포트와 홈캠까지❤️",2025-12-28,펫캠,comment,,comment,substitute,2026-10-01T10:19:19
instagram,https://www.instagram.com/p/DRzPDdggdhu/#c18120817981532727,1ff412c4c76b9d6a,,"MC230 알아보러 가기
📌",2025-12-03,펫캠,comment,,comment,substitute,2026-10-01T10:19:19
instagram,https://www.instagram.com/p/DQv7lYBkbmp/#c17877044064340807,9069abca58a577d3,,2번 반려묘는 자율 등록이라 들었어요. 그래도 홈캠이랑 연계하면 안전 관리는 확실히 더 잘 될 듯합니다.,2025-11-14,펫캠,comment,,comment,substitute,2026-10-01T10:19:19
instagram,https://www.instagram.com/p/DQv7lYBkbmp/#c17917153353211149,00ce2be264424de9,,정답 2번 반려묘는 자율 등록이라 들었어요. 그래도 홈캠이랑 연계하면 안전 관리는 확실히 더 잘 될 듯합니다.,2025-11-14,펫캠,comment,,comment,substitute,2026-10-01T10:19:19
instagram,https://www.instagram.com/p/DL9fx5FRa2E/#c17995425380812499,9d50e814dfc74755,,이문제의 정답은 Yes,2025-07-20,펫캠,comment,,comment,substitute,2026-10-01T10:19:19
instagram,https://www.instagram.com/p/DL9fx5FRa2E/#c18074326678989260,477b13bccebfbcdc,,정답: ⭕ 키워보니 고음의 목소리를 더좋아하더라구요 신기해요^^,2025-07-17,펫캠,comment,,comment,substitute,2026-10-01T10:19:19
instagram,https://www.instagram.com/p/DQ1XxIlE0JA/#c18050160311344411,d8efc05b60ae9ef2,,빠마참여요!! (루이스당첨가장!!),2025-11-10,펫캠,comment,,comment,substitute,2026-10-01T10:19:19
instagram,https://www.instagram.com/p/DQ1XxIlE0JA/#c17862390084520451,1156462d6db28a7b,,분리불안 심한 댕댕이 하랑이네 참여해요❤️,2025-11-10,펫캠,comment,,comment,substitute,2026-10-01T10:19:19
instagram,https://www.instagram.com/p/DQ1XxIlE0JA/#c18028656845769480,141addbf669e01f6,,"홍보요정 루맘과 루이스네 참완 📌💋
이쁜 아가 이리온❤️ 루맘이 잘 키워줄겡🔥",2025-11-10,펫캠,comment,,comment,substitute,2026-10-01T10:19:19
instagram,https://www.instagram.com/p/DTSJ4-xkcft/#c17949799959080500,d3818a1f9eaaf0d6,,"정답은 파인뷰 같아요 😎 이모지 하나하나 보면서 초성 맞추는 과정이 너무 재밌었어요! 평소 홈캠 관심 많아서 자연스럽게 집중해서 보게 되더라고요. 요즘 집 비울 때 반려동물이나 집안 상황 확인할 수 있는 홈캠은 필수템인 것 같아요. 파인뷰는 블랙박스도 유명해서 홈캠도 믿고 쓸 수 있을 것 같고, 화질이랑 앱 연동도 기대돼요 📷✨ 이런 퀴즈 이벤트라 참여하는 재미도 있고 브랜드도 더 기억에 남네요. 앞으로도 이런 센스 있는 이벤트 자주 열어주세요! 당첨되면 홈캠 제대로 체험 후기 남기고 싶어요 🙏",2026-01-26,펫캠,comment,,comment,substitute,2026-10-01T10:19:19
instagram,https://www.instagram.com/p/DTSJ4-xkcft/#c18092613737486236,359da8321044b75e,,파인뷰❤️ 믿고 집에 설치할 수 있는 홈캠🙌,2026-01-15,펫캠,comment,,comment,substitute,2026-10-01T10:19:19
instagram,https://www.instagram.com/p/DTSJ4-xkcft/#c18211847629315616,84a9bbc7145a827f,,"정답: 파인뷰
아이나 반려동물 기르는 가정에서는 필수템인 파인뷰 홈캠이 올해 더 많은 사랑받길 응원합니다",2026-01-15,펫캠,comment,,comment,substitute,2026-10-01T10:19:19
instagram,https://www.instagram.com/p/DP51nY1kY1R/#c18150392053417273,a2bfb62440019c52,,"정답은 시베리아 고양이 입니다 🙆‍♀️ 
좋은 소식 가득하길 바라며 응원합니다 💗",2025-10-23,펫캠,comment,,comment,substitute,2026-10-01T10:19:19
instagram,https://www.instagram.com/p/DP52-A3D_3S/#c17896691421180127,6e44d9211758d6bb,,너무 사랑스럽댜🥰 우리 에코랑 소나랑 친구하지않을래애~?💚,2025-10-17,펫캠,comment,,comment,substitute,2026-10-01T10:19:19
instagram,https://www.instagram.com/p/DP52-A3D_3S/#c18027046964736887,2d648e312d025e13,,ㅋㅋㅋㅋㅋㅋㅋ 이제 집쨔님도 하루종일 홈캠만 들여다보는 분리불안이 시작됨니다😂,2025-10-17,펫캠,comment,,comment,substitute,2026-10-01T10:19:19
instagram,https://www.instagram.com/p/DLqp_NHSYLR/#c17851731039484364,941742a2174f50cd,,꿀떡이 안녕 🐾❤️라떼랑도 친구 해주랏 😍,2025-07-06,펫캠,comment,,comment,substitute,2026-10-01T10:19:19
instagram,https://www.instagram.com/p/DLqp_NHSYLR/#c18020418644724278,91aab73607c8a0fd,,진쨔 펫캠이랑 눈마주칙때가 소오름!,2025-07-05,펫캠,comment,,comment,substitute,2026-10-01T10:19:19
instagram,https://www.instagram.com/p/DLqp_NHSYLR/#c17938403784022328,4840f19eefb7737a,,너 나랑 좀 닮았댜? 친하게 지내자💛,2025-07-04,펫캠,comment,,comment,substitute,2026-10-01T10:19:19
instagram,https://www.instagram.com/p/DQd3fAREeCV/#c18114538000560886,4230f5b0cf0b82bd,,"정답은 3번 입니다 🙆‍♀️ 
좋은 소식 가득하길 바라며 응원합니다 💗",2025-11-06,펫캠,comment,,comment,substitute,2026-10-01T10:19:19
instagram,https://www.instagram.com/p/DNYRRwuSSjn/#c18060587672106485,674a7731bee8a8ff,,내려갔다가 다시 빼꼼 올라오능거 졸귀😍,2025-09-17,펫캠,comment,,comment,substitute,2026-10-01T10:19:19
instagram,https://www.instagram.com/p/DPTMjqqkV0o/#c18146415475414183,d4a6cfe8b35ed379,,올해 제일 간절한 소원은 이직 준비를 잘 마무리해서 내년에 꼭 원하는 회사에 합격하는 거예요. 지금 열심히 준비하고 있는데 좋은 결과로 이어졌으면 좋겠고 무엇보다 부모님께 합격 소식을 전해드리고 싶어요. 그동안 응원해주신 만큼 기쁜 선물을 드릴 수 있을 거라 믿고 있거든요. 이번 한가위가 새로운 시작을 위한 좋은 전환점이 되길 바랍니다.,2025-10-11,펫캠,comment,,comment,substitute,2026-10-01T10:19:19
instagram,https://www.instagram.com/p/DPTMjqqkV0o/#c17921454681037073,c41489052b64cfbb,,🌕 로또당첨으로 돈많은 백수가 되게 해주세요 🙏 이루어져라~얍!,2025-10-10,펫캠,comment,,comment,substitute,2026-10-01T10:19:19
instagram,https://www.instagram.com/p/DPTMjqqkV0o/#c18081939056488332,9160c3b9c3b7ccbc,,🌕 우리가족 모두 건강하게 웃길 바래요,2025-10-09,펫캠,comment,,comment,substitute,2026-10-01T10:19:19
instagram,https://www.instagram.com/p/DPTMjqqkV0o/#c18012243485624548,0a947a77bd0297a6,,제 소원은 우리 가족 모두들 건강 했으면 좋겠어요!!!❤️❤️❤️,2025-10-09,펫캠,comment,,comment,substitute,2026-10-01T10:19:19
instagram,https://www.instagram.com/p/DPTMjqqkV0o/#c18073424333329148,2f62297d48fa0c7f,,전세사기없이 새집 잘 구하기! 이사잘하기!소원이에영,2025-10-09,펫캠,comment,,comment,substitute,2026-10-01T10:19:19
instagram,https://www.instagram.com/p/DPTMjqqkV0o/#c18067571624523577,50a003da4d056d66,,"저의소원은,이직성공! 원하는회사에서 좋은조건으로이직하길희망하고있습니다~이번에보름달뜨면달님께빌거에용🌕비나이다",2025-10-09,펫캠,comment,,comment,substitute,2026-10-01T10:19:19
instagram,https://www.instagram.com/p/DMelmYkveSi/#c18060553754337786,2f0418e6c228da09,,고양이들은 이제 러그를 펴요 😂😂😂,2025-08-03,펫캠,comment,,comment,substitute,2026-10-01T10:19:19
instagram,https://www.instagram.com/p/DMelmYkveSi/#c17915793132114584,f15825548f841012,,애정의 표현이것쥬 ㅋㅋ 난 맞어보고싶네요 순딩이들이라 고런 재미가 없어요,2025-07-25,펫캠,comment,,comment,substitute,2026-10-01T10:19:19
instagram,https://www.instagram.com/p/DMelmYkveSi/#c18073661051301313,95de408837c53870,,아ㅠㅠㅠ진짜 보기만해도 행복..❤️,2025-07-24,펫캠,comment,,comment,substitute,2026-10-01T10:19:19
instagram,https://www.instagram.com/p/DMelmYkveSi/#c18105022900545777,b7ff6f7b1da1be03,,쫀득쫀득해보여 ㅋㅋ 요리조리 잘구워주세여 우쭈쭈🤍,2025-07-24,펫캠,comment,,comment,substitute,2026-10-01T10:19:19
instagram,https://www.instagram.com/p/DMelmYkveSi/#c18358767214151316,446cb9dbe8d4a4cb,,홈캠 화질이 이렇게 좋아요? 와👏👏 홈캠 위치아는것처럼 귀여운거 다 보여주는 밤이 최고❤️,2025-07-24,펫캠,comment,,comment,substitute,2026-10-01T10:19:19
instagram,https://www.instagram.com/p/DMelmYkveSi/#c18070453370021993,4eed2e4dc8bf1dfe,,일루와봐 한입물어보자 냠냠ㅋㅋㅋ😍,2025-07-24,펫캠,comment,,comment,substitute,2026-10-01T10:19:19
instagram,https://www.instagram.com/p/DMelmYkveSi/#c18086855848689579,867ed2aa0508ce15,,혼자 딩굴댕굴( っ ◕ ᴗ◕)っ 역시 대세는 흑임자떡..,2025-07-24,펫캠,comment,,comment,substitute,2026-10-01T10:19:19
instagram,https://www.instagram.com/p/DMelmYkveSi/#c18022346471713430,b409bc999340f266,,렌지 돌렸네에 흑임자떡이 퍼져써요😂,2025-07-24,펫캠,comment,,comment,substitute,2026-10-01T10:19:19
instagram,https://www.instagram.com/p/DSy-3NzE8ul/#c17985530273768628,be8a7e0a57e626bc,,"구독하면 알아서 방문하는 단 1명의 이웃 반려인
필요한 요일과 시간 일괄 예약에 돌봄 리포트와 홈캠까지❤️",2025-12-28,펫캠,comment,,comment,substitute,2026-10-01T10:19:19
instagram,https://www.instagram.com/p/DUIOwY-Ebfc/#c18055041458689982,c40546bc8cee7d40,,"정답 : 빨강 입니다 🙆‍♀️ 
좋은 소식 가득하길 바라며 응원합니다",2026-02-05,펫캠,comment,,comment,substitute,2026-10-01T10:19:19
instagram,https://www.instagram.com/p/DUIOwY-Ebfc/#c17857999863607695,6b63a74916dc8199,,"빨강입니다, 그래서 울강쥐가 잘 못봤구낭..",2026-02-05,펫캠,comment,,comment,substitute,2026-10-01T10:19:19
instagram,https://www.instagram.com/p/DSy9nXIkxfE/#c17970085736994870,d34534a8967c5d02,,"구독하면 알아서 방문하는 단 1명의 이웃 반려인
필요한 요일과 시간 일괄 예약에 돌봄 리포트와 홈캠까지❤️",2025-12-28,펫캠,comment,,comment,substitute,2026-10-01T10:19:19
instagram,https://www.instagram.com/p/DSy2XSGk7n4/#c18134654464436193,d7a0b31ef810c3b9,,"구독하면 알아서 방문하는 단 1명의 이웃 반려인🐶

필요한 요일과 시간을 한 번에 예약하고, 돌봄 리포트와 홈캠까지 받아보세요!❤️",2025-12-28,펫캠,comment,,comment,substitute,2026-10-01T10:19:19
instagram,https://www.instagram.com/p/DSy_c4oE0jR/#c18099293917857055,657bd31f4bef30b8,,"구독하면 알아서 방문하는 단 1명의 이웃 반려인
필요한 요일과 시간 일괄 예약에 돌봄 리포트와 홈캠까지❤️",2025-12-28,펫캠,comment,,comment,substitute,2026-10-01T10:19:19
instagram,https://www.instagram.com/p/DRtk7fhkab8/#c18070029323087688,44a95de94bbae421,,"꾸뚱이네 참여완료😍❤️
 같이하쟈",2025-12-07,펫캠,comment,,comment,substitute,2026-10-01T10:19:19
instagram,https://www.instagram.com/p/DSy79bEE64q/#c17896902321224788,7d17c2bfa695216a,,"구독하면 알아서 방문하는 단 1명의 이웃 반려인
필요한 요일과 시간 일괄 예약에 돌봄 리포트와 홈캠까지❤️",2025-12-28,펫캠,comment,,comment,substitute,2026-10-01T10:19:19
instagram,https://www.instagram.com/p/DPogTJQk9jc/#c18078760528841764,0241cf0243a6b981,,건강검진 진짜 일이지요.. 울집 로이 하나도 쉬운일은 아니라..,2025-10-11,펫캠,comment,,comment,substitute,2026-10-01T10:19:19
instagram,https://www.instagram.com/p/DPogTJQk9jc/#c18093500197773778,74b29b94d6c0e9bc,,오듕이들 넘 사랑스러워용😍 진짜 건강검진 가시는게 일이겠네요 ㅋㅋㅋ 전 두마리도 버거운뎅 ㅋㅋ,2025-10-10,펫캠,comment,,comment,substitute,2026-10-01T10:19:19
instagram,https://www.instagram.com/p/DT2L0RTkV4B/#c17938141803119591,05a693ac31065f5e,,❤️💙 1번 퍼즐 💙❤️ 파인뷰홈캠이 언제까지나 우리 곁에서 많은 분들의 관심과 사랑을 받으시기를 응원합니다 💕 💜,2026-01-31,펫캠,comment,,comment,substitute,2026-10-01T10:19:19
instagram,https://www.instagram.com/p/DSy9KLUE-CE/#c18068415584389320,ba395b556b43e308,,"구독하면 알아서 방문하는 단 1명의 이웃 반려인
필요한 요일과 시간 일괄 예약에 돌봄 리포트와 홈캠까지❤️",2025-12-28,펫캠,comment,,comment,substitute,2026-10-01T10:19:19
instagram,https://www.instagram.com/p/DOxwN_5Ee2M/#c17908871223236235,e310550ab2089ecd,,"✅ 정답: 핫도그 🌭💥
🙆 넌센스 퀴즈 문제처럼, 열 받은 강아지 모습조차 너무 귀여워서 사진으로 남기고픈 1인!! 앞으로도 소소한 웃음과 안전을 전해주는 파인뷰 홈캠, 늘 응원합니다 🏠🌟 강아지도, 가족도 모두 행복하게 지켜주는 든든한 친구로 계속 빛나길!",2025-09-25,펫캠,comment,,comment,substitute,2026-10-01T10:19:19
instagram,https://www.instagram.com/p/DOxwN_5Ee2M/#c17964321902964093,575c18c7663ae276,,"정답 : 핫도그🌭😂
➖ 
ㅋㅋ 이번 문제 보고 빵 터졌어요! 강아지가 화나면 ‘핫도그’라니 완전 센스 만점!! 🤣🐶 화면 속 강아지가 열 받으면 진짜 핫도그가 될까 상상하며 웃음이 끊이질 않았네요^^ 🌟 파인뷰 홈캠 덕분에 화난 강아지도, 즐거운 강아지도 실시간으로 체크 가능해서 하루하루가 더욱 더 재밌어질 듯?! 🏠",2025-09-25,펫캠,comment,,comment,substitute,2026-10-01T10:19:19
instagram,https://www.instagram.com/p/DSy6cUYE4ZN/#c18050831045411053,87f3d345dd404864,,"구독하면 알아서 방문하는 단 1명의 이웃 반려인
필요한 요일과 시간 일괄 예약에 돌봄 리포트와 홈캠까지❤️",2025-12-28,펫캠,comment,,comment,substitute,2026-10-01T10:19:19
instagram,https://www.instagram.com/p/DSy6-i1Ewgs/#c18054614276346199,39be9cc2971fe6b7,,"구독하면 알아서 방문하는 단 1명의 이웃 반려인
필요한 요일과 시간 일괄 예약에 돌봄 리포트와 홈캠까지❤️",2025-12-28,펫캠,comment,,comment,substitute,2026-10-01T10:19:19
instagram,https://www.instagram.com/p/DSy5wiSE5iq/#c18074268830053577,7fa569a0129a6183,,"구독하면 알아서 방문하는 단 1명의 이웃 반려인
필요한 요일과 시간 일괄 예약에 돌봄 리포트와 홈캠까지❤️",2025-12-28,펫캠,comment,,comment,substitute,2026-10-01T10:19:19
instagram,https://www.instagram.com/p/DSy4kU6kz57/#c18081035930517459,7822e9a89c84b141,,"구독하면 알아서 방문하는 단 1명의 이웃 반려인🐶

필요한 요일과 시간을 한 번에 예약하고, 돌봄 리포트와 홈캠까지 받아보세요!❤️",2025-12-28,펫캠,comment,,comment,substitute,2026-10-01T10:19:19
instagram,https://www.instagram.com/p/DQwWlNhkpUK/#c18359559289163258,da5227dd1da65093,,치즈야 딸기베리 오랜만에 놀러와써!❤️ 새해 복 많이 받아~~❤️,2026-01-22,펫캠,comment,,comment,substitute,2026-10-01T10:19:19
instagram,https://www.instagram.com/p/DQwWlNhkpUK/#c18124802596531343,9c43ce347f8b5708,,안녕하세요! 잡곡이네에요 🐱 귀여운 아가랑 친구하고 싶어서 들렸어요 선팔하고 갈게요 자주 소통해요 🐾🐾,2026-01-11,펫캠,comment,,comment,substitute,2026-10-01T10:19:19
instagram,https://www.instagram.com/p/DQwWlNhkpUK/#c18544347871062998,bdd7be10927a7c00,,치즈야 안뇽🙌 메이랑 냥팔맞팔하자옹☺️💗,2025-11-16,펫캠,comment,,comment,substitute,2026-10-01T10:19:19
instagram,https://www.instagram.com/p/DSy8afJk_3z/#c18438240526109032,ebd427b657552cd8,,"구독하면 알아서 방문하는 단 1명의 이웃 반려인
필요한 요일과 시간 일괄 예약에 돌봄 리포트와 홈캠까지❤️",2025-12-28,펫캠,comment,,comment,substitute,2026-10-01T10:19:19
instagram,https://www.instagram.com/p/DKMffPWJ3jK/#c18140374087399423,5a6f9584baa59c9e,,너무 귀욥😍 인테리어 효과도 좋은데요. 정면 좀 보여주세용🥹,2025-05-31,펫캠,comment,,comment,substitute,2026-10-01T10:19:19
instagram,https://www.instagram.com/p/DKMffPWJ3jK/#c18386624080186103,1ef3990b5ca9d12f,,오오😍노체님! 진짜 펫캠 너무 귀여워용!!ㅋㅋ 인테리어에도 아주 찰떡이네용❤️,2025-05-29,펫캠,comment,,comment,substitute,2026-10-01T10:19:19
instagram,https://www.instagram.com/p/DKMffPWJ3jK/#c17881089831312240,e396b76f22adf6be,,꺄 요즘 펫캠 귀욥게 나오네요❤️❤️,2025-05-29,펫캠,comment,,comment,substitute,2026-10-01T10:19:19
instagram,https://www.instagram.com/p/DKMffPWJ3jK/#c18048102404160514,c7bd9b82156ac98c,,헤이홈인가요?ㅎㅎㅎ 전 아이 방에 설치해서 오래 쓰고있네요😂,2025-05-29,펫캠,comment,,comment,substitute,2026-10-01T10:19:19
instagram,https://www.instagram.com/p/DKMffPWJ3jK/#c18506553604010569,30b3333efc27e04c,,아 저기있군요 ㅋㅋㅋㅋ저도 겨우 찾았어요 너무 귀여워용😍,2025-05-29,펫캠,comment,,comment,substitute,2026-10-01T10:19:19
instagram,https://www.instagram.com/p/DKMffPWJ3jK/#c18250159279304798,4ad4f9c55cb44b5e,,아일랜드 위에 회색모자쓴 흰둥이 맞나요🤍🤍 저 상부장 위에 인자하게 웃고있는 저분이 펫캠인줄 알았잖아요🤭,2025-05-29,펫캠,comment,,comment,substitute,2026-10-01T10:19:19
instagram,https://www.instagram.com/p/DKMffPWJ3jK/#c18070006660800752,4454a78fa3cdf9ee,,오모오모..캠이 모자까지 쓰고 귀까지 달렸네요ㅎㅎㅎ귀여워요❤️,2025-05-29,펫캠,comment,,comment,substitute,2026-10-01T10:19:19
instagram,https://www.instagram.com/p/DKMffPWJ3jK/#c17949695504840587,cede47a2c703fb9c,,못찾겠다 꾀꼬리~ 어딧대요?😮,2025-05-29,펫캠,comment,,comment,substitute,2026-10-01T10:19:19
instagram,https://www.instagram.com/p/DKMffPWJ3jK/#c18502495426063243,400a04b683d91574,,어딧지~하고 한참찾앗네요ㅋㅋ귀여워요😍,2025-05-29,펫캠,comment,,comment,substitute,2026-10-01T10:19:19
instagram,https://www.instagram.com/p/DKMffPWJ3jK/#c18384429559143560,2b1d17358c3b0332,,앗ㅋㅋㅋㅋ 진짜 고양이 머리😂🐱 넘귀여워요 ㅎㅎ,2025-05-29,펫캠,comment,,comment,substitute,2026-10-01T10:19:19
instagram,https://www.instagram.com/p/DSy6ioJk8oW/#c17971874138992404,dbe7630535a57f27,,"구독하면 알아서 방문하는 단 1명의 이웃 반려인
필요한 요일과 시간 일괄 예약에 돌봄 리포트와 홈캠까지❤️",2025-12-28,펫캠,comment,,comment,substitute,2026-10-01T10:19:19
instagram,https://www.instagram.com/p/DSuGJiqEXGR/#c18344346655230578,a13edda20f4bb637,,"2번
파인뷰 K11이랑 이어진 말은 2번이네요 🐎✨ 새해 앞두고 이런 퀴즈 이벤트 너무 재밌어요. 연말연초에는 정신없어서 안전이나 집 관리도 살짝 놓치기 쉬운데, 홈캠 하나만 제대로 챙겨도 마음이 확 편해지더라고요 📷🏠 2026년 붉은 말의 해에는 “확인하고 안심하는 습관”을 꼭 만들겠다는 다짐도 함께 남겨봅니다. 외출 중에도 집 상황을 바로 체크하고, 가족/반려동물 있는 분들은 특히 더 든든할 것 같아요. 참여하시는 분들도 올해 마무리 잘하시고, 새해엔 더 안전하고 편안한 하루 보내시길 바랍니다 🙏🎁",2026-01-05,펫캠,comment,,comment,substitute,2026-10-01T10:19:19
instagram,https://www.instagram.com/p/DSuGJiqEXGR/#c18103646533743021,0575605c6c87bbfc,,정답 2번 파인뷰 K11 홈캠 응원해요,2026-01-02,펫캠,comment,,comment,substitute,2026-10-01T10:19:19
instagram,https://www.instagram.com/p/DSuGJiqEXGR/#c17968266464868252,dad3d163d9e25685,,2번 🐎이요 파인뷰 k11 응원합니다,2026-01-02,펫캠,comment,,comment,substitute,2026-10-01T10:19:19
instagram,https://www.instagram.com/p/DSuGJiqEXGR/#c18051923504415457,da0ec3c080fac192,,"2번 입니다 🙆‍♀️ 
좋은 소식 가득하길 바라며 응원합니다 💗",2026-01-01,펫캠,comment,,comment,substitute,2026-10-01T10:19:19
instagram,https://www.instagram.com/p/DSuGJiqEXGR/#c17964416822992862,3b336b96748a72c4,,"2번 말 🐎
병오년 붉은 말의 해가 밝았네요! 이번새해는 파인뷰 홈캠과 함께 더 높은 삶의 질을 누리고 싶어요! 2026년에도 파이팅!",2026-01-01,펫캠,comment,,comment,substitute,2026-10-01T10:19:19
instagram,https://www.instagram.com/p/DSuGJiqEXGR/#c17921850141074850,6f2e1c9484d949ef,,"2) 말 🐴
➖
파인뷰 K11 홈캠 덕에 가족과 반려동물의 일상을 안전하게 지킬 수 있어서 편안한 한 해였어요^^ 🙂🪄 이 좋은 기운을 이어받아, 새해엔 더 많은 웃음과 평화가 우리 집에 가득하길. 안전과 행복을 함께 지켜주는 #파인뷰 , 항상 꽃길만 걸어요~! 🌸",2026-01-01,펫캠,comment,,comment,substitute,2026-10-01T10:19:19
instagram,https://www.instagram.com/p/DKs670USDI6/#c18067326152078860,7a19dc0cbd58e5f5,,오징어랑 게임기 들고 갔어?,2025-06-09,펫캠,comment,,comment,substitute,2026-10-01T10:19:19
instagram,https://www.instagram.com/p/DSy7aJFE54K/#c18091392337941820,99367856ed7ba841,,"구독하면 알아서 방문하는 단 1명의 이웃 반려인
필요한 요일과 시간 일괄 예약에 돌봄 리포트와 홈캠까지❤️",2025-12-28,펫캠,comment,,comment,substitute,2026-10-01T10:19:19
instagram,https://www.instagram.com/p/DS9zKTIEcDT/#c18102936316685701,38449fe7fa4e52eb,,ㅋㅋㅋㅋ얼마나 신나게 노는지 알 수 있는 사진들,2026-01-05,펫캠,comment,,comment,substitute,2026-10-01T10:19:19
instagram,https://www.instagram.com/p/DS9zKTIEcDT/#c18079860151973944,1d17efa793242b0b,,홈캠이 따라잡을 수 없는 깨발랄함인걸요😂🎶♥️,2026-01-02,펫캠,comment,,comment,substitute,2026-10-01T10:19:19
instagram,https://www.instagram.com/p/DS9zKTIEcDT/#c17900182788200848,f8723cb38ff0b0e0,,"아이구우 잘 논다 잘놀아 저러면 집사는 맘 편하지여,,🤍",2026-01-02,펫캠,comment,,comment,substitute,2026-10-01T10:19:19
instagram,https://www.instagram.com/p/DS9zKTIEcDT/#c18054742343669693,ffb52208333572fc,,아낰ㅋㅋㅋㅋㅋㅋ 완전 씬나 ㅋㅋㅋㅋㅋ 귀염둥이들 ❤️,2026-01-01,펫캠,comment,,comment,substitute,2026-10-01T10:19:19
instagram,https://www.instagram.com/p/DS9zKTIEcDT/#c18097937722858508,34e57bfbd6bdb0ac,,우와 둘이 너무 재밌게 잘노네요!,2026-01-01,펫캠,comment,,comment,substitute,2026-10-01T10:19:19
instagram,https://www.instagram.com/p/DL1AXZchg8Y/,3606e2aab8d9adc3,,요놈들 뭐하나 보려고 열자마자 봉구놈 쉬야하는 장면이 딱.... ㅋㅋㅋㅋ #홈캠#강아지cctv,2025-07-08,강아지cctv,post,,caption,substitute,2026-10-01T10:25:00
instagram,https://www.instagram.com/p/DJbl7c_BwmG/,f0199186704a950a,,"📸 반려동물 관련 업종, CCTV 설치 이제 의무예요!

동물병원, 미용실, 호텔, 위탁시설 등
모든 반려동물 관련 장소에 CCTV 설치가 의무화됐어요.

✔️ 영상은 최소 30일 보관
✔️ 보호자는 정당한 사유가 있을 경우 열람 가능
✔️ 위반 시 최대 500만 원 과태료 부과

이제 조금 더 안심하고 아이를 맡길 수 있도록
제도도 차근차근 변화하고 있어요 🐾
ㆍ
ㆍ
ㆍ
오늘 정보가 유용했다면 👍 좋아요
담아두고 보고 싶다면 📌 저장
친구에게도 보여주고 싶다면 📤 공유

앞으로도 더 많은 강아지 정보가 궁금하다면
👉 팔로우도 잊지 마세요!
ㆍ
ㆍ
ㆍ
#반려동물 #강아지정보 #강아지맡길때 #동물병원 #강아지미용 #펫호텔 #강아지위탁 #강아지CCTV #반려견필수정보 #댕집사랑",2025-05-09,강아지cctv,post,,caption,substitute,2026-10-01T10:25:00
instagram,https://www.instagram.com/p/DJBq9Ify4-g/,58a17517260be986,,"[응급 상황도 대응 완료! 🚨]

밤 12시든 새벽 3시든— 🌙

안심펫솔루션은 24시간, 365일 ⏰
강아지들의 움직임을 실시간 감시합니다. 🐶👀

갑작스러운 탈출 시도부터 🐾
이상 행동까지 감지하고
즉시 알림으로 빠르게 대응! ⚡️📲

병원보다 먼저,
사고를 막는 시스템. 🛡️

우리 호텔도 이제,
‘24시 운영 호텔’로 믿음을 줄 수 있습니다. ✅

DM ✉️ 또는 ☎️ 
문의 환영합니다! ❤️",2025-04-29,강아지cctv,post,,caption,substitute,2026-10-01T10:25:00
instagram,https://www.instagram.com/p/DG5ErCjT25C/,4437ce00bb8d29c8,,"2024.03.08 헤이홈CCTV
혼자서는 잠만 쿨쿨
#강아지 #말티푸 #말티폼 #강아지스타그램 #개스타그램 #청주 #오송 #헤이홈 #헤이홈카메라 #헤이홈프로 #헤이홈cctv #강아지cctv",2025-03-07,강아지cctv,post,,caption,substitute,2026-10-01T10:25:00
instagram,https://www.instagram.com/p/DFiDoQWS2cd/,5ee0720214089fec,,"“신나게 놀고 목욕하는날 🐶💤”
훈련도 중요하지만, 안전하고 편안한 호텔링이 우선이죠.

⠀
📍 ATS반려동물훈련학교 애견호텔은
단순 ‘맡기는 곳’이 아닙니다.
훈련사 관리 + CCTV 녹화 + 전용 공간 구분까지
훈련생 강아지들이 심리적 안정 속에 쉴 수 있도록 설계된
프리미엄 시스템입니다.

⠀
🛏 호텔링 가능 서비스
✔ 훈련과 연계된 호텔 서비스
✔ 대형견 전용 공간 구비
✔ 장기 위탁 가능 (훈련 포함형 선택 가능)
✔ 개별 CCTV 관리
✔ 목욕/미용/운동장/수영장 연계 이용

⠀
🧠 ATS 주요 프로그램

1:1 맞춤 훈련 (예절, 문제행동, 대소변 교육)

특수동물 훈련 (앵무새, 말 등)

보호자 교육 / 자격증반 / 프리즘 훈련

⠀
📞 예약 및 상담: 
📍 경기도 용인시 모현읍 (주차 가능)

⠀
믿고 맡기는 반려동물 프리미엄 호텔
ATS는 훈련과 케어를 함께 생각합니다.

#애견호텔 #반려동물호텔 #ATS반려동물훈련학교
#훈련과호텔링 #훈련중호텔 #대형견호텔 #강아지CCTV
#용인애견호텔 #애견장기위탁 #반려견심리안정
#강아지휴식공간 #전문훈련사관리호텔",2025-02-01,강아지cctv,post,,caption,substitute,2026-10-01T10:25:00
instagram,https://www.instagram.com/p/DE4TjDVyBih/,e83ec81ad80275f7,,"자꾸자꾸 눕고싶은 편안함❤
⠀
 쉴라프를 소개합니다.
⠀
취향을 저격하는 모던한 디자인에 
아이들이 좋아하는 베개 디테일을 추가하여 
푹신하면서도 탄탄한 편안함을 다 갖추고 있어요. 

————————— TIER RAUM
⠀
The House, for you & your little friends. [#쉴라프]
⠀⠀⠀⠀⠀⠀⠀⠀
Regram from 

#Schlaf #MinimalDesign #PetCushion",2025-01-16,강아지cctv,post,,caption,substitute,2026-10-01T10:25:00
instagram,https://www.instagram.com/p/DEotVxEy5HB/,6fd33209f7d9d87b,,"#Schlaf

소소한 일상을 더 편안하고 여유롭게

진드기와 먼지가 끼이지 못하도록
촘촘한 고밀도 직조 기법의 고급 원단으로 제작해 아이들이 안전하게 사용할 수 있어요.

티어라움과 함께 포근한 시간 보내세요🤎",2025-01-10,강아지cctv,post,,caption,substitute,2026-10-01T10:25:00
instagram,https://www.instagram.com/p/DEHM_27zjEa/,21ed78519866b93d,,"안 친한줄!!!!만 알았는데 #홈캠 으로 보니 둘이 꽤나 가까이.. + 붙어있기도 하네..?😱😱 첨에 캠으로 방석 하나를 쉐어하고 자는 커리로리를 보는데 어찌나 언빌리버블이던지ㅋㅋㅋ 언니 없으면 둘이 의지했구나ㅠㅠ 감동쓰..🥹🥹 물론 커리가 로리 피해 소파에 올라가있는 시간도 많음ㅎㅎ (로리는 숏다리라 소파 혼자 못 올라감ㅋㅋ)

이 전엔 남동생이랑 같이 살았었고 가끔씩 부모님도 오시는 구본가(?)집이였어서 cctv 설치하기가 좀 그랬었는데,, 이사 후 홈캠 설치하니 보는 재미가 솔솔 ㅎㅎ 커리로리.. 서로 웬수만은 아니였고ㅋㅋ🥰 거진 7년만에 바뀌는 거주환경이라 걱정했는데 적응 잘해줘서 고마워🤍🤎

#출근전모든커리로리집,,방석,,은거실에놔주기ㅋㅋ어수선..🙄
#강아지두마리키우기 #다견가정 #토이푸들 #토이말티푸 #반려견 #반려견일상 #홈스타그램 #푸들스타그램 #강아지동영상 #강아지cctv #홈cctv",2024-12-28,강아지cctv,post,,caption,substitute,2026-10-01T10:25:00
instagram,https://www.instagram.com/p/DB6rjd5zUDC/,db9dffd8fb6a06f5,,"빤히 쳐다보는 김짱이...
꽤나 무서워요...😅

#짱이 #12살 #말티즈 #검정콩3개 #강아지cctv #몰봐👀",2024-11-03,강아지cctv,post,,caption,substitute,2026-10-01T10:25:00
instagram,https://www.instagram.com/p/DBxatVJyHx1/,08cc07622d49af8e,,"구름이 훔쳐보기
그림자 보기??
#구름스타그램 #댕댕이그램 #강아지일상 #강아지cctv #개구름씨",2024-10-31,강아지cctv,post,,caption,substitute,2026-10-01T10:25:00
instagram,https://www.instagram.com/p/DBxatVJyHx1/#c18081738037533314,8b98df761a386468,,구름 안녕❤️나는복이야 나랑 칭구하자😍😍😍😍 멍팔하고가께,2024-11-04,강아지cctv,comment,,comment,substitute,2026-10-01T10:25:00
instagram,https://www.instagram.com/p/DOs1I_9ked3/,2a487d009f70ec47,,"이 정도면 카메라 아는 강아지..

#강아지홈캠",2025-09-17,강아지홈캠,post,,caption,substitute,2026-10-01T10:30:01
instagram,https://www.instagram.com/p/DOgZ0IvkuVA/,92d748c7231a8e49,,"👩‍👩‍👧‍👦 출산 준비 필수템 🎁
육아 & 반려견 홈캠 동시에 해결!

우리 집 첫 홈캠은 반려견 영웅이🐶 덕분이었어요.
혼자 있을 때도 졸고 기다리는 모습이 고스란히 담겨서 큰 위안이 됐죠.

그리고 이제는… 내년 1월 출산을 앞두고 받은 선물,
✨ 헤이홈 홈카메라 Pro+ 5MP ✨

아직 아기랑은 못 쓰지만,
영웅이를 지켜주던 그 홈캠이 곧 아기까지 지켜줄
든든한 도우미가 될 거예요 💯

출산 이후엔 더 리얼한 육아 후기까지 전해드릴게요 🍼💛
다음 포스팅도 기대해주세요 🤗

.
.
.
#헤이홈홈카메라 #헤이홈홈캠 #ProPlus5MP
#육아홈캠 #반려견홈캠 #스마트홈캠
#출산준비템 #임신선물추천 #출산선물
#육아필수템 #육아용품추천 #육아용품리뷰
#아기모니터링 #강아지홈캠 #신혼가전추천",2025-09-12,강아지홈캠,post,,caption,substitute,2026-10-01T10:30:01
instagram,https://www.instagram.com/p/DOfpY_Jkc9n/,527cfe5b0ee7faf3,,"귀여워쥬금🐶
근데 도대체 잠을 왜그렇게 자는거야?
하루종일 카메라 움직임 감지가 몇번이나 뜨는건지
한곳에서 쭉 곤히 잘순없는거니
자세 좀 봨ㅋㅋㅋㅋㅋ
쇼파는 망고 침대가 되버림..",2025-09-12,강아지홈캠,post,,caption,substitute,2026-10-01T10:30:01
instagram,https://www.instagram.com/p/DN5HgWRD1YO/,e5a483320da34ffe,,"혼자있는 시간, 김시루의 뽀작뽀작 일상💛",2025-08-28,강아지홈캠,post,,caption,substitute,2026-10-01T10:30:01
instagram,https://www.instagram.com/p/DNTQvy9hWz3/,718d57b4cea348c2,,"출근 하기 전에 펫페어 다녀오기 성공..🫠
홈캠 사왔지롱.....

#케이펫페어 #코엑스 #강아지홈캠 #캠봇 #꽤나잘보이는군😎",2025-08-13,강아지홈캠,post,,caption,substitute,2026-10-01T10:30:01
instagram,https://www.instagram.com/p/DK0kluyTUpa/,59a0780e110b86d2,,"cctv로 깜장이 찾다가 걸림 ㄷㄷ
#포메 #강아지홈캠",2025-06-13,강아지홈캠,post,,caption,substitute,2026-10-01T10:30:01
instagram,https://www.instagram.com/p/DOcd8a3iBp3/,775b6abe1d4ceef7,,저화질을 뚫고 나오는 귀여움,2025-09-11,강아지홈캠,post,,caption,substitute,2026-10-01T10:30:01
instagram,https://www.instagram.com/p/DNuJJ4g5BL0/,269fc098127ba802,,"코끼리 라떼의 진실 🐘🐶
밖에서 홈캠 보는데 라떼가 처음 보는 물건들로 신나게 노는 거예요.
‘저게 뭐지?’ 싶었는데… 거실장 서랍을 털어서 리본까지 다 꺼내 놓고 집을 난장판으로 😱
그런데 더 충격적인 건… 그 리본 심지를 코에 끼우고 코끼리 놀이까지😩

순간 너무 웃기다가도, 서랍 속에 반질고리 같은 위험한 물건들도 있어서 심장이 철렁했어요 💔

우리집엔 이제 진짜 코끼리가 산다 🤣

#코끼리라떼 #사고뭉치멍 #토이푸들 #강아지홈캠 #라떼사고일지 #강아지주의보 #라떼스타그램",2025-08-24,강아지홈캠,post,,caption,substitute,2026-10-01T10:30:01
instagram,https://www.instagram.com/p/DKNwSohhti7/,e504578fb8c03c78,,"우연히 켜본 홈캠
마침 지켜보고있는 울애기
어떻게 알았지..ㅋㅋㅋㅋㅋ
본의아니게 아이컨택😄

#포메라니안 #폼피츠 #pomeranian #puppy #다견가정 #강아지홈캠 #소통 #맞팔 #강아지친구들맞팔해요❤️",2025-05-28,강아지홈캠,post,,caption,substitute,2026-10-01T10:30:01
instagram,https://www.instagram.com/p/DJQjIdgTOlD/,06fca0f2496c1764,,"🐶
세상 편하게 자는 밤비씨💙🩵
좋은 꿈 꿔~
.
.
.
#밤비기록🐶#밤비일상#강아지홈캠#강아지일상#푸들일상남기기#추억남기기",2025-05-05,강아지홈캠,post,,caption,substitute,2026-10-01T10:30:01
instagram,https://www.instagram.com/p/DIpvxdBzucK/,4484e51eeb9f357d,,"🐶
애착 쿠션 다양하게 이용하기ㅎ.ㅎ
홈캠 속 밤비🤍🤍
.
.
.
#밤비기록🐶#밤비일상#왕푸들밤비#일상푸들#홈캠강아지#홈캠속밤비#강아지홈캠#강아지추억그램#애착쿠션#애착방석#쿨쿨💤",2025-04-20,강아지홈캠,post,,caption,substitute,2026-10-01T10:30:01
instagram,https://www.instagram.com/p/DJ5J46yhE1z/,b6bf3b2fbb000a17,,"우연히 발견한
광합성 중인 우리 딸랑구🧡
홈캠에서 찾기 힘든 뿌꾸
오늘은 대놓고 귀한 몸 드러내기😜

#포메라니안 #폼피츠 #pomeranian #puppy #다견가정 #강아지 #반려견 #강아지홈캠 #몰래훔쳐보기 #소통 #맞팔 #강아지친구들맞팔해요❤️",2025-05-20,강아지홈캠,post,,caption,substitute,2026-10-01T10:30:01
instagram,https://www.instagram.com/p/DJnXetzSLnX/,645a1b7975fb669b,,"오직 JWC몰에서만 특별한 혜택✨

간편한 설치와 연결로,
많은 사랑을 받고 있는 300만화소 큐브캠❗

타임세일 단 4시간 동안만
📌 큐브캠 30대 한정 15,900원

국내 CCTV 제조업체가 보증하는 JCURI
간단연결/철통보안으로 다가오는 5월 연휴를 안전하게🔥

✅ 2025.05.14 (수) 11:00~15:00
✅ 타임세일은 수량 한정 이벤트로 조기 소진 시 마감합니다.
✅ 
#이벤트 #타임세일 #홈캠 #홈카메라 #cctv #제이큐리",2025-05-14,강아지홈캠,post,,caption,substitute,2026-10-01T10:30:01
instagram,https://www.instagram.com/p/DIckMHgBqWL/,f31b7658ade825c2,,"어쩌다 마주친 뚜치
홈캠을 정확히 쳐다보는게
너무신기한데?ㅋㅋㅋㅋㅋㅋㅋㅋ
마침 너는 거기 있었고
나는 홈캠을 돌려봤을뿐이고
우린 이렇게 아이컨택
🤍폴인럽🤍

#포메라니안 #폼피츠 #pomeranian #pomeranianworld #다견가정 #강아지홈캠 #강아지일상 #멍팔 #소통해요 #좋아요 #강아지친구",2025-04-15,강아지홈캠,post,,caption,substitute,2026-10-01T10:30:01
instagram,https://www.instagram.com/p/DHnVY0IT1Ni/,def7a41d1e2c4efa,,".
귀여운 푼제리 홈캠 모음.zip

이제 강식이 안무셔!! 낮에도 잘 자면서 온니 기다려!! 아침산책 너무좋아!!
순서입니다 🤭

📣 순둥 소심공주 라푼젤의 가족을 기다립니다❤️
이름 : 라푼젤 (여아)
나이 : 3~4살 추정
몸무게 : 12kg
구조스토리 : 남해의 호더집에서 구조
배변 : 실외배변 100%
성격 : 매우 순하고 겁 많은 쫄보😆 적응 후 장난끼 발동!
에너지레벨 : 현재까지는 하 ⬇️

❤️우리 라푼젤 입양갈 수 있게 응원해주세요❤️
입양문의 👉 

#교빈하우스 #교빈이 #시츄 #냥아치_강식 #검정고양이 #남해_라푼젤 #임시보호 #가족을기다려요 #믹스견사랑 #공주 #순둥이 #유기견입양 #강아지홈캠 #강아지입양",2025-03-25,강아지홈캠,post,,caption,substitute,2026-10-01T10:30:01
instagram,https://www.instagram.com/p/DHc1S6KTUNY/,1cfd9221da3493fe,,"🎥
홈캠으로 가끔 보면 느무 귀여워 죽겠움..🥹
빨리 가서 꼬순내 맡고 싶다💛

즐거운 금요일🎶

#강아지홈캠 #강아지 #카메라에서엄마찾는중",2025-03-21,강아지홈캠,post,,caption,substitute,2026-10-01T10:30:01
instagram,https://www.instagram.com/p/DGpVSuTP6VK/,61f8063b24e504b7,,"홈캠으로 훔쳐보다 
숨길수 없는 치명적인 그의 말랑콩떡 포착🤣 

#엄마의은밀한취미 #강아지홈캠 #강아지일상 #미니비숑 #bichonfrisé #bichonlove #멍스타그램 #멍스타 #설기일기",2025-03-01,강아지홈캠,post,,caption,substitute,2026-10-01T10:30:01
instagram,https://www.instagram.com/p/DFd7ccthlUQ/,8d247ff1659d8982,,"안녕하세요! 다후아 무선 네트워크 PT 카메라 Picoo 3B/5B-PV를 소개합니다~👍
매장을 운영하는 사장님들께 이 카메라를 강력 추천드립니다. 🤝
이 카메라는 침입 감지되면 소리와 빛으로 즉시 경고하며 모바일로 침입 알림을 즉시 보냅니다. 📢
양방향 대화 기능이 탑재되어 있어 실시간 카메라 앞에 있는 사람과 소통할 수 있습니다. 
3/5MP 초고화질로 낮과 밤 걱정 없이 선명한 영상을 촬영해줍니다. 
AI 사람🧍‍♂️/차량🚗 감지는 물론이고 객체 자동 추적도 가능합니다. 
프리셋 순찰 설정으로 더욱 간편하고 강력한 보호를 해줍니다~🫶
360도 사각지대 없이 내 가게를 보호해주고 IP66 보호로 실외 설치도 전혀 걱정 없습니다~

더 많은 제품 정보를 확인하고 싶으시면 다후아 홈페이지 방문하시거나 다후아 공식 대리점에게 문의해주세요!
다음 콘텐츠로 찾아뵙겠습니다!

#Dahua #dahua #dahuacctv #다후아 #다화 #다후아cctv #다화cctv #다후아테크놀로지 #다화테크놀로지 #다후아홈캠 #홈캠 #다화홈캠 #홈캠추천 #반려동물 #강아지홈캠 #고양이홈캠 #다후아CCTV #다화CCTV",2025-01-30,강아지홈캠,post,,caption,substitute,2026-10-01T10:30:01
instagram,https://www.instagram.com/p/DFL5p4GMoO7/,32886f8e94820390,,"📣안녕하세요! 다후아 무선 네트워크 PT 카메라 Picoo 3AE/5AE-PV를 소개합니다~
매장을 운영하는 사장님들께 이 카메라를 강력 추천드립니다. 👍
이 카메라는 🥷침입 감지되면 소리와 빛으로 즉시 경고하며 모바일로 침입 알림을 즉시 보냅니다. 💪
양방향 대화 기능이 탑재되어 있어 실시간 카메라 앞에 있는 사람과 소통할 수 있습니다. 
3/5MP 초고화질로 낮과 밤 걱정 없이 선명한 영상을 촬영해줍니다. 
AI 사람🧍‍♂️/차량🚗 감지는 물론이고 객체 자동 추적도 가능합니다. 
360도 사각지대 없이 내 가게를 보호해주고 IP66 보호로 실외 설치도 전혀 걱정 없습니다~💪

더 많은 제품 정보를 확인하고 싶으시면 다후아 홈페이지 방문하시거나 다후아 공식 대리점에게 문의해주세요!
다음 콘텐츠로 찾아뵙겠습니다!

#Dahua #dahua #dahuacctv #다후아 #다화 #다후아cctv #다화cctv #다후아테크놀로지 #다화테크놀로지 #다후아홈캠 #홈캠 #다화홈캠 #홈캠추천 #반려동물 #강아지홈캠 #고양이홈캠 #다후아CCTV #다화CCTV",2025-01-23,강아지홈캠,post,,caption,substitute,2026-10-01T10:30:01
instagram,https://www.instagram.com/p/DEmeY_TzU9c/,4811eace24a67c37,,"언니 좋은말 할때 얼른 귀가해라 
(불만이 있을땐 홈캠을 응시하는 편)",2025-01-09,강아지홈캠,post,,caption,substitute,2026-10-01T10:30:01
instagram,https://www.instagram.com/p/DEfRZ2pzYNi/,d4727a3b56d6cae2,,홈캠의 존재를 알아버린 그날,2025-01-06,강아지홈캠,post,,caption,substitute,2026-10-01T10:30:01
instagram,https://www.instagram.com/p/DCHVf-lT9zg/,390f80c908f49bb9,,"꼬 - 하 !
요즘 펫캠 해킹때문에 걱정되는 친구들 많지않냐멍!?
펫캠 해킹을 방지할 수 있는 방법을 알려주겠다냥 

🐱 아이오트 펫 CCTV 홈캠 🐱
✔️ 2K QHD 선명한 400만 화소 
✔️ 부드러운 움직임 추척 
✔️ 밝은 곳은 누르고 어두운곳은 올리는 역광보정
✔️ 원하는 위치 지정 원클릭 뷰 
✔️ 이벤트, 연속 녹화 모드 설정
✔️ AES 256 등급 철통 보안 

후기도 많이 있으니까 구경해보라냥 ~~ 👍!!

구경하러올래 ?
꼬랩 !
프로필 링크 👉 스크롤 후 아이오트 펫CCTV 홈캠 클릭 💙",2024-11-08,강아지홈캠,post,,caption,substitute,2026-10-01T10:30:01
instagram,https://www.instagram.com/p/DCDmMcXP2gT/,45c35a0208456ccd,,"주인 외출 후 혼자 집에서 안마의자하는 말티즈 
#개디프랜드 #바디프랜드 #강아지홈캠 #🐶편함 #강아지혼자놀기

...는 사실 고양집사께 나눔받은 고양이집이다옹🐱ㅋㅋㅋㅋ
(지금은 지붕 지퍼를 다 물어뜯어놔서 폐기처분 위기인건 안비밀)

#말티즈는참지않긔 #말티즈 #maltese 
#massagechair #안마의자 #개안마의자🤣
#강아지 #귀여운강아지 #웃긴강아지 #애견 
#댕댕이 #댕댕이그램 #댕스타그램",2024-11-07,강아지홈캠,post,,caption,substitute,2026-10-01T10:30:01
instagram,https://www.instagram.com/p/DBdanG_z4tu/,39b68c2fe30552b9,,"이것들 어디간거야..
오기만해봐라..

#댕팔멍팔 #강아지맞팔환영 
#강아지홈캠",2024-10-23,강아지홈캠,post,,caption,substitute,2026-10-01T10:30:01
instagram,https://www.instagram.com/p/DBY82kvSjdV/,fc452f1ec580960a,,"하리의 엄마 기다림 모음.zip📁 
나 없으면 문 앞에서 자고 문쪽만 바라보고.. ㅠㅡㅠ 그래도 잘 때 표정은 좋음^^ 다음달 유치원도 결제 해야겠다..🤦
.
.
.
#강아지홈캠 #엄마바라기",2024-10-21,강아지홈캠,post,,caption,substitute,2026-10-01T10:30:01
instagram,https://www.instagram.com/p/DAyQ6edTTtj/,929f56796b22805f,,"홈캠으로 보는 또미 일상 😛

원래 통통한 애들은 배까고 누우면 잘 못일어나나요..?😅
비보이솜🐷",2024-10-06,강아지홈캠,post,,caption,substitute,2026-10-01T10:30:01
instagram,https://www.instagram.com/p/DHnVY0IT1Ni/#c18169973641333254,f639f6b0b7096f46,,푼젤이 쉬는 모습 보니까 이래서 구조가 필요하고 이래서 임보가 필요하고 이래서 입양이 필요하지 라는 생각이 절로 듭니다,2025-04-02,강아지홈캠,comment,,comment,substitute,2026-10-01T10:30:01
instagram,https://www.instagram.com/p/DHnVY0IT1Ni/#c18065612230942414,9f79b20dc416fbc2,,강식이 넘웃겨요ㅋㅋㅋㅋ개그캐ㅋㅋ 푼젤이순둥이네요,2025-03-25,강아지홈캠,comment,,comment,substitute,2026-10-01T10:30:01
instagram,https://www.instagram.com/p/DHnVY0IT1Ni/#c18032963651630813,98bd7d56736b147b,,두번째사진 살던 집 수준의 편안함~~~,2025-03-25,강아지홈캠,comment,,comment,substitute,2026-10-01T10:30:01
instagram,https://www.instagram.com/p/DHnVY0IT1Ni/#c17875417083297433,e02e1759a27c6b4a,,강식아 너는고양이란다 😆😆😆💗,2025-03-25,강아지홈캠,comment,,comment,substitute,2026-10-01T10:30:01
instagram,https://www.instagram.com/p/DHnVY0IT1Ni/#c18037766867236395,c09afc4fec89eb91,,옹기종기 니네 너무 귀여워😭,2025-03-25,강아지홈캠,comment,,comment,substitute,2026-10-01T10:30:01
instagram,https://www.instagram.com/p/DIckMHgBqWL/#c17921745585069931,c8b6fe7f438f5921,,옴마랑 텔레파시가 통했구낭?!!🩵,2025-04-15,강아지홈캠,comment,,comment,substitute,2026-10-01T10:30:01
instagram,https://www.instagram.com/p/DEmeY_TzU9c/#c18053407369856608,34dc0f78d681b3ed,,말안해도 알아듣게나 하는룩,2025-01-09,강아지홈캠,comment,,comment,substitute,2026-10-01T10:30:01
instagram,https://www.instagram.com/p/DOfpY_Jkc9n/#c18105503365599420,9da52bf7c7c34acd,,앙쿵 공물고있는것좀봐 심쿵 어쩜이리 귀엽시 심쿵 우리같이 멍팔하지 않을래 앞으로 친하게 지내댜그너ㆍㅇ,2025-09-12,강아지홈캠,comment,,comment,substitute,2026-10-01T10:30:01
instagram,https://www.instagram.com/p/DNuJJ4g5BL0/#c18076077254487264,3ca4cf6ce5e99a33,,라떼야 이러다가 곧 문 열고 산책 갔다 오는 거 아니지 ?😂😂,2025-09-06,강아지홈캠,comment,,comment,substitute,2026-10-01T10:30:01
instagram,https://www.instagram.com/p/DNuJJ4g5BL0/#c17957495618844370,3b808d29378f709a,,ㅋㅋㅋㅋㅋ개춘기 라떼 건강하다면 사고쳐도돼🤭🤎,2025-08-31,강아지홈캠,comment,,comment,substitute,2026-10-01T10:30:01
instagram,https://www.instagram.com/p/DNuJJ4g5BL0/#c17945101809018778,60f85a8596189eaa,,미치겠닼ㅋㅋㅋㅋㅋㅋㅋㅋ저거 털어서 가지고 논다고 생각하는 거 자체가 똑똑한 고야🤍🤍,2025-08-29,강아지홈캠,comment,,comment,substitute,2026-10-01T10:30:01
instagram,https://www.instagram.com/p/DNuJJ4g5BL0/#c18052020275546928,6c13621316830053,,아니.. 어떻게 연거야!!! 코끼리라떼🤣,2025-08-28,강아지홈캠,comment,,comment,substitute,2026-10-01T10:30:01
instagram,https://www.instagram.com/p/DNuJJ4g5BL0/#c18088733962745860,70abee70be0ebe66,,ㅋㅋㅋㅋㅋㅋㅋ라떼 혼자서도 잘 노는고야..?😮,2025-08-26,강아지홈캠,comment,,comment,substitute,2026-10-01T10:30:01
instagram,https://www.instagram.com/p/DNuJJ4g5BL0/#c18007886555795316,c64667c5bc76fbc4,,ㅋㅋ아ㅋᩚㅋᩚㅋᩚㅋᩚㅋᩚㅋᩚㅋᩚㅋᩚㅋᩚㅋᩚㅋᩚㅋᩚ 코끼리라떼 넘모 기여운거 아니냐구🐘❤️❤️,2025-08-26,강아지홈캠,comment,,comment,substitute,2026-10-01T10:30:01
instagram,https://www.instagram.com/p/DCDmMcXP2gT/#c18055249657733647,a0d78381dc0f4a16,,잘기다리고있는것같아서 다행이군😍,2024-11-07,강아지홈캠,comment,,comment,substitute,2026-10-01T10:30:01
instagram,https://www.instagram.com/p/DAyQ6edTTtj/#c17881413027153419,2f75b97c9718486d,,이 애기 보니까 우리 뚱땅이 네로 보고싶다 ㅋㅋㅋㅋㅋㅋㅋㅋ 뱃쨜 동영상좀 보내줭,2024-10-20,강아지홈캠,comment,,comment,substitute,2026-10-01T10:30:01
instagram,https://www.instagram.com/p/DAyQ6edTTtj/#c17885731887050805,696d6e32360b161d,,영계백숙 같아영ㅎㅎㅎㅎㅎㅎㅎㅎㅎ중간에 다리든거 너무기엽다😂,2024-10-12,강아지홈캠,comment,,comment,substitute,2026-10-01T10:30:01
instagram,https://www.instagram.com/p/DAX12Vuzy9f/,c64b5f8b309694fd,,"울애기 짠해라…
유치원도못가고ㅠ
엄마약속있어서 밖에있는데
cctv보니 저러고있네ㅠ

#골든두들#강아지cctv#대치동우디",2024-09-26,강아지cctv,post,,caption,substitute,2026-10-01T10:42:00
instagram,https://www.instagram.com/p/DAJKkIvzis9/,36ec99e757e89911,,"꼬 - 하 !
우리 엄마가 혼자있는 내가 걱정되서 홈캠을 설치했댕냥! 

🐶 아이오트 무선 CCTV 🐱
✔️ 설치비, 유지비 ZERO ! 복잡한 선 연결없이 초간단 설치 
✔️ 고화질의 해상도로 어두운 공간이나 밤에도 선명한 야간 모드
✔️ 모든 것을 담아내는 넓은 화각 & 자유로운 각도조절 
✔️ 한 번 충전으로 90일 작동하는 대용량 배터리 
✔️ 필요한 순간에만 영상녹화 기능 & 경보기능 
✔️ 방수가 가능하여 비가와도 눈이와도 걱정 NO! 
✔️ 최대 16개 채널을 한 번에 확인 가능한 동시 스트리밍 
✔️ 안심하고 사용할 수 있는 강력한 보안 

아이오트 홈캠 덕분에 안전한 생활이 가능해졌다냥 👍
후기도 많이 있으니까 구경해보라멍 ~~

구경하러올래 ?
꼬랩 !
프로필 링크 👉 스크롤 후 아이오트 무선 CCTV 클릭 💙",2024-09-20,강아지cctv,post,,caption,substitute,2026-10-01T10:42:00
instagram,https://www.instagram.com/p/C_urgyzzmrc/,87359e36fe6692aa,,"출근, 혼자 남은 봉이 훔쳐보기👀

일년동안 둘이서 잘 놀았는데 이제 돈벌러 출근ㅜ
분리불안 강아지가 귀신같이 출근길에는 안따라옴.
진짜 똑똑멍멍🐶

한 2시간 정도만 버티면 할미가 데리러 오는걸 암ㅋ
우리가족 모두 함께 개육아♥️

#춘봉이 #말티즈 #maltese 
#홈캠 #강아지cctv",2024-09-10,강아지cctv,post,,caption,substitute,2026-10-01T10:42:00
instagram,https://www.instagram.com/p/C_MwMa9TaUR/,5b3cc2a00939a12a,,"고마와~♡♡ 뫼시고다닌 보람있네♡♡

#라이는다이어트#강아지입양#유기견입양
#개이름은도라이라지요 #강아지 #말티즈 #개딸램🐶 #멍멍이 #멍멍이그램#강아지산책#사지말고입양하세요 #강아지 #으르렁 #왈왈 #라이라이라이야🎶 #강아지그램#롯데자이언츠 #화명동생태공원
#사직야구장에강아지랑가고싶다 #강아지간식 #사지마세요입양하세요#말티즈 #꽃강아지#애견유모차 #강아지공원#썩소 #강아지cctv #강아지하루일상 #라이",2024-08-28,강아지cctv,post,,caption,substitute,2026-10-01T10:42:00
instagram,https://www.instagram.com/p/C-9CEWUzj8U/,1f73bc1d2ba6a752,,"라이 오전일상♡ 아침산책 간식 아침밥 간식 다시꿈나라~~!!

#라이는다이어트#강아지입양#유기견입양
#개이름은도라이라지요 #강아지 #말티즈 #개딸램🐶 #멍멍이 #멍멍이그램#강아지산책#사지말고입양하세요 #강아지 #으르렁 #왈왈 #라이라이라이야🎶 #강아지그램#롯데자이언츠 #화명동생태공원
#사직야구장에강아지랑가고싶다 #강아지간식 #사지마세요입양하세요#말티즈 #꽃강아지#애견유모차 #강아지공원#썩소 #강아지cctv #강아지하루일상",2024-08-22,강아지cctv,post,,caption,substitute,2026-10-01T10:42:00
instagram,https://www.instagram.com/p/C9hnYhlPJWq/,cec59c36f441badb,,"강아지 인형이 나 감시하는 중💕
#강아지인형#미니비숑#비숑#강아지친구환영
#우유#강아지일상#엄마감시중
#강아지cctv#살아있는인형",2024-07-17,강아지cctv,post,,caption,substitute,2026-10-01T10:42:00
instagram,https://www.instagram.com/p/C8YtdqhpPeI/,464f2a2a3306385f,,"나 출근하고 까미 잘있나 씨씨티비봤더니..
이러고있다..
현재시간 오후 2시 30분

#강아지몰카 #강아지cctv #강아지주인없을때 #강아지혼자있을때",2024-06-19,강아지cctv,post,,caption,substitute,2026-10-01T10:42:00
instagram,https://www.instagram.com/p/C7Szs6YJBEa/,184e129385375892,,"슈퍼맨이 돼서 슝 날아가는 꿍꼬또👀✨
CCTV속 잠든 호빵이 모음😘

호빵이는 일주일에 두 번은 낮 시간을 혼자 보내야 해요🥲
다행히 호빵이는 혼자서도 잘 자고 잘 먹고 잘 노는데
오히려 형아랑 누나가 분리불안이 심해서 
10분에 한 번씩 CCTV를 들여다 보게 되네용👀💚

배변패드랑 신나게 놀다 잠들어도, 
여기저기 응아를 묻혀놔도
괜..괜차나.. 사랑해..🥲💕

#잠든강아지 #잠든댕댕이 #졸린댕댕이 #졸린강아지 #강아지카메라 #강아지cctv #멍스타그램 #댕스타그램 #멍멍이그램 #댕댕이그램 #멍멍이스타그램 #댕댕이스타그램 #배변패드 #강아지스타그램 #건강한댕댕이",2024-05-23,강아지cctv,post,,caption,substitute,2026-10-01T10:42:00
instagram,https://www.instagram.com/p/C7RCEaFJxqc/,1239130aa8d6106b,,"2024.05.18
오후 7시 14분, 그리고 오후 7시 58분
그 잠깐 몇 분 사이에 어두워진 두부네 집🐶❤️
.
.
.
#두부🐶#콩두부🐶
#믹스견두부❤️#강아지cctv#반려동물cctv#펫캠#홈카메라#강아지cctv녹화중
#강아지일상#반려견일상#믹스견#믹스견그램#믹스견스타그램
#밀린사진업뎃#밀린사진올리기#instadaily#bali#📷
#f4f#diy#dog🐶#애견인맞팔#애견인소통환영🙌
#두부야사랑해❤#두부야건강하고오래오래살자❤
#20240518",2024-05-22,강아지cctv,post,,caption,substitute,2026-10-01T10:42:00
instagram,https://www.instagram.com/p/C7QTxHLvvTc/,7f6ddb7e2aff717f,,"소소한 일상을 더 아름답고 여유롭게
⠀
 쉴라프를 소개합니다.
⠀
티어라움의 심플한면서도 감각적인 디자인과 
고급스러운 에코레더 소재로 고급스러움을 더했습니다. 

편안한 프리미엄 쿠션과 편안한 구조를 사용해
우리 아이들의 일상을 더욱 편안하게 만들어줄거에요

⠀————————— TIER RAUM
⠀⠀

The House, for you & your little friends. [#쉴라프]
⠀⠀⠀⠀⠀⠀⠀⠀
Regram from 

#Schlaf #Pebble",2024-05-22,강아지cctv,post,,caption,substitute,2026-10-01T10:42:00
instagram,https://www.instagram.com/p/C6x799GPoBi/,77a646faf38281be,,"Have a nice day
⠀
 쉴라프를 소개합니다.
⠀
오늘 눈떴는데 해가 쨍쨍!
즐거운 주말을 맞이하는 완벽한 날씨에요 

편안한 프리미엄 쿠션과 안정적인 구조의 쉴라프가
우리 아이들에게 꿀맛같은 휴식을 가져다 줄거에요

⠀————————— TIER RAUM
⠀⠀

The House, for you & your little friends. [#쉴라프]
⠀⠀⠀⠀⠀⠀⠀⠀
Regram from 

#Schlaf #Mud",2024-05-10,강아지cctv,post,,caption,substitute,2026-10-01T10:42:00
instagram,https://www.instagram.com/p/C6F62bjvqbe/,ddce476efbd8ab6f,,"소파와 한 몸이 되는 날

 의 스테그를 소개합니다.
⠀
촉촉한 봄비와 따가운 봄 햇살이 앞다퉈 인사하는 요즘, 
아이들과 함께 나른한 시간을 보내보세요 .

스테그는 우리 아이들이 편안하게 사용 할 수 있도록
불필요한 장식을 덜어낸 미니멀한 디자인의 계단이에요.

어디서나 편안하게 올라올 수 있도록
아이들의 동선과 공간의 효율성까지 생각하며
깔끔한 디자인으로 우리의 공간까지 행복하게 만들어 줄 거예요

The House, for you & your little friends. #스테그
⠀⠀⠀⠀⠀⠀⠀
Regram from 
#Steg #Pebble",2024-04-23,강아지cctv,post,,caption,substitute,2026-10-01T10:42:00
instagram,https://www.instagram.com/p/DAHSKJNzhj7/,200e1f5b7ace3ca4,,"Cctv로 지켜보는 변태언니 🌚

아이컨택하는 듯한 우리애들 , 
일부러 음성으로 말 안거는데 🥲 
왜 쳐다보지 ..? 

#비누개록 #코코개록 #말티즈 #강아지CCTV 
#멍스타그램",2024-09-19,강아지cctv,post,,caption,substitute,2026-10-01T10:42:00
instagram,https://www.instagram.com/p/C6_WKspp4ZG/,6f0894590ac876be,,"달콤이 cctv
누워있는거 왜케 귀엽냐공

#강아지cctv",2024-05-15,강아지cctv,post,,caption,substitute,2026-10-01T10:42:00
instagram,https://www.instagram.com/p/C6glQEWpOd2/,c1a4b419e4e093e4,,"2024.04.21
카메라 쳐다봤다가 거실 쳐다보는 두부🐶❤️
오후 11시 11분인데 잠 좀 자자
근데 이날 뭐 한다고 늦게까지 집에 안 갔지?
외출할 때 주고 간 치즈바도 먹지도 않고 
우리가 집 가니깐 그제서야 먹는 
.
.
.
#두부🐶#콩두부🐶
#믹스견두부❤️#강아지cctv#반려동물cctv#펫캠#홈카메라#강아지cctv녹화중
#강아지일상#반려견일상#믹스견#믹스견그램#믹스견스타그램
#밀린사진업뎃#밀린사진올리기#instadaily#bali#📷
#f4f#diy#dog🐶#애견인맞팔#애견인소통환영🙌
#두부야사랑해❤#두부야건강하고오래오래살자❤
#20240421",2024-05-03,강아지cctv,post,,caption,substitute,2026-10-01T10:42:00
instagram,https://www.instagram.com/p/C57zidlLT_m/,fedafd15aa553828,,"꿈이 자라나는 자리
⠀
 의 쉴라프를 소개합니다.
⠀
바쁘다 바빠.. 

매일매일 신나는 모험의 세계에서 
씩씩하게 자라는 나나를 위한 포근한 보금자리 
⠀
편안한 프리미엄 쿠션과 안정적인 구조의 쉴라프가 
우리 아이들에게 꿀맛같은 휴식을 가져다 줄거에요
⠀
⠀
The House, for you & your little friends. #쉴라프
⠀⠀⠀⠀⠀⠀⠀⠀⠀
Regram from 
#Schlaf #Pebble
⠀
⠀",2024-04-19,강아지cctv,post,,caption,substitute,2026-10-01T10:42:00
instagram,https://www.instagram.com/p/C5TMJTgJ8G8/,db6efc87b63d74f6,,"최보리 CCTV🎥
유치원 다녀와서 개피곤한데🥱
눈이 부셔서 방에 들어오진 못하고
엄마아빠는 뭐하는지 궁금하고
🤣🤣🤣🤣

강력한 존재감🐶
자아가 강한 강쥐

#귀여운강아지 #강아지cctv #멍씨티비 #댕씨티비 #최보리 #댕팔맞팔 #멍팔맞팔 #대형견 #코리안보더콜리",2024-04-03,강아지cctv,post,,caption,substitute,2026-10-01T10:42:00
instagram,https://www.instagram.com/p/C5SRWW1rMde/,77d962c3e7fa7496,,"탐이 견생일기 D+1218

견주가 분리불안이 생겨
캠을 달아 봤는데…
더 분리불안이 생김

빨리 퇴근 하고 싶다🥲

#탐이견생일기#탐스타그램#멍스타그램#강아지일상#강아지홈캠#강아지CCTV#분리불안#멍팔환영#소통해요",2024-04-03,강아지cctv,post,,caption,substitute,2026-10-01T10:42:00
instagram,https://www.instagram.com/p/C5FmnbTBySe/,2f9e6ab9a6b6df82,,".
🔶 IP 카메라는
= 네트워크 카메라라고도 하며
네트워크를 통해 촬영 영상을
실시간 송출할 수 있는 카메라입니다.

🔶 일반적으로
집에서 사용하는 IP 카메라는
와이파이 카메라, 홈 카메라,
홈 CCTV 등으로 불리는데
요즘은 IP 공유기의 무선랜 기능을
이용하여 연결하는 경우가 많습니다.

스마트폰처럼 와이파이 연결을 통해
반려동물이나 아기들 영상을
실시간으로 볼 수 있습니다.

.
✔ 경기도 부천시 양지로 229
☎ 070-7677-2897
📱 카카오톡채널 : oda_cctv
❤ 블로그 :",2024-03-29,강아지cctv,post,,caption,substitute,2026-10-01T10:42:00
instagram,https://www.instagram.com/p/C4-5thPxeU2/,7eff139e1bd9abdc,,"아띠부 찾는 홈카메라랑 눈마주침😍
하울링도 없고 분리불안(?)도 없고
혼자있을때 밥먹고 바깥구경하다 장난감이랑 놀다가
한두시간 정도 내리자다가 퇴근시간 즈음부터 입구앞에서
어슬렁어슬렁 왔다갔다🐶 혼자있을때 짖지 않는게 넘 기특.
#강아지기특 #내똥강아지 #내새꾸 #강아지cctv #멍스타그램 #말티푸 #견생7개월차 #눈치견 #경험이지혜 #앞발쓰는강아지 #똑똑",2024-03-26,강아지cctv,post,,caption,substitute,2026-10-01T10:42:00
instagram,https://www.instagram.com/p/C37FgAivboa/,a7d5431ea713cab8,,"🤹인형 뽑기 기계에서 파인뷰 홈캠 K90 찾기!🤹

인형 뽑기 기계 안에 파인뷰 홈캠 K90이 다른 인형들과 함께 섞여있어요!

기계 안에 파인뷰 홈캠 K90은 총 몇 대가 있을까요?

정답을 댓글로 남겨주시는 분들 중 추첨을 통해 경품을 드립니다!

[이벤트]
▶기간 : 2/29(목)~3/4(월)
▶발표 : 3/6(수) *개별 DM 발표
▶경품 : 신세계 모바일 상품권 5,000원(추첨 10명)
▶참여방법 :
1. 파인뷰 홈CCTV 공식 인스타그램( ) 팔로우
2. 파인뷰 홈캠 K90이 총 몇 대 있는지 찾은 후 댓글로 작성
3. 추첨을 통해 열 분께 신세계 모바일 상품권 5,000원 증정
🎁 최신글 5개에 좋아요를 눌러주시면 당첨 확률 UP!!
🎁 비공개 계정은 당첨 불가 합니다.
🎁 신세계 상품권은 문자로 발송되며, '이마트'에서 지류 상품권으로 교환 후 사용 가능합니다.

#파인뷰#홈캠#펫캠#펫카메라#베이비캠#홈캠추천#펫캠추천#육아용품#가정용품#강아지용품#고양이용품#홈cctv#cctv추천#강아지cctv#경품이벤트#댓글이벤트#퀴즈#퀴즈이벤트#신세계상품권#댓글환영#인형뽑기#인형뽑기중독#멍팔댕팔#견주일상#펫스타그램#멍스타그램#이벤트중",2024-02-29,강아지cctv,post,,caption,substitute,2026-10-01T10:42:00
instagram,https://www.instagram.com/p/C31jlIGJ9ZC/,159c3e381148544f,,"#비숑#비숑프리제

Cctv 파인뷰 k90 설치완료👍🖤

요렇게 멋진😎 모찌를 지켜보길위해🫶

화질도 👍 음성도👍 모찌토리지켜야쥬👌

 

#강아지cctv #홈cctv #파인뷰#파인뷰k90",2024-02-27,강아지cctv,post,,caption,substitute,2026-10-01T10:42:00
instagram,https://www.instagram.com/p/C3Zjw74P4WT/,d67ae67ccdca47e2,,"🔮다음 중 옳지 않은 파인뷰 홈CCTV K90의 AI 기능은?🔮

스마트하고 다양한 AI 감지 기능을 탑재한 파인뷰 홈CCTV K90!

다음 중 잘못된 K90의 AI 기능은 무엇일까요?
올바른 정답을 댓글로 작성해주신 분들 중 추첨을 통해 경품을 증정드립니다!

1. 동물 언어 번역
2. 모션 트래킹
3. 수면 분석
4. 모션/소리 감지

[이벤트]⠀
▶기간 : 2/16(금)~2/20(화)
▶발표 : 2/20(목) *개별 DM 발표
▶경품 : 신세계 모바일 상품권 5,000원(추첨 10명)
▶참여방법 :
1. 파인뷰 홈CCTV 공식 인스타그램( ) 팔로우
2. 옳지 않은 파인뷰 홈CCTV K90의 AI 기능을 댓글로 작성
3. 추첨을 통해 열 분께 신세계 모바일 상품권 5,000원 증정
🎁 최신글 5개에 좋아요를 눌러주시면 당첨 확률 UP!!
🎁 비공개 계정은 당첨 불가 합니다.
🎁 신세계 상품권은 문자로 발송되며, '이마트'에서 지류 상품권으로 교환 후 사용 가능합니다.

#파인뷰#홈cctv#홈캠#홈캠추천#펫캠#펫카메라#강아지cctv#고양이cctv#경품이벤트#댓글이벤트#퀴즈#퀴즈이벤트#고양이용품#강아지용품#육아용품#베이비캠#멍스타그램#강아지일상#고양이일상#집사#견주소통#이벤트중",2024-02-16,강아지cctv,post,,caption,substitute,2026-10-01T10:42:00
instagram,https://www.instagram.com/p/C3YyhRkJirj/,89e54b25ee53fd8b,,"내가 푸들푸들 만화를 그리기로 마음 먹고 첫 화에 담았던 내용도 사람의 분리불안이었는데.. 7년이 지난 지금, 그 증세는 더욱 악화되었다고 한다..😥
.
#홈카메라 #강아지cctv #분리불안 #푸들 #댕댕이 #만화 #짤 #illustration #poodle",2024-02-15,강아지cctv,post,,caption,substitute,2026-10-01T10:42:00
instagram,https://www.instagram.com/p/C3XM7GWLiZQ/,c9d3716be02b04fa,,"회사에서 구름이 보고싶어서
카메라 움직이니까 빤히~~

퇴근하며 거실 불켜주니까
어깨너머 빤히~~

너 카메라 의식하니? 😘😘

#11살구름이 #말티즈 #말티즈그램 #멍스타그램 #댕댕이스타그램 #홈cctv #강아지cctv #maltes #maltespuppy #malteseofinstagram #malteselover #maltês",2024-02-15,강아지cctv,post,,caption,substitute,2026-10-01T10:42:00
instagram,https://www.instagram.com/p/C3UmU91vnNa/,020412c0e680177e,,"언제 어디든 우리 아이를 안전하게 지켜주는 파인뷰 홈CCTV K70!
깔끔한 외관 디자인에 QHD 선명한 화질! 그리고 스마트한 AI 감지기능까지!

파인뷰 홈CCTV K70 구매 안하면 손해에요!🥰

▶출처: 
▶제품명: #파인뷰k70 

#파인뷰#홈cctv#펫캠#펫카메라#강아지용품",2024-02-14,강아지cctv,post,,caption,substitute,2026-10-01T10:42:00
instagram,https://www.instagram.com/p/C2jjwlkvtqF/,4fc254b8c8a2f3cb,,"✨파인뷰 홈CCTV K90의 잘못된 전원 연결 단계는?✨

파인뷰 홈CCTV K90은 너무 쉽고 간단한 전원 연결 방법으로도 유명하죠?
여기 K90을 연결하는 총 4단계가 있습니다!
이 중 잘못된 연결 단계가 있는데요~

다음 중 잘못된 연결 단계는 무엇일까요?
정답을 댓글로 남겨주시는 분들 중 추첨을 통해 경품을 증정드립니다!

[파인뷰 홈CCTV K90 전원 연결 단계]

1단계: 전원 케이블 연결
2단계: 정신 차리게 물 부어버리기
3단계: 파인뷰 홈CCTV 어플 ON
4단계: QR코드 활용해 기기 연결

[이벤트]⠀⠀
▶기간 : 1/26(금)~1/30(화)
▶발표 : 2/1(목) *개별 DM 발표
▶경품 : 신세계 모바일 상품권 5,000원(추첨 10명)
▶참여방법 :
1. 파인뷰 홈CCTV 공식 인스타그램( ) 팔로우
2. 잘못된 연결 단계를 댓글로 작성
3. 추첨을 통해 열 분께 신세계 모바일 상품권 5,000원 증정
🎁 최신글 5개에 좋아요를 눌러주시면 당첨 확률 UP!!
🎁 비공개 계정은 당첨 불가 합니다.
🎁 신세계 상품권은 문자로 발송되며, '이마트'에서 지류 상품권으로 교환 후 사용 가능합니다.

#파인뷰#홈cctv#cctv추천#강아지용품#강아지cctv#고양이cctv#홈캠#펫캠#펫카메라#집cctv#가정용품#고양이용품#육아용품#퀴즈#퀴즈이벤트#경품이벤트#댓글이벤트#신세계상품권#육아#강아지#고양이#제품이벤트#이벤트중",2024-01-26,강아지cctv,post,,caption,substitute,2026-10-01T10:42:00
instagram,https://www.instagram.com/p/C2cegTpJZSe/,d1e018e5524c63f2,,"#진도이지 #입양일기 #말로하지않는이지 (2편)

🐶: 나, 배이지. 언마에게 말로 하지 않는다!!! 
(오리 간택)
🐤: (살려줘…)

👩: 오리 많이 좋아하네

#새사냥꾼 #배이지 #인형어택 #오리인형 #강아지cctv #이지tv 
#개스타그램 #멍스타그램 #댕스타그램 #강아지그램",2024-01-23,강아지cctv,post,,caption,substitute,2026-10-01T10:42:00
instagram,https://www.instagram.com/p/C2Yz_GBrPPf/,086e9a2b3ce916a3,,"반려동물 천만시대! 
외출하더라도 혼자있을 강아지, 고양이 
이제부터 걱정마세요!
놀이처럼 원격으로 간식도 주고 학습도 되는 국내유일!
애완동물 간식기+홈 CCTV 로보뷰 펫
설치도 아주 간편해요

✅로보뷰공식몰
 

✅ 유튜브채널
 

#애완동물 #강아지 #고양이 #펫캠 #펫카메라 #반려동물 #강아지카메라 #강아지간식기 #애견급식기 #사료급식기 #애완동물간식 #강아지간식 #강아지놀아주기 #강아지용품 #강아지용품추천 #로보뷰펫 #강아지cctv #cctv추천 #CCTV #홈카메라 #IP카메라 #홈캠 #보안카메라 #로보뷰",2024-01-22,강아지cctv,post,,caption,substitute,2026-10-01T10:42:00
instagram,https://www.instagram.com/p/C2RsyxuvKNE/,ebf124ac4d1dccf7,,"💓파인뷰 홈CCTV K90의 숫자 '90'을 찾아라!💓

여기 6개의 파인뷰 홈CCTV K90 사진들이 보이시나요?
다음 중 숫자 '90'이 숨겨져 있는 이미지는 몇 번 이미지인지 댓글로 작성해주세요!
댓글을 남겨주신 분들 중 추첨을 통해 경품을 증정드립니다!

[이벤트]⠀
▶기간 : 1/19(금)~1/23(화)
▶발표 : 1/24(수) *개별 DM 발표
▶경품 : 신세계 모바일 상품권 5,000원(추첨 10명)
▶참여방법 :
1. 파인뷰 홈CCTV 공식 인스타그램( ) 팔로우
2. 숫자 '90'이 숨겨져 있는 이미지 번호를 댓글로 작성
3. 추첨을 통해 열 분께 신세계 모바일 상품권 5,000원 증정
🎁 최신글 5개에 좋아요를 눌러주시면 당첨 확률 UP!!
🎁 비공개 계정은 당첨 불가 합니다.
🎁 신세계 상품권은 문자로 발송되며, '이마트'에서 지류 상품권으로 교환 후 사용 가능합니다.

#파인뷰#홈cctv#cctv추천#강아지용품#강아지cctv#홈캠#펫캠#펫카메라#퀴즈#퀴즈이벤트#경품이벤트#댓글이벤트#신세계상품권#강아지이벤트#강아지#육아#육아용품#제품이벤트",2024-01-19,강아지cctv,post,,caption,substitute,2026-10-01T10:42:00
instagram,https://www.instagram.com/p/C2REC47LhPN/,f786469dea46a02d,,"반려동물 천만시대! 기다리고 기다리던 그 카메라
그냥 홈 CCTV 카메라가 아니죠!
주인이 외출하면 혼자 쓸쓸하게 있을 반려동물..
놀이처럼 원격으로 간식도 주고 학습도 되는 국내유일!
애완동물 간식기+홈 CCTV 로보뷰 펫
지금 바로 소개합니다~

✅로보뷰공식몰
 

✅ 유튜브채널
 

#애완동물 #강아지 #고양이 #펫캠 #펫카메라 #반려동물 #강아지카메라 #강아지간식기 #애견급식기 #사료급식기 #애완동물간식 #강아지간식 #강아지놀아주기 #강아지용품 #강아지용품추천 #로보뷰펫 #강아지cctv #cctv추천 #CCTV #홈카메라 #IP카메라 #홈캠 #보안카메라 #로보뷰",2024-01-19,강아지cctv,post,,caption,substitute,2026-10-01T10:42:00
instagram,https://www.instagram.com/p/C2EHR1ep54F/,61810c5607889fdb,,"1043일ꯁ 
🐶팔자가 상팔자
하루종일 띵까띵가 놀다가 주무시는중💤

#해먹 #강아지해먹 #방석 #강아지방석 #강아지용품 #미니비숑 #아가비숑 #강아지일상 #홈캠 #강아지홈캠 #강아지cctv",2024-01-14,강아지cctv,post,,caption,substitute,2026-10-01T10:42:00
instagram,https://www.instagram.com/p/C18_p9drHoN/,857911bf0a292f7d,,"나의 소중한 아이, 한 순간도 놓칠 수 없어!🫶🏻

파인뷰 AI 홈CCTV K70의 선명한 QHD 극초고화질과 상화좌우 회전, AI 모션 트래킹으로 우리 아이 실시간 관찰!
양방향 통화로 보고 싶은 우리 아이도 부를 수 있어요!☁️

▶출처: 
▶제품명: #파인뷰k70 

#파인뷰#홈cctv#펫캠#강아지용품",2024-01-11,강아지cctv,post,,caption,substitute,2026-10-01T10:42:00
instagram,https://www.instagram.com/p/C1rS9jbSsMt/,c15efb94c732fe25,,"홈캠 보다 혈압이 퐉~~
마이크 켜고 준콩아~!를 연신 외쳤는데 어디로 숨었는지 코빼기도 안보임
근데 수컷이라 그런가 또또도 그렇고 이전 울집 암컷강쥐들은 저 정도까진 아니었는데 에너지가 남다르긴하다.
아직 살림살이는 안 뿌셨으니 저 정도는 봐줘야겠지?
부들부들

#준콩왕자 #초코포메 #chocopome #강아지cctv #강아지저지레 #멍스타그램🐶 #까사미아소파",2024-01-04,강아지cctv,post,,caption,substitute,2026-10-01T10:42:00
instagram,https://www.instagram.com/p/C1W7psryxLi/,5fdf41e3827f5054,,"외출하고 1시간쯤 뒤에 켜본 홈캠
계속 그러고 있었던거 아니지? 그치?
그러지마~ 엄마 속상해
한참을 그렇게 있다가 포기한듯 제 방석위에서 가서 엎드리는 준콩..

#준콩왕자
#초코포메 #강아지홈캠 #강아지cctv",2023-12-27,강아지cctv,post,,caption,substitute,2026-10-01T10:42:00
instagram,https://www.instagram.com/p/C1Jh8BQPbOH/,f188a8dda5b1bc01,,"집에 혼자 있어야 하는 강아지 때문에 불안하신 분들!
파인뷰 홈CCTV K70만 있다면 전혀 걱정 안하셔도 됩니다!

QHD 극초고화질의 상하좌우 회전!
금융권 수준의 철저한 보안 시스템!
AI 모션 트래킹과 모션 소리 감지까지!

이번 크리스마스 선물은 K70 어떠신가요?🎁

▶ 출처: 
▶ 제품: #파인뷰k70 

#파인뷰#홈cctv#펫캠#펫카메라",2023-12-22,강아지cctv,post,,caption,substitute,2026-10-01T10:42:00
instagram,https://www.instagram.com/p/C03hP70vPsQ/,901b9309baa5d1da,,"외출 시 우리 아이 지켜주는 최고의 파트너, AI 홈CCTV K70💛

선명한 QHD 극초고화질에 상하좌우 회전!
금융권 수준의 철저한 보안!
AI 모션 트래킹으로 우리 아이 실시간 확인까지!

▶출처: 
▶제품: #파인뷰k70 

#파인뷰#홈cctv#강아지용품#펫캠",2023-12-15,강아지cctv,post,,caption,substitute,2026-10-01T10:42:00
instagram,https://www.instagram.com/p/C0lhFs7r1El/,0b15ee19e3d8769a,,"나의 반려동물 케어를 위한 최고의 파트너, 파인뷰 홈CCTV K70!

AI 모션트래킹을 통해 우리 아이가 뭐하고 있는지 QHD 고화질로 확인할 수 있어요! 

우리 K70 함께 해요❤️

▶출처: 
▶제품: #upl5mini

#파인뷰#홈cctv#강아지cctv#강아지용품추천",2023-12-08,강아지cctv,post,,caption,substitute,2026-10-01T10:42:00
instagram,https://www.instagram.com/p/C0GqJmrrgKf/,d4f6354367dd9b64,,"#말티푸 #내돈내산 #홈카메라 

댕댕이 친구들 우-하 !
우리엄마가 지돈주고 지가 산 
“텐플 스마트홈 카메라“ 야 🤍

우리엄마가 추천템이라고 
우리 댕친이들소개해준대ㅐㅐ

✅텐플 스마트홈 카메라 란?

일단 요즘 제일 중요한 해킹문제 !
텐플은 타사들과 다르게 보안이 아주그냥 군사기밀 수준으로 
강력하다구해 ‼️

그리구 300만화소 ,120도의 넓은시야와 수평360도 ,수직90도 로 그냥 빙글빙글돌아가 !

그외에도 마이크기능,움직임감지,야간모드 등등 
기능이 엄청 많아 !

조금 아쉬운점이 있다면 무선이 아니구 충전기꼽는형태라 근처에 콘센트가 있어야 한다는점 과 그리구 버퍼링이 좀 있어ㅠㅠ 화면돌릴때 한탬포 느린게 조금 걸리긴하지만 그것 말고는 가격도 너무 착하고 ⭐️가성비 좋은제품 ⭐️
혼자 집지키는 댕댕이칭구들 ! 이거하나면 그래두 우리엄마빠들이 안심하고 돈벌어 올수있을고가타 🤍

지금 에서 
12월1일까지 블프세일중이라 여기서 구매해쒀 !!

종종 엄돈엄산으로 추천템있으면 소개할겡 🤭

#반려견#강아지#강아지일상#텐플#홈카메라#내돈내산#추천템#강아지cctv#멍팔맞팔",2023-11-26,강아지cctv,post,,caption,substitute,2026-10-01T10:42:00
instagram,https://www.instagram.com/p/C0BdwFkrol6/,81943db98ed8db93,,"외출 중 우리 집 강아지가 어떻게 있는지 걱정되시나요?

스마트한 파인뷰 AI 홈CCTV K70만 있다면 문제 없어요!
 QHD 극초고화질에 355도 상하좌우 회전도 가능!🤍

AI 모션트래킹 기능으로 화면 회전 시 화질 깨짐 현상 없이 빠른 속도로 반응하죠!✨

▶출처: 
▶제품: #파인뷰k70 

#파인뷰#홈cctv#펫캠#펫카메라#강아지cctv",2023-11-24,강아지cctv,post,,caption,substitute,2026-10-01T10:42:00
instagram,https://www.instagram.com/p/C3Clo-5Pvzy/,8bc1c3cd31a85752,,"분리 불안 있는 우리 강아지를 위한 최고의 선물, 파인뷰 홈CCTV K70!🐶❤️

QHD 극초고화질 상하좌우 회전을 통해 핸드폰을 통해 우리 아이의 모둔 순간을 실시간으로 확인할 수 있어요!

금융권 수준의 철저한 보안 시스템으로 범죄 위험 NO!

스마트한 AI 모션 트래킹으로 섬세한 움직임까지 단 번에 파악까지!

▶출처: 
▶제품명: #파인뷰k70 

#파인뷰#홈cctv#cctv추천#강아지cctv#강아지용품",2024-02-07,강아지cctv,post,,caption,substitute,2026-10-01T10:42:00
instagram,https://www.instagram.com/p/C14wiWtPiF6/,40047b79691a590f,,"- 2023.12.15
 
일하다가 틈만나면 홈캠 쳐다보기 

#분리불안 은 내가 생기는중 

그래도 그덕에 예쁜모습 잘 봤다 🙂 
 

 
 
#2개월강아지 #포메라니안 #세이블포메라니안 #세이블포메 #갈색포메 #미니포메 #포메곰돌이컷 #강아지 #강아지일상 #홈캠 #강아지cctv #멍스타그램 #멍팔",2024-01-09,강아지cctv,post,,caption,substitute,2026-10-01T10:42:00
instagram,https://www.instagram.com/p/CzvSCsKLKMC/,906b0f56e3d0dfda,,"✨파인뷰 홈CCTV K70은 몇 번 캡슐에?✨

집중!
영상을 보고 K70이 어떤 캡슐이 몇 번 캡슐에 들어가 있는지 맞춰주세요!
캡슐들의 움직임이 많으니 잘 보셔야 합니다!

정답을 맞추신 분들께는 신세계 모바일 상품권을 증정드립니다!

영상은 다음 페이지!!
⠀
▶기간 : 11/17(금)~11/21(화)
▶발표 : 11/22(수) *개별 DM 발표
▶경품 : 신세계 모바일 상품권 5,000원(추첨 10명)
▶참여방법 :
1. 파인뷰 홈CCTV 공식 인스타그램( ) 팔로우
 *팔로우하면 당첨 확률 UP!
2. 영상을 본 후 K70이 몇 번 캡슐에 있는지 맞춘 후 정답 댓글로 작성
3. 추첨을 통해 스무 분께 신세계 모바일 상품권 5,000원 증정
🎁 최신글 5개에 좋아요를 눌러주시면 당첨 확률 UP!!
🎁 비공개 계정은 당첨 불가 합니다.

#파인뷰#홈cctv#cctv추천#홈캠#홈캠추천#펫캠#펫카메라#베이비캠#집cctv#강아지cctv#가정용품#육아용품#견주맞팔#견주일상#강아지일상#육아스타그램#퍼즐 #게임#경품이벤트#신세계상품권#게임이벤트#이벤트중",2023-11-17,강아지cctv,post,,caption,substitute,2026-10-01T10:42:00
instagram,https://www.instagram.com/p/Czs64rqvKYX/,37e4234229360008,,"나의 든든한 파트너 파인뷰 홈CCTV K70!

선명한 QHD 화질에 355도 회전! 즉각적인 영상 확인까지!

K70만 있다면 외출해도 전혀 불안하지 않지요~❤️

▶출처: 
▶제품: #파인뷰k70 

#파인뷰#홈cctv#강아지용품#펫캠#펫카메라",2023-11-16,강아지cctv,post,,caption,substitute,2026-10-01T10:42:00
instagram,https://www.instagram.com/p/CzdMemiJbis/,810791172d1a078d,,"사월이 하우스 만들어 주자마자 아주

 들어가겠다고 난리난리🤭

뭐하나 cctv 봤는데 어머낫😚

침대에 잘줄 알았는데 하우스에 들어가 

잘자고 있넹🥰

#강아지하우스 #강아지하우스추천 #강아지cctv #블랙푸들 #블랙강아지 #푸들일상 #푸들사랑 #사월이는좋겠다 #푸들스타그램 #금요일 #멍팔맞팔",2023-11-10,강아지cctv,post,,caption,substitute,2026-10-01T10:42:00
instagram,https://www.instagram.com/p/Cza1lqUPdep/,d79f6b9de8cb4747,,"컴팩트한 디자인에 화질도 너~~무 좋은 'AI 홈CCTV 파인뷰 K70' 🩵

어플로 실시간 확인도 가능하고, 영상 화질도 좋아서 기록하기에도 너무 좋아요!

▶출처: 
▶제품: #파인뷰k70 

#파인뷰#홈cctv#강아지cctv#강아지용품",2023-11-09,강아지cctv,post,,caption,substitute,2026-10-01T10:42:00
instagram,https://www.instagram.com/p/CzXkejppI4-/,da05bd62c1da9c9b,,"#홈캠

오랜만에
홈캠 열어 보니~~~

엄마
요가 갔다오는 동안~~

잘있네~~
똥강아지들~~~

라떼~~~
뭐해?

.
.
.
.
.
#강아지#강아지cctv#엘지맘카
#맘카#포메라니안#일상#데일리 #말티푸#강아지맞팔#넨네#일상루틴#소소한일 #요가수업#요가맛집",2023-11-08,강아지cctv,post,,caption,substitute,2026-10-01T10:42:00
instagram,https://www.instagram.com/p/CzLNwQxP4d_/,5511212c38528a51,,"💜보라색 가면을 쓴 K70은?💜

다음 중 보라색 가면을 쓴 파인뷰 홈CCTV K70은 총 몇 대일까요?

총 몇 대인지 댓글로 작성해주시는 분들께 신세계 모바일 상품권을 드립니다!
⠀
▶기간 : 11/3(금)~11/7(화)
▶발표 : 11/8(수) *개별 DM 발표
▶경품 : 신세계 모바일 상품권 5,000원(추첨 10명)
▶참여방법 :
1. 파인뷰 홈CCTV 공식 인스타그램( ) 팔로우
 *팔로우하면 당첨 확률 UP!!
2. 보라색 가면을 착용한 K70이 총 몇 대인지 찾은 후 정답을 댓글로 작성
3. 추첨을 통해 열 분께 신세계 모바일 상품권 5,000원 증정
🎁 최신글 5개에 좋아요를 눌러주시면 당첨 확률 UP!!
🎁 비공개 계정은 당첨 불가 합니다.

#파인뷰#홈cctv#cctv추천#홈캠#홈캠추천#펫캠#펫카메라#베이비캠#집cctv#강아지cctv#가정용품#육아용품#견주맞팔#견주일상#강아지일상#육아스타그램#퍼즐 #게임#숨은그림찾기#경품이벤트#신세계상품권#게임이벤트#이벤트중",2023-11-03,강아지cctv,post,,caption,substitute,2026-10-01T10:42:00
instagram,https://www.instagram.com/p/CzIzw8uvtbm/,ecd3f69f0de01902,,"외출 시 우리 아이 잘 있을지 너무 걱정하지 마세요!
파인뷰 홈CCTV K70과 함께라면 쉽고 간편하게 우리 아이 실시간 확인 가능!

QHD 화질과 함께 355도 회전이 가능해 보다 선명하고 꼼꼼하게 케어 가능해요!❤️

▶출처: 
▶제품: #파인뷰k70 

#파인뷰#홈cctv#펫캠#펫카메라#cctv추천#홈캠",2023-11-02,강아지cctv,post,,caption,substitute,2026-10-01T10:42:00
instagram,https://www.instagram.com/p/Cy2vUvtLbI-/,c0bf8a9d6d63c926,,"#제품제공 #파인뷰
“AI 홈 CCTV 파인뷰 K70”
컴팩트한 디자인에 화질도 좋은 파인뷰✨
어플으로 실시간 확인 가능해요🫶🏻
영상 화질도 좋아서 기록용으로도 딱!

우리집 지킴이 파인뷰!
뭐하고 있는지 다 볼 수 있음!🐶🩵

어느덧 가정에서 필수품이 된 AI 홈CCTV🤍

• QUAD HD 고화질로 또렷하게 확인 가능
• 좌우회전 355도 상하회전 77도
• 철저한 보안시스템으로 안심
• AI 수면모드, 모션 트래킹
• 모션 감지, 소리 감지

💌 제품 구매 및 문의는",2023-10-26,강아지cctv,post,,caption,substitute,2026-10-01T10:42:00
instagram,https://www.instagram.com/p/Cy2QR_Tp1NB/,7706fdaffaa87718,,"엄마 출근 확인하고 장난감 훔치는 강쥐
아주 집안을 난장판을 만드네?
cctv에 딱 걸림

#강아지cctv #강아지말썽꾸러기 #비숑 #비숑프리제 #강아지장난감 #노즈워크장난감 #미니비숑 #미니비숑프리제",2023-10-26,강아지cctv,post,,caption,substitute,2026-10-01T10:42:00
instagram,https://www.instagram.com/p/CzEI9FQrafp/,ff032f2e9e40c97f,,"#제품제공 #파인뷰
“AI 홈 CCTV 파인뷰 K70”
컴팩트한 디자인에 화질도 좋은 파인뷰✨
어플으로 실시간 확인 가능해요🫶🏻
영상 화질도 좋아서 기록용으로도 딱!

우리집 지킴이 파인뷰!
뭐하고 있는지 다 볼 수 있음!🐶🩵

어느덧 가정에서 필수품이 된 AI 홈CCTV🤍

• QUAD HD 고화질로 또렷하게 확인 가능
• 좌우회전 355도 상하회전 77도
• 철저한 보안시스템으로 안심
• AI 수면모드, 모션 트래킹
• 모션 감지, 소리 감지

💌 제품 구매 및 문의는",2023-10-31,강아지cctv,post,,caption,substitute,2026-10-01T10:42:00
instagram,https://www.instagram.com/p/CymanhRPMA0/,5d75fffcf167fd89,,".
우리 공쥬 ㅋㅋㅋㅋ 다 아는구나 ㅋㅋㅋㅋ
빼꼼 ㅎㅎㅎ
.
.
#초코#공주#대구#애견#강아지#노령견#노견케어#노견만세#강아지cctv#강아지심장병#믹스견",2023-10-20,강아지cctv,post,,caption,substitute,2026-10-01T10:42:00
instagram,https://www.instagram.com/p/Cykh77RyTev/,05e975f914d181de,,"2023.10.19. 언니 없는 이틀은 너무 지루해🥱

연달아 몇번을 하품하는 거야...🤣

#유기동물 #유기견 #유기견입양 #사지말고입양하세요 #믹스견 #멍멍이 #댕댕이 #강아지 #포인핸드 #삼척시 #삼척시동물보호센터 #삼척유기견보호소 #반려동물
#율무 #최율무 #일상 #언니랑 #반려견 #입양 #진도견 #진도믹스 #잭러셀테리어 #잭러셀 #잭러셀믹스 #홈캠 #강아지홈캠 #강아지cctv #반려견cctv #혼자서도잘있어요 #강아지하품",2023-10-19,강아지cctv,post,,caption,substitute,2026-10-01T10:42:00
instagram,https://www.instagram.com/p/CykhXuaS6Bc/,e17c35a134362e49,,"2023.10.19. 언니가 요기 있나...??

지금 빨리 가고 있어!
좀만 기다려 아가😂

#유기동물 #유기견 #유기견입양 #사지말고입양하세요 #믹스견 #멍멍이 #댕댕이 #강아지 #포인핸드 #삼척시 #삼척시동물보호센터 #삼척유기견보호소 #반려동물
#율무 #최율무 #일상 #언니랑 #반려견 #입양 #진도견 #진도믹스 #잭러셀테리어 #잭러셀 #잭러셀믹스 #홈캠 #강아지홈캠 #강아지cctv #반려견cctv #혼자서도잘있어요",2023-10-19,강아지cctv,post,,caption,substitute,2026-10-01T10:42:00
instagram,https://www.instagram.com/p/Cyis5g5pSS4/,0c6d1cd017f0858f,,"혼자있는 홀리보기
하루종일함께있는날이 빨리오기를🐶

#강아지cctv",2023-10-18,강아지cctv,post,,caption,substitute,2026-10-01T10:42:00
instagram,https://www.instagram.com/p/CyVUVsQxzKa/,5010bd2c2de1f2e7,,"외출해도 우리 반려동물이 전혀 걱정되지 않는 이유! 바로 파인뷰 홈CCTV K70 덕분이지!
QHD 고화질로 355도 회전 가능해 언제든 우리 아이 관찰이 가능하다구요!
게다가 깔끔한 디자인까지⭐

▶출처: 
▶제품: #파인뷰k70 

#파인뷰#홈cctv#펫캠#펫카메라#시바견",2023-10-13,강아지cctv,post,,caption,substitute,2026-10-01T10:42:00
instagram,https://www.instagram.com/p/CyNHKrFx83S/,220cf867dee1b697,,".
몰래 카메라로 보다가 걸림 ㅋㅋㅋㅋ
.
.
#초코#공주#대구#애견#강아지#댕댕이#노령견#노견만세#노령견만세#14살#푸들#갈색푸들#강아지카메라#강아지cctv",2023-10-10,강아지cctv,post,,caption,substitute,2026-10-01T10:42:00
instagram,https://www.instagram.com/p/CyCrOGVS6sN/,b14bc4a42feba115,,"가정의 평화와 안전을 위해,
신축되는 스마트 환경에서도 언제나 내 집을 지킬 수 있는 'Home Guardian'입니다.
고양이와 강아지를 돌보는데도 최적화된 기능으로 안심하고 사용하세요.

👉지금 보고 있는 상품은?
로봇CCTV 움직이는가정용홈캠 아기방 가정집안스마트홈 전원주택 고양이 신생아 반려견카메라 강아지감시카메라 애완견IP카메라 보안카메라 무선 씨씨티비

👉스토어 상품 둘러보기
 

#싱글족 #선명한화질 #사용이편리한 #이색적인 #행복한일상 #혁신적인 #보안카메라 #강아지CCTV #아기cctv #어린이집cctv",2023-10-06,강아지cctv,post,,caption,substitute,2026-10-01T10:42:00
instagram,https://www.instagram.com/p/Cx9V-iapIbA/,e872d3ec2e6ff68e,,"#제품제공 #파인뷰
“AI 홈 CCTV 파인뷰 K70”
컴팩트한 디자인에 화질도 좋은 파인뷰✨
어플으로 실시간 확인 가능해요🫶🏻
영상 화질도 좋아서 기록용으로도 딱!

일찍 일어나는 국수
누워서 뭐하고 있는지 다 볼 수 있음!🐶🩵

어느덧 가정에서 필수품이 된 AI 홈CCTV🤍

• QUAD HD 고화질로 또렷하게 확인 가능
• 좌우회전 355도 상하회전 77도
• 철저한 보안시스템으로 안심
• AI 수면모드, 모션 트래킹
• 모션 감지, 소리 감지

💌 제품 구매 및 문의는",2023-10-04,강아지cctv,post,,caption,substitute,2026-10-01T10:42:00
instagram,https://www.instagram.com/p/C31jlIGJ9ZC/#c17921812391849425,1e1cadb509931aa7,,아놬ㅋㅋㅋ쓰리디영화보는중이햐??,2024-03-01,강아지cctv,comment,,comment,substitute,2026-10-01T10:42:00
instagram,https://www.instagram.com/p/C31jlIGJ9ZC/#c18413364142065385,157322358147d698,,모찌야 새집 이사축하해 ^^ 쇼파도뷰도 느므믓찌다압❤️❤️,2024-02-27,강아지cctv,comment,,comment,substitute,2026-10-01T10:42:00
instagram,https://www.instagram.com/p/C57zidlLT_m/#c17884458831039953,2c9083249f2d2f61,,옴맘ㅁ마 완전히 편안하게 뻗어버렸네요ㅠㅠ 귀여워라ㅋㅋㅋㅋㅋㅋ🤣🤣 너무 편하고 좋은가봐요💛,2024-04-19,강아지cctv,comment,,comment,substitute,2026-10-01T10:42:00
instagram,https://www.instagram.com/p/C3YyhRkJirj/#c17932412228813399,218a14be31037bc8,,슬프다아.....일을 안할수도 없구 ㅠ ㅠ 각자 놀면서 기다리면 너무 좋을텐데 🙌❤,2024-02-18,강아지cctv,comment,,comment,substitute,2026-10-01T10:42:00
instagram,https://www.instagram.com/p/C3YyhRkJirj/#c18017314267924912,7c28e8a191e9e8e6,,진짜 ㅜㅜ😭 너희들은 혼자인 순간도 혼자가 아니란다 늘 보고 있다구우 ㅜㅜ🥹,2024-02-18,강아지cctv,comment,,comment,substitute,2026-10-01T10:42:00
instagram,https://www.instagram.com/p/C3YyhRkJirj/#c17991320843617307,191b1022b1be4c63,,두리 너 베까고 잤잖아 이모는 다 알어 😂,2024-02-18,강아지cctv,comment,,comment,substitute,2026-10-01T10:42:00
instagram,https://www.instagram.com/p/C3YyhRkJirj/#c18018843929034476,c97910b1751f1a9a,,영상을 미레 찍어두고 외출할때 티비로 켜주시면 어떨까요 ?,2024-02-16,강아지cctv,comment,,comment,substitute,2026-10-01T10:42:00
instagram,https://www.instagram.com/p/C3YyhRkJirj/#c17948420906653579,f84eb5ded92661eb,,우리 반려댕댕이는 언젠가부터 자꾸 서서 기다리고 서서졸고 😢그래서 무슨 볼 일이든 끝나면 바로 집으로 달려가요~ 이젠 제가 분리불안 😂,2024-02-16,강아지cctv,comment,,comment,substitute,2026-10-01T10:42:00
instagram,https://www.instagram.com/p/C3YyhRkJirj/#c18019289894034647,baa868c4134616ba,,진짜여여.....이젠 저도 분리불안...티비 틀어도 안봐서 라디오 틀어놓고 나오는데도 미안해여......,2024-02-16,강아지cctv,comment,,comment,substitute,2026-10-01T10:42:00
instagram,https://www.instagram.com/p/C3YyhRkJirj/#c18029740243891590,67ff30ff9dd084f4,,…에구…이누두리..집에 있는 사람이 저 기다리는 진구를 찍어주는뎅 보자마자 다 떼려치고 집가구싶죠..💛💛너무 너무 너무 귀엽당…💛💛,2024-02-16,강아지cctv,comment,,comment,substitute,2026-10-01T10:42:00
instagram,https://www.instagram.com/p/C3YyhRkJirj/#c18020246494890105,bd9805a55994e058,,저도요 ㅠㅠ 군대에서 cctv로 보고있답니다 애흉 ㅜㅜㅜ 미안하다 애들아,2024-02-16,강아지cctv,comment,,comment,substitute,2026-10-01T10:42:00
instagram,https://www.instagram.com/p/C3UmU91vnNa/#c18308422711121762,80b528341a2210a9,,Ca pl ke SS de que me tayar td de ek,2024-02-18,강아지cctv,comment,,comment,substitute,2026-10-01T10:42:00
instagram,https://www.instagram.com/p/C0GqJmrrgKf/#c18397886350035149,ca4b5c72fd634815,,우도 귀여웡 ㅋ ㅋ ㅋ 이렇게 귀여운 얼굴을 화면으로도 볼 수 있다니 조탕❤️,2023-11-29,강아지cctv,comment,,comment,substitute,2026-10-01T10:42:00
instagram,https://www.instagram.com/p/C0GqJmrrgKf/#c18025091860678100,c3ab6234b072f6fa,,홈캠에 비친 우도가 넘 귀엽꼬..😍사랑스러워ㅜㅠㅠ,2023-11-27,강아지cctv,comment,,comment,substitute,2026-10-01T10:42:00
instagram,https://www.instagram.com/p/C0GqJmrrgKf/#c18009421844089493,3ab682a4f2215bf6,,우도 엄니도 엄니가 불리불안이시구나😂ㅋㅋㅋㅋㅋㅋㅋㅋ우리 온냐도 카메라6개 설치해서 날 항상 지켜보고 이쒀...❤️,2023-11-26,강아지cctv,comment,,comment,substitute,2026-10-01T10:42:00
instagram,https://www.instagram.com/p/C0GqJmrrgKf/#c17993730608188013,4e8af17d49247ad6,,홈캠 우리온니도 8개나 샀눈대 이게 더 죠아보잉댜😮,2023-11-26,강아지cctv,comment,,comment,substitute,2026-10-01T10:42:00
instagram,https://www.instagram.com/p/C2RsyxuvKNE/#c17943607766779938,7256a98d82ab4529,,"참여해주신 모든 분들께 감사드립니다. 추첨 당첨자 분들에게는오늘 개별 메시지 발송 예정입니다. 더 좋은 이벤트로 찾아뵙겠습니다.
(파인뷰 홈CCTV는 공식계정 으로만 연락을 드리고 있습니다. 사칭계정 주의 부탁드립니다.)",2024-01-24,강아지cctv,comment,,comment,substitute,2026-10-01T10:42:00
instagram,https://www.instagram.com/p/C2RsyxuvKNE/#c18042105412626599,2258a297343695e8,,4번 입니다 파인뷰 홈 CCTV 새해 복 많이 받으세요 번창하세요 대박응원 당첨응원 건행,2024-01-23,강아지cctv,comment,,comment,substitute,2026-10-01T10:42:00
instagram,https://www.instagram.com/p/C8YtdqhpPeI/#c17898396633007413,db120482ea181161,,일아나서 걸을것 같은데에😮,2024-06-19,강아지cctv,comment,,comment,substitute,2026-10-01T10:42:00
instagram,https://www.instagram.com/p/C8YtdqhpPeI/#c18108238507364377,6c04afe3f6e1ba7f,,미치겠구만 미치겠어 🙊🙊🙊 사람이세요?🤣🤣🤣,2024-06-19,강아지cctv,comment,,comment,substitute,2026-10-01T10:42:00
instagram,https://www.instagram.com/p/C9hnYhlPJWq/#c18027371840184517,dab91471578cd3de,,사실 내 눈 한쪽 떼고와줌,2024-07-17,강아지cctv,comment,,comment,substitute,2026-10-01T10:42:00
instagram,https://www.instagram.com/p/C2jjwlkvtqF/#c18408670858002959,77e3214183ffd341,,"참여해주신 모든 분들께 감사드립니다. 추첨 당첨자 분들에게는오늘 개별 메시지 발송 예정입니다. 더 좋은 이벤트로 찾아뵙겠습니다.
(파인뷰 홈CCTV는 공식계정 으로만 연락을 드리고 있습니다. 사칭계정 주의 부탁드립니다.)",2024-02-01,강아지cctv,comment,,comment,substitute,2026-10-01T10:42:00
instagram,https://www.instagram.com/p/C2jjwlkvtqF/#c17987029247402931,f00a1df45f3b367e,,정답:2️⃣단계 파인뷰 홈CCTV 많은사랑받고 대박나세요7^^ 승승장구하시길 응원합니다♥️,2024-01-31,강아지cctv,comment,,comment,substitute,2026-10-01T10:42:00
instagram,https://www.instagram.com/p/CzLNwQxP4d_/#c17979689078366915,54c8fca6493cb0d8,,"참여해주신 모든 분들께 감사드립니다. 추첨 당첨자 분들에게는오늘 개별 메시지 발송 예정입니다. 더 좋은 이벤트로 찾아뵙겠습니다.
(파인뷰 홈CCTV는 공식계정 으로만 연락을 드리고 있습니다. 사칭계정 주의 부탁드립니다.)",2023-11-08,강아지cctv,comment,,comment,substitute,2026-10-01T10:42:00
instagram,https://www.instagram.com/p/CzLNwQxP4d_/#c18309827320116469,f1ca5b50dee989fe,,"정답은 4대 입니다 🙆‍♀️💗
더 큰 사랑 받기를 응원합니다~~",2023-11-07,강아지cctv,comment,,comment,substitute,2026-10-01T10:42:00
instagram,https://www.instagram.com/p/C2EHR1ep54F/#c18030020620833285,0f82e3e1d83187ac,,자는 모습 넘 사랑스러워❤️,2024-01-16,강아지cctv,comment,,comment,substitute,2026-10-01T10:42:00
instagram,https://www.instagram.com/p/C2EHR1ep54F/#c18327175480107550,824167667d1f4f56,,잌ㅋㅋㅋㅋㅋ 완전 꿀잠자네 내꿈꿔❤️,2024-01-14,강아지cctv,comment,,comment,substitute,2026-10-01T10:42:00
instagram,https://www.instagram.com/p/C2EHR1ep54F/#c18020634355947515,568955ce26fefca0,,기욤따 …❤️ 주말이니까 푹 자야지이 ❤️,2024-01-14,강아지cctv,comment,,comment,substitute,2026-10-01T10:42:00
instagram,https://www.instagram.com/p/Cy2vUvtLbI-/#c18012857599936430,d80c7aff383086e4,,그와중에 장난감 옴뇸뇸 너무 귀엽자나🥹🤍,2023-10-26,강아지cctv,comment,,comment,substitute,2026-10-01T10:42:00
instagram,https://www.instagram.com/p/C7Szs6YJBEa/#c18253484239219000,9a8202b6f30636db,,발꼬신내 맡아바두대냥 호빵아😂❤️,2024-05-24,강아지cctv,comment,,comment,substitute,2026-10-01T10:42:00
instagram,https://www.instagram.com/p/C7Szs6YJBEa/#c17963583161755844,f0f6ecec9c7099dd,,귀여운 호빵이 푹~ 자는구나❤️,2024-05-24,강아지cctv,comment,,comment,substitute,2026-10-01T10:42:00
instagram,https://www.instagram.com/p/C7Szs6YJBEa/#c18027299873293038,e2f6ace48fdeda67,,앙농 이쁘니 친구!! 소주랑 친구하자개❤️❤️,2024-05-24,강아지cctv,comment,,comment,substitute,2026-10-01T10:42:00
instagram,https://www.instagram.com/p/C7Szs6YJBEa/#c18022196996186403,77dab1d728f673a2,,안뇽! 나는 포메 행복이얌☺️ 나랑 멍팔하고 칭구하쟈❤️ 행복이 자주 논너올게~! 내 계시물도 논너와♡,2024-05-23,강아지cctv,comment,,comment,substitute,2026-10-01T10:42:00
instagram,https://www.instagram.com/p/C7Szs6YJBEa/#c17858032596170302,6da4a9338a1ff217,,뻗은 뒷발바닥까지 다 귀여워❤️ 너무 대견하고 멋지자너😍,2024-05-23,강아지cctv,comment,,comment,substitute,2026-10-01T10:42:00
instagram,https://www.instagram.com/p/C7Szs6YJBEa/#c17859780315158658,68692360ee1f9500,,호빵이 자는 모습도 천사다 ❤️사랑스러워라 ❤️ 꿀잠자고 불금도 잼나게 보내자🫶💕💕,2024-05-23,강아지cctv,comment,,comment,substitute,2026-10-01T10:42:00
instagram,https://www.instagram.com/p/C7Szs6YJBEa/#c18059558680526077,b7691a755767cc9b,,호빵이 바닥에 찰떡같이 찰싹 붙었네ㅎㅎ😍,2024-05-23,강아지cctv,comment,,comment,substitute,2026-10-01T10:42:00
instagram,https://www.instagram.com/p/C7Szs6YJBEa/#c18113353870344855,cc0856da9f29d90c,,호빵이 분리불안 업꾸나!!!! 저도 한 분리불안 해여 .. 애기보다 더 ..,2024-05-23,강아지cctv,comment,,comment,substitute,2026-10-01T10:42:00
instagram,https://www.instagram.com/p/CzvSCsKLKMC/#c17932469723681091,f8e58d8189d4077b,,"정답 : 1번
앞으로 많은 분들께 유용한 정보와 함께 즐거운 소통 부탁드릴게요! 💪🌞",2023-11-22,강아지cctv,comment,,comment,substitute,2026-10-01T10:42:00
instagram,https://www.instagram.com/p/CzvSCsKLKMC/#c18009411104087948,4da7c0121ef75062,,"참여해주신 모든 분들께 감사드립니다. 추첨 당첨자 분들에게는오늘 개별 메시지 발송 예정입니다. 더 좋은 이벤트로 찾아뵙겠습니다.
(파인뷰 홈CCTV는 공식계정 으로만 연락을 드리고 있습니다. 사칭계정 주의 부탁드립니다.)",2023-11-22,강아지cctv,comment,,comment,substitute,2026-10-01T10:42:00
instagram,https://www.instagram.com/p/Cykh77RyTev/#c18017742580846609,4ea4a6bdc65ed072,,귀여우어어어엉ㅠ근데 불쌍해에에에,2023-10-19,강아지cctv,comment,,comment,substitute,2026-10-01T10:42:00
instagram,https://www.instagram.com/p/Cyis5g5pSS4/#c17849463087056288,ef2ff04daf0fd2dc,,홀리 혼자서도 잘있네 이뻐라😘😘😘,2023-10-22,강아지cctv,comment,,comment,substitute,2026-10-01T10:42:00
instagram,https://www.instagram.com/p/Cyis5g5pSS4/#c17986194758235957,c8ac0807d5a11cbc,,홀리 몰카로 라도 보고시퍼 🤗,2023-10-19,강아지cctv,comment,,comment,substitute,2026-10-01T10:42:00
instagram,https://www.instagram.com/p/Cyis5g5pSS4/#c18004958267025792,6ef7d076fe676499,,에공~~혼자 있는 모습 보면 진짜 안쓰러우실듯요ㅠㅠ,2023-10-18,강아지cctv,comment,,comment,substitute,2026-10-01T10:42:00
instagram,https://www.instagram.com/p/Cyis5g5pSS4/#c18002218502159050,fc9037cb010548fc,,내가 가서 놀아주고싶구려~,2023-10-18,강아지cctv,comment,,comment,substitute,2026-10-01T10:42:00
instagram,https://www.instagram.com/p/Cy2QR_Tp1NB/#c18002186024150924,77ae900c556acd2a,,"2~3일전 엄마,아빠랑 모찌 산책하는거 봤어요ㅋ 차로 지나가서 급히 지나갔는데도 모찌의 미모가 멀리서도 딱~ 어마무시 아우라 입니다😍",2023-10-26,강아지cctv,comment,,comment,substitute,2026-10-01T10:42:00
instagram,https://www.instagram.com/p/CzEI9FQrafp/#c18003475475485769,d0c61b42abc0766b,,우와 화질 엄통 좋다!! 바꿔야되나..,2023-11-02,강아지cctv,comment,,comment,substitute,2026-10-01T10:42:00
instagram,https://www.instagram.com/p/CzEI9FQrafp/#c17936131958656341,8bdf9ccdd3c237ea,,우왕 너무 좋은걸요 ?? 귀요미 삼총사 더 잘 볼수 있겠당 ❤️❤️,2023-11-02,강아지cctv,comment,,comment,substitute,2026-10-01T10:42:00
instagram,https://www.instagram.com/p/CzEI9FQrafp/#c17978810366355373,2a2e5cda24edd68a,,밥먹다말고 빼꼼 ㅠ 귀야워❤️,2023-11-02,강아지cctv,comment,,comment,substitute,2026-10-01T10:42:00
instagram,https://www.instagram.com/p/CzEI9FQrafp/#c18026512015707879,7782179fef6f4407,,우와 저거 있으면 보리 혼자 둘 때도 좀 안심되겠어!!!🔥,2023-11-02,강아지cctv,comment,,comment,substitute,2026-10-01T10:42:00
instagram,https://www.instagram.com/p/CzEI9FQrafp/#c18047094439521990,9ca3bde140559b00,,집에 홈 cctv는 필수죠❤️,2023-11-02,강아지cctv,comment,,comment,substitute,2026-10-01T10:42:00
instagram,https://www.instagram.com/p/CzEI9FQrafp/#c18128507761313474,4c4d266792305d71,,예쁜이들◕ᴥ◕💕이제 cctv로 뭐하는지 볼수있어서 좋겠다,2023-11-01,강아지cctv,comment,,comment,substitute,2026-10-01T10:42:00
instagram,https://www.instagram.com/p/CzEI9FQrafp/#c17974822223444593,1666e1c3fc0e7dc7,,"오맛 화질 정말 좋은데?! 자두네는 홈캠 없는데,, 구경가야게따💨",2023-11-01,강아지cctv,comment,,comment,substitute,2026-10-01T10:42:00
instagram,https://www.instagram.com/p/CzEI9FQrafp/#c18015040849784403,964356a84cb37342,,와중에 맘마 먹는 깨알 귀여움..🖤,2023-10-31,강아지cctv,comment,,comment,substitute,2026-10-01T10:42:00
instagram,https://www.instagram.com/p/CzEI9FQrafp/#c17882973635958609,2674311d467e75ec,,삼둥이들 이제 뭐하고 기다리는지 다 알겠자나아아🫢🤍,2023-10-31,강아지cctv,comment,,comment,substitute,2026-10-01T10:42:00
instagram,https://www.instagram.com/p/DAZ87ebP6ts/,695fa1542cd90549,,"낮잠은 달콤하개

누리는 낮잠 중

#시바누리 #시바견 #부산시바
#부산시바견 #강아지홈캠 #강아지",2024-09-27,강아지홈캠,post,,caption,substitute,2026-10-01T10:43:28
instagram,https://www.instagram.com/p/DATVP9Ez__j/,45c8b570c269ba47,,"서라기방에 캠이 사각지대가 항강 있고 콘센트는 고정된 자리에 있고 항상 가구 배치 변경 할때 항상 생가구하고 변경 해야 하고 대게 번거로웠었어요~ 

근데 모락꺼로 변경하니깐 어디든 고정 가능하고 아주 튼튼하고 견고 해서 일자로 쭈욱 펴놓기만 했는데 구부려질만도 한테 엄청 튼튼해서 놀랬어요! 

그리고 제가 쓰는 건 모락이랑 아주 결합이 잘되서 신랑 없이도 뚝딱했어요. 

#모락 #morac #홈캠 #홈CCTV #펫캠 #베이비캠 #홈 캠거치대 #CCTV거치대 #강아지홈캠 #홈캠설치 #스마트홈카메라",2024-09-24,강아지홈캠,post,,caption,substitute,2026-10-01T10:43:28
instagram,https://www.instagram.com/p/DAB9HwTz_0n/,d490cf9cc313504d,,"240916 어..엄뫄? 침대올라간거 딱걸림 
그래두 귀여우니까 봐줄것",2024-09-17,강아지홈캠,post,,caption,substitute,2026-10-01T10:43:28
instagram,https://www.instagram.com/p/C_wtUFHz07I/,e40f3547d6e88174,,"홈캠 화질로만 볼 수 있는 귀여운 까망콩

 
 
#귀여운강아지 #까망콩 #까망콩세개 #말티푸 #강아지홈캠 #돌멩이",2024-09-11,강아지홈캠,post,,caption,substitute,2026-10-01T10:43:28
instagram,https://www.instagram.com/p/C_uH_62T3bX/,bccf908d2b42b0b8,,"#은콩이 #강아지홈캠

오늘은 카메라를 해놓고 나왔는데
카메라 움직이는거 보고ㅎㅎ
귀연 녀석~~ ㅋㅋ

하울링,짖음이 없으니까 좋네",2024-09-10,강아지홈캠,post,,caption,substitute,2026-10-01T10:43:28
instagram,https://www.instagram.com/p/C-er4BQShDd/,f07a30ba43695bb3,,외출 했을 때 홈캠으로 보고있으면 자꾸 아이컨택 하는 너 👁,2024-08-10,강아지홈캠,post,,caption,substitute,2026-10-01T10:43:28
instagram,https://www.instagram.com/p/C-UTtzvzm_n/,b9c18d2990b60d77,,"가족들 모두 일하러 나가면, 혼자 남겨진 하티가 뭘하며 하루를 보낼까 궁금해서 홈캠을 설치해 놓고 보니,종일 자기자리에서 이러고 있었네요. 좋아하는 공놀이라도 좀 하징...바부탱이 엄청 심심하겠따..🥺집에 가면 많이 놀아줄게,쪼꼼만 더 기다려~하돌🤎

240806
#강아지홈캠 #종일기다리는강아지 #홈캠이움직이면쫄보되는강아지",2024-08-06,강아지홈캠,post,,caption,substitute,2026-10-01T10:43:28
instagram,https://www.instagram.com/p/C-SW36dTSPP/,c3548d7d067d891b,,"호두네 홈캠 바꿨어요-🤣
화질이 더 좋다고 호두아빠가 교체했는데
어떤가요?🧐

#홈캠바꿈 #호두일상 #어떤게좋나요 #샤오미홈캠c500 #강아지홈캠 #강아지일상",2024-08-05,강아지홈캠,post,,caption,substitute,2026-10-01T10:43:28
instagram,https://www.instagram.com/p/C9uLWY1zu3y/,ae4038a5e6cf43d0,,"집 지키는 만세 모음.zip

-

#샤오미홈캠 
#강아지홈캠 
#펫캠 #cctv",2024-07-22,강아지홈캠,post,,caption,substitute,2026-10-01T10:43:28
instagram,https://www.instagram.com/p/C9Pk-xKTl-o/,5a44a8a18682545f,,"너.. 사람이니…????
홈캠으로 본 순댕이의 모습😮
. 
.
.
#베개좋아하는시바 #잠자는시바 #강아지홈캠
#시바 #시바견 #시바이누 #shiba
#댕스타그램 #멍스타그램 #시바스타그램",2024-07-10,강아지홈캠,post,,caption,substitute,2026-10-01T10:43:28
instagram,https://www.instagram.com/p/C9LtZI-Tje7/,69fad0b0817acfc6,,"🐶
고독하지만 귀여운 밤비의 홈캠 속 모습🩵
형아가 드디어 사준 홈캠
설치하자 말만하고 지금에서야 샀다.
흑흑 지금이라도 했으니!!
집에서 잠 자는 모습만 찍히는데 어릴 땐 얼마나 활발하게 놀고 있었을까😭🐶
보고 싶댜🙂

✔️홈캠 (샤오미 C300)
.
.
#밤비기록🐶#재밍이랑🎵#강아지홈캠#강아지cctv#샤오미c300#밤비기록#애견기록#푸들기록#왕푸들밤비#멍멍이기록#애견스타그램",2024-07-09,강아지홈캠,post,,caption,substitute,2026-10-01T10:43:28
instagram,https://www.instagram.com/p/C8_J7Fgp7PO/,29b8030de64eb90b,,"드디어 된장이 집에도 홈캠이 생겼어요 〰️ 밖에서도 마음 편히 된장이를 훔쳐볼 수도 있고 부를 수도 있어요 무쵸따 무쵸따 🫢✨ 

스토리보고 많이들 여쭤봐주셨는데요, 홈캠은 [유피코리아]Ai 스마트 가정용 홈캠 CCTV T8410 제품입니다 🍀 무려 Apple homekit에서 인증받은 제품이고, 철벽 3중 보안이랑 2중 물리 인증을 통해서만 연결이 가능하다보니 해킹 걱정도 없어요 🎉 

무엇보다 초고화질 지원으로 보다 선명하게 된장이를 훔쳐볼 수 있구요, 좌우 360도 회전과 상하 96도 회전이 되면서 사각지대 없이 촬영이 가능해요 〰️ 와이파이만 있으면 설치되는데 이거 양방향 소통도 가능하고 밤엔 적외선 시야까지 … 가성비 너무너무 좋은 제품이에요 🥹

구매링크 댓글로 남겨둘게요 가격도 59,900₩으로 부담스럽지 않고 홈캠 고민하셨던 분들 있으시면 추천드릴게요 🌟 디쟈인도 컴팩트하고 깔끔하면서도 귀여워요 🤍

#홈캠CCTV #가정용CCTV #가정용홈캠 #베이비캠 #펫캠 #실시간CCTV #홈카메라 #스마트폰CCTV #홈캠추천 #고양이홈캠 #강아지홈캠 #유피홈캠 #펫CCTV #신생아홈캠 #와이파이CCTV #와이파이홈캠",2024-07-04,강아지홈캠,post,,caption,substitute,2026-10-01T10:43:28
instagram,https://www.instagram.com/p/C839AgbMIq5/,71b9b1d944e9838a,,"#할인이벤트 #쿠팡

쿠팡 펫스티벌에서 특별가로 만나볼 수 있는 절호의 기회💙
👉 4만원 즉시할인 쿠폰까지!😮

독스플레이를 최대 3O% 할인으로 만나보세요!
✔ 행사 기간 : 7월 1일(월) ~ 7월 11일(목)

쿠팡 펫스티벌에서 독스플레이 구매하고,
우리 댕댕이 '나' 없을 때도 심심하지 않게 친구를 만들어주세요!👩‍❤️‍👩

#독스플레이 #dogsplay #독플릭스 #dogflix #홈캠 #펫캠 #강아지홈캠 #강아지영상통화 #강아지분리불안해소 #할인이벤트 #할인 #쿠팡 #쿠팡로켓 #펫스티벌",2024-07-01,강아지홈캠,post,,caption,substitute,2026-10-01T10:43:28
instagram,https://www.instagram.com/p/C9zA-JfTUB5/,321bfffa5e9ec739,,"홈캠 움직였더니 저게 뭔가.. 하고 뚫어져라 쳐다보는중 👀 
#강아지홈캠 #홈캠 #치와와 #일상",2024-07-24,강아지홈캠,post,,caption,substitute,2026-10-01T10:43:28
instagram,https://www.instagram.com/p/C8tqiUaJ3Qj/,4af81ff776e9d3e9,,"주니 임보 35일차💚

흠..내가 카메라로 훔쳐보고있는거 아는 느낌인데 이거참.. 
왜 당황스럽게 눈마주친거같냐..",2024-06-27,강아지홈캠,post,,caption,substitute,2026-10-01T10:43:28
instagram,https://www.instagram.com/p/C8MLf8yqsKO/,20307264a0383971,,"독스플레이 ❤(찜)하고 선물 받아가세요✨ 

<이벤트 참여 방법>
✔독스플레이 공식 인스타( ) 계정 팔로잉💛
✔본 게시물 좋아요👍
✔쿠팡에서 '독스플레이' 검색 후 ❤(찜) 하트 꾹!👆
✔❤(찜)한 인증샷을 인스타그램 DM으로 보내주세요!
✔그리고, 마지막으로 게시물 댓글에 '참여완료' 남기면 끝💛

이벤트에 참여해 주신 분들 중 추첨을 통해 20분께
스타벅스 아이스 카페 아메리카노 T 기프티콘을 드립니다☕

기간 : 06월 14일~06월 20일까지
발표 : 06월 24일

* 당첨자 발표는 당첨되신 분들에게 DM을 통해 전달됩니다.
* 본 이벤트 일정과 경품은 추후 변경될 수 있습니다.

#독스플레이 #dogsplay #독플릭스 #dogflix #이벤트 #찜이벤트 #쿠팡 #쿠팡로켓배송 #로켓배송 #강아지tv #강아지홈캠 #펫캠 #티비보는강아지 #강아지영상통화",2024-06-14,강아지홈캠,post,,caption,substitute,2026-10-01T10:43:28
instagram,https://www.instagram.com/p/C8LUiSwoOAh/,546a6b785fae49dd,,"[단독 최저가] 헤이홈 스마트 홈카메라 3종

이틀 뒤면 마감이에요! 워낙 핫한 헤이홈 스마트 홈카메라 3종
더 늦기전에 지니하우스 특가로 지금 만나보세요🤍

아이와 반려동물이 있는 가정이라면 필수인 홈캠!

설치비, 요금제등 번거로운 과정없이 와이파이만 있으면
사용이 가능한 헤이홈 스마트 홈카메라예요~

저도 비싼거 싼거 다 써봤는데 이가격에 뛰어난 기능을
보여주는 갓성비 홈캠은 헤이홈 만한게 없더라구요

한곳만 잡아서 고정되는 고정형부터~
상하좌우 회전도 되는 PRO모델과 PRO플러스 모델까지!

PRO플러스 모델은 모션 추적기능이 추가되어서
움직임을 감지해 카메라가 추적해서 따라오구요
움직임에 반응해 알람이 오는 기능까지 있어요 ㅎㅎ

뿐만아니라 홈캠을 통해서 외부와 말하기,듣기가
모~두 가능하답니다!

선명한 야간모드도 지원해주니 불을 꺼도
캠에 안보일 걱정은 안하셔도 되겟죠~
보안도 군사수준이라 해킹에 관한 걱정은 그만!

친한언니동생도 다 헤이홈 스마트 홈카메라 사용하는데
화질이며 기능이며 너무 만족스러워 하고있어요

우리집 똑똑이 헤이홈 스마트홈캠으로 좀 더 안전하고
걱정없는 일상을 보내보세요 

이틀 뒤 마감이니 더 늦기전에 지금 만나보세요🖤

💟공구일시 :6/13 - 6/16 (총 4일간)
💟구매방법 : 프로필 하단 링크 클릭
💟배송 : 37,500원이상 구매시 무료배송",2024-06-14,강아지홈캠,post,,caption,substitute,2026-10-01T10:43:28
instagram,https://www.instagram.com/p/C7xmrrYMgC7/,04b9b5a41811767d,,"독스플레이가 쿠팡 로켓배송에 입점했습니다🙌 

입점 기념 많은 분들께서 독스플레이를 접해볼 수 있도록,
사전예약 이벤트를 준비했습니다✨💙
✔ 이벤트 기간 : 24.06.04 ~ 24.06.11

'내'가 없는 시간 동안에도 우리 반려견에게 즐거운 기다림을
선물해 주고 싶은 견주님들 많은 관심 부탁드립니다!🎁💖

이제 우리 반려견 두고 외출 걱정 끝! 저희가 반려견의 곁을 지켜줄게요!
앱 하나로 언제 어디서나 우리 반려견 케어 가능한 올인원 솔루션, 독스플레이!😆🤍
Don't Worry, Dog Happy!💛💚

✔ 댕댕이의 눈과 귀가 즐거운 ""도그필터"", ""도그스피커""
✔ 댕댕이가 좋아하는 콘텐츠가 가득, 독플릭스(매월 업데이트 되어 지루할 틈이 없어요!)
✔ 물어뜯어도 안전한 100% 펫 세이프 디자인
✔ 전용 앱을 통해 언제 어디서나 엄마, 아빠와 영상통화!💙
✔ 우리 댕댕이가 뭐 할까 궁금할 땐, 홈캠 ON!

#독스플레이 #dogsplay #쿠팡 #쿠팡로켓배송 #로켓배송 #쿠팡사전예약 #이벤트 #사전예약 #사전예약이벤트 #강아지tv #고양이tv #강아지홈캠 #애완동물홈캠 #강아지 #티비보는강아지 #독플릭스",2024-06-04,강아지홈캠,post,,caption,substitute,2026-10-01T10:43:28
instagram,https://www.instagram.com/p/C7rCOBiyayG/,bd0654505983ac46,,"아닠ㅋㅋㅋ홈캠이랑 눈싸움하는 댕댕이는 처음봐ㅋ
.
.
*문제시 /DM 주세요*
DM for credit or removal request
(📹Via: unknowm)
.
.
.
#ㅋㅋㅋ #오늘의짤 #유머페이지 #유머스타그램 #재밌는짤 #선팔하면맞팔 #좋아요반사 #좋아요테러 #꿀잼 #웃긴영상 #힐링짤 #공감짤 #웃음 #일상공유 #댕댕이 #강아지홈캠 #강아지그램 #강아지짤 #집사그램",2024-06-01,강아지홈캠,post,,caption,substitute,2026-10-01T10:43:28
instagram,https://www.instagram.com/p/C7nvJJ3gEhc/,9d9e0ac7563d8405,,"안녕하세요! 시간이 참 빠르네요! 벌써 금요일입니다! 😆
☀️요즘 날씨가 갑자기 더워져서 완전 여름이 된 것 같아요! 
일하실 때 수분 보충! 잊지 마세요!💧

이번 신규 출시된 다후아 홈캠 중 가장 주력 제품이라고 할 수 있는 HERO AE1는요! 📍3MP/5MP 고화질 해상도를 제공하는 동시 📍 0°~355°수평 회전 및 📍 -5°~80°수직 회전이 가능해 모든 공간을 커버할 수 있습니다.
📍 원 클릭 콜, 📍 프리셋 순찰, 📍 AI사람&반려동물 감지, 📍 자동 추적 등 강력한 기능은 객체를 정확하게 감지하고 지속적으로 추적합니다. 
📍모바일 앱을 통해 실시간 이벤트를 확인할 수 있답니다! 
HERO AE1제품은 가정이나 중소 규모의 시나리오에 가장 적합합니다!😁

제품에 대해 세부한 정보를 원하시면 다후아 홈페이지( 방문해주세요! 

미리 즐거운 주말되세요! 😍👏

#Dahua #dahua #dahuacctv #다후아 #다화 #다후아cctv #다화cctv #다후아홈캠 #홈캠 #다화홈캠 #홈캠추천 #반려동물 #강아지홈캠 #고양이홈캠",2024-05-31,강아지홈캠,post,,caption,substitute,2026-10-01T10:43:28
instagram,https://www.instagram.com/p/C7nrEiRpAZO/,fd146c93d52d94d9,,"이 포스팅은 BESPOKE AI 스팀 소개 목적으로 삼성전자로부터 제품을 지원 받아 작성되었습니다.

가끔씩 반려견 시루를 집에 혼자 두고 외출할 일이 있는데,
혼자서 잘 지내는 건가 궁금하기도 하고, 걱정도 되고 하거든요?!
그런데 비스포크 AI 스팀 로봇청소기는
펫 케어 기능이 있지 뭐예요?!!! 

외출을 가정하고, 스마트싱스 앱에서,
우리 집 모니터링 – 반려동물 찾기를 하면 실시간으로 비스포크 AI 스팀에 장착된 카메라로 반려견을 찾아줍니다. 
너무 신기했어요! ㅎㅎㅎ 집안 곳곳을 돌아다니면서 반려견을 탐지하고
찾으면 알림 메시지도 보내준답니다. (고양이도 인식할 수 있대요!)
짖음을 감지해서 짖음 횟수도 기록해 주네요!
그리고 혼자 있는 반려견을 위해서 정서적으로 안정되고 심심하지 않게 음악과 영상까지 틀어준답니다
이 정도면 반려견을 위한 AI 집사라고 불러야 할 것 같네요! ㅋㅋㅋ

스마트싱스로 사용할 수 있는 기능이 몇 개 더 있는데요~!
빅스비 음성 컨트롤이 되어서, 바로 음성으로 로봇청소기를 작동시킬 수도 있고
귀가한 아이를 대신 마중해 주는 기능도 있어서 특히 맞벌이하시는 가정에서 많이 활용하실 듯해요.

아무래도 집 안 곳곳을 돌아다니는 카메라 달린 가전이라 보안 걱정에 사용을 망설이시는 분들도 많은데,비스포크 AI 스팀은 촬영된 이미지와 영상들을 삼성의 Knox 보안 기술로 보호해 주고,
글로벌 안전과학 회사 UL Solutions의 사물인터넷 보안 성능 평가 에서
최고 등급인 다이아몬드 등급을 취득했는데, 이는 로봇청소기 업계 최초라고 합니다.
스트리밍 영상은 클라우드에 저장되지 않으며, 녹화 영상은 24시간 동안만 클라우드에 보관되고 삭제되니
안심하고 사용할 수 있겠죠? 

저처럼 청소 귀차니즘이 있으시거나, 반려동물을 키우는 집이시라면,,,
비스포크 AI 스팀을 적극 추천드립니다

로봇청소기가 집안 곳곳의 작은 장애물도 피해 가며,
꼼꼼하게 청소하려는 굳은 의지를 확인했습니다!ㅎ 
먼지 흡입부터 물걸레 청소까지 꼼꼼하게 해주고 물걸레 관리도 알아서 해주는 똑똑한 올인원 로봇청소기에요.
매일 바닥에 뭉쳐 돌아다니던 반려견 털도 눈에 띄게 안 보이는 것 같고요!

아무리 로봇청소기가 청소를 해준다 하더라도 결국 청소 앞뒤로 제가 사전 정리도 해야 되고 로봇청소기가 놓친 청소도 마저 했어야 하는데
비스포크 AI 스팀은 정말 혼자! 알아서! 청소의 시작부터 끝까지 챙겨주니까 
직접 바닥 청소하는 시간이 현저히 줄어들어 제 여가 시간이 더 늘어나서 좋긴 한데, 
점점 게을러져서 큰일이네요…ㅎㅎㅎ 

매일 우리 집 바닥 청소해주시는 로청 집사님 고생 많으십니다. ^^
그럼 이만…ㅎㅎㅎ

—
#삼성BESPOKEAI스팀 #비스포크AI스팀 #BESPOKEAI스팀앰버서더 #삼성로봇청소기 #올인원로봇청소기 #AI가전 #세상에없던AI라이프 #삼성전자 #검증된보안 #스마트싱스
#인테리어 #최애템 #가전제품 #주부스타그램 #강아지필수템 #강아지홈캠 #거실인테리어 #홈스타그램",2024-05-31,강아지홈캠,post,,caption,substitute,2026-10-01T10:43:28
instagram,https://www.instagram.com/p/C7nmNUUyyfZ/,651aa917e9d4cf30,,"보고 싶은 우리 쿵이♡
독립하니 매일 못보는게 너무 아쉽네ㅜㅜ
홈캠켜서 쿵이야~~부르니
호다닥 달려와서 앉네 ㅜㅜ
예쁜 똥강아지😍😍

내일 만나자!! 동물병원에서~접종일 ㅋㅋ

#말티푸
#똥강아지 #강아지홈캠
#보고싶은쿵이♡
#내일은접종일 #두대맞아야해

#란씨빅사이즈홍천점
#홍천빅사이즈 #춘천빅사이즈
#횡성빅사이즈 #인제빅사이즈
#데일리빅사이즈 #오버핏
#예쁜빅사이즈
#빅사이즈오프라인매장",2024-05-31,강아지홈캠,post,,caption,substitute,2026-10-01T10:43:28
instagram,https://www.instagram.com/p/C7k5-lIuTPD/,d8670e3f96f9bb77,,"안녕하세요! 오늘은 이번 새로 출시된 홈캠 시리즈 중 CUBE라는 제품을 가져왔어요!👏
 
CUBE는 작지만 가성비 엄청 뛰어난 홈캠이랍니다!😆
마그네틱 베이스로 되어 있어 금속 면에 쉽게 부착할 수 있어 간편하게 설치 및 이동할 수 있습니다!
3/5MP 선명한 고화질 이미지를 촬영하고 AI 사람&반려동물 감지, 사생활 보호 모드, 양방향 대화 등 필수 기능 다아~탑재되어 있답니다!👍
DMSS앱을 통해 실시간 알람을 받을 수 있고 휴대폰으로 간편하게 현황을 확인할 수 있습니다. 
CUBE 제품은 소규모 매점 또는 가정집에 아주 적합한 제품입니다!😆
 
우리집 안심 히어로, 다후아 홈캠! 
다음에 다른 시리즈도 들고 올게요! 😁

#Dahua #dahua #dahuacctv #다후아 #다화 #다후아cctv #다화cctv #다후아홈캠 #홈캠 #다화홈캠 #홈캠추천 #반려동물 #강아지홈캠 #고양이홈캠",2024-05-30,강아지홈캠,post,,caption,substitute,2026-10-01T10:43:28
instagram,https://www.instagram.com/p/C8TiVZWNdBv/,b469a289339b87ca,,"오늘의집 세일 페스타에서 2주간 역대급 혜택으로 독스플레이를 만나볼 수 있습니다!💙

역대급 할인 혜택도 누리고!
우리 반려견에게 즐거운 기다림도 선물해 보는 건 어떨까요?🎁

✔ 댕댕이가 좋아하는 콘텐츠가 가득, 독플릭스🎬, 도그뮤직🎵(매월 업데이트되어 지루할 틈이 없어요!)
✔ 댕댕이의 눈과 귀가 즐거운 ""도그필터"", ""도그스피커""(댕댕이의 눈에 더 잘 보이고, 귀에 더 잘 들리는 독스플레이만의 전용 혜택!)
✔ 우리 댕댕이가 뭐 할까 궁금할 땐, 홈캠 ON!
✔ 전용 앱을 통해 언제 어디서나 엄마, 아빠와 양방향 영상통화!💙(영상통화에도 댕댕이 눈에 더 잘 보이는 '도그필터' ON)
✔ 우리 반려견 전용 사진첩이 필요하다면, 도그포토까지!🙌

이 모든 것들을 앱 하나로! 이제 외출해서도 우리 아이 걱정 끝!😆

#독스플레이 #dogsplay #오늘의집 #강아지tv #강아지홈캠 #애완동물홈캠 #펫캠 #티비보는강아지 #독플릭스 #도그뮤직 #강아지영상통화 #강아지장난감 #고양이tv #고양이장난감",2024-06-17,강아지홈캠,post,,caption,substitute,2026-10-01T10:43:28
instagram,https://www.instagram.com/p/C7gbWFzPFoo/,ae471e5d57503d2d,,"#제품제공 아기를 지켜주면서 엄빠에게 자유를 주는😌
❝안전헬퍼 홈캠거치대❞

바닥 매트위 역방쿠에서 재우는 경우도 있기에 넓게 보고 싶어서 캠을 더 높이 달아 봤어요!
아기침대 뿐만 아니라 방 전체를 볼 수 있는 각도가 되어 아기를 재우고 거실에서 자유롭게 티타임을 가질 수 있었어요 ᰔ

마그네슘 합금 소재로 탄탄하게 고정이 되어서 거치대가 휘거나 떨어질 염려는 없더라고요 :)

무타공 설치가 가능하기 때문에 아기침대 졸업하면 또 다른 공간에 옮겨 달아 아기와 안전한 생활을 이어나갈 수 있을거같아요 *’▽’*

ᴛʜᴀɴᴋs ᴛᴏ ,",2024-05-28,강아지홈캠,post,,caption,substitute,2026-10-01T10:43:28
instagram,https://www.instagram.com/p/C7VCTcQS51w/,02bfd3308993c642,,"엄마는 홈캠으로 다보고있다..!
언제쯤 얌전해질까 😂😂😂😂😂

#이갈이강아지
#개린이
#강아지홈캠
#강아지캠",2024-05-23,강아지홈캠,post,,caption,substitute,2026-10-01T10:43:28
instagram,https://www.instagram.com/p/C7LRHHUPjD_/,a88c8a90768af307,,"독스플레이, 아반강고 회원전용 특가 혜택!

이제 마음 놓고 외출하세요. 혼자있는 반려견을 언제 어디서나 독스플레이로 케어해주세요💙

특가 페이지는 링크타고 아반강고 힐링카페🎁",2024-05-20,강아지홈캠,post,,caption,substitute,2026-10-01T10:43:28
instagram,https://www.instagram.com/p/C7G3ldHrDLg/,e9b5ab679c935908,,"갑작스럽게 부산에서 울산까지 출퇴근을 하게 되어서
다둥이들이 집에 있는 시간이 많아지게 되었는데요🥲
그래서 집에 있을 다둥이들이 사고는 치지 않는지
싸우지않고 잘 지내는지 걱정이 되어서 이번에 홈캠을
사용하게 되었어요👀 이미 많은 홈캠 제품들이 있지만
성능이 압도적으로 좋은 Ai홈캠 로보피아로 선택 했어요!

✅ 350도 회전과 넓은 광각시야
✅ 야간 적외선 촬영으로 어두운 곳도 선명하게
✅ 모션 감지 알림 모션 추적 까지
✅ 양방향 음성 영상 통화도 모두👌
✅ 국내 생산 모델로 해킹 걱정❎
✅ 간편한 설치로 셀프설치도 가능!
✅ 홈캠 1대에 스마트폰 5대 까지 공유가능

깨끗한 화질로 아이들 얼굴을 선명하게 볼 수 있고
영상통화 까지 가능한 다기능 홈캠 펫캠 이에요
반려동물은 물론 가정에 아이가 있는 집에서도
사용 하기 너무 좋은 필수 홈캠 “로보피아 ai돌봄로봇”

모션감지 알림으로 확인 했더니 이불에 쉬하고 있는 톰..🤣
라이브로 잘봤어…🥲

#강아지홈캠 #고양이홈캠 #강아지펫캠 #고양이펫캠 #홈캠 #펫캠 #로보피아홈캠 #로보피아 #포메 #포메라니안 #화이트포메 #파티포메 #블랙탄포메 #오렌지포메 #세이블포메 #강아지모델 #애견모델 #모델강아지",2024-05-18,강아지홈캠,post,,caption,substitute,2026-10-01T10:43:28
instagram,https://www.instagram.com/p/C7Dy2HwrBY1/,bd635b9487a33875,,"#이벤트
시켜줘, 댕냥이 집 명예 보디가드😎
24시간 함께 할 수 없어 항상 걱정되는
댕냥이를 위해 홈카메라를 설치해보세요🙌

🔍군사 보안 등급의 개인정보 보안
🔍확대해도 선명한 FULL HD 300만 화소
🔍넓은 각도로 모든 범위 자유롭게 모니터링
🔍AI 모션 트래킹으로 소리/사람 감지
🔍야간에도 선명한 오토 나이트 비전
🔍SD카드 삽입 시 녹화 OK!

파미야의 자매브랜드 꿈비에서 출시해
유아용으로도 사용할 수 있어 더 안심이라구요🙆‍♀️

후기 작성 약속해주시면 추첨을 통해
할인 및 페이백 혜택을 모두 드립니다🙌

✅ 홈 카메라 30% 할인쿠폰 제공
✅ 포토리뷰 작성 시 N페이 1만원 즉시 지급
✅ SNS리뷰 1건만 작성해도 N페이 5천원 페이백

체감가 69,900원 → 26,300원
역대급 혜택으로 홈카메라 장만하세요💖

🐕신청기간 : ~ 5/21(화) *5/22(수) 발표
🐕신청방법
① 파미야 인스타그램 팔로우❤️
② 프로필링크에서 신청 폼 제출하기
③ 댓글에 ‘참여완료’ 달면 끝😍
* 친구 태그 시 당첨확률 UP!",2024-05-17,강아지홈캠,post,,caption,substitute,2026-10-01T10:43:28
instagram,https://www.instagram.com/p/C61MV11JWuf/,9cf230217d4641c5,,"💛

혼자 있는 시간엔 횽아 방에 가서 쉬는 콩🐕
항상 걱정이었는데 이젠 거실이랑 방에 
각각 홈캠을 놔둬서 조금이나마 안심이 되넹❤️

홈캠으로 보는 모습도 넘나 긔엽😃

#치와와 #단모치와와 #강아지홈캠",2024-05-11,강아지홈캠,post,,caption,substitute,2026-10-01T10:43:28
instagram,https://www.instagram.com/p/C6TZHYdrE3x/,f560cc3f5bf2bcd1,,"오늘도 저녁 산책 완료 ✔️

백구도 만남 ㅎㅎㅎ 백구가 다른 개 보고 짖어서… 앨로도 덩달아 난리!!
그래도 둘 다 앉아 하니까 얌전해져서 정말 다행인 지 모른다 🤣

CCTV 고정장치 사서 튼튼하게 벽 안 뚫고서 안전하게 설치 완료 ✅

#강아지홈캠 #타포카메라 #720만화소 #백구 #엘로 #곤쥬님과완쟈님
#CCTV #tapo #topo_Camera #DaengDaengYi #BostonTerrier
#JindoDog #BaekGoo #Ello #Walk #HappyDog 🐶😆 #🐰
#무료입양 #유기견입양 #파양견입양 #가정견입양 #사지마세요입양하세요 
#사지마세요입양하세요버리지마세요 #보테 #반려견 #반려인 #반려동물
#실외배변견 #저녁산책 #댕댕이산책 🐶🐼🐻‍❄️🐰🐄🐕🐩🦮🐕‍🦺🐾",2024-04-28,강아지홈캠,post,,caption,substitute,2026-10-01T10:43:28
instagram,https://www.instagram.com/p/C6RMyt9y1Im/,2c22134c19c87788,,"🎀

제 똥 아뉜디염❓(홈캠에 다 찍혔다🤦🏻‍♀️)

#시치미
.
.
.
.
.
#생후4개월 #후추🐶 #말티즈 #새끼강아지 #강아지릴스 #강아지일상 #개육아 #견생일기 #강아지홈캠 #똥싸개 #귀여운강아지 #반려견 #강아지 #댕댕이 #멍멍이 #멍스타그램 #댕스타그램 #말티즈그램 #개스타그램 #멍팔 #댕팔 #멍친 #댕친 #맞팔 #멍팔맞팔 #댕팔맞팔 #puppy #maltese",2024-04-27,강아지홈캠,post,,caption,substitute,2026-10-01T10:43:28
instagram,https://www.instagram.com/p/C54x06Opc9P/,8ba842239eb98479,,"옴망 아빵 출근안했으면 좋겠어서
예쁜표정 지으면서 애교부리는중 😍 ❤️
🥕 솜이 최애 장난감 🥕",2024-04-18,강아지홈캠,post,,caption,substitute,2026-10-01T10:43:28
instagram,https://www.instagram.com/p/C50KeRRRj4o/,c9c972d3b6f6ad8f,,"세계최초~ 올인원 펫 메이트 펫TV-🥰

강아지전용이 왜 필요할까요? 일반 화면은 강아지에게 흑백으로 보이고 뚝뚝 끊겨서 보여서 흥미를 가지기 어렵죠 영상통화도 마찬가지고요 강아지의 눈과 귀를 보정하는 ""도그필터, 도그스피커"" 여행중에도 소통할수 있는 ""양방향 영상통화"" 잘지내는지 확인하고 호출도 가능한 ""도그홈캠"" 이 모든 기능으로 이제 안심외출하세요~🥰 분리불안 우울증 해결~!!

 

#음식물처리기 #음식물처리기추천 #음식물처리기렌탈 #음식물처리가전 #강아지티비 #홈캠 #홈캠추천 #도그티비 #가전렌탈 #신혼가전렌탈 #가전제품 #펫TV #펫티비 #강아지분리불안 #반려견영상통화 #반려견홈캠 #강아지영상통화 #강아지홈캠",2024-04-16,강아지홈캠,post,,caption,substitute,2026-10-01T10:43:28
instagram,https://www.instagram.com/p/C5lMh5cpMTc/,6313e13581a8bf3b,,"바쁘다바빠
김포에서 뒤굴뒤굴 놀다가
창동 온새네로
집에가서 우족먹어야지
온종일 놀고 특식먹고 내견생 짱이다
 
#온새네간식점 #강아지수제간식 #임보 #임시보호 #입양 #유기견 #유기견임보 #유기견입양 #삽살개 #삽살개믹스 #믹스견 #시고르자브종 #강아지일상 #산책 #임보일기 #강아지홈캠 #노즈워크 #사지말고입양하세요 #사지마세요입양하세요 #사지마세요입양하세요버리지마세요",2024-04-10,강아지홈캠,post,,caption,substitute,2026-10-01T10:43:28
instagram,https://www.instagram.com/p/C5k970kJoxV/,f630d72f626469ab,,"쇼핑할 돈은 없지만
너 놀게해줄 잔디는 있다 😭
오늘도 이구역의 젤크젤귀

#현대프리미엄아울렛김포점 #임보 #임시보호 #입양 #유기견 #유기견임보 #유기견입양 #삽살개 #삽살개믹스 #믹스견 #시고르자브종 #강아지일상 #산책 #임보일기 #강아지홈캠 #노즈워크 #사지말고입양하세요 #사지마세요입양하세요 #사지마세요입양하세요버리지마세요",2024-04-10,강아지홈캠,post,,caption,substitute,2026-10-01T10:43:28
instagram,https://www.instagram.com/p/C5ihaMiJc95/,e3c73fb3fcafca4a,,"병원다녀와서 서러운 뚱띠아가
치석도 입벌리고 그냥 막 떼어내고
오줌도 안지리고 용감한 뚱띠
원래 침실에 안들어오는데
짠하지
그래 너 귀해
되게 핥네

#임보 #임시보호 #입양 #유기견 #유기견임보 #유기견입양 #삽살개 #삽살개믹스 #믹스견 #시고르자브종 #강아지일상 #산책 #임보일기 #강아지홈캠 #노즈워크 #사지말고입양하세요 #사지마세요입양하세요 #사지마세요입양하세요버리지마세요",2024-04-09,강아지홈캠,post,,caption,substitute,2026-10-01T10:43:28
instagram,https://www.instagram.com/p/C5aPPoLLxJl/,43d110ac9823151c,,"주말마다 소금빵
맞은편 오리에선 오늘의수프
난 우족 😋

#오파토 #ori #임보 #임시보호 #입양 #유기견 #유기견임보 #유기견입양 #삽살개 #삽살개믹스 #믹스견 #시고르자브종 #강아지일상 #산책 #임보일기 #강아지홈캠 #노즈워크 #사지말고입양하세요 #사지마세요입양하세요 #사지마세요입양하세요버리지마세요",2024-04-06,강아지홈캠,post,,caption,substitute,2026-10-01T10:43:28
instagram,https://www.instagram.com/p/C5aFuozrDzb/,6adda96aa372c554,,"작은친구 간디랑
김포나들이
내가 제일 왕크왕귀 🤭

#김포현대프리미엄아울렛 #아라뱃길 #지리산산나물 #강아지수제간식 #온새네간식점 #임보 #임시보호 #입양 #유기견 #유기견임보 #유기견입양 #삽살개 #삽살개믹스 #믹스견 #시고르자브종 #강아지일상 #산책 #임보일기 #강아지홈캠 #노즈워크 #사지말고입양하세요 #사지마세요입양하세요 #사지마세요입양하세요버리지마세요",2024-04-06,강아지홈캠,post,,caption,substitute,2026-10-01T10:43:28
instagram,https://www.instagram.com/p/C5VEtDGrbNH/,8ea09c1d3b63f1a6,,"괴로운 견생
나갔다왔는데 또나가자니
싫지만 가주는
청소기 소리도 안들리는척하는
해탈뚱깡아지

#임보 #임시보호 #입양 #유기견 #유기견임보 #유기견입양 #삽살개 #삽살개믹스 #믹스견 #시고르자브종 #강아지일상 #산책 #임보일기 #강아지홈캠 #노즈워크 #사지말고입양하세요 #사지마세요입양하세요 #사지마세요입양하세요버리지마세요",2024-04-04,강아지홈캠,post,,caption,substitute,2026-10-01T10:43:28
instagram,https://www.instagram.com/p/C5SY5mjrvXH/,b1d48bd59e6ee541,,"쥐날거같은지
한참 껴있다 도망감 🫨

#임보 #임시보호 #입양 #유기견 #유기견임보 #유기견입양 #삽살개 #삽살개믹스 #믹스견 #시고르자브종 #강아지일상 #산책 #임보일기 #강아지홈캠 #노즈워크 #사지말고입양하세요 #사지마세요입양하세요 #사지마세요입양하세요버리지마세요",2024-04-03,강아지홈캠,post,,caption,substitute,2026-10-01T10:43:28
instagram,https://www.instagram.com/p/C5SVV4srMlr/,1c5671e8a9a91c23,,"이렇게 저렇게 자다가
나보구선 꼬리볼링 🎳

#임보 #임시보호 #입양 #유기견 #유기견임보 #유기견입양 #삽살개 #삽살개믹스 #믹스견 #시고르자브종 #강아지일상 #산책 #임보일기 #강아지홈캠 #노즈워크 #사지말고입양하세요 #사지마세요입양하세요 #사지마세요입양하세요버리지마세요",2024-04-03,강아지홈캠,post,,caption,substitute,2026-10-01T10:43:28
instagram,https://www.instagram.com/p/C5PvOIMLZ3m/,efd01306922e30c4,,"오늘은 여기오려던게 아닌데
너무 자연스럽게 들어가네
1일 1보마켓 하려는건 아니지
언니 텅장된다

#보마켓 #임보 #임시보호 #입양 #유기견 #유기견임보 #유기견입양 #삽살개 #삽살개믹스 #믹스견 #시고르자브종 #강아지일상 #산책 #임보일기 #강아지홈캠 #노즈워크 #사지말고입양하세요 #사지마세요입양하세요 #사지마세요입양하세요버리지마세요",2024-04-02,강아지홈캠,post,,caption,substitute,2026-10-01T10:43:28
instagram,https://www.instagram.com/p/C7gMsjkNvD9/,85a7c5ce512b401b,,"안녕하세요! 오늘은 이번 새롭게 출시된 다후아 홈캠에 대해 알아볼게요! 🥰
오늘 가져온 제품은 HERO시리즈의 B1 제품입니다! 👍
이 제품은 3MP와 5MP 두 종류가 있는데 고화질 영상을 제공하는 동시에 고성능 적외선 야간 감시가 가능해 야간에도 매우 선명한 영상을 제공합니다👍👍! 
요즘 반려동물 키우는 집에 필수인 홈캠! 다후아 HERO B1는 반려동물 감지 기능이 탑재되어 있어 사랑스러운 강아지/고양이를 감지하고 추적해줍니다. 😍
📍AI사람 감지 기능, 📍프리셋 순찰, 📍원클릭 콜, 📍사생활 보호 모드 등 다양한 기능을 모아놨습니다! 
우리집 안심 히어로, 다후아 홈캠! 
다음에 다른 시리즈도 들고 올게요! 😁

#Dahua #dahua #dahuacctv #다후아 #다화 #다후아cctv #다화cctv #다후아홈캠 #홈캠 #다화홈캠 #홈캠추천 #반려동물 #강아지홈캠 #고양이홈캠",2024-05-28,강아지홈캠,post,,caption,substitute,2026-10-01T10:43:28
instagram,https://www.instagram.com/p/C5Lt0g3pIer/,72f2c1161d945e42,,"아줌마 좀 비켜요
산악구조견 아니죠?
왜케 커다라세요?

#임보 #임시보호 #입양 #유기견 #유기견임보 #유기견입양 #삽살개 #삽살개믹스 #믹스견 #시고르자브종 #강아지일상 #산책 #임보일기 #강아지홈캠 #노즈워크 #사지말고입양하세요 #사지마세요입양하세요 #사지마세요입양하세요버리지마세요",2024-03-31,강아지홈캠,post,,caption,substitute,2026-10-01T10:43:28
instagram,https://www.instagram.com/p/C5LtcPcJy3e/,b2eac9ecec8cdba5,,"토요일 바이브
우족맛 미쳐따
엄마가 먹을때 쩝쩝대지말랬는데

#임보 #임시보호 #입양 #유기견 #유기견임보 #유기견입양 #삽살개 #삽살개믹스 #믹스견 #시고르자브종 #강아지일상 #산책 #임보일기 #강아지홈캠 #노즈워크 #온새네간식점 #강아지수제간식 #사지말고입양하세요 #사지마세요입양하세요 #사지마세요입양하세요버리지마세요",2024-03-31,강아지홈캠,post,,caption,substitute,2026-10-01T10:43:28
instagram,https://www.instagram.com/p/C5Frn4ZrvDz/,51b2eb804c976655,,"팔베개보다 편한 발베개

#임보 #임시보호 #입양 #유기견 #유기견임보 #유기견입양 #삽살개 #삽살개믹스 #믹스견 #시고르자브종 #강아지일상 #산책 #임보일기 #강아지홈캠 #노즈워크 #사지말고입양하세요 #사지마세요입양하세요 #사지마세요입양하세요버리지마세요",2024-03-29,강아지홈캠,post,,caption,substitute,2026-10-01T10:43:28
instagram,https://www.instagram.com/p/C5FSNcPJ_GQ/,09c21a6e6eaa2d38,,"요며칠 아침 잘 안먹더니
오늘은 완밥
잘먹으면 칭찬폭탄에 서비스까지 나오는
개팔자 상팔자 🥰

#화식 #강아지화식 #임보 #임시보호 #입양 #유기견 #유기견임보 #유기견입양 #삽살개 #삽살개믹스 #믹스견 #시고르자브종 #강아지일상 #산책 #임보일기 #강아지홈캠 #노즈워크 #사지말고입양하세요 #사지마세요입양하세요 #사지마세요입양하세요버리지마세요",2024-03-29,강아지홈캠,post,,caption,substitute,2026-10-01T10:43:28
instagram,https://www.instagram.com/p/C5DlCKNp3tQ/,b8c2fd012709a031,,"노즈워크 할줄 몰라서
수건 물고뜯는 백설이보니
정말 짠하다
어려울까봐 그냥 까까위로 수건 덮어놓기만한건데
🥺

#임보 #임시보호 #입양 #유기견 #유기견임보 #유기견입양 #삽살개 #삽살개믹스 #믹스견 #시고르자브종 #강아지일상 #산책 #임보일기 #강아지홈캠 #노즈워크 #사지말고입양하세요 #사지마세요입양하세요 #사지마세요입양하세요버리지마세요",2024-03-28,강아지홈캠,post,,caption,substitute,2026-10-01T10:43:28
instagram,https://www.instagram.com/p/C5CiEefvOCS/,e59afd1ed8f561d4,,"옴망이가 라며니 잘 있눈지 볼라고 cctv 달아떼요!!!!
이고 혹시 견권침해로 고소미 못하눙가요?!

#강아지홈캠 #멍캠 #타포홈캠 #내돈내산 #cctv #멍스타그램 #멍팔 #맞팔선팔",2024-03-28,강아지홈캠,post,,caption,substitute,2026-10-01T10:43:28
instagram,https://www.instagram.com/p/C46H6C_yuuI/,bff0a479d432e386,,"약맛 안나게해주는 까까 떨어져서
냉큼 수제간식집 갔는데
온새 저거 엄마있다고 저 위풍당당한거봐
흥..
오늘 여기있는 까까 맨위부터 아래까지 싹다줘
나 무시하지마
나 서울에서 기사딸린 미제차타는 여자야
자격지심 아니다
나도 엄마 있었었다고...
내가 배운건없어도
너보다 차도 더 잘타거든?!
다음에 또 보면 그땐
니가먼저 내똥꼬냄새맡아
손님은 왕이다 알게써?

#온새네간식점 #강아지수제간식 #임보 #임시보호 #입양 #유기견 #유기견임보 #유기견입양 #삽살개 #삽살개믹스 #믹스견 #시고르자브종 #강아지일상 #산책 #임보일기 #강아지홈캠 #노즈워크 #사지말고입양하세요 #사지마세요입양하세요 #사지마세요입양하세요버리지마세요",2024-03-24,강아지홈캠,post,,caption,substitute,2026-10-01T10:43:28
instagram,https://www.instagram.com/p/C46BIFWvVKk/,448366a5e4d2be99,,"개친화적인 소금빵 맛집

#임보 #임시보호 #입양 #유기견 #유기견임보 #유기견입양 #삽살개 #삽살개믹스 #믹스견 #시고르자브종 #강아지일상 #산책 #임보일기 #강아지홈캠 #노즈워크 #사지말고입양하세요 #사지마세요입양하세요 #사지마세요입양하세요버리지마세요",2024-03-24,강아지홈캠,post,,caption,substitute,2026-10-01T10:43:28
instagram,https://www.instagram.com/p/C45k2TTpmCt/,d0ecad53b9e4616b,,"소꼬리사왓당
나먹을거 산것같진않은데
못마땅하게 쳐다보니
하나 푹푹 삶아서 주더랑
남의꼬리 사러 가는길도 오는길도 꼬리맛도
둑인당

#임보 #임시보호 #입양 #유기견 #유기견임보 #유기견입양 #삽살개 #삽살개믹스 #믹스견 #시고르자브종 #강아지일상 #산책 #임보일기 #강아지홈캠 #노즈워크 #사지말고입양하세요 #사지마세요입양하세요 #사지마세요입양하세요버리지마세요",2024-03-24,강아지홈캠,post,,caption,substitute,2026-10-01T10:43:28
instagram,https://www.instagram.com/p/C45f_eJJGTT/,e15811c51fc56d61,,"모든게 처음일지도모르는데
모든것에 초연한 당당한 백설이

#임보 #임시보호 #입양 #유기견 #유기견임보 #유기견입양 #삽살개 #삽살개믹스 #믹스견 #시고르자브종 #강아지일상 #산책 #임보일기 #강아지홈캠 #노즈워크 #사지말고입양하세요 #사지마세요입양하세요 #사지마세요입양하세요버리지마세요",2024-03-24,강아지홈캠,post,,caption,substitute,2026-10-01T10:43:28
instagram,https://www.instagram.com/p/C42NxKMrEUJ/,e66ad15803d27dbc,,"처음가보는 남의집
조그만 친구에 많은 까까에
엄청난 리액션해주는 이모에
내서타일
자주와야징

#임보 #임시보호 #입양 #유기견 #유기견임보 #유기견입양 #삽살개 #삽살개믹스 #믹스견 #시고르자브종 #강아지일상 #산책 #임보일기 #강아지홈캠 #노즈워크 #사지말고입양하세요 #사지마세요입양하세요 #사지마세요입양하세요버리지마세요",2024-03-23,강아지홈캠,post,,caption,substitute,2026-10-01T10:43:28
instagram,https://www.instagram.com/p/C4zgZTYLTlE/,02e6525355c6f71a,,"아침에 일어날때까지
소파에서 쭈욱 잔 너란강아지
진짜 졸귀다 으!
구석에 숨는법도없고 눈치안보고 러그에 오줌도 뿌리는
당당한 강아지
참지말고 싸렴 집안화장실은 천천히 익히면돼요 큰강아지씨 🥰

#임보 #임시보호 #입양 #유기견 #유기견임보 #유기견입양 #삽살개 #삽살개믹스 #믹스견 #시고르자브종 #강아지일상 #산책 #임보일기 #강아지홈캠 #노즈워크 #사지말고입양하세요 #사지마세요입양하세요 #사지마세요입양하세요버리지마세요",2024-03-22,강아지홈캠,post,,caption,substitute,2026-10-01T10:43:28
instagram,https://www.instagram.com/p/C4zewWSrqHv/,aee0ca4f595c38be,,"앞으로 밝게 빛날 너의 환한 세상

#임보 #임시보호 #입양 #유기견 #유기견임보 #유기견입양 #삽살개 #삽살개믹스 #믹스견 #시고르자브종 #강아지일상 #산책 #임보일기 #강아지홈캠 #노즈워크 #사지말고입양하세요 #사지마세요입양하세요 #사지마세요입양하세요버리지마세요",2024-03-22,강아지홈캠,post,,caption,substitute,2026-10-01T10:43:28
instagram,https://www.instagram.com/p/C4vtPZTpuEV/,961beeb0ab4054a8,,"어머머 만난지 5일된 우리강아지
나 좋단다

#임보 #임시보호 #입양 #유기견 #유기견임보 #유기견입양 #삽살개 #삽살개믹스 #믹스견 #시고르자브종 #강아지일상 #산책 #임보일기 #강아지홈캠 #노즈워크 #사지말고입양하세요 #사지마세요입양하세요 #사지마세요입양하세요버리지마세요",2024-03-20,강아지홈캠,post,,caption,substitute,2026-10-01T10:43:28
instagram,https://www.instagram.com/p/C4vBLl5JHJt/,19bebd350ee94234,,"대왕호빵 혹은 대왕딸기모찌의 전말

#임보 #임시보호 #입양 #유기견 #유기견임보 #유기견입양 #삽살개 #삽살개믹스 #믹스견 #시고르자브종 #강아지일상 #산책 #임보일기 #강아지홈캠 #노즈워크 #사지말고입양하세요 #사지마세요입양하세요 #사지마세요입양하세요버리지마세요",2024-03-20,강아지홈캠,post,,caption,substitute,2026-10-01T10:43:28
instagram,https://www.instagram.com/p/C4udFEKLHfB/,266834a1b378c033,,"음 내생에 이런것도먹어보네
고급지다 댕슐랭감이군
나도 팔자필뚜이따! 하뚜이따!

#온새네간식점 #강아지수제간식 #임보 #임시보호 #입양 #유기견 #유기견임보 #유기견입양 #삽살개 #삽살개믹스 #믹스견 #시고르자브종 #강아지일상 #산책 #임보일기 #강아지홈캠 #노즈워크 #사지말고입양하세요 #사지마세요입양하세요 #사지마세요입양하세요버리지마세요",2024-03-20,강아지홈캠,post,,caption,substitute,2026-10-01T10:43:28
instagram,https://www.instagram.com/p/C4ua1v3LoUA/,ac3dda6dcca14ad4,,"상경 다음날
상모돌리기 신나게해주고
집에와서 또 주인행세

#임보 #임시보호 #입양 #유기견 #유기견임보 #유기견입양 #삽살개 #삽살개믹스 #믹스견 #시고르자브종 #강아지일상 #산책 #임보일기 #강아지홈캠 #노즈워크 #사지말고입양하세요 #사지마세요입양하세요 #사지마세요입양하세요버리지마세요",2024-03-20,강아지홈캠,post,,caption,substitute,2026-10-01T10:43:28
instagram,https://www.instagram.com/p/C4uZEUSryo9/,a636e776609e7869,,"두번째 해방이
백설아 언니가 정말 환영해!
부산에 사는 백설이와 송강이를 태우고 서울상경
중간 중간 휴게소에서 쉬똥 뿌려주며
장시간 라이딩을 견뎌내준 기특하고 짠하고 귀여운 새꾸들
송강이를 남양주 임보자댁에 내려주고
드디어 제곳에 온 백설이
집에들어오자마자 물과 밥을 엄청먹어주더니
바로 집주인행세
주인아줌마 저 티비좀봐도되나요ㅋㅋㅋ
낯가림같은거 없으신가요
나원
잘지내보자

 

#임보 #임시보호 #입양 #유기견 #유기견임보 #유기견입양 #삽살개 #삽살개믹스 #믹스견 #시고르자브종 #강아지일상 #산책 #임보일기 #강아지홈캠 #노즈워크 #사지말고입양하세요 #사지마세요입양하세요 #사지마세요입양하세요버리지마세요",2024-03-20,강아지홈캠,post,,caption,substitute,2026-10-01T10:43:28
instagram,https://www.instagram.com/p/C4iGo02vgg0/,a141a58d3577b92a,,"댕댕이 분리불안 해결사 독스플레이 렌탈특가 이벤트!

혼자있는 시간 강아지TV시청은 물론 홈캠으로 언제든 반려견과 양방향 영상통화를 할 수 있어요

상담문의는 링크타고 아반강고 힐링카페에서🎁",2024-03-15,강아지홈캠,post,,caption,substitute,2026-10-01T10:43:28
instagram,https://www.instagram.com/p/C4XG1ANLf8-/,e9a658014e3f6ca4,,"순대 걱정돼서 홈캠 설치! 🐶💛
내 목소리 들리니까 자꾸 카메라 앞으로 다가옴(ㅋㅋㅋㅋㅋ)
캠으로 보니까 더 큐트하네 

#엄마어딨어
#강아지홈캠 
#이순대졸귀탱",2024-03-11,강아지홈캠,post,,caption,substitute,2026-10-01T10:43:28
instagram,https://www.instagram.com/p/C34b8rISZIS/,5981d0bbaef8bb09,,"아닠ㅋㅋㅋ홈캠이랑 눈싸움하는 댕댕이는 처음봐ㅋ
.
.
*문제시 /DM 주세요*
DM for credit or removal request
(📹Via: unknowm)
.
.
.
#ㅋㅋㅋ #오늘의짤 #유머페이지 #유머스타그램 #재밌는짤 #선팔하면맞팔 #좋아요반사 #좋아요테러 #꿀잼 #웃긴영상 #힐링짤 #공감짤 #웃음 #일상공유 #댕댕이 #강아지홈캠 #강아지그램 #강아지짤 #집사그램",2024-02-28,강아지홈캠,post,,caption,substitute,2026-10-01T10:43:28
instagram,https://www.instagram.com/p/C3pxqdZvvWY/,d4d3a41f94aa7fe1,,"⠀
자는 모습도 너무 귀여운 우리 강아지ㅠㅠㅠㅠ 
홈캠 캡쳐 찰칵 📷
⠀
#강아지홈캠 #🐶",2024-02-22,강아지홈캠,post,,caption,substitute,2026-10-01T10:43:28
instagram,https://www.instagram.com/p/C3c7-qjSRA_/,d62ef47361cbfd94,,"8박10일 파리여행 중에도 수시로 홈캠으로 영통으로 우리 강쥐들 걱정걱정 ㅜㅜ
영통 스샷 속 준콩이는 마치 엄마 보고파요~~!!! 를 외치는듯 ㅋㅋㅋㅋ

#홈cctv #강아지홈캠 #노견일기 #준콩왕자 #초코포메 #댕스타그램 #멍스타그램🐶 #남편과할배님은 알아서잘지내는걸로ㅋㅋ",2024-02-17,강아지홈캠,post,,caption,substitute,2026-10-01T10:43:28
instagram,https://www.instagram.com/p/C3ES8fuvYRk/,0d87fdc92c089474,,"이번에 새로 구매한 홈캠,,,💗
기존 홈캠은 고정되어 있어서 밤이가 방에 들어가면 볼 수 없었는데 이번에 구매한 제품은 원격으로 움직일 수 있어서 밤이가 어디에서 뭐 하는지 다 확인할 수 있고 정해진 시간에 간식도 줄 수 있어서 너무 좋다. 

화질도 너무 좋고 스피드도 빨라서 아주 유용하게 사용할 듯!",2024-02-08,강아지홈캠,post,,caption,substitute,2026-10-01T10:43:28
instagram,https://www.instagram.com/p/C2ym2tyvUIY/,7477f8f4743592b1,,"👶🏻🐶
깊게 잠든 것 같아서 혼자 두고 헬스장 왔는데💪
다행이 아직 잘 자네, 쫌만 더 ..하다 갈게(????)
.
#비숑#강아지울타리#아기강아지#퍼피#댕댕이#멍스타그램#반려견#반려인#개육아#댕스타그램#퍼피스타그램#비숑프리제#비숑그램#비숑퍼피#강아지셀카#강아지홈캠#",2024-02-01,강아지홈캠,post,,caption,substitute,2026-10-01T10:43:28
instagram,https://www.instagram.com/p/C2ThSArJHQD/,f3b270789ca11492,,"어머니 저는 잘 놀고있어요😧
자기 전에 혼날테니 최대한 늦게 오세요^^",2024-01-20,강아지홈캠,post,,caption,substitute,2026-10-01T10:43:28
instagram,https://www.instagram.com/p/C2G4b47vP2t/,0016f599b292dbf4,,"알게떠 오늘도 한번 쳐다봐주께🩵
근데 나도 사생활잇거덩?
#파파라치#말티푸#말티푸그램#강아지홈캠",2024-01-15,강아지홈캠,post,,caption,substitute,2026-10-01T10:43:28
instagram,https://www.instagram.com/p/C1oeT2XrghJ/,b646bc62381570ea,,"카메라로 보고 있는거 아는거같은게..빨리 오라는거같네ㅋㅋ맨날 더워하면서 이불에 저러고있는거보면 참 알수없는 서앙또🐶

빨리갈게 카메라 그만보고있어😅😅

#강아지홈캠 #웨이커스홈캠플러스 #카메라보는강아지 #누가누굴보는거야 #내가감시당하는것같은건기분탓이겠지🤣🤣",2024-01-03,강아지홈캠,post,,caption,substitute,2026-10-01T10:43:28
instagram,https://www.instagram.com/p/C1Hd5ZlPUfa/,4bb4aeb7d997389e,,"와이파이 안터져서 답답했던사람!🙌
티피링크로 고고!

막힘없는 Ai 매쉬 기술로
속도걱정없이 편안☺️하게 즐겨보세요

디자인까지 예쁜 데코시리즈
이게 공유기야 오브제야😝

거기에 씨씨티비는 당연히 말모말모🥳
보안에는 역시 티피링크죠
군사보안등급이라구요😤

공유기도 씨씨티비도
이제는 티피링크와 함께하세요

라이브랩스는 각 브랜드 이미지에 맞춰
방송 제작과 컨설팅을 진행하고 있으니,
문의 DM💌혹은 아래 연락처로📲 연락주시면
더 자세히 말씀드리겠습니다.

✔ 대형 호리존 스튜디오 보유
✔ 고퀄리티 라이브커머스 제작
✔ 영상 및 이미지 제작
✔ 마케팅
✔ 라이브 교육
✔ 쇼호스트 섭외

위와 같은 차별화된 컨텐츠로 여러분의 라이브를
한층 업그레이드 시켜드릴 것을 약속 드립니다.
언제든 편하게 연락 주세요.

🔺 라이브에 진심인 사람들 🔺
📸라이브랩스

#라이브커머스 #라이브쇼핑 #라이브커머스대행 #쇼호스트 #네이버쇼핑라이브 #집꾸미기 #쇼핑라이브 #라이브커머스대행사 #영상제작 #라이브대행 #쇼호스트섭외 #라이브 #라이브방송 #라이브랩스 #티피링크 #홈캠 #홈cctv #반려동물그램 #홈인테리어 #씨씨티비 #씨씨티비추천 #와이파이 #티피링크공유기 #cctv #티피링크cctv #반려동물홈캠 #고양이홈캠 #강아지홈캠 #tplink #공유기",2023-12-21,강아지홈캠,post,,caption,substitute,2026-10-01T10:43:28
instagram,https://www.instagram.com/p/C03pH_6LRkB/,0d79fefc9791a65b,,"👉 ABOUT 독플!

반려견을 위해 탄생한
독스플레이는 어떤 제품일까요?🧐

전문가와의 협업으로
제공되는 다양한 독플릭스 콘텐츠부터
우리 아이와 24시간 소통이 가능한
보호자 전용 앱, 그리고 아이들이
가장 안전하고, 편리하게 사용할 수 있는
친화적 설계까지💕

우리집 댕댕이가 생각난다면
독스플레이와 함께해요🎵",2023-12-15,강아지홈캠,post,,caption,substitute,2026-10-01T10:43:28
instagram,https://www.instagram.com/p/C0alB1vpIDJ/,0b2508a5080635b0,,"#제품제공 #파인뷰
“AI 홈 CCTV 파인뷰 K70”
컴팩트한 디자인에 화질도 좋은 파인뷰✨
어플으로 실시간 확인 가능해요🫶🏻
몇 달 동안 정말 잘 쓴 우리집 아이템!
누나 잠시라도 외출하면 문 앞에 와있는
우동이 때문에 집에 금방 들어가게 됨🤣🤣

우리집 지킴이 파인뷰!
뭐하고 있는지 다 볼 수 있음!🐶🩵

어느덧 가정에서 필수품이 된 AI 홈CCTV🤍

• QUAD HD 고화질로 또렷하게 확인 가능
• 좌우회전 355도 상하회전 77도
• 철저한 보안시스템으로 안심
• AI 수면모드, 모션 트래킹
• 모션 감지, 소리 감지

💌 제품 구매 및 문의는",2023-12-04,강아지홈캠,post,,caption,substitute,2026-10-01T10:43:28
instagram,https://www.instagram.com/p/C0IfaSApomr/,ed80491065f8134e,,"#제품제공 #파인뷰
“AI 홈 CCTV 파인뷰 K70”
컴팩트한 디자인에 화질도 좋은 파인뷰✨
어플으로 실시간 확인 가능해요🫶🏻
누나 잠시라도 외출하면 문 앞에 와있는
우동이 때문에 집에 금방 들어가게 됨🤣🤣

우리집 지킴이 파인뷰!
뭐하고 있는지 다 볼 수 있음!🐶🩵

어느덧 가정에서 필수품이 된 AI 홈CCTV🤍

• QUAD HD 고화질로 또렷하게 확인 가능
• 좌우회전 355도 상하회전 77도
• 철저한 보안시스템으로 안심
• AI 수면모드, 모션 트래킹
• 모션 감지, 소리 감지

💌 제품 구매 및 문의는",2023-11-27,강아지홈캠,post,,caption,substitute,2026-10-01T10:43:28
instagram,https://www.instagram.com/p/Cz2ENAwShWA/,96e248e8f8484b36,,"#20231114화 #강아지홈캠 
혼자있을 강아지가 걱정돼서 산책 겸 홈캠 사왔다
감사하게 넥쿠션도 같이 주셨는데 보리가 잘잔당 ㅋㅋㅋ
안 만져준다고 삐진 똥강아지 ㅠㅠ 쓰담지옥🫶🏻
내가 안 만져주면 항상 내 잠바 위에 누워있당,, 귀여운 놈🙈🤎",2023-11-19,강아지홈캠,post,,caption,substitute,2026-10-01T10:43:28
instagram,https://www.instagram.com/p/CzquLbvrVGX/,cd100897476049a9,,"뭔가 나를 쳐다본다🤨
.

한달동안 출장와서 
중간중간 홈캠으로 잘있나
보는데 카메라를 의식하기
시작한 콜린이ㅋㅋ

아빠 열밤만 더 자면 
가니까 기달려 ㅎㅎ

아빠 잊으면 안된다😂

#개아빠 #견주소통 #장기출장 #강아지홈캠 #매일영상통화
#보고싶은 #우리딸 #카메라의식
#견주일상 #딸바보",2023-11-15,강아지홈캠,post,,caption,substitute,2026-10-01T10:43:28
instagram,https://www.instagram.com/p/Czkn9yKvRTe/,4831c0134b8ce7db,,"제로 펫캠샷ㅋㅋㅋ
업무 미팅도 생기고 종종 나갈 일이 생겨서
제로와 분리를 시작해 보려고 구매했다. 

의외로 제로는 잘 있을 거 같은데 
인간이 걱정이 많아서…ㅋㅋ

움직임 포착도 해주고, 짖으면 알려주고 꽤 좋을 거 같다! 기대중😊

#강아지홈캠 #강아지펫캠 #분리불안 #타포홈캠",2023-11-13,강아지홈캠,post,,caption,substitute,2026-10-01T10:43:28
instagram,https://www.instagram.com/p/Cy6QC-vv3rN/,536f4b5f7fb26e50,,"세계적인 브랜드 티 . 피 . 링 . 크 ♥︎

홈 CCTV 부터 실외 CCTV 
이제는 도어벨까지 티피링크가 전부 책임져 드릴게요 

실내, 그리고 실외에서도 
300만 화소와 400만 화소로 더욱 선명한 화질로 볼 수 있어요
그리고 메모리카드 또한 최대 512GB까지 지원 가능하니 
더욱 든든하게 오랫동안 영상을 보관하고 볼 수 있어요 

AS마저도 아주 든든하게 3년의 무상지원까지 👍🏻 

역시 세계적인 브랜드 NO.1 티피링크죠? 

 ⠀

라이브랩스는 각 브랜드 이미지에 맞춰
방송 제작과 컨설팅을 진행하고 있으니,
문의 DM💌혹은 아래 연락처로📲 연락주시면
더 자세히 말씀드리겠습니다.

✔ 대형 호리존 스튜디오 보유
✔ 고퀄리티 라이브커머스 제작
✔ 영상 및 이미지 제작
✔ 마케팅
✔ 라이브 교육
✔ 쇼호스트 섭외

위와 같은 차별화된 컨텐츠로 여러분의 라이브를
한층 업그레이드 시켜드릴 것을 약속 드립니다.
언제든 편하게 연락 주세요.

🔺 라이브에 진심인 사람들 🔺
📸라이브랩스

#라이브커머스 #라이브쇼핑 #라이브커머스대행 #쇼호스트 #네이버쇼핑라이브 #집꾸미기 #쇼핑라이브 #라이브커머스대행사 #영상제작 #라이브대행 #쇼호스트섭외 #라이브 #라이브방송 #라이브랩스 #티피링크 #홈캠 #홈cctv #반려동물그램 #홈인테리어 #씨씨티비 #씨씨티비추천 #와이파이 #티피링크공유기 #cctv #티피링크cctv #반려동물홈캠 #고양이홈캠 #강아지홈캠 #tplink",2023-10-27,강아지홈캠,post,,caption,substitute,2026-10-01T10:43:28
instagram,https://www.instagram.com/p/Cy5BDZ3LGbC/,daab818bdeef761b,,"지켜보고 있다👀
(밤비는 잠깐씩 혼자 있는 연습 중~~)",2023-10-27,강아지홈캠,post,,caption,substitute,2026-10-01T10:43:28
instagram,https://www.instagram.com/p/Cy0Y735Jao4/,e0dafed2186c28e3,,"언니야 나름 나 혼자 잘 놀고 있어 🐶
그치만 놀다가도 자다가도 생각나 .. 🥹

주인은 크라잉 ㅠ 퇴근하자마자 뛰가는중 🔥",2023-10-25,강아지홈캠,post,,caption,substitute,2026-10-01T10:43:28
instagram,https://www.instagram.com/p/Cy0FT6LSrZ0/,46b3f2100fd577e0,,"짠해ㅠㅠㅠㅠㅠㅠㅠㅠ
.
.
*문제시 /DM 주세요*
DM for credit or removal request
(🎥 Credit: unknowm)
.
.
.
#ㅋㅋㅋ #오늘의짤 #유머페이지 #유머스타그램 #재밌는짤 #선팔하면맞팔 #좋아요반사 #좋아요테러 #꿀잼 #웃긴영상 #힐링짤 #공감짤 #웃음 #일상공유 #강아지홈캠 #강아지짤 #댕댕이",2023-10-25,강아지홈캠,post,,caption,substitute,2026-10-01T10:43:28
instagram,https://www.instagram.com/p/Cyqpz8Crxu-/,401bd166a963718e,,"🤍🤍🤍🤍🤍
1층에서부터 홈캠으로 지켜본 봉지 모습(맴찢주의)

멍하니 누워 있다가도 발소리에 벌떡 몸을 일으켜 현관 앞에 나와 보는 봉지😭

하루 종일 얼마나 많이 이렇게 기대했을까 생각하니 너무 미안하고 사랑스럽다🥹

매일 조금이라도 더 행복하게 해줄게, 사랑해 봉지야🤍

#강아지홈캠 #타포 #tapo #타포홈캠 #폼피츠 #cutedogs #lovelydogs #waitingforyou #waitingdogs 
#유튜멍박봉지",2023-10-21,강아지홈캠,post,,caption,substitute,2026-10-01T10:43:28
instagram,https://www.instagram.com/p/CyisjDVRyRR/,972dde5cb7b0426d,,칭구들 비밀인데 사랑이 밤마다 걸음마 연습하고있따?🤫🤫,2023-10-18,강아지홈캠,post,,caption,substitute,2026-10-01T10:43:28
instagram,https://www.instagram.com/p/CyV0dBCP14p/,bbcc8dad797045b8,,"안전하고 스마트한 우리집 지킴이😎
티피링크!

1인가구 반려동물 키우시는분들!

회사 출근했을때 
우리 댕댕이🐕야옹이🐈🐾
밥은 잘 먹나? 잘 자고 있나? 😞

궁금하고 걱정되서 힘드셨던분들!

이제는 티피링크 CCTV로
걱정해결🤩

포브스선정 고객신뢰도 1위 기업이니까!
말모말모🫶

설치도 간편하고, 조작도 앱으로 쉽게!
와이파이만 있으면 월이용료 없는
스마트한 우리집 지킴이
티피링크와 함께해보세요😉
 ⠀
 ⠀

라이브랩스는 각 브랜드 이미지에 맞춰
방송 제작과 컨설팅을 진행하고 있으니,
문의 DM💌혹은 아래 연락처로📲 연락주시면
더 자세히 말씀드리겠습니다.

✔ 대형 호리존 스튜디오 보유
✔ 고퀄리티 라이브커머스 제작
✔ 영상 및 이미지 제작
✔ 마케팅
✔ 라이브 교육
✔ 쇼호스트 섭외

위와 같은 차별화된 컨텐츠로 여러분의 라이브를
한층 업그레이드 시켜드릴 것을 약속 드립니다.
언제든 편하게 연락 주세요.

🔺 라이브에 진심인 사람들 🔺
📸라이브랩스

#라이브커머스 #라이브쇼핑 #라이브커머스대행 #쇼호스트 #네이버쇼핑라이브 #집꾸미기 #쇼핑라이브 #라이브커머스대행사 #영상제작 #라이브대행
#쇼호스트섭외 #라이브 #라이브방송 #라이브랩스 #티피링크 #홈캠 #홈cctv #반려동물그램 #홈인테리어 #씨씨티비 #씨씨티비추천 #와이파이 #티피링크공유기 #cctv #티피링크cctv #반려동물홈캠 #고양이홈캠 #강아지홈캠 #tplink",2023-10-13,강아지홈캠,post,,caption,substitute,2026-10-01T10:43:28
instagram,https://www.instagram.com/p/CyAeihuBuB2/,fc648a46460016d8,,"평소에 분리불안 생길까봐 
홈캠으로 절대 소리 안 내는데 
뭐하고있나 봤다가 기절할뻔 ㄷ ㄷ
너무 가까워요 ,,,,",2023-10-05,강아지홈캠,post,,caption,substitute,2026-10-01T10:43:28
instagram,https://www.instagram.com/p/C4vBLl5JHJt/#c18025043516070073,5ced612715792e97,,모찌...ㅎㅎㅎㅎㅎ 어딘가 모르게 민지 비슷한.....🤣,2024-03-22,강아지홈캠,comment,,comment,substitute,2026-10-01T10:43:28
instagram,https://www.instagram.com/p/C4vBLl5JHJt/#c17969720150573492,ca89588ca2557249,,순식간에 대왕호빵 만드러버림😍,2024-03-20,강아지홈캠,comment,,comment,substitute,2026-10-01T10:43:28
instagram,https://www.instagram.com/p/C4vBLl5JHJt/#c17872013940072385,8eca9ee8ff61a178,,중독성있네 자꾸 보게되네 ㅋㅋ,2024-03-20,강아지홈캠,comment,,comment,substitute,2026-10-01T10:43:28
instagram,https://www.instagram.com/p/C5Frn4ZrvDz/#c18061271206479531,6449a96ed16f9ffe,,누워있을때마다 왜이리짧고 귀엽죠?😍😍,2024-03-29,강아지홈캠,comment,,comment,substitute,2026-10-01T10:43:28
instagram,https://www.instagram.com/p/C4udFEKLHfB/#c17993103683616945,9754d14a44ada2ef,,온새언니 표정봐... 사심채우느라 가게연거 같어요🤣🤣🤣,2024-03-20,강아지홈캠,comment,,comment,substitute,2026-10-01T10:43:28
instagram,https://www.instagram.com/p/C5FSNcPJ_GQ/#c17973212132694250,f4aa43ca70f92037,,우와 설이 밥그릇 되게좋아보인다 🍚,2024-03-29,강아지홈캠,comment,,comment,substitute,2026-10-01T10:43:28
instagram,https://www.instagram.com/p/C5FSNcPJ_GQ/#c17896934276977632,20403cabddb4ee46,,백설아 뭔가 잘못보냈다 나랑바꾸자😍,2024-03-29,강아지홈캠,comment,,comment,substitute,2026-10-01T10:43:28
instagram,https://www.instagram.com/p/C4XG1ANLf8-/#c18324864802136576,dec895362465d434,,앜ㅋㅋㅋㅋㅋㅋ계속 목소리 들려주고싶운 마약 짤…,2024-03-11,강아지홈캠,comment,,comment,substitute,2026-10-01T10:43:28
instagram,https://www.instagram.com/p/C4XG1ANLf8-/#c17980951574641651,fec2c6bce33a7836,,모야 어디서 무슨 소리가 들리는데????!!!,2024-03-11,강아지홈캠,comment,,comment,substitute,2026-10-01T10:43:28
instagram,https://www.instagram.com/p/C4XG1ANLf8-/#c18124452676342044,cafa82f4410155b4,,저랑 같은거쓰시네용 호홋ㅎㅎㅎ귀요미,2024-03-11,강아지홈캠,comment,,comment,substitute,2026-10-01T10:43:28
instagram,https://www.instagram.com/p/C4XG1ANLf8-/#c18030867856911608,b76ae45549718a4b,,앜ㅋㅋㅋㅋ 코봐~ 왕코 심쿵❤️ 귀욥다,2024-03-11,강아지홈캠,comment,,comment,substitute,2026-10-01T10:43:28
instagram,https://www.instagram.com/p/C4XG1ANLf8-/#c18081969556442232,1f1577d6bc0050bd,,순대 노즈워크 박살내고 응가 해쏘?ㅋㅋㅋㅋㅋㅋㅋㅋㅋㅋㅋㅋㅋㅋㅋㅋㅋ 진짜 아기다 아기🍼👼🏻🤍🤍,2024-03-11,강아지홈캠,comment,,comment,substitute,2026-10-01T10:43:28
instagram,https://www.instagram.com/p/C7G3ldHrDLg/#c18227454631263438,4583a7be1d7bf5d9,,아가들 혼자 있는 시간이 길어졌구낭😢 그래두 이쁘게 잘 있을 수 있지? ❤️❤️,2024-05-18,강아지홈캠,comment,,comment,substitute,2026-10-01T10:43:28
instagram,https://www.instagram.com/p/C0alB1vpIDJ/#c18007492919142701,e9c126f8b082b708,,애기들 지켜보면 마음이 편할것 같아용!!,2023-12-04,강아지홈캠,comment,,comment,substitute,2026-10-01T10:43:28
instagram,https://www.instagram.com/p/C7gbWFzPFoo/#c18033627239059360,002f664971f2daee,,혹시 모빌 정보 알수있을까요?,2024-07-01,강아지홈캠,comment,,comment,substitute,2026-10-01T10:43:28
instagram,https://www.instagram.com/p/C7gbWFzPFoo/#c18240601615250175,4b87651bce624098,,침대 펌퍼커버 정보알수잇을까요?,2024-06-11,강아지홈캠,comment,,comment,substitute,2026-10-01T10:43:28
instagram,https://www.instagram.com/p/C7gbWFzPFoo/#c18058950199588116,0a273d0a95bb03ea,,거치대 필수인데 탄탄해보여요🤍,2024-05-29,강아지홈캠,comment,,comment,substitute,2026-10-01T10:43:28
instagram,https://www.instagram.com/p/C7gbWFzPFoo/#c17918044724923799,361e55094926cd17,,홈거치대 잇으면 자유자재로 움직일수 잇어서 좋더라구요😮🤍,2024-05-29,강아지홈캠,comment,,comment,substitute,2026-10-01T10:43:28
instagram,https://www.instagram.com/p/C7gbWFzPFoo/#c18030504509043834,a51f4a7908cae05f,,용감맘 홈캠거치대 필수죠🫢🤍 탄탄하게 고정되서 너무 좋을 것 같아요!,2024-05-28,강아지홈캠,comment,,comment,substitute,2026-10-01T10:43:28
instagram,https://www.instagram.com/p/C7gbWFzPFoo/#c18103091290400588,89f4a0643a0daf3d,,홈캠거치대 필요한데 둘러봐야겠어요!!😮,2024-05-28,강아지홈캠,comment,,comment,substitute,2026-10-01T10:43:28
instagram,https://www.instagram.com/p/C7gbWFzPFoo/#c17915209949844123,f8771652a7bd8f26,,아기침대에 요거루 설치하면 좋을고같아요🫶🏻,2024-05-28,강아지홈캠,comment,,comment,substitute,2026-10-01T10:43:28
instagram,https://www.instagram.com/p/C7gbWFzPFoo/#c18029898938016219,3315a1d1f63c2649,,거치대너무유용한데요❤️ 채이도사야하는데 ㅎㅎ길어서 더좋은거같아요,2024-05-28,강아지홈캠,comment,,comment,substitute,2026-10-01T10:43:28
instagram,https://www.instagram.com/p/C7gbWFzPFoo/#c18438571483046107,fc095f63a110b819,,홈캠거치대 너무 좋은데여! 각도 안나와서 고생했던 기억이.. 😂,2024-05-28,강아지홈캠,comment,,comment,substitute,2026-10-01T10:43:28
instagram,https://www.instagram.com/p/C7gbWFzPFoo/#c18356477323096688,914882aaf89dcadb,,엄청 튼튼하고 좋은거같아요 ❤️❤️,2024-05-28,강아지홈캠,comment,,comment,substitute,2026-10-01T10:43:28
instagram,https://www.instagram.com/p/C5aPPoLLxJl/#c18041327656742316,16cff73282b79ce1,,갈수록 예뻐지는 백설이🤍🤍,2024-04-06,강아지홈캠,comment,,comment,substitute,2026-10-01T10:43:28
instagram,https://www.instagram.com/p/C5aPPoLLxJl/#c17920029701878344,b83258e84314128b,,벌써 먹었나요? 혀로입닦는중,2024-04-06,강아지홈캠,comment,,comment,substitute,2026-10-01T10:43:28
instagram,https://www.instagram.com/p/CyisjDVRyRR/#c17967836717641489,b78443b6e700af20,,앜ㅋㅋㅋㅋㅋㅋㅋ사랑앙 ㅋㅋㅋ이제 곧 두발로 걷는거양..?>< 나한테로 왕❤️,2023-11-01,강아지홈캠,comment,,comment,substitute,2026-10-01T10:43:28
instagram,https://www.instagram.com/p/CyisjDVRyRR/#c17973931907452282,0853175da1955348,,악🤣🤣 사랑아❤️ 이제 곧 두발로 걷기 마스터 하겠는걸😜😝,2023-10-26,강아지홈캠,comment,,comment,substitute,2026-10-01T10:43:28
instagram,https://www.instagram.com/p/CyisjDVRyRR/#c18008658115989400,8ebe488a05b276cc,,앜~~ 사랑아~ 이제까지 밤 🌃 마다 혼자 연습한거야😂😂😂😂😂,2023-10-25,강아지홈캠,comment,,comment,substitute,2026-10-01T10:43:28
instagram,https://www.instagram.com/p/CyisjDVRyRR/#c18296681083133669,03db518b486b23d0,,앜ㅋㅋㅋㅋㅋ사랑이 두발로 걸어다니는거야?😂❤️,2023-10-21,강아지홈캠,comment,,comment,substitute,2026-10-01T10:43:28
instagram,https://www.instagram.com/p/CyisjDVRyRR/#c18209056216256345,f70da1ba27347039,,쉿 옴마한테 비밀로 하께(˵ ͡° ͜ʖ ͡°˵),2023-10-21,강아지홈캠,comment,,comment,substitute,2026-10-01T10:43:28
instagram,https://www.instagram.com/p/CyisjDVRyRR/#c17997847922500372,c7ecf78e3f6f5a4d,,헉 사랑이 짱인데 ?! 혼자 걸음마 연습하는고야 ? 귀여워💕,2023-10-19,강아지홈캠,comment,,comment,substitute,2026-10-01T10:43:28
instagram,https://www.instagram.com/p/CyisjDVRyRR/#c17977520573573139,ed9fa38be9aeceec,,조만간 두발루 걷는 모습 보겠는데!?😆❤️❤️,2023-10-18,강아지홈캠,comment,,comment,substitute,2026-10-01T10:43:28
instagram,https://www.instagram.com/p/C-SW36dTSPP/#c17889269318999871,4d458f6ce5dbe948,,와 선명하다 저제품사고시프다 ㅠㅠ😂😂,2024-08-06,강아지홈캠,comment,,comment,substitute,2026-10-01T10:43:28
instagram,https://www.instagram.com/p/C-SW36dTSPP/#c18043591462934262,44b21c3cb24fc6b7,,훨씬 깔끔한 느낌이에요~! 사진인줄!,2024-08-06,강아지홈캠,comment,,comment,substitute,2026-10-01T10:43:28
instagram,https://www.instagram.com/p/C-SW36dTSPP/#c17887877937065460,e07b6ada3eab0ae0,,우와 진짜 좋은데요 럄빠도 짐 쓰는거 화질 안좋다고 바꾸려하던데😍😍,2024-08-06,강아지홈캠,comment,,comment,substitute,2026-10-01T10:43:28
instagram,https://www.instagram.com/p/C-SW36dTSPP/#c17952078809811415,cead4efda04f8450,,도촬하는듯한 죄책감이.. 선명해요 잘 보여요 걍 이웃 신청해서 당당히 볼께요 ㅋ😂,2024-08-06,강아지홈캠,comment,,comment,substitute,2026-10-01T10:43:28
instagram,https://www.instagram.com/p/C-SW36dTSPP/#c17869566099157952,7f261cf290cd6dc8,,자꾸 피드 떠서 보게 되는데,2024-08-06,강아지홈캠,comment,,comment,substitute,2026-10-01T10:43:28
instagram,https://www.instagram.com/p/C-SW36dTSPP/#c18037496105012866,11fae399aaa7df01,,호두랑 형아랑 더 잘보여서 너무 조응데염?!😍 아빠 체고!!👍🏻👍🏻,2024-08-06,강아지홈캠,comment,,comment,substitute,2026-10-01T10:43:28
instagram,https://www.instagram.com/p/C-SW36dTSPP/#c18072113713531058,adc99dc85183264a,,우오 화질 진짜좋은ㄷㅔ요??? 어떤 카메라인지 궁금해요😍,2024-08-05,강아지홈캠,comment,,comment,substitute,2026-10-01T10:43:28
instagram,https://www.instagram.com/p/C4iGo02vgg0/#c17927587484836253,5a8254cd3a4b9599,,아반강고X독스플레이,2024-03-15,강아지홈캠,comment,,comment,substitute,2026-10-01T10:43:28
instagram,https://www.instagram.com/p/Cyqpz8Crxu-/#c17996967092210885,afa18ba36287b829,,ㅠㅠㅠㅠㅠㅠ 강아지 수명 인간만큼 되어야해 진짜 ㅠㅠ,2023-10-23,강아지홈캠,comment,,comment,substitute,2026-10-01T10:43:28
instagram,https://www.instagram.com/p/CyAeihuBuB2/#c18021526888741913,4dee5b6a88bcecd1,,"아 이거 진짜 너무귀엽다,,,",2023-10-05,강아지홈캠,comment,,comment,substitute,2026-10-01T10:43:28
instagram,https://www.instagram.com/p/C45f_eJJGTT/#c18015704426233244,4c1cbfa3d931e25a,,"백설이 아기같아요.,. 산 세월이 무색하게 너무 자연스럽게 잘적응하네요",2024-03-24,강아지홈캠,comment,,comment,substitute,2026-10-01T10:43:28
instagram,https://www.instagram.com/p/C45f_eJJGTT/#c18026145523990639,7c56db3e25a964f0,,백설이도 우리 삼순이랑 같은 몸매인가요......마치...웰시같은....😍😍😍,2024-03-24,강아지홈캠,comment,,comment,substitute,2026-10-01T10:43:28
instagram,https://www.instagram.com/p/C45f_eJJGTT/#c17935398086814098,bb2ccd24375cbe6a,,어리둥절하면서도 너무 행복할거 같아요❤,2024-03-24,강아지홈캠,comment,,comment,substitute,2026-10-01T10:43:28
instagram,https://www.instagram.com/p/C54x06Opc9P/#c18062494222551852,35815ff372c1f1bc,,귀염둥이 솜이야 방가워🔥 겨울이랑 앞으로 친하게 지내자 😍,2024-04-24,강아지홈캠,comment,,comment,substitute,2026-10-01T10:43:28
instagram,https://www.instagram.com/p/C54x06Opc9P/#c18025734431025747,9d44746c959db1b8,,솜아 방가워❤️ 하리 놀러와쒀😍😍,2024-04-19,강아지홈캠,comment,,comment,substitute,2026-10-01T10:43:28
instagram,https://www.instagram.com/p/C54x06Opc9P/#c17851169508177348,f53f20187ed05aba,,당근 앞에두고 쳐다보는게 넘 사랑스럽댜나 ₍ᐢ..ᐢ₎♡̷ ༘✩ 🥕🥕,2024-04-18,강아지홈캠,comment,,comment,substitute,2026-10-01T10:43:28
instagram,https://www.instagram.com/p/C54x06Opc9P/#c18028498082070196,0e6226271ac7fc72,,안뇽!!! 너 너무 기욥당🥹!!! 난 루피쵸파야❣️나랑 친구하지 않을래?♥️ 선팔하고 갈께 맞팔하장🙌 내 피드도 논누와➰,2024-04-18,강아지홈캠,comment,,comment,substitute,2026-10-01T10:43:28
instagram,https://www.instagram.com/p/C54x06Opc9P/#c18023313443481996,a0369a988f75440c,,힝구 쪼끔만 버티면 주말이니까 솜이 힘내쟛🙌🏻♥️,2024-04-18,강아지홈캠,comment,,comment,substitute,2026-10-01T10:43:28
instagram,https://www.instagram.com/p/C54x06Opc9P/#c18025468613297307,f26719059068fbef,,히히히 솜이이 낑깡이랑 노올자(~˘▾˘)~♫•*¨*•.¸¸♪,2024-04-18,강아지홈캠,comment,,comment,substitute,2026-10-01T10:43:28
instagram,https://www.instagram.com/p/C45k2TTpmCt/#c17990583101427800,f32e0e8b6b8c3a7a,,백설이는 뭔가 표정이 흐뭇한 표정😍😍😍😍,2024-03-25,강아지홈캠,comment,,comment,substitute,2026-10-01T10:43:28
instagram,https://www.instagram.com/p/C2G4b47vP2t/#c17867601516059178,b9043bb90fccc5de,,오메 눈이ㅜ땡그래갖고 인형같네!!,2024-01-16,강아지홈캠,comment,,comment,substitute,2026-10-01T10:43:28
instagram,https://www.instagram.com/p/C2G4b47vP2t/#c18035973493727797,8e0b2810afd125d0,,가루 안뇽 !!! 너 너무 귀여워 .. 칭구할래 우리 ?💛,2024-01-16,강아지홈캠,comment,,comment,substitute,2026-10-01T10:43:28
instagram,https://www.instagram.com/p/C2G4b47vP2t/#c18172767436292862,bf40761e61dd78e5,,쪼꼬미 사생활이 어디써 귀여우면 공유해!🥺❤,2024-01-16,강아지홈캠,comment,,comment,substitute,2026-10-01T10:43:28
instagram,https://www.instagram.com/p/C2G4b47vP2t/#c18041407762628305,d128694d2a895999,,가루야 넘 귀여운거 아니니❤️,2024-01-15,강아지홈캠,comment,,comment,substitute,2026-10-01T10:43:28
instagram,https://www.instagram.com/p/C2G4b47vP2t/#c17934773012702465,64adcf6f55d85942,,ㅋㅋㅋㅋㅋ 완전 인형 아니야?❤️ 표정보ㅏ 너무 귀여오😍,2024-01-15,강아지홈캠,comment,,comment,substitute,2026-10-01T10:43:28
instagram,https://www.instagram.com/p/C4ua1v3LoUA/#c17883651578962837,674b3b60bea4f22b,,계단 내려갈때 꼬리를 저래 돌리죠? ㅋㅋㅋㅋㅋ,2024-03-20,강아지홈캠,comment,,comment,substitute,2026-10-01T10:43:28
instagram,https://www.instagram.com/p/C4ua1v3LoUA/#c18030056068769961,fb36e4c65754ff4e,,2해방 반가워어어 사이다이모가 남대문에서 장난감 겁나털어왓음😍,2024-03-20,강아지홈캠,comment,,comment,substitute,2026-10-01T10:43:28
instagram,https://www.instagram.com/p/C5aFuozrDzb/#c18026340647068107,ae93bb8e54ae629f,,저누운사진..다리길이 실화?,2024-04-06,강아지홈캠,comment,,comment,substitute,2026-10-01T10:43:28
instagram,https://www.instagram.com/p/C5aFuozrDzb/#c17917359014808838,4ed686023fe0abd2,,지렁이 됐넹 ㅋ 설이 기분 엄청 좋은가보다💕🌸,2024-04-06,강아지홈캠,comment,,comment,substitute,2026-10-01T10:43:28
instagram,https://www.instagram.com/p/C5DlCKNp3tQ/#c18021203464913431,ee3b27eb828c917d,,이제 처음부터 배우는 아가야 같아요🥹,2024-03-28,강아지홈캠,comment,,comment,substitute,2026-10-01T10:43:28
instagram,https://www.instagram.com/p/C9uLWY1zu3y/#c18034984058504654,18c3709170e6024b,,집 안지키는 만세 모음집 ❤️,2024-08-12,강아지홈캠,comment,,comment,substitute,2026-10-01T10:43:28
instagram,https://www.instagram.com/p/C9uLWY1zu3y/#c17946440051822136,f1a78977e9532ee6,,만세씨 주무시지마시고 집을지키셔야죠,2024-07-23,강아지홈캠,comment,,comment,substitute,2026-10-01T10:43:28
instagram,https://www.instagram.com/p/C9uLWY1zu3y/#c17866591803166235,3015350f84df2473,,분리불안이 없어서 정말 부럽😂,2024-07-22,강아지홈캠,comment,,comment,substitute,2026-10-01T10:43:28
instagram,https://www.instagram.com/p/C9uLWY1zu3y/#c17896418628035340,72438bed372152c9,,너무 예쁜 천사.만세네여❤️,2024-07-22,강아지홈캠,comment,,comment,substitute,2026-10-01T10:43:28
instagram,https://www.instagram.com/p/C4uZEUSryo9/#c18020733688908979,044a5a3a7bfca921,,사찌 형제들 엄마(현 민지)를 임보해주실 때 보고있었어요.. 복실이가 임보자님댁으로 가게 되었네요~부산 강아지 복실! 서울로 가다니~~ 응원합니다🥰,2024-03-21,강아지홈캠,comment,,comment,substitute,2026-10-01T10:43:28
instagram,https://www.instagram.com/p/C4uZEUSryo9/#c18000471875282179,43af03b6007540f3,,이 친구 구조되는 것 봤는데 해방촌으로 임보갔군요! 씻고 미용하니 다른 강아지 같아요 ☺️ 서울살이 적응 파이팅,2024-03-20,강아지홈캠,comment,,comment,substitute,2026-10-01T10:43:28
instagram,https://www.instagram.com/p/C5VEtDGrbNH/#c18005244593419737,f03ae88d0aa041a8,,아이예뻐. 곰이도 해방촌 가고싶다😍😍,2024-04-04,강아지홈캠,comment,,comment,substitute,2026-10-01T10:43:28
instagram,https://www.instagram.com/p/C5VEtDGrbNH/#c17896514378986041,0b597e46bd8f27c8,,조둥이가 점점 옅어지는중 배는 더나오는중😂,2024-04-04,강아지홈캠,comment,,comment,substitute,2026-10-01T10:43:28
instagram,https://www.instagram.com/p/C5VEtDGrbNH/#c18023296535037047,f11558b74cd38c75,,백설이 민지랑 너무 닮았어요 심드렁한 것까지..,2024-04-04,강아지홈캠,comment,,comment,substitute,2026-10-01T10:43:28
instagram,https://www.instagram.com/p/C4vtPZTpuEV/#c18047165884717958,f56b2b7de080ab6c,,ㅋㅋㅋㅋㅋ 백설이 대박 👍 👍 표현도 많이하네요,2024-03-20,강아지홈캠,comment,,comment,substitute,2026-10-01T10:43:28
instagram,https://www.instagram.com/p/C7xmrrYMgC7/#c18029901326104391,32ac6e7afe79aa07,,쿠팡 사전예약 이벤트 오늘이 마지막😭💙,2024-06-10,강아지홈캠,comment,,comment,substitute,2026-10-01T10:43:28
instagram,https://www.instagram.com/p/C8tqiUaJ3Qj/#c18354524098099090,dcbfbd8b1df178c7,,음…. 마음속까지 들여다볼 수 있는 천제 아이일 수 도…. 히이익~! 😛,2024-06-27,강아지홈캠,comment,,comment,substitute,2026-10-01T10:43:28
instagram,https://www.instagram.com/p/C5lMh5cpMTc/#c18062169610547481,3f09e92bf29398eb,,ㅋㅋ큰 우족 해놓을게 또와 설이야~,2024-04-10,강아지홈캠,comment,,comment,substitute,2026-10-01T10:43:28
instagram,https://www.instagram.com/p/C7rCOBiyayG/#c18110204416377392,e8616084d8235ab2,,왠눈깔만달린게 감시하니 화날만두,2024-06-02,강아지홈캠,comment,,comment,substitute,2026-10-01T10:43:28
instagram,https://www.instagram.com/p/C7rCOBiyayG/#c18007629233526970,61bf9bfd2aecd264,,바닥에 놓지 말고 벽에 설치를 하라고요...;;;,2024-06-01,강아지홈캠,comment,,comment,substitute,2026-10-01T10:43:28
instagram,https://www.instagram.com/p/C46H6C_yuuI/#c18080075014454316,0b559bbc28b3a5d0,,ㅋㅋㅋ 그 미제차 타시는 숙녀분~~ 아토군이랑 넘 닮아서 볼때마다 으히히히히~~😍😍😍😍😍😍 넘 이뿐백설~~~♡,2024-03-25,강아지홈캠,comment,,comment,substitute,2026-10-01T10:43:28
instagram,https://www.instagram.com/p/C46H6C_yuuI/#c18079290967413207,4adede0721e85b0c,,얘는 한번 차태운뒤로 차를 너무잘타요 천잰가바여🤣🤣🤣 간식 위에서부터 밑에까지 쫙다죠,2024-03-24,강아지홈캠,comment,,comment,substitute,2026-10-01T10:43:28
instagram,https://www.instagram.com/p/C_wtUFHz07I/#c18304577668165632,90b3281581581cdc,,까망콩ㅜㅜヲヲヲ아아아 넘 귀여워😍❤️,2024-09-25,강아지홈캠,comment,,comment,substitute,2026-10-01T10:43:28
instagram,https://www.instagram.com/p/C_wtUFHz07I/#c17865666198147913,58984f5a6f28f919,,까망콩 3개 너무 귀엽콩..🖤,2024-09-11,강아지홈캠,comment,,comment,substitute,2026-10-01T10:43:28
instagram,https://www.instagram.com/p/C7VCTcQS51w/#c18435612937021496,7ce8108d176ba272,,크록스 잘못본건가?😳ㅋㅋㅋㅋㅋ 개구쟁이😂,2024-05-25,강아지홈캠,comment,,comment,substitute,2026-10-01T10:43:28
instagram,https://www.instagram.com/p/C7VCTcQS51w/#c18004851347311342,2d7de2cccee281c3,,가끔은 다다도 사고치고 얌전하지 않던 시절이 그리워용😍😍 당장은 힘드실지도 모르지만😂😂 그 시절을 즐깁시당❤️❤️,2024-05-24,강아지홈캠,comment,,comment,substitute,2026-10-01T10:43:28
instagram,https://www.instagram.com/p/C7VCTcQS51w/#c18030666455003262,f9fbc17b64d5e7d1,,투투무 옆엔 신발 양말 휴지😆😆귀여워❤️❤️엄마 냄새 좋아요❤️❤️,2024-05-23,강아지홈캠,comment,,comment,substitute,2026-10-01T10:43:28
instagram,https://www.instagram.com/p/Cz2ENAwShWA/#c18272841049095379,332461f94c7d3f78,,로렌이 보리가 되구 임종보호가 되었나요?!?❤️❤️,2023-11-19,강아지홈캠,comment,,comment,substitute,2026-10-01T10:43:28
instagram,https://www.instagram.com/p/C5LtcPcJy3e/#c17911576250930168,7eb704d70273e077,,"검진할때 놀라울정도로 건치였는데, 물고뜯는 실력이 저맛난걸 못먹고살아서 우쨋을까😂😂",2024-03-31,강아지홈캠,comment,,comment,substitute,2026-10-01T10:43:28
instagram,https://www.instagram.com/p/C5LtcPcJy3e/#c18055003405570775,0afe77051f34fef9,,갈수록 얼굴이 아가아가❤,2024-03-31,강아지홈캠,comment,,comment,substitute,2026-10-01T10:43:28
instagram,https://www.instagram.com/p/C2ThSArJHQD/#c17992288250528626,a3e4b101dfc62e90,,오! 이 그림은 다른느낌이네요 ?! 히히 마치 내 모습.... 😂😂 주인이 분리불앙,2024-01-20,강아지홈캠,comment,,comment,substitute,2026-10-01T10:43:28
instagram,https://www.instagram.com/p/C2ThSArJHQD/#c17928277511729225,4bc0df52578c7e3b,,기다리면서 그동안 참았던 사고치기😂,2024-01-20,강아지홈캠,comment,,comment,substitute,2026-10-01T10:43:28
instagram,https://www.instagram.com/p/C4zgZTYLTlE/#c17848686144172783,bbf7eb12133e8002,,진짜 많이자죠? 항상 묶여서 하루종일 잠만 자서.. ㅠ,2024-03-22,강아지홈캠,comment,,comment,substitute,2026-10-01T10:43:28
instagram,https://www.instagram.com/p/C7Dy2HwrBY1/#c17998660361381229,a80ba4f6f5d5f453,,당첨되신 분들껜 개별 연락드렸습니다🙌,2024-05-23,강아지홈캠,comment,,comment,substitute,2026-10-01T10:43:28
instagram,https://www.instagram.com/p/C7Dy2HwrBY1/#c18009654095384149,dc9913aecfd9bad2,,참여완료~! 내새끼들만 없는 캠…!,2024-05-19,강아지홈캠,comment,,comment,substitute,2026-10-01T10:43:28
instagram,https://www.instagram.com/p/C7Dy2HwrBY1/#c17858695089123349,9e9559db9692bece,,참여완료🐾 평소 혼자 있는 밍밍이가 넘 걱정되고 궁금했어요 정성후기 약속드려요💕,2024-05-19,강아지홈캠,comment,,comment,substitute,2026-10-01T10:43:28
instagram,https://www.instagram.com/p/C7Dy2HwrBY1/#c17929563215774465,78bcceb473d65a72,,두유 우유 참여완료합니다 !!,2024-05-18,강아지홈캠,comment,,comment,substitute,2026-10-01T10:43:28
instagram,https://www.instagram.com/p/C9zA-JfTUB5/#c17938317725852409,8813580d36ad4985,,얌전히 잘있능 양갱이😍귀쫑긋 귀엽다,2024-07-24,강아지홈캠,comment,,comment,substitute,2026-10-01T10:43:28
instagram,https://www.instagram.com/p/C8_J7Fgp7PO/#c18028971130950348,815b320df43915ed,,끼야~~~채고채고 된장이너무 키엽ㅜㅜㅜ,2024-07-04,강아지홈캠,comment,,comment,substitute,2026-10-01T10:43:28
instagram,https://www.instagram.com/p/C8_J7Fgp7PO/#c18008306879576139,2b819a396e6d09c7,,,2024-07-04,강아지홈캠,comment,,comment,substitute,2026-10-01T10:43:28
instagram,https://www.instagram.com/p/Cy5BDZ3LGbC/#c18207532213261396,94eb78988936c4c9,,아구구 씩씩해〰️〰️❕️❕️ 👏 혼자서도 잘 있구 잘 자구 ...💤 연습 화이팅이야 · ₊ ˚✿𓂃 ପ₍ᐢ๑• ֊ •๑ᐢ₎ଓ ⌒☆,2023-10-27,강아지홈캠,comment,,comment,substitute,2026-10-01T10:43:28
instagram,https://www.instagram.com/p/Cy5BDZ3LGbC/#c18018176551850384,ded2462e48e1f91d,,밤비 혼자서도 잘있고 기특해!💛,2023-10-27,강아지홈캠,comment,,comment,substitute,2026-10-01T10:43:28
instagram,https://www.instagram.com/p/C46BIFWvVKk/#c18054179662566842,78c9a829ee0b848c,,그녀 요새 외출이 잦다~~ 무거워서 안을수없는그녀 스스로걷는그녀,2024-03-25,강아지홈캠,comment,,comment,substitute,2026-10-01T10:43:28
instagram,https://www.instagram.com/p/C1oeT2XrghJ/#c17958486920698093,5942e5dfb31dc515,,앙또야 그렇게보면 언능가고 싶어진다구우😢😢,2024-01-03,강아지홈캠,comment,,comment,substitute,2026-10-01T10:43:28
instagram,https://www.instagram.com/p/C1oeT2XrghJ/#c17861820684039449,1d738af4f6900398,,우앙 카메라를 안다구우?! 똑똑이🩷,2024-01-03,강아지홈캠,comment,,comment,substitute,2026-10-01T10:43:28
instagram,https://www.instagram.com/p/C1oeT2XrghJ/#c18030067615805554,8cece339145a5b11,,빨리 오라는고 맞는거 가타요..🤣,2024-01-03,강아지홈캠,comment,,comment,substitute,2026-10-01T10:43:28
instagram,https://www.instagram.com/p/C1oeT2XrghJ/#c18019000150994270,428fbfb80ae4ad3b,,어뚜케안가 빨리가고심땨,2024-01-03,강아지홈캠,comment,,comment,substitute,2026-10-01T10:43:28
instagram,https://www.instagram.com/p/C1oeT2XrghJ/#c17969597099660663,a4827819fb21b9c6,,"카메라로 보고 있는걸 아는고야? 
아이컨텍 모야!❤️",2024-01-03,강아지홈캠,comment,,comment,substitute,2026-10-01T10:43:28
instagram,https://www.instagram.com/p/C61MV11JWuf/#c17967714746724729,1d7f9e61885cc119,,혼자서도 얌전히 잘잇네요😍 저희는 딱지어릴때 홈캠으로 봣는데 하울링은 30분을 하는데 못보겠더라구요😢 동생 구몽이오고 하울링은 멈췄지만😂,2024-05-14,강아지홈캠,comment,,comment,substitute,2026-10-01T10:43:28
instagram,https://www.instagram.com/p/C61MV11JWuf/#c18024464411152567,29958d6b991b2ab9,,이불안에 쏘옥 들어가있네💛,2024-05-13,강아지홈캠,comment,,comment,substitute,2026-10-01T10:43:28
instagram,https://www.instagram.com/p/C61MV11JWuf/#c17998888634564627,d8d0869c73cefd73,,콩이 횽아 포근한 향기 좋아하는구나!😆❤️,2024-05-11,강아지홈캠,comment,,comment,substitute,2026-10-01T10:43:28
instagram,https://www.instagram.com/p/C7nrEiRpAZO/#c18020730161335687,ba35b4d3d757e454,,시루에게 똑똑한 친구가 생겼네요😂👍,2024-05-31,강아지홈캠,comment,,comment,substitute,2026-10-01T10:43:28
instagram,https://www.instagram.com/p/C7nrEiRpAZO/#c17984779457673940,d7bb565b1320118e,,"<홈 모니터링>
* SmartThings 기능을 사용하기 위해서는 SmartThings 앱 설치 및 연동, 무선 네트워크 연결이 필요합니다. 종단 간 암호화기술(E2EE) 적용으로 데이터를 안전하게 보호 합니다.
스트리밍은 클라우드에 저장되지 않고, 녹화영상은 24시간 동안만 클라우드내 보관되고, 스마트폰에 다운 받을 수 있습니다.

<패밀리 케어>
*우리 아이 마중하기 기능 사용을 위해서는 사전에 SmartThings 앱을 통해 설정이 필요하며, 예상 귀가 시간 및 위치를 사전 등록한 후 사용할 수 있습니다.
* 사람 인식 기능은 일반적인 시각적 특징을 통해 인식하며, 개별 인물을 구분하지 못합니다.
사람의 몸 전체가 보이지 않을 경우 인식율이 떨어질 수 있습니다.
* 주변 소음이 큰 경우, 음성 크기가 작은 경우 등 주변 환경에 의해 BESPOKE AI 스팀에 음성이 정확하게 전달되지 못하거나 BESPOKE AI 스팀이 Wi- Fi에 연결되어 있지 않은 경우에는 음성 인식이 작동하지 않을 수 있습니다.
*해당기능은 BESPOKE AI 스팀 (VR7MD97716*) 모델에 한합니다.

<펫 케어/패밀리 케어>
* 이상행동 알림(짖음 감지 기능)은 사전에 SmartThings 앱을 통해 설정이 필요하며, 반려견을 대상으로만 사용 가능합니다. 개, 고양이만 인식이 가 능합니다. 반려묘 인식률은 고양이의 자세와 위치에 따라 영향을 받을 수 있습니다.
반려동물 인식률은 동물의 종류와 거주 환경에 영향을 받을 수 있습니다.
* 펫 케어, 패밀리 케어 기능은 BESPOKE AI 스팀 (VR7MD97716*) 모델에 한합니다.

<빅스비 음성 컨트롤>
* 빅스비는 삼성의 인공 지능(AI) / 사물 인터넷(IoT) 음성 비서 브랜드로, Wi-Fi 공유기와 삼성 계정 필요 합니다. 국가마다 다른 언어가 지원됩니다.
- 빅스비 언어 10종 지원: 한국어/영어(미국)/영어(영국)/영어(인도)/프랑스어/독일어/이탈리아어/스페인어(스페인)/스페인어(중남미)/포르투갈어 (브라질)
원하는 장소/구역 청소를 위해선 사전에 지도 그리기 및 구역 편집을 완료해야 합니다.
* VR7MD97716* 모델은 세트 및 모바일 빅스비를 지원합니다.

<SmartThings>
* SmartThings 기능을 사용하기 위해서는 SmartThings 앱 설치 및 연동, 무선 네트워크 연결이 필요합니다.
SmartThings 앱은 Galaxy Store, Play Store 또는 App Store에서 다운로드할 수 있습니다.
Android OS 9.0 이상(최소 3GB RAM 공간) - iOS 15.0 이상
SmartThings 앱은 일부 태블릿 및 단말과 호환되지 않거나 연동 기기, 사용방법에 일부 제한이 있을 수 있음
* 제품에 따라 SmartThings 기능 지원 여부, 지원 환경 및 사양이 다를 수 있습니다.
* 앱 업데이트에 따라 지원 가능한 OS 사양, 앱 화면 구성 등은 변경될 수 있습니다.
* SmartThings에 연결 가능한 기기 수는 장소(Location) 당 최대 300개입니다. *
사용자의 네트워크 환경에 따라 최대 연결 가능한 기기 수에 제약이 있을 수 있습니다. (계정 당 장소는 최대 10개 사용 가능, 장소당 방은 최대 20개
사용 가능, 장소를 등록한 관리자는 계정 기준 최대 20명 멤버 초대 가능)
* 종단 간 암호화 기술(E2EE, End to End Encryption) 적용으로 데이터를 안전하게 보호합니다. * 스트리밍 영상은 클라우드에 저장되지 않으며, 녹화 영상은 24시간 동안만 클라우드 내 보관되며 스마트폰에 다운로드 받을 수 있습니다.",2024-05-31,강아지홈캠,comment,,comment,substitute,2026-10-01T10:43:28
instagram,https://www.instagram.com/p/Cy0Y735Jao4/#c17994786902512333,c9a9f37db6787f60,,에궁😢 근데 카메라를 아네요 그 앞에서 하울링을 하다니,2023-10-25,강아지홈캠,comment,,comment,substitute,2026-10-01T10:43:28
instagram,https://www.instagram.com/p/Cy0Y735Jao4/#c17995647368198629,e7a50778225174ce,,윽 홈씨씨티비 한대 장만해야겠네유ㅠㅠ,2023-10-25,강아지홈캠,comment,,comment,substitute,2026-10-01T10:43:28
instagram,https://www.instagram.com/p/DdAlM1WD6iL/,0cf185ff88ecf4f7,,"밤에도 우리 아이, 뭐 하고 있을까? 👀🐈

외출 중에는 물론,
불이 꺼진 늦은 밤에도 궁금한 우리 아이의 모습.

라빌리 스마트 자동급식기는
급식기 전면의 카메라를 통해
식사하는 모습부터 혼자 보내는 시간까지 확인할 수 있어요.

실제 집사님의 홈캠에는
밥을 먹으러 온 모습도,
카메라 앞으로 호기심 가득 다가온 순간도 그대로. 🤍

밥을 챙기는 급식기를 넘어
멀리서도 아이의 일상을 확인할 수 있도록.

라빌리 5G 스마트 자동급식기

📷 with 네이버 블로그 ‘wlgml315’ 님
※ 실제 사용 후기와 촬영 이미지를 바탕으로 소개했습니다.

#라빌리 #RABILY #라빌리자동급식기 #고양이자동급식기 #자동급식기 #스마트급식기 #펫CCTV #펫카메라 #홈캠 #고양이집사 #반려묘 #펫가전",2026-09-08,펫카메라,post,,caption,substitute,2026-10-01T11:10:06
instagram,https://www.instagram.com/p/Dc8KL7qgTI6/,83f09103d549fb71,,"제품제공ㅣ오늘은 니모가 사진작가임 📸

가방에도 목줄에도 쏙 달고 다니는 초미니 키링캠!
찍고 싶은 순간엔 니모가 직접 찰칵 ✨

사진은 물론 영상까지 담을 수 있어서
산책하는 모습, 신나게 뛰노는 순간까지
니모의 시선으로 기록해요 ꕀ

컬러도 4가지인데 우리는 스카이블루로 선택 🩵
귀여워서 달고 다니고 나중에 보면
더 소중한 추억이 되는 니모의 첫 카메라

#디얼키링카메라",2026-09-06,펫카메라,post,,caption,substitute,2026-10-01T11:10:06
instagram,https://www.instagram.com/p/Dc2hn8lkSLo/,6acd6b9db0c39f5d,,"외출 중 우리 아이,
밥은 잘 먹고 있을까? 🐶🤍

정해진 시간에 맞춘 예약 급식부터
필요할 때 바로 보내주는 원격 급식까지.

라빌리 스마트 자동급식기는
앱으로 식사 시간을 설정하고
카메라를 통해 아이의 모습도 확인할 수 있어요. 

“외출 중에도 카메라로 확인하고
필요할 때 사료를 줄 수 있어서 편했어요.”

밥을 챙기는 것부터
혼자 있는 아이를 확인하는 것까지 한 번에.

매일 반복되는 식사 시간을
조금 더 편리하게. 🐾

📷 라빌리 리얼 사용기
네이버 블로그 ‘기억이 될 기록_myyooni’ 님

※ 실제 사용 후기의 일부 내용을 발췌·요약했습니다. 

#라빌리 #RABILY #라빌리자동급식기 #자동급식기 #강아지자동급식기 #고양이자동급식기 #스마트급식기 #홈캠급식기 #펫카메라 #강아지용품 #고양이용품 #펫가전",2026-09-04,펫카메라,post,,caption,substitute,2026-10-01T11:10:06
instagram,https://www.instagram.com/p/DaRplwly8Ec/,4379b68df6ab15f7,,"아빸ㅋㅋㅋ가 짜꾸 ㅋㅋㅋㅋ홈캠에 나 들이밀어요 ㅠㅠ
엄마! 잘 보고이쎠??

#홈캠 #홈카메라 #펫카메라 #꼬숑 #김마요",2026-07-02,펫카메라,post,,caption,substitute,2026-10-01T11:10:06
instagram,https://www.instagram.com/p/DZ_w0RznxY0/,56500a38047b5409,,"사랑하는 우리 댕댕이, 집에 혼자 두기 늘 불안하셨죠? 😭
이제 걱정 끝! '국제디에이치시큐리티'의 강아지 홈 안심 케어 스마트 CCTV가 지켜드릴게요! 📸✨

언제 어디서든 스마트폰으로 실시간 확인 가능!
우리 아이가 뭐 하고 있는지 궁금할 때, 켜기만 하면 바로 보이니까 안심돼요. 🥰
말도 걸어줄 수 있어서 외로운 우리 아이에게 큰 위로가 된답니다!

이제 더 이상 혼자 두지 말고, 스마트 CCTV로 언제나 함께하세요! ❤
무료 견적/설치 문의는 1661-0721로 지금 바로 연락 주세요! 📞

우리 아이와의 소중한 일상, 더 안전하고 행복하게 지켜주세요!

📍 상담 및 무료 견적 안내
📞대표번호 : 1661-0721
📱 직통번호 : 
📧 이메일 :",2026-06-25,펫카메라,post,,caption,substitute,2026-10-01T11:10:06
instagram,https://www.instagram.com/p/DXGIPtikwXC/,036e6adcc8cd7109,,".
.
色々心配になりカメラを何個か入れました。
やっぱり家来ても店の子達も気になるし
見たい気持ちもありまして💦
まだ、長い線が届いてなくちょっとしか見えませんが、
長い線届いたら全体的に見れます^ ^

여러가지로 걱정이라 카메라 몇대를 두고
중간중간 보기로…
집에와도 가게 애들 잘 있는지 신경쓰이기도 하고..
아직 긴 선이 도착 하지않아서 전체적으로 못보지만
선 도착하면 바로 제대로 설치하기로!
.
.
.
#ペットカメラ #펫카메라",2026-04-14,펫카메라,post,,caption,substitute,2026-10-01T11:10:06
instagram,https://www.instagram.com/p/DPn9IzIAZc4/,f1e96160309e5304,,"🐾 “오늘도 혼자 있는 아이, 괜찮을까?”
출근하고 나면 텅 빈 집, 그 안에 남겨진 작은 눈빛 하나.
우리 아이가 혼자 있는 시간은 평균 6시간에 달한다는 사실, 알고 계셨나요?
혼자 있는 시간을 줄이는 건 어렵지만, 외로움을 줄이는 방법은 분명 있어요.
작은 루틴, 작은 장치, 그리고 당신의 목소리만으로도요.

👉 혼자 있는 시간을 바꾸는 건 사랑을 나누는 방식이에요.
작은 루틴, 작은 배려, 작은 장치 하나가
아이의 하루를 훨씬 따뜻하게 만들어줍니다.

 반려동물과 우리 사이, 그 중간다리가 되어줄 펫브릿지 🐾

👉 팔로우하고 더 많은 케어 아이디어 받아보세요

#반려동물 #분리불안완화 #자동급식기추천 #펫카메라 #반려동물케어 #강아지 #고양이 #펫브릿지 #반려동물정보 #펫테크 #반려생활꿀팁 #반려동물행동 #반려동물분리불안",2025-10-10,펫카메라,post,,caption,substitute,2026-10-01T11:10:06
instagram,https://www.instagram.com/p/DNsm7O2ZIl0/,b1126880bc0ef750,,"✨ 설치 & 디자인
처음 받아보고 설치했는데 생각보다 너무 간단했어요. 기계치인 저도 혼자서 금방 연결할 수 있었고, 심플한 화이트 톤이라 집 분위기랑도 잘 어울려서 튀지 않고 만족스럽더라구요.

👀 화질 & 회전 기능
2K 300만 화소라 화질이 확실히 선명해요. 반려동물 혼자 두고 외출할 때도 작은 움직임까지 잘 보여서 안심돼요. 회전형이라 사각지대 없이 방 전체를 볼 수 있는 것도 정말 마음에 들어요.

🔒 보안 기능
제가 이 제품을 선택한 가장 큰 이유는 바로 보안 때문이에요. 앱으로 알림을 바로 받을 수 있고, 외부에서도 실시간으로 확인이 가능하니까 집 비울 때도 걱정이 줄었어요. 생각보다 이 부분이 삶의 질을 높여주더라구요.

💡 총평
저처럼 아이는 없지만 집 보안이나 반려동물 때문에 홈캠 고민하시는 분들께 강추해요. 작은 차이가 주는 안정감이 크고, 가격 대비 기능이 꽉 차 있어서 만족도 최고예요!
.
#리그램 - by 
이글루 실제 사용 후기 이벤트🎉

업로드 인증링크: 
참여기간: 8월 18일~9월 12일
참여방법 : 실제 사용하고 계시는 제품 사진을 인스타에 아래 해시태그와 업로드해주세요.
(기존 게시물에 해시태그 추가 후 참여가능)
 

정성스럽게 작성해주시면 추첨 확률 UPUP!

필수해시태그 :#이글루캠 #홈캠은이글루 #보안은이글루#사용후기이벤트#홈캠#구매후기이벤트#IP카메라#베이비캠#펫캠#홈카메라#인증이벤트
 
당첨자 경품 : 스타벅스 커피 쿠폰(추첨 100명)과 이글루 클라우드 이용권(전원 지급)
*기존 클라우드 결제 고객은 희망시 이글루 홈캠 제품 20% 할인쿠폰 제공
 
업로드 후 아래 링크에 인증 내역과 간단한 설문 참여주시면,
참여 고객 100% 클라우드 이용권 30일권과 스타벅스 기프티콘을 드려요.
업로드 인증 링크: 
 
앞으로도 기존 이글루 고객분들을 위해서 보다 많은 이벤트와 경품으로 찾아뵙겠습니다.
 
#홈카메라 #홈CCTV #베이비캠 #펫카메라 #IP카메라 #보안카메라 #스마트홈 #보안은이글루 #홈캠은이글루 #우리집지킴이

 
* 당첨자 발표는 이글루 앱과 SNS를 통해 확인 가능하며 경품은 개별적으로 전달 예정입니다.
* 당첨자 경품 발송은 당첨자 발표 이후 한달 이내에 발송될 예정입니다. 
 
 
유의사항
 
1. 이벤트 일정 및 경품은 운영사정에 따라 변경될 수 있습니다.
2. 수집된 개인정보는 경품발송 후 폐기되어 다른 목적으로 사용되지 않습니다.
3. 남겨주신 후기는 이글루 마케팅에 활용될 수 있습니다.
4. 상품 이미지는 정보 제공을 위한 이미지로 실제와 다를 수 있으며, 상품 수급에 따라 동일 사양의 다른 상품으로 대체될 수 있습니다.
5. 상품 전송은 이벤트 응모 시 작성하신 연락처를 기준으로 진행되며, 부정확한 정보입력으로 인한 오전송은 당사가 책임지지 않습니다.",2025-08-23,펫카메라,post,,caption,substitute,2026-10-01T11:10:06
instagram,https://www.instagram.com/p/DNW67VRNwO4/,82a56ef4ec3b2f4e,,"🐶🐱혼자 있는 반려동물, 걱정 끝! 
집 안에서 꼼꼼히 지켜주는 EZVIZ TY1 Pro 📸✨

360° 회전으로 거실부터 구석까지 모두 확인 🌀
강아지·고양이 움직임 자동 추적+줌인 🐾
밤에도 선명한 컬러 나이트비전 🌙
큰 소리 감지 시 즉시 알림 📲
양방향 대화로 실시간 소통 💬💖

외출 중에도 반려동물의 하루를 함께하세요 🏠💡

Learn More: 
Buy Now: 
#EZVIZ #TY1Pro #펫카메라 #반려동물모니터링 #360도카메라 #실내용카메라
#컬러나이트비전 #자동추적 #양방향통화 #강아지모니터링 #고양이모니터링 #집지킴이 #홈보안",2025-08-15,펫카메라,post,,caption,substitute,2026-10-01T11:10:06
instagram,https://www.instagram.com/p/DMuZri1R7HB/,6963d65a5b32b0ef,,"🧑 지니: “지나야, Furbo로 강아지 확인 뚝딱! 스마트 펫 테크 대박!”

👩 지나: “Petkit으로 고양이 화장실 관리 끝! 2025 필수!”

Hi-Fi Tech Star에서 스마트 펫 테크 리뷰 확인하세요! 🚀

🔗 

#스마트펫테크 #2025스마트홈 #반려동물 #펫카메라 #하이파이테크스타 #Petkit #Furbo360 #WhistleGo #테크리뷰 #펫케어",2025-07-30,펫카메라,post,,caption,substitute,2026-10-01T11:10:06
instagram,https://www.instagram.com/p/DJ0TxMtxhxh/,8597e5e4300afdd6,,"식사 루틴 형성은 
고양이 건강 관리는 물론,
루틴을 중요시하는 고양이들에게 안정감을 줘요!

하지만, 매일 같은 시간에 
사료 챙겨주기 참 쉽지 않죠 😂
그래서 넬로가 집사들을 위해 준비한 스마트 솔루션🐾

외출 중에도 내 고양이 밥 챙기고 
모습 확인까지 한 번에!

냥이 배꼽시계보다 정확한
넬로 스마트 홈 카메라 펫 급식기를 
확인해보세요!",2025-05-19,펫카메라,post,,caption,substitute,2026-10-01T11:10:06
instagram,https://www.instagram.com/p/DJU_mrdhWiX/,6559bf4da20e4b63,,"😪💕
아무리 내가 자고있을 때 업어가도 모른다지만 
자는데 나한테 몰래 뽀뽀하다니 😽🫢
.
.
#펫카메라 #sleepingbeauty",2025-05-06,펫카메라,post,,caption,substitute,2026-10-01T11:10:06
instagram,https://www.instagram.com/p/DE6zVXUTt0V/,49a94e59d5b6484f,,"아이 심심하다멍🐶
아무도없는데 사고칠거없냐멍⁉️

#강아지 #시바 #시바견 #시바이누 #시바스타그램 #사고뭉치 #발동걸림 #홈캠 #펫스타그램 #펫카메라 #펫카메라훔쳐보기 #cctv #화장실탐방 #맞팔 #맞팔해요 #맞팔환영 #맞팔선팔환영 #팔로우환영 #방멍록 #반려견 #반려인소통 #반려인맞팔환영",2025-01-17,펫카메라,post,,caption,substitute,2026-10-01T11:10:06
instagram,https://www.instagram.com/p/DET1uBRTj_1/,8ca69822899f1f42,,새해 복 많이 받으시구 2025년에도 시루 많이 사랑해주세요 🐯🍀✨,2025-01-02,펫카메라,post,,caption,substitute,2026-10-01T11:10:06
instagram,https://www.instagram.com/p/DEEYKHLzF_K/,9db773a6f0138c4e,,여더분 메리크리스마스에오 🎅🎄,2024-12-27,펫카메라,post,,caption,substitute,2026-10-01T11:10:06
instagram,https://www.instagram.com/p/DEEWI4MzBnp/,e9a10f38474070ab,,3초이상 눈 마주치면 펀치나간다 🤜,2024-12-27,펫카메라,post,,caption,substitute,2026-10-01T11:10:06
instagram,https://www.instagram.com/p/C-9a2wlv0nM/,50f840bc96b45348,,"우리집 댕냥이 먹방 자랑대회! #EVENT
⠀
넬로가 준비한 ‘우리집 댕냥이 먹방 자랑 대회‘
뭐든 잘 먹는 우리 강아지, 고양이 모습을 자랑해주세요!
가장 맛있는 먹방을 보여준 반려동물에게
넬로가 스마트 급식기를 선물로 드립니다.
⠀
• 기간 : 8/22(목)~9/2(월)
• 참여 방법
1) 팔로우하고 게시글 좋아요
2) 넬로 프로필 하이라이트 중 ‘먹방 자랑대회‘ 클릭
3) 스토리 질문 기능에 반려동물의 먹방 사진을 업로드 하면 참여 완료!
• 🎁 : 넬로 스마트 급식기 (1명) / 아이스 아메리카노 쿠폰 (10명)
• 당첨자 발표일 : 9/4(수)
⠀
※당첨자 유의 사항
*대회 참여 사진은 넬로 마케팅 자료로 활용될 수 있습니다.
*비공개 계정은 당첨에서 제외됩니다.
*5만원 이상 경품 제공 시 제세공과금 처리를 위해 개인정보 수집이 필요합니다.
제공이 어려울 시 당첨이 취소됩니다.",2024-08-22,펫카메라,post,,caption,substitute,2026-10-01T11:10:06
instagram,https://www.instagram.com/p/C-w6P6XS_W8/,7454bbb74f8bf338,,"언제나 아기같은 대박이~🐈
우리 애기 새근새근 잘 자네~~😍
자동차에 있을법한 고양이인형같기도 하고~~
고양이는 정말 너무 귀엽고 사랑스러운 존재!
_
#고양이는너무귀여워 #인형같은고양이
#고양이는아기야 #다커도애기 #귀여운고양이
#고양이일상 #집사일상 #홈카메라 #펫카메라 
#집사가분리불안 #고양이관찰 #집사가팔불출 
#반려동물 #반려묘 #고양이 #자는고양이",2024-08-17,펫카메라,post,,caption,substitute,2026-10-01T11:10:06
instagram,https://www.instagram.com/p/C-dJoA1z44Q/,e56c41d7a4e441ba,,카메라 앞에서 뭐하시냐구요,2024-08-09,펫카메라,post,,caption,substitute,2026-10-01T11:10:06
instagram,https://www.instagram.com/p/C6SP425t_E5/,7047eb2aa9809678,,"👁️‍🗨️CCTV만 보면 돌진하는 
댕댕이 영상으로로 유명한 에나봇 홈CCTV
폰으로 자유자재 조종가능 하고🕹️
애들이 넘어뜨려도 오뚜기 처럼 혼자 일어난대!!
@@ 우리집도 이걸로 바꿀까? ƪ(•̃͡•̃͡ ƪ
.
📌프로필에 구매링크 있어요😘!
.
.
#홈캠 #홈CCTV #펫카메라",2024-04-28,펫카메라,post,,caption,substitute,2026-10-01T11:10:06
instagram,https://www.instagram.com/p/C6Puhy-N5ru/,89dcd50f260327aa,,"👁️‍🗨️CCTV만 보면 돌진하는 
댕댕이 영상으로로 유명한 에나봇 홈CCTV
폰으로 자유자재 조종가능 하고🕹️
애들이 넘어뜨려도 오뚜기 처럼 혼자 일어난대!!
@@ 우리집도 이걸로 바꿀까? ƪ(•̃͡•̃͡ ƪ
.
📌프로필에 구매링크 있어요😘!
.
.
#홈캠 #홈CCTV #펫카메라",2024-04-27,펫카메라,post,,caption,substitute,2026-10-01T11:10:06
instagram,https://www.instagram.com/p/C4up9ZSPvUN/,8be63655f9023631,,"어쩌라구 ! 내 맘이지 메렁🤨

▶출처: 

#파인뷰#홈캠#말티즈#말티푸#메롱",2024-03-20,펫카메라,post,,caption,substitute,2026-10-01T11:10:06
instagram,https://www.instagram.com/p/C4pgsD_vpzm/,22153930172456c4,,"왕 핫초코 한 잔 하실??☕️

▶출처: 

#파인뷰#홈캠#포메라니안#아기포메",2024-03-18,펫카메라,post,,caption,substitute,2026-10-01T11:10:06
instagram,https://www.instagram.com/p/C4feEpIP7ta/,abf398c2d0003768,,"아 펫캠 못생기게 찍힌다고. 아 찍지말라고.

#펫캠 #펫카메라 #홈카메라 #찍지마 #내가찍어버리기전에",2024-03-14,펫카메라,post,,caption,substitute,2026-10-01T11:10:06
instagram,https://www.instagram.com/p/C4cnA-HvrfJ/,f6b3222031bd40bf,,"가슴 부풀린 새 같음🦉

▶출처: 

#파인뷰#홈캠#포메라니안#포메",2024-03-13,펫카메라,post,,caption,substitute,2026-10-01T11:10:06
instagram,https://www.instagram.com/p/C4P2fV1vkYm/,d57c5ddb42535036,,"💓파인뷰 홈캠 K90의 규칙 찾기 게임💓

파인뷰 AI 홈캠 K90의 규칙을 찾아보세요!
아래 네 가지 이미지 중 물음표 칸 안에 들어가는 이미지는 몇 번일까요?

이미지 번호를 댓글로 남겨주시는 분들 중 추첨을 통해 신세계 상품권을 드립니다! 

[이벤트]⠀⠀
▶기간 : 3/8(금)~3/12(화)
▶발표 : 3/14(목) *개별 DM 발표
▶경품 : 신세계 모바일 상품권 5,000원(추첨 10명)
▶참여방법 :
1. 파인뷰 홈CCTV 공식 인스타그램( ) 팔로우
2. 빈 칸에 들어갈 알맞은 이미지 번호를 댓글로 작성
3. 추첨을 통해 열 분께 신세계 모바일 상품권 5,000원 증정
🎁 최신글 5개에 좋아요를 눌러주시면 당첨 확률 UP!!
🎁 비공개 계정은 당첨 불가 합니다.
🎁 신세계 상품권은 문자로 발송되며, '이마트'에서 지류 상품권으로 교환 후 사용 가능합니다.

#파인뷰#홈캠#홈캠추천#펫캠#펫카메라#홈cctv#cctv추천#펫캠추천#육아용품#가정용품#강아지용품#고양이용품#경품이벤트#댓글이벤트#퀴즈이벤트#퀴즈#신세계상품권#댓글환영#경품추첨#규칙찾기#게임이벤트#이벤트중",2024-03-08,펫카메라,post,,caption,substitute,2026-10-01T11:10:06
instagram,https://www.instagram.com/p/C4NQfahP2KS/,de2947c5a510253e,,"우리 아이 분리불안 책임져주는 최고의 파트너, 파인뷰 AI 홈캠 K90!

500만 화소로 선명하게!
외출 시 집에 혼자 남겨져 있는 우리 아이 간단하게 어플로 확인 가능!

화이트 색상에 동그랗고 깔끔한 디자인으로 집 안 어디에도 어울리면 설치까지 간단!

AI 모션 트래킹과 모션/소리 감지로 우리 아이 걱정 없이 실시간 관찰까지 할 수 있어요!👏

▶출처: 
▶제품명: #파인뷰k90 

#파인뷰#홈캠#펫캠#펫캠추천#강아지용품",2024-03-07,펫카메라,post,,caption,substitute,2026-10-01T11:10:06
instagram,https://www.instagram.com/p/C4IGXvEPljo/,9eaa755fa8e25268,,"앙증맞은 혓바닥 보관 중👅

▶출처: 

#파인뷰#홈캠#말티즈#말티즈그램",2024-03-05,펫카메라,post,,caption,substitute,2026-10-01T11:10:06
instagram,https://www.instagram.com/p/C4HZWwsvq90/,623432c90c82ef5c,,"몸이 동그라미가 되었는다는 건 곧 잠이 든다는 뜻입니다😴

▶출처: 

#파인뷰#펫캠#홈캠 #아기강아지#낮잠",2024-03-05,펫카메라,post,,caption,substitute,2026-10-01T11:10:06
instagram,https://www.instagram.com/p/C3mnvdRPyYD/,d77deae673ed4a46,,"오늘 같이 비 오는 쌀쌀한 날씨에는 찜질방이 최고다냥!💈

▶출처: 

#파인뷰#홈캠#고양이#브리티쉬숏헤어#브숏#찜질방",2024-02-21,펫카메라,post,,caption,substitute,2026-10-01T11:10:06
instagram,https://www.instagram.com/p/C3SDBCnPZyL/,06de15f26ef99919,,"냥냥펀치 하이파이브!🖐

▶출처: 

#파인뷰#홈cctv#고양이#냥스타그램",2024-02-13,펫카메라,post,,caption,substitute,2026-10-01T11:10:06
instagram,https://www.instagram.com/p/C2ZXR4wvlG3/,fc4d0688e7b3231d,,"오늘 날씨... 이불 밖은 위험하다옹🥶

▶출처: 

#파인뷰#홈cctv#고양이#냥스타그램#고양이사진",2024-01-22,펫카메라,post,,caption,substitute,2026-10-01T11:10:06
instagram,https://www.instagram.com/p/C16chnTPAeL/,73c9fa90dd55acd7,,"우리 서로 닮았어요🖤

▶출처: docheor.__.i 

#파인뷰#홈cctv#고양이#검은고양이",2024-01-10,펫카메라,post,,caption,substitute,2026-10-01T11:10:06
instagram,https://www.instagram.com/p/C11UejYPJvD/,582b5f83ee4de1a7,,"피자 속에 숨어이따🍕

▶출처: kkuing_doldol 

#파인뷰#홈cctv#반려동물#기니피그",2024-01-08,펫카메라,post,,caption,substitute,2026-10-01T11:10:06
instagram,https://www.instagram.com/p/C1a9l8UvWGQ/,8c8c8bf567eb3856,,"바쁜 일정 때문에 우리 아이 제 시간에 밥 챙겨주기 힘들고
피곤함을 무릅쓰고 새벽에 일어나 챙겨줘야 했던 지난 날들..!
이제는 걱정 없이 간편하게 사료를 급여해주고 싶으시다면
여기 펫쭈 자동 급식기 F10이 있습니다!

✔️ 5g부터 195g까지 섬세하게 조절 가능한 급여량
✔️ 갑작스런 정전에도 OK 보조 배터리 기능 탑재
✔️ 아이의 모습을 녹화할 수 있는 실시간 고화질HD 카메라
✔️ 식사 시간마다 자동 송출 가능한 녹음 메세지

무엇보다 아이와 말하기 듣기 기능으로
의사소통을 할 수 있어 밖에서도 안심할 수 있어요!

펫쭈 자동 급식기 F10, 궁금하시다면
프로필 링크를 통해 지금 바로 확인하실 수 있습니다!

#냥집사 #묘스타그램 #댕댕그램 #댕댕 #자동급식기 #고양이자동급식기 #펫카메라 #애견용품 #강아지용품 #고양이그릇 #강아지그릇 #반려동물식기 #반려견식기",2023-12-29,펫카메라,post,,caption,substitute,2026-10-01T11:10:06
instagram,https://www.instagram.com/p/C1YEP0LPQV0/,690a9f4c09ebe58b,,"손님! 계산 도와드리게쑵니다!🐥

▶출처: 

#파인뷰#홈cctv#푸들#푸들스타그램",2023-12-28,펫카메라,post,,caption,substitute,2026-10-01T11:10:06
instagram,https://www.instagram.com/p/C0yQTudLZQs/,f11a3b1834e8b57b,,"🐶내 MBTI에 맞는 강아지는?🐶

강아지들도 MBTI가 있다는 사실, 모두 알고 계시죠?
나와 똑같은 성향을 가진 강아지는 누구일까요?
내 MBTI에 맞는 강아지 종류를 찾은 후 댓글을 남겨주세요!
추첨을 통해 총 열 분께 경품을 드립니다! 

⠀
▶기간 : 12/13(수)~12/17(일)
▶발표 : 12/18(월) *개별 DM 발표
▶경품 : 신세계 모바일 상품권 5,000원(추첨 10명)
▶참여방법 :
1. 파인뷰 홈CCTV 공식 인스타그램( ) 팔로우
2. 내 MBTI에 맞는 강아지를 찾은 후 댓글로 작성
3. 추첨을 통해 열 분께 신세계 모바일 상품권 5,000원 증정
🎁 최신글 5개에 좋아요를 눌러주시면 당첨 확률 UP!!
🎁 비공개 계정은 당첨 불가 합니다.
🎁 신세계 상품권은 문자로 발송되며, '이마트'에서 지류 상품권으로 교환 후 사용 가능합니다.

#파인뷰#홈cctv#강아지#강아지이벤트#mbti#mbti이벤트#반려동물#펫스타그램#인스타펫#강아지스타그램#강아지일상#견주스타그램#견주일상#견주맞팔#댕팔멍팔#멍스타그램#댕스타그램#아기강아지#강아지모델#펫캠#펫카메라#홈캠#홈캠추천#경품이벤트#신세계상품권#댓글이벤트#이벤트중",2023-12-13,펫카메라,post,,caption,substitute,2026-10-01T11:10:06
instagram,https://www.instagram.com/p/C0thccxLOcJ/,ea25f13b999cdcd3,,엄마빠방 들어오는 소리를 들은 아가볼🐥💛,2023-12-11,펫카메라,post,,caption,substitute,2026-10-01T11:10:06
instagram,https://www.instagram.com/p/C0bJinKLBDG/,22cfc696c6db8884,,"🐶비숑을 찾아라!🐶

여기 하얀 떡들 사이에 비숑 친구들이 숨어있어요!
여기서 QUIZ! 비숑은 총 몇 마리일까요?

정답을 알고 계시는 분들은 댓글로 남겨주세요!
추첨을 통해 신세계 상품권을 증정드립니다 :)
⠀
▶기간 : 12/4(월)~12/8(금)
▶발표 : 12/11(월) *개별 DM 발표
▶경품 : 신세계 모바일 상품권 5,000원(추첨 10명)
▶참여방법 :
1. 파인뷰 홈CCTV 공식 인스타그램( ) 팔로우
2. 숨어 있는 비숑이 몇 마리인지 찾고 댓글로 작성
3. 추첨을 통해 열 분께 신세계 모바일 상품권 5,000원 증정
🎁 최신글 5개에 좋아요를 눌러주시면 당첨 확률 UP!!
🎁 비공개 계정은 당첨 불가 합니다.
🎁 신세계 상품권은 문자로 발송되며, '이마트'에서 지류 상품권으로 교환 후 사용 가능합니다.

#파인뷰#홈cctv#강아지이벤트#비숑#비숑그램#비숑스타그램#아기비숑#강아지모델#멍스타그램#멍팔댕팔#강아지스타그램#견주일상#강아지일상#견주스타그램#펫카메라#펫캠#cctv추천#홈캠추천#비숑미용#강아지산책#강아지용품#강아지용품추천#경품이벤트#댓글이벤트#퀴즈이벤트#신세계상품권#이벤트중",2023-12-04,펫카메라,post,,caption,substitute,2026-10-01T11:10:06
instagram,https://www.instagram.com/p/C0P8mxov0BR/,656c34ce74ba4527,,"소녀는 이만 자러가겠사옵니다😇

▶출처: 

#파인뷰#홈cctv#진돗개#백구",2023-11-29,펫카메라,post,,caption,substitute,2026-10-01T11:10:06
instagram,https://www.instagram.com/p/Cz-6Xm2PXia/,5bdb2267743e6f62,,"요즘 딱 온천하기 좋은 날씨지♨

▶출처: 

#파인뷰#홈cctv#펫스타그램#시바견#시바이누",2023-11-23,펫카메라,post,,caption,substitute,2026-10-01T11:10:06
instagram,https://www.instagram.com/p/Cz-1t_WrBpq/,fa6252c5f0104b0d,,"#업체로부터제공받은제품입니다 

대부분 같이 있지만
안보이는 공간이나 혼자있을때
꼭 필요한 #홈캠
#그녀의이중생활 #붕가그만

 

✅녹화버튼가능
✅야간 나이트화질도 좋음
✅설치도 쉽고 LG공동특허
✅가격도 저렴하고 as확실
✅ID패스워드가있어 해킹위험없음

#홈카메라 #베이비캠 #PTZ카메라
#홈CCTV#블루홈캠 #펫카메라
#강아지카메라 #펫캠 #펫CCTV",2023-11-23,펫카메라,post,,caption,substitute,2026-10-01T11:10:06
instagram,https://www.instagram.com/p/CznMWY4yrMd/,94f381aa383be754,,"🐶🤍🖤
.
.
분명 홈카메라로 대화하지 말라고 했는데..
엄마가 자꾸 애들을 불러서🤨 또한마디 할뻔했지만
덕분에 귀여운 모습 포착ㅋㅋㅋㅋㅋㅋㅋㅋ
야간모드에서 더 잘보이는 깜탄이🤭🤭",2023-11-14,펫카메라,post,,caption,substitute,2026-10-01T11:10:06
instagram,https://www.instagram.com/p/CzdoEIAPQfO/,c7dcc2458fb8b3d6,,"우리 귀여운 댕냥이를 위한 펫스티벌이 시작됐어요🐶🐱
.
댕냥이를 위한 다양한 제품을 최대 3️⃣3️⃣% 할인받을 수 있는 3일간의 기회를 놓치지 마세요✨
.
.
헤이홈 펫 제품 할인받기 👉 프로필 링크 클릭!",2023-11-10,펫카메라,post,,caption,substitute,2026-10-01T11:10:06
instagram,https://www.instagram.com/p/CzdbiB0vx-a/,fa626a051ec37cf7,,"👻파인뷰 홈CCTV, 사람이 점프한 횟수는?👻

*해당 영상은 암흑 속에서 파인뷰 홈CCTV K70 야간 모드로 촬영된 영상입니다*

어두운 사무실, 여기 한 사람이 점프를 하고 있는데요
과연 이 사람은 점프를 몇 번 했을까요?

정답을 댓글로 달아주신 분들께 추첨을 통해 스타벅스 아메리카노 쿠폰을 드립니다!
⠀
▶기간 : 11/10(금)~11/14(화)
▶발표 : 11/15(수) *개별 DM 발표
▶경품 : 스타벅스 카페 아메리카노 모바일 쿠폰(추첨 10명)
▶참여방법 :
1. 파인뷰 홈CCTV 공식 인스타그램( ) 팔로우(필수!)
2. 다음 페이지의 영상을 보고 사람이 몇 번 점프하는지 맞춘 후 댓글 작성
3. 추첨을 통해 열 분께 스타벅스 카페 아메리카노 모바일 쿠폰 증정
🎁 최신글 5개에 좋아요를 눌러주시면 당첨 확률 UP!!
🎁 비공개 계정은 당첨 불가 합니다.

#파인뷰#홈cctv#cctv추천#공포#게임이벤트#강아지용품#홈캠#가정용품#펫캠#펫카메라#홈캠추천#집cctv#멍팔댕팔#멍스타그램#베이비캠#경품이벤트#게임이벤트#이벤트중",2023-11-10,펫카메라,post,,caption,substitute,2026-10-01T11:10:06
instagram,https://www.instagram.com/p/CzGLxi_vGgw/,7306c1f6eb73407b,,"내 피부 소중하니까✨

▶출처: 

#파인뷰#홈cctv#비숑#실버비숑#비숑스타그램#피부에양보하세요",2023-11-01,펫카메라,post,,caption,substitute,2026-10-01T11:10:06
instagram,https://www.instagram.com/p/CzDsN7TPYvM/,3474bf0554bebae4,,"날씨가 추워졌으니 목도리 단디 매구 따뜻하게 다니세용!🍂🧣

▶출처: 

#파인뷰#홈cctv#아기고양이#냥스타그램#가을패션",2023-10-31,펫카메라,post,,caption,substitute,2026-10-01T11:10:06
instagram,https://www.instagram.com/p/CzAboE1JzTt/,a955c87f176d5fc7,,"잠시본 펫카메라 
사고치고 나는 모르오 시전 🤨
휴지 분명히 치운거 같았는데 🤔

#멍스타그램
#멍팔맞팔
#펫카메라
#강아지스타그램
#펫스타그램
#견생일기
#겁쟁이강아지
#겁쟁이강아지마루
#강아지
#dog",2023-10-30,펫카메라,post,,caption,substitute,2026-10-01T11:10:06
instagram,https://www.instagram.com/p/Cy4mFcTP5c4/,0ed82fbc6ca2ccde,,"📷카메라 낯가림 끝남
-
펫카메라 한 달 째~
이브 공복시간을 줄이려고 큰 맘 먹고 구입.
화질도 좋고 간식도 줄 수 있어서 좋은데
앱이 너무 구림😤
한번에 연결되는 일이 없고 항상 두세번 로딩해야 들어가진다. 싼 카메라도 아닌데 이게 뭐람?

이브는 카메라로 말 걸 때마다 깜짝 놀라서 도망가더니
이제는 카메라로 부르면 쪼르르 카메라 앞으로 달려가고 
급기야는 간식내놓으라고 괴롭힘ㅋㅋㅋ

매일 회사에서 지켜보는 재미가 있다ㅋㅋ
근데 카메라 돌리면 일어나서 쳐다봄...
미안행....조용히 보기만 할게🫠 
나는야 이브 스토커~

#유피
#펫카메라",2023-10-27,펫카메라,post,,caption,substitute,2026-10-01T11:10:06
instagram,https://www.instagram.com/p/Cy2wq-yvjQO/,bb7c6678c21764b2,,"“AI 홈 CCTV 파인뷰 K70”
컴팩트한 디자인에 선명한 QHD 화질✨
어플로 실시간 확인까지 가능해 기록용으로 딱!

강아지 여러 마리를 놔두고 외출해도 전혀 걱정 없어요~

▶출처: 
▶제품명: #파인뷰k70 

#파인뷰#홈cctv#cctv추천#펫캠#펫카메라",2023-10-26,펫카메라,post,,caption,substitute,2026-10-01T11:10:06
instagram,https://www.instagram.com/p/CyvP-bjPl5m/,c1184c9abb249364,,"매혹적인 눈동자...빠져든다...🔮

▶출처: 

#파인뷰#홈cctv#랙돌#냥스타그램",2023-10-23,펫카메라,post,,caption,substitute,2026-10-01T11:10:06
instagram,https://www.instagram.com/p/Cyk5djTJVFu/,a019babed8f5364e,,물티슈 물고 씐나게 가다가 딱 걸린 박보리 😮‍💨,2023-10-19,펫카메라,post,,caption,substitute,2026-10-01T11:10:06
instagram,https://www.instagram.com/p/CykyUrqRDVY/,6d501a96291c7b71,,"강아지 식구들이 많아도 파인뷰 홈CCTV K70만 있다면 외출 전혀 문제 없죠!

최고급 QHD 고화질에 355도 좌우 회전으로 모션트래킹이 가능하니 한 마리 한 마리 다 어디에 있는지 확인 가능하다구요!🥰

▶출처: 
▶제품: #파인뷰k70 

#파인뷰#홈cctv#펫캠#펫카메라#비숑",2023-10-19,펫카메라,post,,caption,substitute,2026-10-01T11:10:06
instagram,https://www.instagram.com/p/CyfjAh6xW4m/,6da4fe42996974f2,,"아슈크림 하나 더 없떠여..?🍦

▶출처: 

#파인뷰#홈cctv#웰시코기#웰시코기그램",2023-10-17,펫카메라,post,,caption,substitute,2026-10-01T11:10:06
instagram,https://www.instagram.com/p/CyP7B1drHHK/,4f6be8c8dd0f1a95,,"10월은 독서의 계절이다냥📖

▶출처: 

#파인뷰#홈cctv#냥스타그램#고양이스타그램",2023-10-11,펫카메라,post,,caption,substitute,2026-10-01T11:10:06
instagram,https://www.instagram.com/p/CyK7A-4Lv7Q/,5e6b1e4930ff2250,,"EBO가 궁금한 귀여운 냥이들과의 또다른 샷 :) 홈카메라를 처음봐서 궁금해하네요 ㅎㅎ

* Credit: 
.
.

#이보에어 #움직이는홈카메라 #펫카메라 #펫캠 #반려동물 #고양이카메라 #고양이cctv #고양이 #고양이일상 #고양이그램 #냥이 #냥이일상 #고양이용품 #EboAir",2023-10-09,펫카메라,post,,caption,substitute,2026-10-01T11:10:06
instagram,https://www.instagram.com/p/CyDQ0elrAAT/,4fd22bd91e8e7a7f,,"컴팩트한 화이트 디자인에 QHD 고화질을 자랑하는 ""AI 홈CCTV 파인뷰 K70""✨

설치도 간단하고 어플로 간편한 확인도 가능해 이제 우리 아이 두고 외출하기 편해졌어요!

▶출처: 
▶제품: #파인뷰k70

#파인뷰#홈cctv#펫캠#펫카메라#강아지용품",2023-10-06,펫카메라,post,,caption,substitute,2026-10-01T11:10:06
instagram,https://www.instagram.com/p/Cx5UvbIpqtm/,d368f5a8bf24ac05,,"출장가기전,,,
불안해서 언제든지 애들 볼수 있게 급하게 사서 설치했다.

화질 너무 좋고, 마음에 쏙든다!

남집사 뭐하는지도 다 보이네??
소리도 잘들리고,, 내가 하는 말도 애들에게 들리니,, 딱이네~

#펫카메라 #고양이 #캣스타그램 #냥스타그램 #petcctv 
#cat #catsofinstagram",2023-10-02,펫카메라,post,,caption,substitute,2026-10-01T11:10:06
instagram,https://www.instagram.com/p/DdAlM1WD6iL/#c18101731313200374,a6e4b1b9ca0d71ba,,"🐾 이번 후기에서 가장 눈에 들어온 건 야간 홈캠.

불이 꺼진 뒤에도
밥 먹으러 오는 모습부터
카메라 앞에 얼굴을 빼꼼 내미는 순간까지. 👀

혼자 있는 시간이 궁금했던 집사님이라면
급식과 홈캠을 한 번에 사용할 수 있다는 점이 꽤 반가운 기능이에요.

정성스러운 후기와 귀여운 사진 감사합니다. 🤍",2026-09-08,펫카메라,comment,,comment,substitute,2026-10-01T11:10:06
instagram,https://www.instagram.com/p/C3SDBCnPZyL/#c17997683825266093,95c7e76ba6f68025,,맞팔로우 하시고 소식 실시간으로 확인해보세요!,2024-02-13,펫카메라,comment,,comment,substitute,2026-10-01T11:10:06
instagram,https://www.instagram.com/p/Dc2hn8lkSLo/#c18332735299258424,9c81731183e22335,,"🐾 후기에서 특히 마음에 들었던 포인트.

정해진 시간에는 알아서 급식하고,
외출 중에는 스마트폰으로 아이의 모습까지 확인.

필요할 때 직접 급식도 할 수 있어
집을 비우는 시간이 길어질 때 더욱 유용했다고 해요. 🤍 

소중한 후기와 사진 감사합니다. :)",2026-09-04,펫카메라,comment,,comment,substitute,2026-10-01T11:10:06
instagram,https://www.instagram.com/p/DE6zVXUTt0V/#c17870671248275664,11c785b849220cc6,,헐 토토야 짱구 쿠션 나랑 똑같아 꺄아 기여운 토토🙂‍↕️🍒❤️,2025-01-20,펫카메라,comment,,comment,substitute,2026-10-01T11:10:06
instagram,https://www.instagram.com/p/DE6zVXUTt0V/#c18017798303446785,3dc53e772b856f88,,이쁜 토토야 참아주세효~~~❤️ 파괴본능은 넣어둬 넣어둬😂,2025-01-17,펫카메라,comment,,comment,substitute,2026-10-01T11:10:06
instagram,https://www.instagram.com/p/DE6zVXUTt0V/#c18299088409231198,be286614b46eda4c,,뭐라도 뜯어버리면 그게 사고디🎉,2025-01-17,펫카메라,comment,,comment,substitute,2026-10-01T11:10:06
instagram,https://www.instagram.com/p/DE6zVXUTt0V/#c18042314771517785,4f0ad989b774e8ba,,토토 사고뭉치구낭 ㆅㆅ 그래도 사랑스럽네 !!!! 🫶🏻❤️❤️,2025-01-17,펫카메라,comment,,comment,substitute,2026-10-01T11:10:06
instagram,https://www.instagram.com/p/DE6zVXUTt0V/#c17881094592217650,a6013ffd074f5580,,토토 이렇게 똥꼬발랄한 반려견과 같이 함께해준다면 하루하루가 행복하지 않을까요 우리덕구도 귀엽고 사랑스러운데 같이 친구하지 않을래요 앞으로 친하게 지내용 ㅎ,2025-01-17,펫카메라,comment,,comment,substitute,2026-10-01T11:10:06
instagram,https://www.instagram.com/p/C1a9l8UvWGQ/#c18033923203734495,ea1e0272262ed569,,울집 냐옹이 사료통을 자동으로 바꾸니 좋더라구요🤗 아지것도 자동으로 바꿔야겠어요오,2023-12-29,펫카메라,comment,,comment,substitute,2026-10-01T11:10:06
instagram,https://www.instagram.com/p/C1a9l8UvWGQ/#c17986023788605878,aebd2c5fdc541f83,,강아지들에게 편리할거같네요,2023-12-29,펫카메라,comment,,comment,substitute,2026-10-01T11:10:06
instagram,https://www.instagram.com/p/C1a9l8UvWGQ/#c18330883846097309,06afec54f5b3a4e5,,과다 급여없이 정량만 줄수 있어 좋네요,2023-12-29,펫카메라,comment,,comment,substitute,2026-10-01T11:10:06
instagram,https://www.instagram.com/p/C1a9l8UvWGQ/#c17849360295096145,4e33d1328bf91b9b,,펫쭈 자동급식기 넘 좋네요,2023-12-29,펫카메라,comment,,comment,substitute,2026-10-01T11:10:06
instagram,https://www.instagram.com/p/C1a9l8UvWGQ/#c17995506719198829,d34b3b92bd531657,,자동 급식기 너무 좋아요 깔끔하고 심플한 디자인이 굿입니다 편하게 보이네요,2023-12-29,펫카메라,comment,,comment,substitute,2026-10-01T11:10:06
instagram,https://www.instagram.com/p/C1a9l8UvWGQ/#c17991098504303427,d5552ed81efabb2b,,와 자동급식기 신기하네요,2023-12-29,펫카메라,comment,,comment,substitute,2026-10-01T11:10:06
instagram,https://www.instagram.com/p/C1a9l8UvWGQ/#c18018291583846004,c00218e3619f9ab0,,돼지 되지도 않고 적정량으로 관리되니 좋아 보여요 ^^,2023-12-29,펫카메라,comment,,comment,substitute,2026-10-01T11:10:06
instagram,https://www.instagram.com/p/C1a9l8UvWGQ/#c18058858162498849,e785bcc3b292722b,,자동 급식기 너무나 간편하고 좋을거 같아요,2023-12-29,펫카메라,comment,,comment,substitute,2026-10-01T11:10:06
instagram,https://www.instagram.com/p/Dc8KL7qgTI6/#c18141649558581023,10f185fc1c7f97df,,"오모나! 이로캐 신박한 카메라가 있다니!!
완전 신세계인데요?! 탐나요오!!!✨",2026-09-15,펫카메라,comment,,comment,substitute,2026-10-01T11:10:06
instagram,https://www.instagram.com/p/Dc8KL7qgTI6/#c17954544267231896,1e92992a8a62ce95,,"키링 카메라 대존귀인데요,,,,",2026-09-06,펫카메라,comment,,comment,substitute,2026-10-01T11:10:06
instagram,https://www.instagram.com/p/Dc8KL7qgTI6/#c18111447737018324,31548425a45c5b53,,기여워 ㅜㅜ 니모야 우리도 찌거조 🤎,2026-09-06,펫카메라,comment,,comment,substitute,2026-10-01T11:10:06
instagram,https://www.instagram.com/p/Dc8KL7qgTI6/#c17905336449473998,89322e3d7d743e68,,"으아 ,, ㅠㅠㅠㅠ 쪼꼬미 카메라 강아지가 달고 다녀서 더 귀여워요 !! 완전 강아지와 찰떡인 카메라 ,, 💕",2026-09-06,펫카메라,comment,,comment,substitute,2026-10-01T11:10:06
instagram,https://www.instagram.com/p/Dc8KL7qgTI6/#c18130860025739838,f957fc26a0424a38,,시간은 설정 가능.. 과거 사진 아님😂,2026-09-06,펫카메라,comment,,comment,substitute,2026-10-01T11:10:06
instagram,https://www.instagram.com/p/Dc8KL7qgTI6/#c17911519128462514,10037e86afb6d8d0,,"우와-!!! 짱이닷🙊녹화도 되능건가오••🫪 
뽁이가 보는 세상 넘 궁금한ㄷㅔ〰️",2026-09-06,펫카메라,comment,,comment,substitute,2026-10-01T11:10:06
instagram,https://www.instagram.com/p/C-dJoA1z44Q/#c18351338830141928,62d11ae4de7f7f62,,오소리사냥꾼 다운 새가슴 이네요!ㅎㅎ,2024-08-10,펫카메라,comment,,comment,substitute,2026-10-01T11:10:06
instagram,https://www.instagram.com/p/C-dJoA1z44Q/#c17983812551565146,3ea1ae6590bd5b0a,,카메라 욕심잉눈 강아디,2024-08-10,펫카메라,comment,,comment,substitute,2026-10-01T11:10:06
instagram,https://www.instagram.com/p/C0yQTudLZQs/#c18033276802710093,69dd943afd4616b6,,"참여해주신 모든 분들께 감사드립니다. 추첨 당첨자 분들에게는오늘 개별 메시지 발송 예정입니다. 더 좋은 이벤트로 찾아뵙겠습니다.
(파인뷰 홈CCTV는 공식계정 으로만 연락을 드리고 있습니다. 사칭계정 주의 부탁드립니다.)",2023-12-18,펫카메라,comment,,comment,substitute,2026-10-01T11:10:06
instagram,https://www.instagram.com/p/C0yQTudLZQs/#c18031128349690395,42af6e535ab05c65,,"ENTJ 치와와 
 
 
소문냅니다 ೭੧(❛▿❛✿)੭೨",2023-12-17,펫카메라,comment,,comment,substitute,2026-10-01T11:10:06
instagram,https://www.instagram.com/p/CzdbiB0vx-a/#c17925973985796525,56daf04e7c5d6699,,"참여해주신 모든 분들께 감사드립니다. 추첨 당첨자 분들에게는오늘 개별 메시지 발송 예정입니다. 더 좋은 이벤트로 찾아뵙겠습니다.
(파인뷰 홈CCTV는 공식계정 으로만 연락을 드리고 있습니다. 사칭계정 주의 부탁드립니다.)",2023-11-15,펫카메라,comment,,comment,substitute,2026-10-01T11:10:06
instagram,https://www.instagram.com/p/C4P2fV1vkYm/#c18231521794248435,15b72efa238b6cbf,,"참여해주신 모든 분들께 감사드립니다. 추첨 당첨자 분들에게는오늘 개별 메시지 발송 예정입니다. 더 좋은 이벤트로 찾아뵙겠습니다.
(파인뷰 홈CCTV는 공식계정 으로만 연락을 드리고 있습니다. 사칭계정 주의 부탁드립니다.)",2024-03-15,펫카메라,comment,,comment,substitute,2026-10-01T11:10:06
instagram,https://www.instagram.com/p/C4P2fV1vkYm/#c18248881417245582,ae6417f914edfe3f,,정답 : 3번 🤗😍 많은 사랑받으시길 응원합니다 ^^하시는 일 모두 잘 되시길 바라며~ 건강하시고 행복가득하세요♡,2024-03-13,펫카메라,comment,,comment,substitute,2026-10-01T11:10:06
instagram,https://www.instagram.com/p/C-9a2wlv0nM/#c18130582126364191,926c9c3dd7683282,,"또또 유유 티티 멍냥남매 참여완료🐶🫶🏻
서로껄 뺏어먹는 댕냥이들 ㅠ
다견다묘집엔 필수품!!",2024-09-02,펫카메라,comment,,comment,substitute,2026-10-01T11:10:06
instagram,https://www.instagram.com/p/C-9a2wlv0nM/#c18084252205501299,5b95554333da71a5,,시월이네 참여완료❤️ 스토리에 2차 누르면 3차로 넘어가고 3차 누르면 사라져서 그냥 DM으로 보내요😭,2024-09-01,펫카메라,comment,,comment,substitute,2026-10-01T11:10:06
instagram,https://www.instagram.com/p/Cyk5djTJVFu/#c18046898644508146,a2c3a2989684428b,,ㅋㅋㅋㅋㅋㅋ잡아따 요놈!!!😍❤️ 당황한 모습도 귀엽닝❤️❤️❤️,2023-10-19,펫카메라,comment,,comment,substitute,2026-10-01T11:10:06
instagram,https://www.instagram.com/p/Cyk5djTJVFu/#c17985870983431213,67b210aa2ba5e7e5,,기여워ㅋㅋ 현장검거 빼박이임ㅋㅋ🤪🤪🤪💛,2023-10-19,펫카메라,comment,,comment,substitute,2026-10-01T11:10:06
instagram,https://www.instagram.com/p/C0bJinKLBDG/#c18011967860085700,1b27e2afad17d12f,,"참여해주신 모든 분들께 감사드립니다. 추첨 당첨자 분들에게는오늘 개별 메시지 발송 예정입니다. 더 좋은 이벤트로 찾아뵙겠습니다.
(파인뷰 홈CCTV는 공식계정 으로만 연락을 드리고 있습니다. 사칭계정 주의 부탁드립니다.)",2023-12-11,펫카메라,comment,,comment,substitute,2026-10-01T11:10:06
instagram,https://www.instagram.com/p/C0bJinKLBDG/#c18008727206147624,d4c0c47fa98b1c2a,,"정답은 4마리 ""파인뷰 홈 CCTV에 응원과 격려의 메시지를 전합니다! 🏠📷 파인뷰 홈 CCTV는 우리의 안전과 보안을 위해 소중한 역할을 합니다. 신속하고 정확한 모니터링으로 우리 집과 가족을 지켜주는 파인뷰에게 감사의 인사를 보냅니다. 항상 안전한 환경을 제공해주는 파인뷰 홈 CCTV에게 응원과 긍정적인 힘을 전합니다. 우리 모두의 안전과 평화를 위해 파인뷰에게 박수를 보냅니다! 👏🌟"" 
🏠📷👏🌟
공   유",2023-12-09,펫카메라,comment,,comment,substitute,2026-10-01T11:10:06
instagram,https://www.instagram.com/p/CzdoEIAPQfO/#c18049218418509794,0f209dfbc506c035,,사랑하는 댕냥이를 위한 최대 할인전!,2023-11-10,펫카메라,comment,,comment,substitute,2026-10-01T11:10:06
instagram,https://www.instagram.com/p/DEEWI4MzBnp/#c17855645982283971,7848f7da53ba144e,,시루 룰루 궁맞았는데여🔥,2024-12-27,펫카메라,comment,,comment,substitute,2026-10-01T11:10:06
instagram,https://www.instagram.com/p/CyK7A-4Lv7Q/#c18054798574474794,51b86aa011d42bf1,,어머..카메라가 너무 귀엽네요.. 와..,2023-10-12,펫카메라,comment,,comment,substitute,2026-10-01T11:10:06
instagram,https://www.instagram.com/p/CzAboE1JzTt/#c17974164704439153,0a76689d5244a361,,ㅋㅋㅋㅋㅋㅋㅋㅋ𐨛 𐌅 ࠅ ヲ 나두 휴지파야…🧻맨날 언니항테 혼난다!!!🥹,2023-10-30,펫카메라,comment,,comment,substitute,2026-10-01T11:10:06
instagram,https://www.instagram.com/p/CzAboE1JzTt/#c18005856983107470,93a7cb2ac30219e5,,마루 다 놀고 얌전히 누워있네😂😂,2023-10-30,펫카메라,comment,,comment,substitute,2026-10-01T11:10:06
instagram,https://www.instagram.com/p/CzAboE1JzTt/#c18024767341704959,108158d1cd24e9a4,,"휴지는 잼나지!
모찌도 휴지 먹어봤떠요~~😜",2023-10-30,펫카메라,comment,,comment,substitute,2026-10-01T11:10:06
instagram,https://www.instagram.com/p/CzAboE1JzTt/#c18016363519746518,a6a250cf4e659bdd,,마루 귀여워서 펫캠 필수게따😂❤️,2023-10-30,펫카메라,comment,,comment,substitute,2026-10-01T11:10:06
instagram,https://www.instagram.com/p/CzAboE1JzTt/#c17899729283875823,f53e5d4b07f354ae,,잉귀여운 사고뭉치가 자고이따👻🩷,2023-10-30,펫카메라,comment,,comment,substitute,2026-10-01T11:10:06
instagram,https://www.instagram.com/p/CzAboE1JzTt/#c18002819804125361,7f83259d600a493b,,마루 진짜 얌전하게 잘 잔당❤️❤️너무 귀여워😍,2023-10-30,펫카메라,comment,,comment,substitute,2026-10-01T11:10:06
instagram,https://www.instagram.com/p/CzAboE1JzTt/#c18069179839433930,90bd138d9c0ab9cc,,마루 사고치고 자는고야? 사랑스롭네🐶,2023-10-30,펫카메라,comment,,comment,substitute,2026-10-01T11:10:06
instagram,https://www.instagram.com/p/CzAboE1JzTt/#c17892205430916843,8d16bb9d45cd6494,,ㅋㅋㅋㅋ휴지 굴리기 국룰이지 잘해써 마루~~ 😍😍,2023-10-30,펫카메라,comment,,comment,substitute,2026-10-01T11:10:06
instagram,https://www.instagram.com/p/CzAboE1JzTt/#c17946659252708473,45a30582136ca6f6,,이런 카메라 위치 알고 분량확보해줬네😍귀요미❤️,2023-10-30,펫카메라,comment,,comment,substitute,2026-10-01T11:10:06
instagram,https://www.instagram.com/p/CzAboE1JzTt/#c17996969177255342,6cd52df01851c426,,마루 얌전히 자는거 보니까 마루가 한거 아닐지두??🤣🤣 귀여워라 귀여워❤️,2023-10-30,펫카메라,comment,,comment,substitute,2026-10-01T11:10:06
instagram,https://www.instagram.com/p/Cx5UvbIpqtm/#c18042883699480975,6095e1e4ac3937bc,,집사님 덕분에 좋은거 잘 샀어요!!,2023-10-02,펫카메라,comment,,comment,substitute,2026-10-01T11:10:06
instagram,https://www.instagram.com/p/DO-O1Cbki1G/,5a58336b293d17c8,,"맞아요 이게 릴스에서 보던
커플끼리 떨어져있을때
졸졸 따라다닐수 있는 그 홈캠

프로필링크 구매가능 ""22"" 검색

#홈캠 #움직이는홈캠 #커플홈캠 #이나봇 #이나봇홈캠 #에나봇 #애나봇홈캠 #반려견홈캠",2025-09-24,반려견홈캠,post,,caption,substitute,2026-10-01T11:14:56
instagram,https://www.instagram.com/p/DMhIkmCTHX5/,c0a036098db40cda,,"히피 어딨게~
말랑콩떡검은찹쌀떡 정히피🖤
.
.
.
#히피스타그램 #개스타그램🐶 #반려견 #검은푸들 #미니어처푸들 #8세 #견주소통 #견주맞팔 #견주일상 #까만콩 #탄소세지 #찹쌀떡 #말티푸 #나만아는숨바꼭질 #반려견홈캠",2025-07-25,반려견홈캠,post,,caption,substitute,2026-10-01T11:14:56
instagram,https://www.instagram.com/p/DJ1dIr6SLoW/,a5b0e6ec02b9034c,,"⠀
👶🏻 #제품제공
⠀
안전헬퍼 홈캠 거치대 스탠드형 덕분에
침대와 아이가 한 눈에 보이고 홈캠 보기도 편해진 요즘,

탄탄하고 탄탄하고 또 탄탄하고 모든 홈캠 호환뿐 아니라
추가 상품 구매로 태블릿이나 휴대폰 거치까지 할 수 있어
오래 쓸 수 있을 것 같아요 ❕
⠀
✔️ 마그네슘 합금 소재로 단단한 고정력
✔️ 국내 유일 높이 연장 버클로 최대 205cm까지 조절 가능
✔️ 360도 회전으로 원하는 각도 촬영
✔️ 전 기종 호환 가능
✔️ 원하는 위치 어디든 이동하여 설치 가능
✔️ 깔끔한 선 정리가 가능한 선정리 홀
⠀
타사 저렴이와 다르니 유사 제품에 주의하여
꼼꼼하게 비교하고 ❛안전 헬퍼❜ 하세요

🏷️ 안전헬퍼 

#안전헬퍼 #홈캠 #홈캠거치대 #홈캠거치대추천 #아기방홈캠 #반려견홈캠 #홈카메라 #홈카메라거치대 #분리수면 #cctv #카메라거치대 #스탠드거치대 #홈카메라스탠드 #스탠딩거치대 #녹화",2025-05-19,반려견홈캠,post,,caption,substitute,2026-10-01T11:14:56
instagram,https://www.instagram.com/p/DJ1M8y_q9Wl/,492efe6522070a80,,"""뭐야 왜 안나와""... '간식볼'로 착각한 댕댕이에 수모 당하는 이동식 펫캠 🤣

이동식 홈캠을 간식이 나오는 '간식볼'로 착각한 댕댕이의 모습이 눈길을 끈다.
지난 14일 한 온라인 커뮤니티에는 ""15만 원짜리 홈캠을 샀는데 예상치 못한 상황""이라는 제목의 영상이 공개됐다.

📸 온라인 커뮤니티

#이동식홈캠 #반려견 #반려견홈캠 #강아지 #간식볼 #홈캠",2025-05-19,반려견홈캠,post,,caption,substitute,2026-10-01T11:14:56
instagram,https://www.instagram.com/p/DJ1M8y_q9Wl/#c17908605369148841,d6fe356d39bd2063,,"영상링크 주세요,,, 저도 보고 싶어요ㅠㅠ",2025-05-29,반려견홈캠,comment,,comment,substitute,2026-10-01T11:14:56
instagram,https://www.instagram.com/p/DJ1dIr6SLoW/#c18501644254004926,f907d4e6ea4d48e8,,각도조절이 가능하니 너무 좋을거같아요😮,2025-05-20,반려견홈캠,comment,,comment,substitute,2026-10-01T11:14:56
instagram,https://www.instagram.com/p/DJ1dIr6SLoW/#c18341460985089365,454224f2a51de9e0,,360도로 갸눙하고 너무 좋아보이는데요?😍,2025-05-20,반려견홈캠,comment,,comment,substitute,2026-10-01T11:14:56
instagram,https://www.instagram.com/p/DJ1dIr6SLoW/#c18045932648432930,ad7cec4eed9b6823,,오오 이제 저도 출산앞두고 홈캠 필요했는데 꿀팁이네요😍,2025-05-20,반려견홈캠,comment,,comment,substitute,2026-10-01T11:14:56
instagram,https://www.instagram.com/p/DJ1dIr6SLoW/#c18045882635611204,0f11a161eb67266e,,와 각도 원하는대로 바꾸는게 최고인데요?❤️,2025-05-20,반려견홈캠,comment,,comment,substitute,2026-10-01T11:14:56
instagram,https://www.instagram.com/p/DJ1dIr6SLoW/#c18030352631437368,a375fc30b4d1bfc7,,우와 진짜 활용하기 너무 좋은템인 거 같애요 구경 가야겠어요❤️,2025-05-20,반려견홈캠,comment,,comment,substitute,2026-10-01T11:14:56
instagram,https://www.instagram.com/p/DJ1dIr6SLoW/#c18066808474959458,4ecdbccea974a237,,오오 360도가된다니!! 정말 좋은데요!??,2025-05-20,반려견홈캠,comment,,comment,substitute,2026-10-01T11:14:56
instagram,https://www.instagram.com/p/DJ1dIr6SLoW/#c18128014822386677,ffb59f14fc8f873c,,오 !!!!! 360도 각도가 된다니!!!!!!!😍 이거 사야겠어요,2025-05-20,반려견홈캠,comment,,comment,substitute,2026-10-01T11:14:56
instagram,https://www.instagram.com/p/DJ1dIr6SLoW/#c18060506996323005,c5b0c077ed221460,,안전헬퍼 거치대 저도 사용했는데 진짜 편해효🕸 🌷° ﾐ ♡︎ 🥽,2025-05-20,반려견홈캠,comment,,comment,substitute,2026-10-01T11:14:56
instagram,https://www.instagram.com/p/DJ1dIr6SLoW/#c18040540694623534,dd0a3106b6ab711c,,거치대가 있음 진짜 홈캠보기 너무 편하더라구여!!!,2025-05-20,반려견홈캠,comment,,comment,substitute,2026-10-01T11:14:56
instagram,https://www.instagram.com/p/C-QzIaMzdFf/,6306a93173576809,,"씨씨티비로부르니까 쳐다보는귀여움😀
항상걱정이고 건강만했음좋겠다

#맞팔환영 #포메 #강아지 #두부 #강아지펫캠
#자랑 #팔로우환영💕 #영원한내강아지",2024-08-04,강아지펫캠,post,,caption,substitute,2026-10-01T11:16:01
instagram,https://www.instagram.com/p/DdnvfYAJI1N/,6a076eab358d5be3,,"📸 카메라만 켜면 표정이 달라지는 우리 강아지…

방금까지 신나게 놀다가도
휴대폰만 들이대면 갑자기

🐶 “…….”

고개를 돌리거나 표정이 굳는 강아지들 있죠? 😂

그럼 강아지도

“아! 지금 나 사진 찍는구나!”

하고 알고 있는 걸까요?

현재로서는 강아지가 ‘사진 촬영’이라는 개념 자체를 인간처럼 이해한다고 보기는 어렵습니다.

하지만 카메라를 들었을 때 달라지는 보호자의 행동은 충분히 알아챌 수 있어요. 👀

📱 갑자기 휴대폰을 얼굴 앞에 들고
👀 빤히 바라보고
🧍 평소와 다른 자세를 취하고
🗣️ “여기 봐! 기다려!”라고 말하는 행동들!

이런 상황을 반복해서 경험하면

🐶 “저거 들면 뭔가 시작되는구나.”

처럼 상황을 학습할 가능성이 있습니다.

그래서 어떤 강아지는 카메라를 보면 쳐다보고, 어떤 강아지는 고개를 돌리고, 또 어떤 강아지는 완벽하게 포즈까지 취하기도 하죠. 😂

결국 강아지가 의식하는 건 ‘사진 촬영’ 그 자체라기보다 카메라와 함께 나타나는 보호자의 행동과 상황일 가능성이 더 큽니다.

여러분 강아지는 어떤가요?

📸 카메라 체질
🙈 카메라만 보면 회피

댓글로 알려주세요 ㅋㅋ

#강아지카메라 #강아지행동 #강아지상식 #반려견정보 #마이리틀메이트",2026-09-23,강아지카메라,post,,caption,substitute,2026-10-01T11:16:35
instagram,https://www.instagram.com/p/DdGHTt7ETzA/,38b378e1f1124909,,"구찌라이톤 비타민a 스시오마카세 다이어리 과자파티
#강아지카메라 #고양이카메라 #반려동물카메라 #펫기기 #펫용품추천리뷰",2026-09-10,강아지카메라,post,,caption,substitute,2026-10-01T11:16:35
instagram,https://www.instagram.com/p/Dc2ambHERo1/,ec0e0001a5d36e41,,"톰브라운셔츠 수유맛집 분당네일 인플루언서 풍경
#강아지카메라 #고양이카메라 #반려동물카메라 #펫기기 #펫용품추천리뷰",2026-09-04,강아지카메라,post,,caption,substitute,2026-10-01T11:16:35
instagram,https://www.instagram.com/p/DcbSnu8J2oa/,43c1aa392072339c,,"🤎🖤
루키돼지_귀여워🖤🤎
루키카메라📸
너 정말 누가 이렇게 
귀여우래🤎🖤
.
.
.
#강아지카메라 
#루키카메라 
#강아지 
#뭉뭉이
#개논",2026-08-24,강아지카메라,post,,caption,substitute,2026-10-01T11:16:35
instagram,https://www.instagram.com/p/DcTUvKHIIjP/,e4137f7c891c78b2,,"강아지가 직접 사진을 찍었다고요? 📸🐶

니콘의 Heartography 프로젝트에서는 강아지 Grizzler의 가슴에 카메라를 장착하고, 심박수가 올라가는 순간 셔터가 작동하도록 실험했습니다.

뛰어놀거나 산책하고, 공이나 주변 동물처럼 강아지가 흥미를 느끼는 순간들이 사진으로 기록된 것이죠.

사람이 구도를 잡은 사진이 아니라 강아지의 관심이 향한 순간을 따라 남겨진 사진이라는 점이 특히 재미있습니다.

여러분이라면 강아지가 가장 많이 찍었을 것 같은 장면은 무엇인가요?

출처: Nikon Heartography Project / PetaPixel

#강아지카메라 #보더콜리 #니콘 #Heartography #cafesolution",2026-08-21,강아지카메라,post,,caption,substitute,2026-10-01T11:16:35
instagram,https://www.instagram.com/p/DYZW42uReq6/,3fc315d8701ee056,,엄마없을때 셀카 찌거보께,2026-05-16,강아지카메라,post,,caption,substitute,2026-10-01T11:16:35
instagram,https://www.instagram.com/p/DV-SLMiD4Mc/,96df59060d4ae578,,"나도 카메라 있다 📸
(괴롭히는 거 아님)

#캐논 #강아지카메라 #개논",2026-03-17,강아지카메라,post,,caption,substitute,2026-10-01T11:16:35
instagram,https://www.instagram.com/p/Ddl54Seic1g/,f728f67593593a7a,,"눈나의 새로운 장난감📸
밥 먹다 말고 구경하러 달려왔오〰️
이제 나 더 마니 찍어준대 야호💘

#오즈모 #오즈모포켓 #강아지카메라 #강아지촬영 #dji",2026-09-22,강아지카메라,post,,caption,substitute,2026-10-01T11:16:35
instagram,https://www.instagram.com/p/DWELzxPkl5i/,36f67f8a3b2e1033,,"아무도 없는 집에서 혼자 잘 놀기😆

뒷정리는 엄마 몫😈

#봉구
#강아지카메라
#도기보기
#지켜보기",2026-03-19,강아지카메라,post,,caption,substitute,2026-10-01T11:16:35
instagram,https://www.instagram.com/p/DThvf9yDwRv/,d1c4d4596e1e6410,,"우리 아기곰돌이 몰래 보고있었는데... 걸려버림 😂
집오니까 위에 있는거 다 떨어져 있구요..
.
.
.
#꼬숑 #비숑 #꼬똥 #아기강아지 #창원강아지 #강아지카메라 #반려견카메라 #애기곰🐻",2026-01-15,강아지카메라,post,,caption,substitute,2026-10-01T11:16:35
instagram,https://www.instagram.com/p/DTVgf-vkl0u/,0ca1f84a7476c4fe,,"나도 캐논샷 찍고싶었는데..
그냥 애기 머리끄댕이 잡은 사람..;
우리 사이좋음...
.
.
#누래일상 #강아지카메라 #멍스타그램",2026-01-10,강아지카메라,post,,caption,substitute,2026-10-01T11:16:35
instagram,https://www.instagram.com/p/DTRuT-tGHtC/,37a5688ba17c31c5,,"Photoshoot by 개논

#닥스훈트 #멍스타그램 #강아지카메라 #개논 #dogstagram",2026-01-09,강아지카메라,post,,caption,substitute,2026-10-01T11:16:35
instagram,https://www.instagram.com/p/DTIPcpxkgHg/,0c170d7d5c74aaf9,,"역시 카메라는 장비빨이지;; 📷🍙
라이카 포챠코 에디션✨

#강아지카메라 #포차코 #강아지 #라이카",2026-01-05,강아지카메라,post,,caption,substitute,2026-10-01T11:16:35
instagram,https://www.instagram.com/p/DSr6bYwgXEn/,f4d19ca8e85743c4,,"애두라 후추카메라로 사진찍어주께 📸
찰칵🖤
.
.
#강아지카메라 #캐논 #댕댕이그램 #실버말티푸 #강아지일상",2025-12-25,강아지카메라,post,,caption,substitute,2026-10-01T11:16:35
instagram,https://www.instagram.com/p/DSfwL5mk2Or/,6413e46ca5ed15c6,,"#강아지카메라 #캐논카메라
화이트 대포카메라 하나 장만했읍니다📸🤍",2025-12-20,강아지카메라,post,,caption,substitute,2026-10-01T11:16:35
instagram,https://www.instagram.com/p/DSd-wZNkvNM/,1e6872c93628a774,,"나의 새로운 카메라 
니콘 📷 
#nikon #카메라 #강아지카메라",2025-12-20,강아지카메라,post,,caption,substitute,2026-10-01T11:16:35
instagram,https://www.instagram.com/p/DSd6-p6Eobw/,0ee6897b71799e32,,캐논 아니고 개논📸 시월 카메라 꼬슌내~,2025-12-20,강아지카메라,post,,caption,substitute,2026-10-01T11:16:35
instagram,https://www.instagram.com/p/DRea1HMj3kX/,e9ab6c79f123e2a0,,"우리 강아지 먹는 모습을 이렇게도 촬영할 수 있어요!

카메라를 살짝 그릇 안에 세워 놓고,
주변을 사료로 동굴처럼 둘러줘요(이게 포인트!)
360 카메라 특유의 왜곡 때문에
우리 강아지 얼굴이 화면 꽉 차게 들어오면서
귀엽고, 덤으로 조회수까지 잡는 영상이 만들어져요!

우리 아이의 이런 소소한 순간도,
돌봄이 필요한 하루의 시간도
마타펫이 더 안전한 사랑으로 챙겨드릴게요.

영상출처 : dji_kr",2025-11-25,강아지카메라,post,,caption,substitute,2026-10-01T11:16:35
instagram,https://www.instagram.com/p/DP2vK6KEQKb/,3a6ad098ac9f216c,,"백부장님 시린 눈 장착한 머쨍이랑 데이트💚🩵

#애견동반브런치",2025-10-16,강아지카메라,post,,caption,substitute,2026-10-01T11:16:35
instagram,https://www.instagram.com/p/DHZtFN-TNw7/,47433ddbeff52ae5,,"🐶🐱 펫마트 평택송탄점 🐱🐶

우리 아이의 귀여운 순간을 포착!📸 해서
카메라를 들면 바로 눈을 피하는 우리 강아지🥲

무엇때문일까요?

👀렌즈가 무서워요!
강아지가 카메라나 핸드폰의 렌즈를
동글동글 까만눈동자로 인식 할수도 있습니다

📸찰칵! 소리가 무서워요
사람보다 청각이 뛰어난 강아지에게는 찰칵 소리가 생각보다 큰 소음이 되어 불안감을 느낄 수 있습니다

강아지가 사진을 잘 찍는 방법으로는 
간식과 장난감을 준비하여 카메라에 시선이 맞춰질 때
보상으로 급여해 주는 것 입니다

이러한 반복적인 훈련을 통하여 사진 찍는거에 익숙해 질 수 있습니다😃

#펫마트 #펫을위한마트 #강아지 #고양이 #반려동물 #강아지카메라 #고양이카메라
#반려동물용품점 #반려동물 #강아지 #고양이 #🐶❤️ #🐱❤️ 
#그랜드오픈 #오픈기념행사 
#평택 #송탄 #지산동 #평택반려동물용품 #송탄반려동물용품 #지산동반려동물용품
#펫마트 #펫마트평택송탄점 #전국최대할인 
#평택애견용품 #송탄애견용품 #지산동애견용품",2025-03-20,강아지카메라,post,,caption,substitute,2026-10-01T11:16:35
instagram,https://www.instagram.com/p/DGw542SpTSl/,ff1c8ca15d60f7eb,,"우리 아이의 귀여운 순간을 포착!📸 해서
카메라를 들면 바로 눈을 피하는 우리 강아지😥

무엇때문일까요?

👀렌즈가 무서워요!
강아지가 카메라나 핸드폰의 렌즈를
동글동글 까만 눈동자로 인식할 수도 있습니다.

📸찰칵 소리가 무서워요!
사람보다 청각이 뛰어난 강아지에게는 찰칵 소리가 생각보다 큰 소음이 되어 불안감을 느낄 수 있습니다.

강아지가 사진을 잘 찍는 방법으로는
간식과 장난감을 준비하여 카메라에 시선이 맞춰질 때
보상으로 급여하여 주는 것 입니다.

이러한 반복적인 훈련을 통하여 사진을 찍는것에 익숙해 질 수 있습니다.😆

#펫마트 #펫을위한마트 #강아지 #고양이 #반려동물 #강아지카메라 #고양이카메라",2025-03-04,강아지카메라,post,,caption,substitute,2026-10-01T11:16:35
instagram,https://www.instagram.com/p/DGVLWX3ScTo/,baff90a348014932,,"울 댕댕이 여행은 펫플레이와 함께-🩵

사진 속 주인공은 깜모와 니모인데요 🐾🐶
펫플레이의 카메라 장난감을 목에 걸고 속초 여행을 다녀왔어요📸

깜모, 니모가 담아온 속초🌊
너무 이쁘지 않나요?

귀엽고… 감성있고… 
어디서나 시선 집! 중! 시키는 비주얼✨

펫플레이 장난감은
진짜같은 디자인이 포인트인데요!

이곳 저곳을 돌아다니면서
사진 소품으로 사용하기 좋고, 

숙소 돌아와서는
아이들 장난감으로 활용할 수 있답니다. 

깜모와 니모처럼
아이들과 함께하는 여행에서 펫플레이 장난감과 함께
아이들 인생샷 한 컷 찍어보세요➿😉🩵",2025-02-21,강아지카메라,post,,caption,substitute,2026-10-01T11:16:35
instagram,https://www.instagram.com/p/DGDCZC7yqNw/,9c064b194564f250,,"울 댕댕 인생샷은 카메라 장난감과 함께…📸✨

진짜 카메라 같은 디테일이 살아있는 디자인으로
촬영 소품으로도 제격!
울댕댕 어디서든 시선 집중👀✨🤍

카메라 렌즈 부분에는 크런키바틀(페트병)이 들어 있어서
재미있는 촉감을 주고,

몸통 전체가 디스크 삑삑이로 이루어져 있어
살짝만 눌러도 삑-삑- 소리가 나요💥

그리고 목에 걸 수 있는 로프가 달려있어서
목에 걸 수도 있고, 터그놀이도 가능!➿➿

언제 어디서나 
귀엽고! 엉뚱하고! 깜찍하고! 사랑스러운!!😉
아이의 모든 순간을 카메라에 담아보세요🐶🐾💗

✈️해외여행 컬렉션 ➿ 펫플레이 카메라 장난감",2025-02-14,강아지카메라,post,,caption,substitute,2026-10-01T11:16:35
instagram,https://www.instagram.com/p/C-CtrMOT0KG/,fe84c9e87b277e9a,,"똑똑 ✊🏽 내일 7월 31일 오전 10시!
✔️Cool Silver Crop Top
✔️Silver Scrunchies
✔️Camera Necklace가 오픈됩니다. (자사몰 미리보기 가능하세요ᰔ)

🥶 쿨 실버 크롭 탑
기능성 쿨 원단으로 제작되어 UV 차단 및 냉감 효과가 있어,
물에 적셔 짜준 후 탁탁 털어 입혀주시면 냉감 효과는 배로 상승합니다. 
또한, 흡한속건으로 통기성이 좋아 물에 적셔도 빠르게 마르는 장점이 있어요!
수영복으로 활용해도 좋은 아이템입니다.

🩶 실버 스크런치 (이어슈슈)
앞으로 파피어의 실버 라인에 모든 코디 매치가 가능한 ACC 스크런치 입니다.
실버 원단도 최대한 텍스처가 부드러운 원단으로 초이스 했어요!
Ps.귀 통풍 및 염증 방지도 되어주는 일석이조 제품 ‎ꈍ◡ꈍ

📸 카메라 네크리스 (써지컬)
셔터 사운드와 플래시 기능이 있어요.
카메라를 제외한 모든 부자재는 써지컬을 사용하였습니다.
써지컬에 대한 장점은 이제 말하기도 입 아프죠!

•5일간 쿨 실버 크롭 탑 10% 할인
•오후 12시 주문 건까지 당일 발송 🚚3

그럼 파푸리들 내일 오전 10시에 만나요 👋🏽

#파피어#실버라인#강아지쿨티#강아지스크런치#이어슈슈#강아지카메라#강아지목걸이",2024-07-30,강아지카메라,post,,caption,substitute,2026-10-01T11:16:35
instagram,https://www.instagram.com/p/C7OUbRPpMS0/,fd7af9b1621f779f,,"What’s in my bag 🐶?

🏷️카메라목걸이 4컬러+커스텀가능
🏷️선글라스 70여종
🏷️멍넬풉백 -블랙, 화이트, 핑크, 레드",2024-05-21,강아지카메라,post,,caption,substitute,2026-10-01T11:16:35
instagram,https://www.instagram.com/p/C6ELtShJlXD/,44f422da1ba9ca87,,"우리 털뭉치 친구들~🐶😺
귀여운 카메라 목걸이 메고 산책나가요📷 

귀염뽀짝 카메라 목걸이📷랍니다
셔터를 누르면 찰칵찰칵 소리가 나요👍
스토퍼로 목에 조절해서 걸어주기만 해도
힙댕댕이로 변신~~!! 😆😆😆

블랙컬러는 모두 품절되었습니다😚

보리의하루 스토어 검색 (카메라 목걸이)

#강아지카메라
#강아지악세사리
#강아지목걸이
#강아지카라메라목걸이",2024-04-22,강아지카메라,post,,caption,substitute,2026-10-01T11:16:35
instagram,https://www.instagram.com/p/C6EKMStJNGO/,742de2686387472f,,"#Repost 
#제품제공 우유가 사진 찍어주께 📸

너무너무 귀여운 카메라 받아떠 🥹
찰칵 ! 소리도 나고 후레시도 나와서 디테일 짱이야 🫶🏻

밖에 나가서 귀엽게 사진 찍을 때
목에 걸어놓으면 짱 귀엽겠찌 🤓

🖤 블랙 카메라 + 화이트 줄 🤍
색 다양해서 어떤 조합으로 할지 고민만 왕창 하다가
카메라 느낌 쩰 잘 나는 블랙으로다가 ? 해버렸우 😎

끈 조절도 가능해서 딱이야 !! 🤍
찰칵 소리 나니까 놀래고 당황한 우유띠 😂

너무 강추하는 카메라자나 📸🖤

🔖📸 

#보리의하루 #강아지카메라 #강아지카메라소품
#보리의하루카메라 #보리의하루스토어 #강아지목걸이",2024-04-22,강아지카메라,post,,caption,substitute,2026-10-01T11:16:35
instagram,https://www.instagram.com/p/C49RGAjSz_0/,b736661fa7a986cd,,"귀여운 댕댕이 카메라 목걸이
이벤트 당첨자 입니다👏👏👏

 
 

보리의하루 두계정에서 공동진행했어요

당첨된 분들 모두 축하드려요🫶
개별dm 드릴께요

 
 
b.g_chou

#리그램이벤트발표
#boriharu
#강아지목걸이
#강아지카메라
#보리의하루쇼핑몰",2024-03-26,강아지카메라,post,,caption,substitute,2026-10-01T11:16:35
instagram,https://www.instagram.com/p/C48DUdvpMga/,6bdeb7ab5773ff89,,"귀여운 댕댕이 카메라 목걸이
이벤트 당첨자 입니다👏👏👏

 
보리의하루 대표계정에서 공동진행했어요

당첨된 분들 모두 축하드려요🫶
내일 개별dm 드릴께요

 
 
 

#리그램이벤트발표
#boriharu
#강아지목걸이
#강아지카메라
#보리의하루쇼핑몰",2024-03-25,강아지카메라,post,,caption,substitute,2026-10-01T11:16:35
instagram,https://www.instagram.com/p/C4pdEjSroQu/,3695785f3fb04af7,,"보리가 사진찍어쥬께📷
나랑 카메라 메고 출사갈 틴구이떠?🐶😺

🏷강아지 카메라 목걸이
 

지금 리그램 이벤트중이예요(22일까지)
이전 이벤트 피드 게시글에 댓글 달고 참여하세용~!!

#말티푸보리
#강아지카메라
#카메라목걸이
#boriharu
#강아지목걸이",2024-03-18,강아지카메라,post,,caption,substitute,2026-10-01T11:16:35
instagram,https://www.instagram.com/p/C4ZzXiUPq1N/,b9fa094fd572de66,,"누나가 또 이상한걸 보고 와서는 나한테 해본다.. 견생 살기 힘들구만....😣 

#스탠다드푸들 #레오 #강아지카메라 #대형견 #누나잘못만남",2024-03-12,강아지카메라,post,,caption,substitute,2026-10-01T11:16:35
instagram,https://www.instagram.com/p/C16b6yZSX-R/,ae7f9f7454d95861,,"개달당 카메라 목걸이 겸 장난감 🐶😻❤️

개달당 신상이 나왔어요!! 

하네스 위에 또는 옷위에
귀여운 악세사리 로 척용도 가능하고 

카메라 안에 바스락 소리가 나서
터그놀이나 장난감으로도 좋아요📸🤣❤️❤️

🎨옐로우 / 블루 / 핑크 
3가지 색상 모두 파스텔 톤으로 귀여워요! 

개달당 스토어팜에서 만나보세요
📌전시회 참가 예정일정

2024.01.26-28 울산 펫페어 
2024.02.16-18 광주 펫쇼 
2024.04.05-07 궁팡 부산
2024.05.10-12 대구 펫쇼 
2024.05.31-6.2 궁팡 AT

#개달당#강아지턱받이#강아지목걸이#강아지카메라",2024-01-10,강아지카메라,post,,caption,substitute,2026-10-01T11:16:35
instagram,https://www.instagram.com/p/C1WOAJXve6J/,ce6c815b7b59d653,,"우리 집 강아지는 
왜 카메라를 싫어할까?🤳😒

반려견이 귀여워 사진을 찍으려고 하면
갑자기 고개를 돌리거나 자리를 피하는 경우가 있는데요!

토요타 바른 DOG의 '바른 시그널'을 통해
반려견의 심리를 알아볼까요?",2023-12-27,강아지카메라,post,,caption,substitute,2026-10-01T11:16:35
instagram,https://www.instagram.com/p/CzWbJdoPvWF/,5ef19d9bc6b226d1,,"사딘찌거드립니다📸
저 잘찌거여…!!",2023-11-07,강아지카메라,post,,caption,substitute,2026-10-01T11:16:35
instagram,https://www.instagram.com/p/Cy0NRfWrKfW/,3a23c6f0392309ce,,"ㅌㅋㅋㅋㅋㅋ뚱이랑 같이 먹으려고 고구마 안주니까 세상 억울한 표정으로 뚱이 오는 길 쳐다봄 ㅎㅎ 짱귀탱
.
.
.

#안산 #꼬미의하루 #꼬미daily #daily #일상 #포메 #산책 #안산천 #중앙동 #팔로우 #소통 #견주소통 #맞팔 #선팔맞팔 #선팔댓글 #selfie #셀카 #강아지 #귀여운사진 #홈캠 #강아지카메라",2023-10-25,강아지카메라,post,,caption,substitute,2026-10-01T11:16:35
instagram,https://www.instagram.com/p/Cyo8NlCvJyr/,08d1dd382ec4f9a4,,"세상 해맑은 미소 보여주는 꼬미
.
.
.

#까사드215 #안산 #꼬미의하루 #꼬미daily #daily #일상 #포메 #산책 #안산천 #중앙동 #팔로우 #소통 #견주소통 #맞팔 #선팔맞팔 #선팔댓글 #selfie #셀카 #강아지 #귀여운사진 #홈캠 #강아지카메라",2023-10-20,강아지카메라,post,,caption,substitute,2026-10-01T11:16:35
instagram,https://www.instagram.com/p/Cx_9IecJIb-/,2c8d5cdd07ac5bd4,,"독립적인 우리꼬미 어디갔니!
요즘 엄마한테 너무나 치대는 꼬미🥲 가족들의 무한사랑중 내 사랑이 선택받은거 같아서 기분 좋음🩵🩵
.
.
.

#안산 #꼬미의하루 #꼬미daily #daily #일상 #포메 #산책 #안산천 #중앙동 #팔로우 #소통 #견주소통 #맞팔 #선팔맞팔 #선팔댓글 #selfie #셀카 #강아지 #귀여운사진 #홈캠 #강아지카메라",2023-10-05,강아지카메라,post,,caption,substitute,2026-10-01T11:16:35
instagram,https://www.instagram.com/p/Dc2ambHERo1/#c18626186971032300,61498f3f3294728f,,소중한 정보 감사합니다. 지인들에게도 추천해야겠어요. 사진 보니까 당장이라도 상담(문의)받고 싶어지는 퀄리티네요!,2026-09-04,강아지카메라,comment,,comment,substitute,2026-10-01T11:16:35
instagram,https://www.instagram.com/p/Ddl54Seic1g/#c17929134237407038,6bb9545d186fa554,,대박 배츄야❤️ 너모 좋아보여!! 앞으로 사진 기대하께😍,2026-09-25,강아지카메라,comment,,comment,substitute,2026-10-01T11:16:35
instagram,https://www.instagram.com/p/Ddl54Seic1g/#c17908695033305757,a699b43c7f2a4b28,,배추안녕! 즐거운 명절 보내고 룰루랑 친구하자❣️,2026-09-24,강아지카메라,comment,,comment,substitute,2026-10-01T11:16:35
instagram,https://www.instagram.com/p/Ddl54Seic1g/#c18133998397633556,9f3cefcb30b0a9e3,,이걸루 마니마니 찍어죠🤍,2026-09-23,강아지카메라,comment,,comment,substitute,2026-10-01T11:16:35
instagram,https://www.instagram.com/p/Ddl54Seic1g/#c17927529732421794,c000237c8c3377d6,,이제 귀여운 배추영상 더 많이 볼 수 이따〰️🤍,2026-09-23,강아지카메라,comment,,comment,substitute,2026-10-01T11:16:35
instagram,https://www.instagram.com/p/Ddl54Seic1g/#c18139490563611904,c85476198f1f74e4,,오 이제 배추 다각도로 볼수 있나 ?!,2026-09-23,강아지카메라,comment,,comment,substitute,2026-10-01T11:16:35
instagram,https://www.instagram.com/p/Ddl54Seic1g/#c18631038850036096,48a24b594c9db0be,,배추를위해 ~~~장난아니다😍😍😍😍,2026-09-23,강아지카메라,comment,,comment,substitute,2026-10-01T11:16:35
instagram,https://www.instagram.com/p/Ddl54Seic1g/#c18127233853831278,2bb4f8c10e1d1c38,,배추는 좋겠네.. 이쁘게 많이 찍으렴,2026-09-22,강아지카메라,comment,,comment,substitute,2026-10-01T11:16:35
instagram,https://www.instagram.com/p/Ddl54Seic1g/#c18158341213497550,838a0fdc61a67be3,,이거 진짜 궁금했눈데!!! 사용해보고 꼭 후기 알려주기야~♥,2026-09-22,강아지카메라,comment,,comment,substitute,2026-10-01T11:16:35
instagram,https://www.instagram.com/p/DTIPcpxkgHg/#c17983637774940851,bd9ce773478181bf,,코 촉촉하니 너무 귀여워,2026-01-07,강아지카메라,comment,,comment,substitute,2026-10-01T11:16:35
instagram,https://www.instagram.com/p/DTIPcpxkgHg/#c18356221237165388,6372a2414291d168,,라이카 포타코 에디션 탐난다….📸,2026-01-05,강아지카메라,comment,,comment,substitute,2026-10-01T11:16:35
instagram,https://www.instagram.com/p/DTIPcpxkgHg/#c18082450348901778,8e2c8bd0895b4de2,,약간 촉촉한 렌즈가 포인트군뇨?!,2026-01-05,강아지카메라,comment,,comment,substitute,2026-10-01T11:16:35
instagram,https://www.instagram.com/p/DTIPcpxkgHg/#c17847337467655015,9db5f6a9f3c01826,,포차코가 엄마닮아서 이뻤네❤️,2026-01-05,강아지카메라,comment,,comment,substitute,2026-10-01T11:16:35
instagram,https://www.instagram.com/p/Cyo8NlCvJyr/#c17974778372408931,450be2d1a3409542,,저 표정은 간식 먹을 때 나오는 표정!!!,2023-10-21,강아지카메라,comment,,comment,substitute,2026-10-01T11:16:35
instagram,https://www.instagram.com/p/DV-SLMiD4Mc/#c18167654503407989,0cf45119e711b0a2,,너랑 나 갱장히 닮은 거 같지 않니? 나도 엄마 만나기 전에 이름 땅콩이엿써. 맛팔할레?,2026-03-20,강아지카메라,comment,,comment,substitute,2026-10-01T11:16:35
instagram,https://www.instagram.com/p/DV-SLMiD4Mc/#c18155768824434957,4974db99c6e5b38e,,캐논이 아니라 개논아닌가요?,2026-03-17,강아지카메라,comment,,comment,substitute,2026-10-01T11:16:35
instagram,https://www.instagram.com/p/Cx_9IecJIb-/#c18046902415507533,e64b3e7f1437efc6,,사진에서 꼬미의 꼬소한 뱃살 냄새 나는 것 같아요😍😍,2023-10-05,강아지카메라,comment,,comment,substitute,2026-10-01T11:16:35
instagram,https://www.instagram.com/p/DcTUvKHIIjP/#c17975897925092251,9ece86c1bfe05629,,"강아지가 가장 먼저 찍을 것 같은 건 무엇인가요?
① 공 🥎 ② 간식 🦴 ③ 산책길 🌳 ④ 다른 동물",2026-08-21,강아지카메라,comment,,comment,substitute,2026-10-01T11:16:35
instagram,https://www.instagram.com/p/DSr6bYwgXEn/#c18068315531625013,7120f9e28c6f48cd,,우아 후추야 너무 귀엽당❤️ 후추 카메라에 나도 찍히고시포😍,2025-12-26,강아지카메라,comment,,comment,substitute,2026-10-01T11:16:35
instagram,https://www.instagram.com/p/DSr6bYwgXEn/#c18319395397223621,8786ba3e2779a4e4,,ㅋㅋㅋㅋㅋㅋ 후추 어리둥절한게 너무 이뻐요😘,2025-12-26,강아지카메라,comment,,comment,substitute,2026-10-01T11:16:35
instagram,https://www.instagram.com/p/DdGHTt7ETzA/#c18016769207936328,82d0b1dd8be17ec5,,덕분에 좋은 영감 얻고 갑니다. 감사합니다! 사진 선택이 정말 탁월합니다.,2026-09-10,강아지카메라,comment,,comment,substitute,2026-10-01T11:16:35
instagram,https://www.instagram.com/p/DdGHTt7ETzA/#c17925981999421632,76e45dc63c425c3f,,색감의 조화가 굉장히 세련된 느낌이에요. 덕분에 좋은 영감 얻고 갑니다. 감사합니다!,2026-09-10,강아지카메라,comment,,comment,substitute,2026-10-01T11:16:35
instagram,https://www.instagram.com/p/DYZW42uReq6/#c18108015005493915,0a06f88e024557f1,,귀요미 🤍🤍🐶밥풀아 안뇽 반가워 제니놀러왔쏘🐾🐾 우리친구하자 💗💗💗🫶🫶,2026-05-26,강아지카메라,comment,,comment,substitute,2026-10-01T11:16:35
instagram,https://www.instagram.com/p/DYZW42uReq6/#c18111503173865353,4705b886f43af1eb,,돌아버리게 귀엽네 짜식이~~❤️,2026-05-16,강아지카메라,comment,,comment,substitute,2026-10-01T11:16:35
instagram,https://www.instagram.com/p/DP2vK6KEQKb/#c18075683345131585,5c0bd0bc46f3a0a4,,와우~~ 부꾸❤️ 완전 믓찌다ㆍ믓찌다 👏,2025-10-16,강아지카메라,comment,,comment,substitute,2026-10-01T11:16:35
instagram,https://www.instagram.com/p/C-CtrMOT0KG/#c18040759855812101,2d8ff4bdb4d929b8,,잘 늘어나는 소재일까요?,2024-07-30,강아지카메라,comment,,comment,substitute,2026-10-01T11:16:35
instagram,https://www.instagram.com/p/C-CtrMOT0KG/#c17996283134659712,3d818392efeb8491,,카메라 샤타누르면 인싸는 순식간…🩶 📸📸📸,2024-07-30,강아지카메라,comment,,comment,substitute,2026-10-01T11:16:35
instagram,https://www.instagram.com/p/C-CtrMOT0KG/#c18031892294485980,8ca2509128e1ef2e,,"뮤족건 알람설정,, ☑️ 스크런치 꼭 갖구말규야🩶",2024-07-30,강아지카메라,comment,,comment,substitute,2026-10-01T11:16:35
instagram,https://www.instagram.com/p/C4pdEjSroQu/#c17863276971081258,2354e876125bad79,,보리야이쁜찍사잖앙~~🤭😁😁😁나듀찍어죵~~🤗🤩🥰❤️,2024-03-20,강아지카메라,comment,,comment,substitute,2026-10-01T11:16:35
instagram,https://www.instagram.com/p/CzWbJdoPvWF/#c17923360295715835,6115f341316bc9e1,,당좡 맏길래요 제 모든걸❤️,2023-11-11,강아지카메라,comment,,comment,substitute,2026-10-01T11:16:35
instagram,https://www.instagram.com/p/CzWbJdoPvWF/#c17883452291904179,4dca80778b7ccd6b,,저 이쁘게 찍어쥬세요오오 ✌🏻💗,2023-11-10,강아지카메라,comment,,comment,substitute,2026-10-01T11:16:35
instagram,https://www.instagram.com/p/CzWbJdoPvWF/#c17941698932729356,94cb29154325438d,,모쨍이 사진사당❤️❤️❤️뿌랑 커플사진 될까요?🐰🎀💕💕💕,2023-11-09,강아지카메라,comment,,comment,substitute,2026-10-01T11:16:35
instagram,https://www.instagram.com/p/CzWbJdoPvWF/#c18009477610891531,24dbcea132923a38,,하ㅠㅠㅠㅠ 뿌얌 가만히있어봐 임오는 안찍어줘도돼 뿌만 100000장 찍을래😍📸📸📸📸,2023-11-09,강아지카메라,comment,,comment,substitute,2026-10-01T11:16:35
instagram,https://www.instagram.com/p/CzWbJdoPvWF/#c18122416222318158,ead85f79271bac50,,"뿌 넘 귀여운거 아니냐구 ❛ ֊ ❛„ఇ 
레아멈머랑 같이 사진📸찍자 🧸🤍",2023-11-08,강아지카메라,comment,,comment,substitute,2026-10-01T11:16:35
instagram,https://www.instagram.com/p/CzWbJdoPvWF/#c17884168952956361,3cd2491b870a3b6d,,우리 뿌가 포토그래퍼야?! 😍 똘이는 울 뿌랑 한장 같이 찍구시푼뎅😍,2023-11-08,강아지카메라,comment,,comment,substitute,2026-10-01T11:16:35
instagram,https://www.instagram.com/p/C4ZzXiUPq1N/#c17974774034681067,89b641f5b664a242,,하잇~!!! 우리 멍팔하고 친구하까~???,2024-03-13,강아지카메라,comment,,comment,substitute,2026-10-01T11:16:35
instagram,https://www.instagram.com/p/DGDCZC7yqNw/#c18185770213307876,b388fe92b0af5733,,이 장난감 베베가 너무 너무 좋아해요😍❤️,2025-02-14,강아지카메라,comment,,comment,substitute,2026-10-01T11:16:35
instagram,https://www.instagram.com/p/DGDCZC7yqNw/#c17894948550159874,b0cc6caeab7df8bf,,"진짜 펫플레이 덕분에 
인생샷 건졌자나요😉📸🤍",2025-02-14,강아지카메라,comment,,comment,substitute,2026-10-01T11:16:35
instagram,https://www.instagram.com/p/C48DUdvpMga/#c18011389205349686,e8e7a5e8d14d67c4,,안녕 나는 파이라고해~❤️ 파이랑 친구할래?😍,2024-03-25,강아지카메라,comment,,comment,substitute,2026-10-01T11:16:35
instagram,https://www.instagram.com/p/C48DUdvpMga/#c18024474971051682,e3609b62cee5a16e,,꺄____악!!!! 댑악ㅠㅠㅠㅠㅠ🩵 진짜 원츄했뉸뎅 감사합니다 츄츄🙈🩵🩵🩵,2024-03-25,강아지카메라,comment,,comment,substitute,2026-10-01T11:16:35
instagram,https://www.instagram.com/p/DYZKT-TiTy4/,13973e8861b287f9,,"요즘 뉴스, 보호자님도 보셨을 거예요. 🌙

반려견 호텔, 정말 안심하고 맡길 수 있을까.
많은 보호자님들이 같은 고민을 하고 계십니다.

우리집첫째가 구축한 호텔 시스템은
그 불안에서 출발했습니다.

──────────────

🎥 AI 카메라가 밤새 실시간 감시
📊 수면시간·활동량·컨디션 자동 분석
📱 매일 아침, 리포트로 투명하게 전달

숨기지 않습니다.
데이터로 증명합니다.

──────────────

오늘 밤도, 아이 곁에 있겠습니다 🐾
스와이프해서 오늘 밤 리포트 확인해 보세요 →
문의는 프로필 링크 또는 DM으로 주세요!

───────────────",2026-05-16,반려견cctv,post,,caption,substitute,2026-10-01T11:31:02
instagram,https://www.instagram.com/p/DM63g1IJ_JZ/,23a1721d1016c6b3,,"Cctv 볼때마다 날 놀라게 하시는분..
그래도 분리불안 없이 절케 잘 있어서 오히려 다행^^;
오히려 내가 없어서 침대 독차지해서 좋아보임 ㅠㅠ
#홈캠 
#반려견cctv",2025-08-04,반려견cctv,post,,caption,substitute,2026-10-01T11:31:02
instagram,https://www.instagram.com/p/DJDoUZhSGXF/,ac740f050264d204,,"[깊은 밤, 혼자 있어도? 감시완료! 🌙]

조용한 새벽,
아이는 혼자 자고 있었지만… 🐶

안심펫솔루션은 깨어 있었습니다. 👀

갑작스러운 움직임,
이상 행동, 탈출 시도까지—

밤새 실시간 감시 📹 + 즉시 알림 🚨

혼자 있어도 걱정 없는 호텔,
이제 사장님도 만들 수 있어요. 🛡️

24시 운영처럼 믿음을 주는 시스템. ⏰

DM✉️ 또는 ☎️ 
지금 바로 문의 주세요! ❤️",2025-04-30,반려견cctv,post,,caption,substitute,2026-10-01T11:31:02
instagram,https://www.instagram.com/p/C_4EIs9zIqQ/,bb2bf42ca60cce3e,,"이상하다..꼭 캠으로 무무를 보면..
눈이 마주치는 기분...
너 뭔가 들리니...ㅋㅋㅋ
#평범한일상
#캠 #집안cctv 
#반려견일상 
#반려견cctv 
#내가분리불안 ㅋㅋㅋ",2024-09-13,반려견cctv,post,,caption,substitute,2026-10-01T11:31:02
instagram,https://www.instagram.com/p/C7SkzAPvB4B/,24c07771d12f688a,,"영상통화 가능한 우리집홈캠✨OPEN
🔥구매자 전원 스타벅스 커피증정🔥

cctv가 꼭 있어야할까? 고민이었던 저에게
새로운 신세계를 안겨준 홈캠입니다
그렇잖아요 건조기도 꼭 있어야해? 싶었는데
이제 없으면 못살죠 ㅎㅎㅎ

매번 붙어있을 수 없는 우리 아이들
제가 없을때에도 살필 수 있다는게 
굉장히 든든한 순간이 있어요💪🏻
특히 아직 휴대폰 없는 둘째에게,
눈을 뗄 수 없는 더 어린아이들에게도 필수겠죠!

✔️아이를 키우는 가정, 눈을 뗄 수 없는 아이를위해
✔️나이드신 부모님, 거동이 불편한 환자가족
✔️반려견 집에 혼자있는시간동안 cctv로 함께하기
✔️혼자 거주하는 여성분들이나 
✔️사업장에도 매달 요금없이 하나 두기에 너무좋구요
보안이 필요한 곳 어디든 cctv는 이제 필수시대가왔어요

☑️움직임에 따라 카메라와 디스플레이 회전
☑️움직임 감지 푸시알람발송
☑️실시간 cctv
☑️최대 20일 녹화, 타임라인 선택시청
(녹화는 sd카드 추가구매 후 장착)
☑️와이파이기반 통신으로 무료통화

cctv가 꼭 필요한가 싶었던 저에게
새로운 신세계를 안겨주었던 제품이에요
집도 아이들도 제가 늘 살필 수 없잖아요 :)
아직 휴대폰 없는 둘째에게 와이파이 
영상통화기능은 정말 유용하구요
반려견있는집이나 부모님, 환자분들 위해서도
꼭 필요한 안전장치가 아닐까싶어요♥️

아~우리집에도 있었으면 좋겠다 싶었죠?
‼️바로 지금입니다 

> 프로필 링크에서 구매 가능하세요!

#구매완료이벤트🎁 
구매완료0000(휴대폰뒷자리)
댓글 남겨주신 전원에게 스타벅스 커피 드려요!🫰🏻

#스마트홈캠
#가정용cctv
#반려견cctv",2024-05-23,반려견cctv,post,,caption,substitute,2026-10-01T11:31:02
instagram,https://www.instagram.com/p/C5CeVxrBJCW/,83b7f6f326572676,,".
✔ 지하 1층 사무실, 1층 외부와 엘리베이터 홀을
볼 수 있도록 cctv 카메라 설치해 주셨습니다.

✔ 1층과 2층은 내부 공간으로
강아지들이 노는 모습을 전체적으로 보이게
코너에서 cctv 카메라 설치해 주셨습니다.

✔ 3층은 반려견 호텔로 사용되는 공간으로
사고 방지를 위해 사각지대 없이 볼 수 있도록
cctv 카메라 설치해 주셨습니다.

✔ 옥상은 야외 테라스로
반려견들이 뛰어 놀 수 있는 공간으로
마찬가지로 사고 방지를 위해
코너에서 전체적으로 보일 수 있게
cctv 카메라 설치해 주셨습니다.

.
✔ 경기도 부천시 양지로 229
☎ 070-7677-2897
📱 카카오톡채널 : oda_cctv
❤ 블로그 :",2024-03-28,반려견cctv,post,,caption,substitute,2026-10-01T11:31:02
instagram,https://www.instagram.com/p/DM63g1IJ_JZ/#c18096989716541045,fdb749a560b4b191,,혼자서 배까고 누워 있는거 보니 매우 흡족한 상태네요😂,2025-08-04,반려견cctv,comment,,comment,substitute,2026-10-01T11:31:02
instagram,https://www.instagram.com/p/C7SkzAPvB4B/#c18040399201853434,a4a961cdef39f336,,해외에서도 사용가능할까요?😮,2024-05-23,반려견cctv,comment,,comment,substitute,2026-10-01T11:31:02
instagram,https://www.instagram.com/p/DX9LLMmoOAs/,0cbc99d52cd52a63,,"자다가 홈캠움직이는 소리에 귀쫑끗
#쫑꼬 #애견홈캠
#기다림",2026-05-05,애견홈캠,post,,caption,substitute,2026-10-01T11:34:27
instagram,https://www.instagram.com/p/DRrwDUSkeyt/,f79124e1f152fb80,,"기사 본문 ⬇️

'홈캠'으로 불리는 IP(인터넷 프로토콜) 카메라 12만여대를 해킹해 성 착취물을 제작 및 판매한 피의자들이 검거됐다.
자영업자, 직장인 등으로 이루어진 4명의 피의자는 1만~6만여대의 IP 카메라를 해킹해 최소 136개에서 최대 545개의 성 착취물을 제작하고 이를 해외 사이트에 팔아 몇천만원 어치의 가상자산을 챙겼다. 검거 당시 이들의 범죄 수익은 남아있지 않았으나 경찰은 과세 등 법적 조치를 위해 국세청에 통보한 상태이다.

⬆️ 한 줄 요약 : 
12만여대의 홈캠을 해킹해 성관계 장면을 제작 및 판매한 일당이 검거됨.",2025-11-30,애견홈캠,post,,caption,substitute,2026-10-01T11:34:27
