source,url,url_hash,title,body,date,keyword,feed_type,rating,body_from,query_group,collected_at
naver_kin,https://kin.naver.com/qna/detail.naver?dirId=80511&docId=495295385&answerNo=1,1d8089aaa64ec166,노견 강아지 사료거부 대처법,"15살 잡종 강아지 키우고있습니다. 사료를 거부한 지는 꽤 됐습니다. 1년 가까이 된 것 같네요. 일반 건식 사료는 아예 안먹고, 화식이나 습식 사료 급여를 1-2개월 하다가 그것조차 입을 뗐습니다. 그러고는 거의 하루 한끼 수준만 먹일 수 있었고, 그 먹이는 것도 사식을 강아지 수준으로 억지로 먹이기만 반복하였습니다. 뭐 계란 주기, 간 안한 고기 볶아주기, 옥수수, 단호박, 양배추, 뭐 이런거 말이죠. 근데 이젠 이러한 사식도 입을 안댑니다. 아무리 애원해도 고개 돌리면서 거부하고 도망가기 일쑤입니다. 웃긴게 식욕은 없는게 아닙니다. 요리를 하면 옆에 붙어서 뭐 없나 노리고 있고, 가족이 밥먹을때도 옆에 붙어서 좀 달라고 떼씁니다. 그리고 지가 즐겨먹는 간식이나 영양제는 또 잘 먹습니다. (최근엔 이 간식도 안먹을때가 종종 있습니다) 헥헥거리며 발발 뛰어다니면서 활동성이 떨어진것도 아닙니다. 분명 배가 고픈게 맞습니다. 근데 안먹습니다. 병원에 데려가 봐야 할까요.. 아픈것 같진 않은데 말이죠.. 해결방법을 아시는 분은 제발 알려주세요..",2026-09-24,강아지 밥 챙기기 힘들다,화식,,page,explore,2026-09-28T10:44:09
naver_kin,https://kin.naver.com/qna/detail.naver?dirId=710&docId=495289002&answerNo=2,21d53b0749a5feeb,몸이 이상해요,"안녕하세요. 몸이 이상해서 질문드립니다. 어제 코락쿠 변비약과 이코졸이라는 약을 먹고 복용을 했습니다. 혹시나 관련이 있을까봐 추가합니다. 오늘 아침에 강아지 밥을 챙겨주려고 일어서서 사료 봉지를 열었는데 갑자기 냄새가 역해지면서 속이 울렁거리고 토할 것같더니 중심을 잡기 어려울정도로 어지러워서 뒤로 넘어져서 서랍장에 허리를 부딪혔습니다. 귀도 막 먹먹하고 찌이이이 소리가 나더라구요. 다시 정신을 찾고 일어서서 밥통에 밥을 가져다 주려는데 또 어지러워서 앞으로 넘어졌습니다. 바로 그 자리에서 옆으로 누워서 있었는데, 가족들이 말하는 것도 막 먹먹해서 잘 안들리더라구요. 지금은 누워서 가만히 있ㄴ느 상태입니다. 누워있을땐 찌이이 하는 소리만 들리고 어지럽거나 메스껍지 않습니다. 다만 일어서있으면 그런느데 왜그런걸까요. 그리고 허리도 부딪혔는데 너무 아파서요. 이런 멍이 들었는데 괜찮을까요?ㄷ ㅇ등과 허리에 이렇게 멍이 들었습니다.",2026-09-24,강아지 밥 챙기기 힘들다,미상,,page,explore,2026-09-28T10:44:09
naver_kin,https://kin.naver.com/qna/detail.naver?dirId=80511&docId=493238812&answerNo=4,773c93d70ffaa25e,강아지 입양처를 찾아주고 싶습니다. 어떻게 해야 될까요?,"안녕하세요. 1월에 당근 앱에서 떠도는 강아지를 발견한 후 2~3일 간격으로 올라오는 목격 글을 보며 이동 범위도 넓고 목격 글 올라오는 곳이 모두 다른 곳이어서 걱정이었습니다. 2 주쯤 흘러 IC근처 동네까지 간 아이를 보호소라도 보내야겠다 싶어서 잡으러 갔는데 뒷다리를 저는데 필사적으로 도망을 갔고 보호소도 자리가 없어 받아주지 못한다하여 결국 발견했던 길목에 먹을 것만 두고 돌아왔고요. 그리고 한 달을 계속 고민하다가 겨울이라 눈도 오고 비도 오고 사람을 보고 도망 다니는 모습이 기억나 사람들에게 먹을 것도 못 얻어 먹을 것 같아서 새벽에 잠을 못 이룰 정도로 스트레스였습니다. 저는 이미 강아지를 키우고 있고 가족들은 원래 강아지를 실내에서 키우기를 원하지 않았고 지금 있는 아이도 처음에 아파서 제가 독단으로 키우겠다고 집 안으로 데려온 것이었거든요. 그래서 지인한테 사정을 말하고 비어있는 지인 집 베란다에서 보호하기로 했고 평소 고양이 밥을 주는 분이 가끔 먹을 것을 챙겨줘서 잡아줄 수 있다고 하여 3월 3일에 구조해서 임보를 시작했고요. 2주 동안 일하는 시간 외에  최소 20km 이상씩 걸었습니다.(강아지 2마리 각 2번씩 총 4번 산책. 버스편이 애매해서 지인 집으로 40분씩 2번 도보로 이동) 운동화도 슬리퍼도 아파서 못 신을 정도로 발이 붓고 몸도 너무 피곤해서 결국 가족들에게 입양 갈 곳이 있다고 설명한 후 집으로 데려왔고요 구조 한 이후로 매일 입양 홍보 릴스를 올렸고 5명 정도 희망하는 집이 있었는데 그 중에 한 집으로 보내기로 한 상태였습니다.(나머지 3명은 포기, 1명은 연락 안됨) 그리고 4월 5일에 입양을 보냈는데 일주일 만에 파양되어 4월 13일에 다시 저희 집으로 돌아왔습니다. 이유는 아침 산책을 못 시킨다는 점이었죠. 그 외에 아이가 적응을 못하는 것 같다 등등 덧붙이는 말들이 있어서 파양 이후로 올린 릴스에는 4가지 입양 조건을 기록했습니다. 1. 실내 생활 2. 하루 2번 산책 3. 생활 공간 매트 설치 4. sns나 카톡으로 소식공유 그런데 그 이후로는 릴스를 올려도 입양 문의가 한 번도 오지 않더라고요, 아이가 다시 돌아올 때 가족들은 절대 안된다고 반대했습니다. 기약 없는 보호였고 가족에게 버려진 아이, 입양 갔다가 일주일만에 파양되어 돌아온 이 아이가 앞으로도 계속 무슨 일이 생기면 저에게 다시 돌아올 것이란 이유 때문이었죠. 그래서 2달 안에 꼭 입양처를 찾겠다고 이야기 하고 받아달라고 하였습니다. 임보한 이후로 가족을 찾아주기 위해 한 행동들은 릴스 매일 올리기, 유료 광고 해보기, 동물 단체에 홍보 요청 해보기, 방송국에도 연락 해봤고 연예인이나 인플루언서, 동물 관련업 하시는 분들에게 DM도 남겨보고 홍보물 제작해서 카페에도 비치 해보고 입양 홍보 티를 입고 축제나 산책 할 때 돌아다니고 있는데요. 입양을 희망하시는 분이 한 분도 없습니다. 저도 오래 강아지를 키웠기 때문에 충분히 착하고 사랑스러운 아이라 어딘가에는 가족이 있을 것 같은데 어떻게 해야 찾을 수 있을지 모르겠어서 오늘 지식인과 블로그에라도 올려보자 생각이 들어. 이렇게 글을 남깁니다. 희망이 정보 - 견종/성별: 믹스견(코카 믹스 추정) / 남아(중성화×) - 몸무게/나이: 13.5kg / 4~5살 추정 - 건강 상태: 심장사상충 및 진드기 바이러스 치료 중 (치료 비용은 제가 전액 부담합니다) - 특이사항: 드라이브 고수, 산책 후 시원한 뒷발차기가 매력 포인트! 구조 후 약 한 달 동안 병원을 8번 가서 엄청 무서워합니다. 입양 조건 - 실내 생활 필수 (마당/견사 불가) - 하루 2번 산책 (실외 배변 필수) - 바닥 매트 설치 (미끄러운 바닥을 힘들어해요) - 꾸준한 소식 공유 (SNS, 카톡 등). 인스타그램 ID : hbhb_2023 여기에 아이 관련 피드는 많습니다. 위에 기록한 것들 외에 제가 할 수 있는 방법을 알려주신다면 해보겠습니다. 아신다면 알려주시고 혹시나 주변에 아이 가족이 되어주실만한 분들이 계신다면 공유 부탁드립니다.",2026-05-03,강아지 밥 챙기기 힘들다,미상,,page,explore,2026-09-28T10:44:09
naver_kin,https://kin.naver.com/qna/detail.naver?dirId=8010501&docId=494968201&answerNo=1,b6f07b06c7a089e0,강아지 변화,8살아이입니다ᆢ 얼마전 건강검진상 이상이 없다고는 나왔는데ᆢ 부쩍 음수량이늘고(하루2번먹을꺼 5~6번정도) 소변량도 집에선 한번 보던거(2~3번)늘었어요ᆢ 그리고 매트에서 식판까지 바로가지않고 삥~둘러가요ᆢ 괜찮을까요?? 아님 다른 검사를 해봐얄까요??,2026-08-31,강아지 밥 챙기기 힘들다,미상,,page,explore,2026-09-28T10:44:09
naver_kin,https://kin.naver.com/qna/detail.naver?dirId=8050105&docId=495007831&answerNo=2,40ef5989854a635a,"17살 중증 치매·실명 노견, 두 번의 수술 이후 상태가 많이 ....","17살 노견을 키우고 있습니다. 정말 오랫동안 함께한 아이라 이런 글을 쓰는 것 자체가 너무 어렵습니다. 제가 잘못된 생각을 하고 있는 건 아닌지, 제가 조금만 더 노력하면 되는 건지 계속 고민하다가 비슷한 경험이 있으신 노견 보호자분들의 이야기를 들어보고 싶어서 글을 올립니다. 저희 강아지는 현재 치매가 굉장히 심한 상태이고 두 눈 모두 보이지 않습니다. 저를 알아보는 것 같지도 않고, 스스로 밥이나 물을 찾아 먹는 것도 전혀 하지 못합니다. 두 번의 큰 수술을 받았습니다 나이가 많은 상태에서 두 번의 큰 수술도 받았습니다. 먼저 방광결석 때문에 방광을 절개해서 결석을 제거하는 수술을 받았습니다. 수술 전에도 노견이었지만 이 수술을 받고 난 이후 살과 근육이 많이 빠졌고, 다리에 힘이 눈에 띄게 약해졌습니다. 비틀거리거나 걷는 게 힘들어졌고 치매 증상도 이전보다 심해졌습니다. 그 이후 눈에도 문제가 생겼습니다. 눈 상태가 계속 좋지 않았고 결국 한쪽 눈에 천공까지 생겨 안구를 살릴 수 없는 상태가 되어 안구 적출 수술까지 받았습니다. 당시에도 나이가 많고 치매가 심한 아이라 마취와 회복에 대한 걱정이 정말 많았습니다. 그래도 눈 자체가 많이 아플 수 있는 상태라고 해서 고통을 없애주고 싶어 결국 수술을 결정했습니다. 다행히 수술은 끝났지만 이후에는 몸이 더 약해졌습니다. 특히 최근 안구 적출 수술을 받은 뒤부터 다리 힘이 이전보다 더 떨어진 것처럼 느껴집니다. 예전에는 치매 때문에 빙빙 돌더라도 어느 정도 걸었는데, 이제는 일어나서 조금 움직이다가 넘어지고 다시 일어나지 못해 비명을 지르는 일이 반복되고 있습니다. 그래서 지금까지 치료를 하지 않고 방치했던 아이가 아닙니다. 나이가 많아도 필요한 수술이라고 생각해서 방광결석 수술도 했고, 눈을 살릴 수 없게 되었을 때는 안구 적출 수술까지 했습니다. 그때마다 어떻게든 아이가 덜 아프고 조금이라도 편안하게 지낼 수 있었으면 하는 마음으로 치료를 선택했습니다. 그런데 두 번의 수술을 거치면서 신체 기능이 계속 떨어졌고, 지금은 제가 아무리 돌봐도 다시 편안한 생활로 돌아갈 수 있는 상태인지 모르겠습니다. 밥은 아직 잘 먹습니다 이 부분이 제가 결정을 가장 못 내리는 이유입니다. 스스로 밥을 찾아 먹지는 못합니다. 혼자 서서 먹을 힘도 부족해서 하루 세 번 제가 직접 몸을 손으로 받쳐주고, 밥그릇도 입 앞에 들어줘야 합니다. 처음에는 밥 냄새도 바로 알아채지 못합니다. 한동안 입 앞에 가져다주고 기다리다 보면 어느 순간 냄새를 알아채고 천천히 먹기 시작합니다. 먹는 속도는 많이 느려졌지만 식욕 자체는 아직 있습니다. 제가 끝까지 몸을 받쳐가며 먹여주면 주는 양은 거의 다 먹습니다. 그래서 ‘이렇게 밥을 먹고 싶은 아이인데 보내주는 걸 생각해도 되는 건가’라는 생각이 계속 듭니다. 물은 혼자 전혀 마시지 못합니다. 주사기로 먹여보려고도 했지만 너무 심하게 발버둥 치고 거부해서 현재는 밥에 물을 충분히 섞어서 수분을 보충해주고 있습니다. 깨어 있는 시간이 가장 힘들어 보입니다 아이는 치매가 굉장히 심합니다. 예전부터 빙빙 도는 행동이 있었지만 그때는 그래도 다리에 힘이 있어서 어느 정도 혼자 걸었습니다. 그런데 이제는 다리에 힘이 너무 많이 빠졌습니다. 잠에서 깨면 계속 일어나려고 합니다. 제가 일으켜주면 빙빙 돌거나 움직이다가 얼마 지나지 않아 다시 넘어집니다. 넘어지고 나면 혼자 바로 일어나지 못하고 비명을 지릅니다. 몇 번씩 비명을 지르고 발버둥 치다가 스스로 겨우 일어나는 경우도 있지만, 그렇게 일어나도 얼마 지나지 않아 또 넘어집니다. 제가 옆에 있을 때는 비명소리를 들으면 바로 가서 일으켜줍니다. 그런데 일으켜줘도 잠시 후 다시 넘어지고, 또 비명을 지르고, 다시 일으켜주면 또 넘어지는 일이 계속 반복됩니다. 두 눈이 보이지 않고 방향감각도 거의 없습니다 현재는 두 눈 모두 보이지 않습니다. 치매까지 심하다 보니 자신이 어디에 있는지, 어디로 가야 하는지를 인지하지 못하는 것처럼 보입니다. 다칠까 봐 울타리 안쪽을 최대한 푹신하게 만들고 부딪힘 방지 쿠션도 설치했습니다. 모서리도 최대한 안전하게 만들어두었습니다. 그런데 푹신한 모서리에도 머리를 대고 들어간 뒤 뒤로 나오거나 방향을 돌리는 방법을 모르는 것처럼 그 상태에서 계속 비명을 지를 때가 있습니다. 제가 발견해서 방향을 돌려주거나 꺼내주지 않으면 계속 그러고 있습니다. 그래서 휠체어도 정말 많이 고민했습니다. 단순히 다리만 불편한 아이라면 휠체어를 태워주면 다시 움직이는 즐거움을 느낄 수도 있을 것 같습니다. 하지만 저희 아이는 두 눈이 보이지 않고 중증 치매까지 있어서 어디로 가고 있는지 자체를 인지하지 못합니다. 지금도 울타리 구석에서 빠져나오지 못하는데 휠체어를 태우면 결국 어딘가에 계속 부딪히거나 구석으로 들어가 빠져나오지 못하고 더 불안해하면서 비명을 지를 것 같아 선뜻 시도하지 못하고 있습니다. 배변도 혼자 관리할 수 없습니다 기저귀를 채워두면 제가 발견해서 갈아줄 때까지 그대로 있어야 합니다. 제가 집에 없는 동안 소변이나 대변을 보면 제가 돌아올 때까지 그 상태로 기저귀를 차고 있어야 합니다. 기저귀 자체도 불편해하는 것 같아서 벗겨놓은 적이 있는데, 대변을 보고 나면 다리에 힘이 없어서 그대로 넘어지는 경우가 많습니다. 그러면 몸과 발바닥, 울타리 바닥까지 대변이 묻습니다. 그 상태에서 혼자 빠져나오거나 일어나지도 못하고 비명을 지르다가 제가 바로 발견하지 못하면 결국 그 위에서 잠들기도 합니다. 제가 계속 옆에서 지켜보다가 배변 직후 바로 치워주지 않는 이상 스스로 청결한 상태를 유지할 수 없습니다. 편안해 보이는 시간이 잠잘 때와 밥 먹을 때뿐인 것 같습니다 잠은 잡니다. 어떤 날에는 비교적 길게 잘 때도 있고, 어떤 날에는 중간중간 계속 깨면서 불편해합니다. 그런데 하루 전체를 생각해보면 아이가 편안해 보이는 시간은 사실상 잠을 자고 있을 때와 밥을 먹고 있을 때뿐인 것 같습니다. 밥 먹을 때는 얌전히 먹습니다. 하지만 밥을 먹고 잠에서 깨어나면 다시 일어나려고 하고, 넘어지고, 비명을 지르고, 제가 일으켜주면 또 움직이다 넘어지고, 모서리에 들어가면 빠져나오지 못해 또 비명을 지릅니다. 그 과정이 하루 동안 계속 반복됩니다. 저와의 교감도 이제 거의 없는 것 같습니다. 예전에는 제가 갑자기 손을 대면 놀라거나 반응이라도 했는데 지금은 그런 반응도 거의 없습니다. 다만 자고 있을 때 제가 천천히 쓰다듬으면서 깨우면 1분 정도 가만히 있을 때가 있습니다. 그게 저를 느끼고 편안해서 그러는 건지, 아니면 아직 잠이 덜 깨서 움직이지 않는 것인지는 저도 모르겠습니다. 조금 지나 완전히 깨면 다시 일어나려고 발버둥 칩니다. 비명을 지르는 게 통증 때문인지 치매 때문인지도 모르겠습니다 이 부분도 정말 많이 고민했습니다. 담당 수의사 선생님께도 여쭤봤지만 치매가 워낙 심한 상태라 실제 신체적인 통증 때문에 비명을 지르는 것인지, 두 눈이 보이지 않고 방향감각을 잃은 불안과 공포 때문인지, 아니면 일어나고 싶은데 몸이 따라주지 않는 불편함과 답답함 때문인지 정확하게 구분하기 어렵다고 하셨습니다. 진통제와 안정제 주사를 맞고 편안하게 잠든 모습을 본 적도 있습니다. 하지만 이후 눈동자가 좌우로 심하게 흔들리는 모습을 겪은 적이 있고, 그 모습을 보고 난 뒤에는 계속 진통제나 안정제 주사를 맞혀서 잠들게 하면서 시간을 보내는 것이 정말 아이를 위한 것인지 저 스스로 의문이 들었습니다. 경구약을 먹이는 것도 어렵습니다. 약을 먹이면 몇 시간 뒤 갈색 토를 하면서 먹었던 것을 토해버리는 일이 있어서 먹는 약으로 계속 조절하는 것도 힘든 상황입니다. 몇 달 동안 비슷했고 최근에는 더 힘들어졌습니다 몇 달 동안 이런 상태가 이어져 왔습니다. 그런데 최근 안구 적출 수술 이후 다리 힘이 더 떨어지면서 이제는 깨어 있는 동안 비명을 지르는 시간이 훨씬 많아졌습니다. 솔직히 말씀드리면 저도 이제 너무 지쳤습니다. 하루 종일 비명을 지르는 날에는 저도 사람인지라 그 소리를 계속 듣는 것이 너무 힘듭니다. ‘그냥 이제 편안하게 갔으면 좋겠다.’ ‘나도 이제 더는 못하겠다.’ ‘너무 힘들고 이 비명소리를 듣기 싫다.’ 이런 생각까지 들 때가 있습니다. 그리고 그런 생각을 한 제 자신에게 또 죄책감을 느낍니다. 그렇다고 아이를 굶기거나 방치하거나 제가 어떻게 할 생각은 전혀 없습니다. 아무리 힘들고 지쳐도 밥시간이 되면 밥을 챙겨 몸을 받쳐가며 먹이고, 물을 챙기고, 기저귀를 갈고, 배변을 치우고, 넘어져 비명을 지르면 다시 가서 일으켜주고 있습니다. 17년을 함께한 아이이고 지금도 너무 사랑합니다. 그래서 더욱 판단하기가 어렵습니다. 제가 너무 지쳐서 안락사를 생각하는 건지, 아니면 정말 이 아이의 삶의 질이 너무 떨어져서 이제 편안하게 보내주는 것이 아이를 위한 것인지 모르겠습니다. 다른 노견들을 보면 더욱 죄책감이 듭니다 다른 노견 보호자분들이 걷지 못하는 아이에게 휠체어도 태워주시고 기저귀도 갈아주시면서 끝까지 정성껏 간호하는 모습을 보면 마음이 흔들립니다. ‘나도 더 해줄 수 있는 게 있지 않을까.’ ‘내가 힘들어서 포기하려는 건 아닐까.’ ‘조금만 더 돌봐주면 되는 건 아닐까.’ 그런 생각이 계속 듭니다. 그런데 다시 저희 아이의 하루를 보면 잠을 자거나 밥을 먹는 시간을 제외하면 편안하거나 행복해 보이는 시간이 거의 없습니다. 두 눈이 보이지 않고, 저를 알아보는 것 같지도 않고, 스스로 밥이나 물을 먹을 수도 없고, 일어나고 싶어도 몸이 따라주지 않습니다. 겨우 일어나면 다시 넘어지고, 넘어지면 비명을 지르고, 구석으로 들어가면 스스로 빠져나오는 방법도 모르는 것처럼 계속 비명을 지릅니다. 제가 아무리 옆에서 일으켜줘도 다시 같은 일이 반복됩니다. 이 상태에서 제가 계속 붙잡고 있는 것이 정말 아이를 위한 것인지 모르겠습니다. 아직 밥을 먹는다는 것이 가장 마음에 걸립니다 무엇보다 제가 결정을 못 하는 가장 큰 이유는 아직 식욕이 있다는 것입니다. 혼자 먹을 수는 없지만 제가 몸을 받쳐주고 밥그릇을 입 앞에 가져다주고 기다리면 결국 냄새를 알아채고 먹습니다. 속도는 느려도 제가 끝까지 먹여주면 거의 다 먹습니다. ‘밥을 이렇게 잘 먹는 아이를 보내줘도 되는 걸까.’ 이 생각 때문에 결정을 내리지 못하고 있습니다. 하지만 반대로 밥 먹는 시간과 잠자는 시간을 제외한 하루 대부분을 불안하고 불편하게 보내고 있다면, 식욕이 남아 있다는 한 가지 이유만으로 계속 살아가게 하는 것이 정말 아이를 위한 것인지도 모르겠습니다. 방광결석 수술도 했고 안구 적출 수술도 했습니다. 그때마다 어떻게든 더 편하게 살게 해주고 싶어서 치료를 선택했습니다. 그런데 수술을 거치면서 몸은 점점 약해졌고, 지금은 제가 무엇을 더 해주는 것이 정말 이 아이에게 도움이 되는 것인지 모르겠습니다. 17년을 함께했습니다. 하루라도 더 같이 있고 싶은 마음도 분명히 있습니다. 제가 너무 빨리 결정해서 나중에 평생 후회할까 봐 무섭습니다. 하지만 반대로 제가 보내주지 못해서 아이가 매일 힘든 시간을 견디고 있는 것이라면 그것 역시 너무 미안할 것 같습니다. 중증 치매와 실명, 심한 보행장애가 함께 있었던 노견을 돌봐보신 보호자분들이 계시다면 경험을 듣고 싶습니다. 특히 마지막까지 식욕이 있었던 아이를 보내주신 보호자분들이 계시다면 어떤 기준으로 결정을 내리셨는지도 궁금합니다. 이 정도 상태에서도 조금 더 해볼 수 있는 것이 있을까요? 아니면 이제는 안락사를 수의사 선생님과 진지하게 결정해도 되는 단계일까요? 제가 듣고 싶은 대답만 듣기보다는 아이 입장에서 객관적으로 판단하고 싶습니다. 비난보다는 실제로 노견을 끝까지 간병해보신 분들의 경험과 의견을 들려주시면 정말 감사하겠습니다.",2026-09-03,강아지 밥 챙기기 힘들다,미상,,page,explore,2026-09-28T10:44:09
naver_kin,https://kin.naver.com/qna/detail.naver?dirId=8050105&docId=495007831&answerNo=1,c5aff52fcf68e5ce,"17살 중증 치매·실명 노견, 두 번의 수술 이후 상태가 많이 ....","17살 노견을 키우고 있습니다. 정말 오랫동안 함께한 아이라 이런 글을 쓰는 것 자체가 너무 어렵습니다. 제가 잘못된 생각을 하고 있는 건 아닌지, 제가 조금만 더 노력하면 되는 건지 계속 고민하다가 비슷한 경험이 있으신 노견 보호자분들의 이야기를 들어보고 싶어서 글을 올립니다. 저희 강아지는 현재 치매가 굉장히 심한 상태이고 두 눈 모두 보이지 않습니다. 저를 알아보는 것 같지도 않고, 스스로 밥이나 물을 찾아 먹는 것도 전혀 하지 못합니다. 두 번의 큰 수술을 받았습니다 나이가 많은 상태에서 두 번의 큰 수술도 받았습니다. 먼저 방광결석 때문에 방광을 절개해서 결석을 제거하는 수술을 받았습니다. 수술 전에도 노견이었지만 이 수술을 받고 난 이후 살과 근육이 많이 빠졌고, 다리에 힘이 눈에 띄게 약해졌습니다. 비틀거리거나 걷는 게 힘들어졌고 치매 증상도 이전보다 심해졌습니다. 그 이후 눈에도 문제가 생겼습니다. 눈 상태가 계속 좋지 않았고 결국 한쪽 눈에 천공까지 생겨 안구를 살릴 수 없는 상태가 되어 안구 적출 수술까지 받았습니다. 당시에도 나이가 많고 치매가 심한 아이라 마취와 회복에 대한 걱정이 정말 많았습니다. 그래도 눈 자체가 많이 아플 수 있는 상태라고 해서 고통을 없애주고 싶어 결국 수술을 결정했습니다. 다행히 수술은 끝났지만 이후에는 몸이 더 약해졌습니다. 특히 최근 안구 적출 수술을 받은 뒤부터 다리 힘이 이전보다 더 떨어진 것처럼 느껴집니다. 예전에는 치매 때문에 빙빙 돌더라도 어느 정도 걸었는데, 이제는 일어나서 조금 움직이다가 넘어지고 다시 일어나지 못해 비명을 지르는 일이 반복되고 있습니다. 그래서 지금까지 치료를 하지 않고 방치했던 아이가 아닙니다. 나이가 많아도 필요한 수술이라고 생각해서 방광결석 수술도 했고, 눈을 살릴 수 없게 되었을 때는 안구 적출 수술까지 했습니다. 그때마다 어떻게든 아이가 덜 아프고 조금이라도 편안하게 지낼 수 있었으면 하는 마음으로 치료를 선택했습니다. 그런데 두 번의 수술을 거치면서 신체 기능이 계속 떨어졌고, 지금은 제가 아무리 돌봐도 다시 편안한 생활로 돌아갈 수 있는 상태인지 모르겠습니다. 밥은 아직 잘 먹습니다 이 부분이 제가 결정을 가장 못 내리는 이유입니다. 스스로 밥을 찾아 먹지는 못합니다. 혼자 서서 먹을 힘도 부족해서 하루 세 번 제가 직접 몸을 손으로 받쳐주고, 밥그릇도 입 앞에 들어줘야 합니다. 처음에는 밥 냄새도 바로 알아채지 못합니다. 한동안 입 앞에 가져다주고 기다리다 보면 어느 순간 냄새를 알아채고 천천히 먹기 시작합니다. 먹는 속도는 많이 느려졌지만 식욕 자체는 아직 있습니다. 제가 끝까지 몸을 받쳐가며 먹여주면 주는 양은 거의 다 먹습니다. 그래서 ‘이렇게 밥을 먹고 싶은 아이인데 보내주는 걸 생각해도 되는 건가’라는 생각이 계속 듭니다. 물은 혼자 전혀 마시지 못합니다. 주사기로 먹여보려고도 했지만 너무 심하게 발버둥 치고 거부해서 현재는 밥에 물을 충분히 섞어서 수분을 보충해주고 있습니다. 깨어 있는 시간이 가장 힘들어 보입니다 아이는 치매가 굉장히 심합니다. 예전부터 빙빙 도는 행동이 있었지만 그때는 그래도 다리에 힘이 있어서 어느 정도 혼자 걸었습니다. 그런데 이제는 다리에 힘이 너무 많이 빠졌습니다. 잠에서 깨면 계속 일어나려고 합니다. 제가 일으켜주면 빙빙 돌거나 움직이다가 얼마 지나지 않아 다시 넘어집니다. 넘어지고 나면 혼자 바로 일어나지 못하고 비명을 지릅니다. 몇 번씩 비명을 지르고 발버둥 치다가 스스로 겨우 일어나는 경우도 있지만, 그렇게 일어나도 얼마 지나지 않아 또 넘어집니다. 제가 옆에 있을 때는 비명소리를 들으면 바로 가서 일으켜줍니다. 그런데 일으켜줘도 잠시 후 다시 넘어지고, 또 비명을 지르고, 다시 일으켜주면 또 넘어지는 일이 계속 반복됩니다. 두 눈이 보이지 않고 방향감각도 거의 없습니다 현재는 두 눈 모두 보이지 않습니다. 치매까지 심하다 보니 자신이 어디에 있는지, 어디로 가야 하는지를 인지하지 못하는 것처럼 보입니다. 다칠까 봐 울타리 안쪽을 최대한 푹신하게 만들고 부딪힘 방지 쿠션도 설치했습니다. 모서리도 최대한 안전하게 만들어두었습니다. 그런데 푹신한 모서리에도 머리를 대고 들어간 뒤 뒤로 나오거나 방향을 돌리는 방법을 모르는 것처럼 그 상태에서 계속 비명을 지를 때가 있습니다. 제가 발견해서 방향을 돌려주거나 꺼내주지 않으면 계속 그러고 있습니다. 그래서 휠체어도 정말 많이 고민했습니다. 단순히 다리만 불편한 아이라면 휠체어를 태워주면 다시 움직이는 즐거움을 느낄 수도 있을 것 같습니다. 하지만 저희 아이는 두 눈이 보이지 않고 중증 치매까지 있어서 어디로 가고 있는지 자체를 인지하지 못합니다. 지금도 울타리 구석에서 빠져나오지 못하는데 휠체어를 태우면 결국 어딘가에 계속 부딪히거나 구석으로 들어가 빠져나오지 못하고 더 불안해하면서 비명을 지를 것 같아 선뜻 시도하지 못하고 있습니다. 배변도 혼자 관리할 수 없습니다 기저귀를 채워두면 제가 발견해서 갈아줄 때까지 그대로 있어야 합니다. 제가 집에 없는 동안 소변이나 대변을 보면 제가 돌아올 때까지 그 상태로 기저귀를 차고 있어야 합니다. 기저귀 자체도 불편해하는 것 같아서 벗겨놓은 적이 있는데, 대변을 보고 나면 다리에 힘이 없어서 그대로 넘어지는 경우가 많습니다. 그러면 몸과 발바닥, 울타리 바닥까지 대변이 묻습니다. 그 상태에서 혼자 빠져나오거나 일어나지도 못하고 비명을 지르다가 제가 바로 발견하지 못하면 결국 그 위에서 잠들기도 합니다. 제가 계속 옆에서 지켜보다가 배변 직후 바로 치워주지 않는 이상 스스로 청결한 상태를 유지할 수 없습니다. 편안해 보이는 시간이 잠잘 때와 밥 먹을 때뿐인 것 같습니다 잠은 잡니다. 어떤 날에는 비교적 길게 잘 때도 있고, 어떤 날에는 중간중간 계속 깨면서 불편해합니다. 그런데 하루 전체를 생각해보면 아이가 편안해 보이는 시간은 사실상 잠을 자고 있을 때와 밥을 먹고 있을 때뿐인 것 같습니다. 밥 먹을 때는 얌전히 먹습니다. 하지만 밥을 먹고 잠에서 깨어나면 다시 일어나려고 하고, 넘어지고, 비명을 지르고, 제가 일으켜주면 또 움직이다 넘어지고, 모서리에 들어가면 빠져나오지 못해 또 비명을 지릅니다. 그 과정이 하루 동안 계속 반복됩니다. 저와의 교감도 이제 거의 없는 것 같습니다. 예전에는 제가 갑자기 손을 대면 놀라거나 반응이라도 했는데 지금은 그런 반응도 거의 없습니다. 다만 자고 있을 때 제가 천천히 쓰다듬으면서 깨우면 1분 정도 가만히 있을 때가 있습니다. 그게 저를 느끼고 편안해서 그러는 건지, 아니면 아직 잠이 덜 깨서 움직이지 않는 것인지는 저도 모르겠습니다. 조금 지나 완전히 깨면 다시 일어나려고 발버둥 칩니다. 비명을 지르는 게 통증 때문인지 치매 때문인지도 모르겠습니다 이 부분도 정말 많이 고민했습니다. 담당 수의사 선생님께도 여쭤봤지만 치매가 워낙 심한 상태라 실제 신체적인 통증 때문에 비명을 지르는 것인지, 두 눈이 보이지 않고 방향감각을 잃은 불안과 공포 때문인지, 아니면 일어나고 싶은데 몸이 따라주지 않는 불편함과 답답함 때문인지 정확하게 구분하기 어렵다고 하셨습니다. 진통제와 안정제 주사를 맞고 편안하게 잠든 모습을 본 적도 있습니다. 하지만 이후 눈동자가 좌우로 심하게 흔들리는 모습을 겪은 적이 있고, 그 모습을 보고 난 뒤에는 계속 진통제나 안정제 주사를 맞혀서 잠들게 하면서 시간을 보내는 것이 정말 아이를 위한 것인지 저 스스로 의문이 들었습니다. 경구약을 먹이는 것도 어렵습니다. 약을 먹이면 몇 시간 뒤 갈색 토를 하면서 먹었던 것을 토해버리는 일이 있어서 먹는 약으로 계속 조절하는 것도 힘든 상황입니다. 몇 달 동안 비슷했고 최근에는 더 힘들어졌습니다 몇 달 동안 이런 상태가 이어져 왔습니다. 그런데 최근 안구 적출 수술 이후 다리 힘이 더 떨어지면서 이제는 깨어 있는 동안 비명을 지르는 시간이 훨씬 많아졌습니다. 솔직히 말씀드리면 저도 이제 너무 지쳤습니다. 하루 종일 비명을 지르는 날에는 저도 사람인지라 그 소리를 계속 듣는 것이 너무 힘듭니다. ‘그냥 이제 편안하게 갔으면 좋겠다.’ ‘나도 이제 더는 못하겠다.’ ‘너무 힘들고 이 비명소리를 듣기 싫다.’ 이런 생각까지 들 때가 있습니다. 그리고 그런 생각을 한 제 자신에게 또 죄책감을 느낍니다. 그렇다고 아이를 굶기거나 방치하거나 제가 어떻게 할 생각은 전혀 없습니다. 아무리 힘들고 지쳐도 밥시간이 되면 밥을 챙겨 몸을 받쳐가며 먹이고, 물을 챙기고, 기저귀를 갈고, 배변을 치우고, 넘어져 비명을 지르면 다시 가서 일으켜주고 있습니다. 17년을 함께한 아이이고 지금도 너무 사랑합니다. 그래서 더욱 판단하기가 어렵습니다. 제가 너무 지쳐서 안락사를 생각하는 건지, 아니면 정말 이 아이의 삶의 질이 너무 떨어져서 이제 편안하게 보내주는 것이 아이를 위한 것인지 모르겠습니다. 다른 노견들을 보면 더욱 죄책감이 듭니다 다른 노견 보호자분들이 걷지 못하는 아이에게 휠체어도 태워주시고 기저귀도 갈아주시면서 끝까지 정성껏 간호하는 모습을 보면 마음이 흔들립니다. ‘나도 더 해줄 수 있는 게 있지 않을까.’ ‘내가 힘들어서 포기하려는 건 아닐까.’ ‘조금만 더 돌봐주면 되는 건 아닐까.’ 그런 생각이 계속 듭니다. 그런데 다시 저희 아이의 하루를 보면 잠을 자거나 밥을 먹는 시간을 제외하면 편안하거나 행복해 보이는 시간이 거의 없습니다. 두 눈이 보이지 않고, 저를 알아보는 것 같지도 않고, 스스로 밥이나 물을 먹을 수도 없고, 일어나고 싶어도 몸이 따라주지 않습니다. 겨우 일어나면 다시 넘어지고, 넘어지면 비명을 지르고, 구석으로 들어가면 스스로 빠져나오는 방법도 모르는 것처럼 계속 비명을 지릅니다. 제가 아무리 옆에서 일으켜줘도 다시 같은 일이 반복됩니다. 이 상태에서 제가 계속 붙잡고 있는 것이 정말 아이를 위한 것인지 모르겠습니다. 아직 밥을 먹는다는 것이 가장 마음에 걸립니다 무엇보다 제가 결정을 못 하는 가장 큰 이유는 아직 식욕이 있다는 것입니다. 혼자 먹을 수는 없지만 제가 몸을 받쳐주고 밥그릇을 입 앞에 가져다주고 기다리면 결국 냄새를 알아채고 먹습니다. 속도는 느려도 제가 끝까지 먹여주면 거의 다 먹습니다. ‘밥을 이렇게 잘 먹는 아이를 보내줘도 되는 걸까.’ 이 생각 때문에 결정을 내리지 못하고 있습니다. 하지만 반대로 밥 먹는 시간과 잠자는 시간을 제외한 하루 대부분을 불안하고 불편하게 보내고 있다면, 식욕이 남아 있다는 한 가지 이유만으로 계속 살아가게 하는 것이 정말 아이를 위한 것인지도 모르겠습니다. 방광결석 수술도 했고 안구 적출 수술도 했습니다. 그때마다 어떻게든 더 편하게 살게 해주고 싶어서 치료를 선택했습니다. 그런데 수술을 거치면서 몸은 점점 약해졌고, 지금은 제가 무엇을 더 해주는 것이 정말 이 아이에게 도움이 되는 것인지 모르겠습니다. 17년을 함께했습니다. 하루라도 더 같이 있고 싶은 마음도 분명히 있습니다. 제가 너무 빨리 결정해서 나중에 평생 후회할까 봐 무섭습니다. 하지만 반대로 제가 보내주지 못해서 아이가 매일 힘든 시간을 견디고 있는 것이라면 그것 역시 너무 미안할 것 같습니다. 중증 치매와 실명, 심한 보행장애가 함께 있었던 노견을 돌봐보신 보호자분들이 계시다면 경험을 듣고 싶습니다. 특히 마지막까지 식욕이 있었던 아이를 보내주신 보호자분들이 계시다면 어떤 기준으로 결정을 내리셨는지도 궁금합니다. 이 정도 상태에서도 조금 더 해볼 수 있는 것이 있을까요? 아니면 이제는 안락사를 수의사 선생님과 진지하게 결정해도 되는 단계일까요? 제가 듣고 싶은 대답만 듣기보다는 아이 입장에서 객관적으로 판단하고 싶습니다. 비난보다는 실제로 노견을 끝까지 간병해보신 분들의 경험과 의견을 들려주시면 정말 감사하겠습니다.",2026-09-03,강아지 밥 챙기기 힘들다,미상,,page,explore,2026-09-28T10:44:09
naver_kin,https://kin.naver.com/qna/detail.naver?dirId=8050103&docId=490727059&answerNo=3,f075777cbe533720,강아지 사료에 대해 어떻게 생각하시나요?,어떤분 쇼츠를 보다가 사료이야기가 나왔는데 사료를 안좋게보고 생식을 좋게 보시더라고요 저는 12살 푸들 사료랑 고기 주고 있는데 그 유튜버가 생식을 권하는?것처럼 말해서 고민이네요 그리고 사료에 육분이 들어갔다고 하시던데 대부분 저가 사료 제외하고는 안들어가지 않나요?,2025-12-12,강아지 생식 시작 고민,생식,,page,explore,2026-09-28T10:51:11
naver_kin,https://kin.naver.com/qna/detail.naver?dirId=80511&docId=495306319&answerNo=1,c886c5ae77b1f0c0,수의사님 도와주세요 이첨판폐쇄부전증 있는 노령견 아이,14살 포메입니다 이첨판폐쇄부전증이 있고 결석도 있습니다 지금 현재 3단계정도의 약을 먹고 있습니다 이뇨제도 같이 먹고 있습니다 나름 2단계까지 순조롭게 지내고 있다가 물을 잘 안먹기 시작하면서 3단계인 약을 먹기 시작했습니다. 근데 원래 알약도 그냥 삼켜 먹는 아이였는데 2년 가까이 물을 먹게 만들다보니 이제는 물을 너무 안먹습니다 딸기쨈도 해보고 습식+물도 해보고 얼음도 해보고 최대한 간식은 안주고 싶었는데 간식은 처음에는 먹더니 이제는 간식도 안 먹습니다. 그러다보니 콩팥수치가 비정상적으로 너무 높아 입원 안내까지 받았습니다 근데 겁이 정말정말 많은 아이라서 약만 처방받고 집으로 데랴왔습니다 그리고 한달정도 되었고 최대한 물을 많이 먹이려고 오만 노력을 다 했습니다 따뜻한물도 해보고 노력하니까 그래도 쫌 먹더니 이제 또 잘 안먹네요 아예 안 먹는건 먹긴한데 예전만큼 먹지 않다보니 또 콩팥수치가 마구 오를까봐 걱정이네요 오죽하면 사람 음식까지 조금만 섞어가며 주고 있는데 그것마저도 너무 조금만 먹어요 조금씩 하루에 여러번 먹이는데도 잘 안되네요 이제! 원래 진짜 다 잘먹고 사료도 잘 먹고 다 잘먹는 포메인데 이제 너무 지칠정도로 안 먹어요 이럴 때는 보통 어떻게 해야하는지 방법이 있나요??? 달걀 후라이 만들어서도 주고 진짜 오만것 다해봤네요 아울러 지금 14살이면 이첨판폐쇄부전증 관련해서 수술은 불가능에 가까운게 맞나요?? 병원에서는 나이 때문에 수술을 권하지 않는다라고 하긴했어요 저희 강아지는 14살이긴한데 겉으로는 어린 개처럼 활발하고 건강합니다 딱 이첨판폐쇄부전증 관련이 심해서 그게 문제네요! 어릴때 프리미엄 사료만 먹이고 간식은 하루에 성분 좋은 껌 아침1개 저녁1개 그외 습식조금챙겨주고 간식은 일절 주지 않고 건강하게 키웠거든요!,2026-09-26,강아지 사료 고민,미상,,page,explore,2026-09-28T10:51:22
naver_kin,https://kin.naver.com/qna/detail.naver?dirId=8050103&docId=495306419&answerNo=2,bc7d5204b63c2942,강아지 화식,강아지 물에불려서 화식이랑 섞어서줘도 골라내서 안먹고 화식만 먹는데 화식만 줘도되나요?,2026-09-26,강아지 사료 고민,화식,,page,explore,2026-09-28T10:51:22
naver_kin,https://kin.naver.com/qna/detail.naver?dirId=814&docId=495286235&answerNo=11,4dadbeee48c08464,강아지 사료 .,일주일 동안 강아지 사료 안주고 굶게하면 어떻게되나요??????,2026-09-23,강아지 사료 고민,미상,,page,explore,2026-09-28T10:51:22
naver_kin,https://kin.naver.com/qna/detail.naver?dirId=710&docId=495289002&answerNo=1,26faf00804b6be41,몸이 이상해요,"안녕하세요. 몸이 이상해서 질문드립니다. 어제 코락쿠 변비약과 이코졸이라는 약을 먹고 복용을 했습니다. 혹시나 관련이 있을까봐 추가합니다. 오늘 아침에 강아지 밥을 챙겨주려고 일어서서 사료 봉지를 열었는데 갑자기 냄새가 역해지면서 속이 울렁거리고 토할 것같더니 중심을 잡기 어려울정도로 어지러워서 뒤로 넘어져서 서랍장에 허리를 부딪혔습니다. 귀도 막 먹먹하고 찌이이이 소리가 나더라구요. 다시 정신을 찾고 일어서서 밥통에 밥을 가져다 주려는데 또 어지러워서 앞으로 넘어졌습니다. 바로 그 자리에서 옆으로 누워서 있었는데, 가족들이 말하는 것도 막 먹먹해서 잘 안들리더라구요. 지금은 누워서 가만히 있ㄴ느 상태입니다. 누워있을땐 찌이이 하는 소리만 들리고 어지럽거나 메스껍지 않습니다. 다만 일어서있으면 그런느데 왜그런걸까요. 그리고 허리도 부딪혔는데 너무 아파서요. 이런 멍이 들었는데 괜찮을까요?ㄷ ㅇ등과 허리에 이렇게 멍이 들었습니다.",2026-09-24,강아지 밥 챙기기,미상,,page,explore,2026-09-28T11:08:06
naver_kin,https://kin.naver.com/qna/detail.naver?dirId=8050104&docId=495259175&answerNo=2,25934512e3e2e94a,강아지 랑지낼곳,집을2주정도비워야되는데강아지랑같이지낼숙소는어떻게알아보는게좋을까요,2026-09-21,강아지 밥 챙기기,미상,,page,explore,2026-09-28T11:08:06
naver_kin,https://kin.naver.com/qna/detail.naver?dirId=8050104&docId=495267301&answerNo=2,b7fe75e63bad62f1,강아지 가 밥을 안먹어요,원래 화식이랑 건사료 섞어서 주는데 제가 없을때 남편이 건사료만 줄때도 있어요 바로 먹진 않아도 배고프면 싹 비워요 그저께 둘째 강아지를 입양했는데 화식 줄땐 잘 먹다가 건사료만 또 주니까 어제 하루 통으로 안먹었네요……… 왜그런걸까요….,2026-09-22,강아지 밥 챙기기,혼합,,page,explore,2026-09-28T11:08:06
naver_kin,https://kin.naver.com/qna/detail.naver?dirId=8050104&docId=495191418&answerNo=2,fc61b4c91c81d379,"2개월 강아지 짖음·입질, 울타리 훈련 어떻게 해야 할까요?","안녕하세요. 2개월 정도 된 강아지를 처음 키우고 있어 여러 가지로 고민되어 질문드립니다. 이번 주 금요일에 2차 예방접종 예정입니다. 제가 출퇴근 때문에 평일에 강아지가 7~8시간 정도 혼자 있습니다. 외출 전 밥을 챙겨주고 노즈워크를 준비해두며 최대한 조용히 나가고 있습니다. 그런데 제가 돌아오면 굉장히 흥분해서 크게 짖고 쉽게 진정하지 못합니다. 귀가 후 진정할 수 있도록 울타리 안에서 충분히 냄새를 맡게 해주는데, 제 다리에 뛰어들거나 입질을 하고 제 중요 부위를 심하게 냄새 맡거나 바닥을 긁는 행동도 합니다. 이런 행동을 어떻게 대처해야 할지 모르겠습니다. 반대로 제가 옆에 있거나 밥을 먹을 때는 혼자 놀거나 쉬기도 하고, 조용히 잘 있을 때 칭찬하거나 앉아·기다려·하우스를 알려주며 간식을 주고 있습니다. 오래 혼자 있었던 만큼 좋아하는 인형으로 터그놀이도 해주는데, 오히려 이후에 입질이나 물어뜯는 행동이 심해지는 것 같아 이갈이인지, 흥분이나 스트레스 때문인지 궁금합니다. 울타리·켄넬 훈련 관련 질문입니다. 분리불안 예방을 위해 울타리 생활을 하고 있고 울타리 안에 켄넬도 넣어두었습니다. 그런데 제가 집에 있을 때는 잘 놀다가 갑자기 으르렁거리며 크게 짖고, 울타리와 켄넬 손잡이를 물거나 켄넬 위로 올라가려고 합니다. 특히 제가 옆에 앉아 진정할 때까지 기다리면 울타리를 넘어올 정도로 뛰면서 울고, 울타리 안으로 손이나 발을 넣으면 제 손을 물려고 달려듭니다. 입질 훈련을 찾아보다가 손가락을 강아지 입 안쪽에 조금 깊게 넣어주면 입질이 줄어든다는 방법을 보고 몇 번 해봤는데, 혹시 이 행동 때문에 손을 장난감이나 물어도 되는 대상으로 인식하게 된 것은 아닌지 궁금합니다. 잘못된 방법이라면 앞으로 어떻게 해야 할지도 알려주세요. 그런데 실제로 제가 외출해서 혼자 있을 때는 밥·배변·잠은 잘 해결합니다. 오히려 제가 들어오거나 나갈 때 더 울고 짖습니다. 그래서 현재 울타리 생활이 오히려 스트레스를 주는 것은 아닌지도 걱정됩니다. 2개월 강아지도 울타리 밖에서 생활하며 집에 적응시키는 훈련을 해도 되는지, 울타리 생활은 보통 언제까지 하는지 궁금합니다. 또 강아지가 가끔 자기 발을 핥거나 깨물기도 하는데 정상적인 행동인지, 아직 2개월이라 보호자 근처에서만 자려고 하고 배변패드나 제 주변에서 불편한 자세로 자는 것도 정상인지 궁금합니다. 저는 앞으로 강아지가 제 옆이 아니라 쿠션이나 켄넬, 강아지 집에서 편하게 혼자 쉬고 자는 습관을 만들어주고 싶습니다. 마지막으로 현실적인 부분도 고민입니다. 부모님 도움 없이 제가 용품비와 병원비를 부담하고 있고, 아직 안정적인 직장이 없는 상황에서 데려온 지 일주일 정도 만에 예방접종 등 병원비가 발생해 경제적으로 부담을 느끼고 있습니다. 현재 제 상황에서 강아지를 계속 키우는 것이 현실적으로 괜찮은지도 객관적인 조언을 받고 싶습니다. 제가 강아지를 잘 키우고 싶은 마음은 큰데 처음이라 제가 하는 훈련이 오히려 역효과를 내는 것은 아닌지 걱정됩니다. 현재 행동들이 2개월 강아지에게 정상적인 범위인지 짖음·흥분·입질을 어떻게 대처해야 하는지 울타리와 켄넬을 어떻게 훈련해야 하는지 혼자 편하게 쉬고 자는 습관을 어떻게 만들어야 하는지 제가 현재 잘하고 있는 부분과 잘못하고 있는 부분 현재 경제적·생활환경에서 계속 양육하는 것이 현실적인지 이 부분들을 조언해주시면 감사하겠습니다.",2026-09-16,강아지 밥 챙기기,미상,,page,explore,2026-09-28T11:08:06
naver_kin,https://kin.naver.com/qna/detail.naver?dirId=8050104&docId=495191418&answerNo=1,cc62309c6d05bca7,"2개월 강아지 짖음·입질, 울타리 훈련 어떻게 해야 할까요?","안녕하세요. 2개월 정도 된 강아지를 처음 키우고 있어 여러 가지로 고민되어 질문드립니다. 이번 주 금요일에 2차 예방접종 예정입니다. 제가 출퇴근 때문에 평일에 강아지가 7~8시간 정도 혼자 있습니다. 외출 전 밥을 챙겨주고 노즈워크를 준비해두며 최대한 조용히 나가고 있습니다. 그런데 제가 돌아오면 굉장히 흥분해서 크게 짖고 쉽게 진정하지 못합니다. 귀가 후 진정할 수 있도록 울타리 안에서 충분히 냄새를 맡게 해주는데, 제 다리에 뛰어들거나 입질을 하고 제 중요 부위를 심하게 냄새 맡거나 바닥을 긁는 행동도 합니다. 이런 행동을 어떻게 대처해야 할지 모르겠습니다. 반대로 제가 옆에 있거나 밥을 먹을 때는 혼자 놀거나 쉬기도 하고, 조용히 잘 있을 때 칭찬하거나 앉아·기다려·하우스를 알려주며 간식을 주고 있습니다. 오래 혼자 있었던 만큼 좋아하는 인형으로 터그놀이도 해주는데, 오히려 이후에 입질이나 물어뜯는 행동이 심해지는 것 같아 이갈이인지, 흥분이나 스트레스 때문인지 궁금합니다. 울타리·켄넬 훈련 관련 질문입니다. 분리불안 예방을 위해 울타리 생활을 하고 있고 울타리 안에 켄넬도 넣어두었습니다. 그런데 제가 집에 있을 때는 잘 놀다가 갑자기 으르렁거리며 크게 짖고, 울타리와 켄넬 손잡이를 물거나 켄넬 위로 올라가려고 합니다. 특히 제가 옆에 앉아 진정할 때까지 기다리면 울타리를 넘어올 정도로 뛰면서 울고, 울타리 안으로 손이나 발을 넣으면 제 손을 물려고 달려듭니다. 입질 훈련을 찾아보다가 손가락을 강아지 입 안쪽에 조금 깊게 넣어주면 입질이 줄어든다는 방법을 보고 몇 번 해봤는데, 혹시 이 행동 때문에 손을 장난감이나 물어도 되는 대상으로 인식하게 된 것은 아닌지 궁금합니다. 잘못된 방법이라면 앞으로 어떻게 해야 할지도 알려주세요. 그런데 실제로 제가 외출해서 혼자 있을 때는 밥·배변·잠은 잘 해결합니다. 오히려 제가 들어오거나 나갈 때 더 울고 짖습니다. 그래서 현재 울타리 생활이 오히려 스트레스를 주는 것은 아닌지도 걱정됩니다. 2개월 강아지도 울타리 밖에서 생활하며 집에 적응시키는 훈련을 해도 되는지, 울타리 생활은 보통 언제까지 하는지 궁금합니다. 또 강아지가 가끔 자기 발을 핥거나 깨물기도 하는데 정상적인 행동인지, 아직 2개월이라 보호자 근처에서만 자려고 하고 배변패드나 제 주변에서 불편한 자세로 자는 것도 정상인지 궁금합니다. 저는 앞으로 강아지가 제 옆이 아니라 쿠션이나 켄넬, 강아지 집에서 편하게 혼자 쉬고 자는 습관을 만들어주고 싶습니다. 마지막으로 현실적인 부분도 고민입니다. 부모님 도움 없이 제가 용품비와 병원비를 부담하고 있고, 아직 안정적인 직장이 없는 상황에서 데려온 지 일주일 정도 만에 예방접종 등 병원비가 발생해 경제적으로 부담을 느끼고 있습니다. 현재 제 상황에서 강아지를 계속 키우는 것이 현실적으로 괜찮은지도 객관적인 조언을 받고 싶습니다. 제가 강아지를 잘 키우고 싶은 마음은 큰데 처음이라 제가 하는 훈련이 오히려 역효과를 내는 것은 아닌지 걱정됩니다. 현재 행동들이 2개월 강아지에게 정상적인 범위인지 짖음·흥분·입질을 어떻게 대처해야 하는지 울타리와 켄넬을 어떻게 훈련해야 하는지 혼자 편하게 쉬고 자는 습관을 어떻게 만들어야 하는지 제가 현재 잘하고 있는 부분과 잘못하고 있는 부분 현재 경제적·생활환경에서 계속 양육하는 것이 현실적인지 이 부분들을 조언해주시면 감사하겠습니다.",2026-09-16,강아지 밥 챙기기,미상,,page,explore,2026-09-28T11:08:06
naver_kin,https://kin.naver.com/qna/detail.naver?dirId=6020602&docId=495181979&answerNo=1,39d3bdef6d4a5de8,"초등학생들이 유기견을 불태워 죽인 '중국 왕왕이 사건', 왜 ....","중국 왕왕이 사건의 범인 안녕하세요. 최근 SNS와 뉴스를 통해 전 세계적인 공분을 사고 있는 중국 유기견 학대 살해 사건인 '왕왕이 사건' 을 접하고 너무 큰 충격을 받았습니다 . 말 못 하는 유기견과 새끼들이 잔인하게 희생당했다는 소식에 밤새 잠을 이루지 못할 정도로 가슴이 아픕니다. 이 비극적인 사건이 중국 당국의 검열로 묻히지 않도록, 정확한 사실관계와 우리가 할 수 있는 행동을 지식iN을 통해 널리 공유하고자 질문을 올립니다. 제가 구체적으로 알고 싶고, 많은 분과 공유하고 싶은 내용은 다음과 같습니다. 1. 왕왕이 사건의 구체적인 발생 경위와 정황 2026년 6월 말, 중국 광둥성 지에양시(제양시) 제동구에서 발생한 것으로 알고 있습니다. 생후 1년도 채 안 된 어린 어미견 '왕왕이'와 태어난 지 약 2주 된 새끼 강아지들에게 가해자들이 저지른 구체적인 학대 행위가 무엇인가요? 가해자들이 이 끔찍한 과정을 영상으로 직접 촬영해 소셜미디어에 유포하고, 영상 속에서 웃거나 조롱하는 발언을 했다는 게 사실인가요? 2. 가해자 처벌의 한계와 중국 내 동물보호법 부재 문제 현지 보도에 따르면 가해자들이 14세 미만(초등학교 6학년 등)의 미성년자 4명이라고 들었습니다. 미성년자라는 이유로 특수학교 압송 외에 별다른 형사 처벌을 받지 않는 법적 근거는 무엇인가요? 현재 중국 내에 일반 유기동물이나 반려동물의 학대를 처벌할 수 있는 '동물보호법' 이 실제로 아예 존재하지 않는 상태인가요? 중국 당국이 사건 조사나 법 제정 대신, 웨이보 등 SNS에서 해당 사건 관련 해시태그와 게시물을 전방위적으로 검열하고 삭제하는 이유가 궁금합니다. 3. 전 세계적인 'Justice for WangWang' 추모 행동과 국내 참여 방법 중국 시민들이 검열을 피해 해외로 사건을 알리면서 뉴욕 타임스스퀘어, 일본, 대만 등 세계 주요 도시 전광판에 추모 영상이 걸렸다고 들었습니다. 특히 한국에서도 시민들이 자발적으로 '팀 왕왕 코리아(Team WangWang Korea)' 를 결성해 강남역 옥외광고, 서울 시내버스 광고, 강남역 오프라인 캠페인 등을 진행하고 있다고 알고 있습니다 . 대한민국 국민으로서 왕왕이와 새끼들을 추모하고, 중국 내 동물보호법 제정을 촉구하는 국내외 온라인 서명 링크나 후원/행동 참여 방법 이 있다면 상세하게 공유해 주세요. ""우리가 바라는 것은 단순히 한 동물을 기억하는 데서 끝나지 않으며, 생명존중교육의 필요성과 사회적 감수성을 기르는 계기가 되어야 한다""는 언론 인터뷰를 보았습니다. 왕왕이 가족의 억울한 죽음이 묻히지 않고 법적 제도가 마련될 수 있도록, 이 사건을 잘 아시는 분들의 구체적이고 정확한 답변 부탁드립니다.",2026-09-15,강아지 밥 챙기기,미상,,page,explore,2026-09-28T11:08:06
naver_kin,https://kin.naver.com/qna/detail.naver?dirId=8050101&docId=495184059&answerNo=1,a65407a4fca4b237,인생 첫 반려동물 고양이 키울지 강아지 키울지,만약 고양이면 코리안 숏헤어 강아지면 말티즈 생각하고 있어요 어느게 더 육아 난이도 쉬운가여,2026-09-16,강아지 밥 챙기기,미상,,page,explore,2026-09-28T11:08:06
naver_kin,https://kin.naver.com/qna/detail.naver?dirId=61303&docId=495174210&answerNo=1,e19441c578fb7af4,인프피 여잔데 잇프피가 2년째 저 좋아했다하고 이러는데 찐....,종종 연락이나 디엠으로 사진같은거 인스타에 업로드하거나 카톡 프사로 하면 장난으로 화보 아니냐해서 누나 놀리지마라 했는데 최근에 저 보고 싶다고 하여서 어제 단둘이서 보았는데 3시간동안 밥먹고 구경하는동안 손도 먼저 잡자해서 잡고 그랬고 쌩얼인데도 강아지 같다면서 말거는데 들어주고 그랫던거 같에요 헷갈리는 점은 제가 놀리길래 얼굴보면 눈을 못쳐다보아서 아무말 하나 싶어서요..ㅎ,2026-09-15,강아지 밥 챙기기,미상,,page,explore,2026-09-28T11:08:06
naver_kin,https://kin.naver.com/qna/detail.naver?dirId=8050104&docId=495267301&answerNo=4,360093239bd198e1,강아지 가 밥을 안먹어요,원래 화식이랑 건사료 섞어서 주는데 제가 없을때 남편이 건사료만 줄때도 있어요 바로 먹진 않아도 배고프면 싹 비워요 그저께 둘째 강아지를 입양했는데 화식 줄땐 잘 먹다가 건사료만 또 주니까 어제 하루 통으로 안먹었네요……… 왜그런걸까요….,2026-09-22,강아지 사료 고민,혼합,,page,explore,2026-09-28T11:08:17
naver_kin,https://kin.naver.com/qna/detail.naver?dirId=8050103&docId=495259261&answerNo=1,11653a7f163455e7,아빠 때문에 힘든데 어떻게 해야하죠?,거의 매일 술을 마시고 밤 10시 쯤 늦게 들어오시는데 강아지를 먼저 찾으시는데(오늘은 담배도 폈다고 냄새가 자기한테까지 온다고 언니가 말해줘서 알았어요)술을 마신날만 그러는게 아니라 평소에도 항상 자기말이 다 맞는듯 얘기하고 엄마나 언니(언니는 둘 있어요)가 뭐라고 하면 셋을 이상한 놈 취급하며 잘못을 인정하지도 않고요. 가족이 하기 싫어하는 말을 눈치가 없는건지 계속 말할때도 있어요. 제가 아직 용기가 안나서 가족들에겐 말하지 못하고 있어서 여기에서라도 고민을 얘기해보고 싶었는데 이제 어떻게 하는게 좋을까요...,2026-09-21,강아지 사료 고민,미상,,page,explore,2026-09-28T11:08:17
naver_kin,https://kin.naver.com/qna/detail.naver?dirId=8050103&docId=495261516&answerNo=3,91cfa4b51aaa4cac,강아지 식음전폐,강아지가 어제 토하고난뒤 병원다녀오긴햇지만 별이상 없다고햇는데... 병원다녀온뒤에 조금 물은 먹고 지금은 물도 불린사료도 안먹어요.. 같은자리만 돌다가 할아버지 쳐다보고 천천히 사료와 물잇는곳와도 안먹고ㅠㅠ 가만히 서잇다가 조금 걷다가.. 왜이럴까요ㅠㅠ 기운이없어보여서.. 걱정이네요ㅠㅠ 좋아하는 간식도 거부해요,2026-09-22,강아지 사료 고민,미상,,page,explore,2026-09-28T11:08:17
naver_kin,https://kin.naver.com/qna/detail.naver?dirId=8050103&docId=495238556&answerNo=2,a668f227ce775041,강아지 사료 유목민,토이푸들 26개월입니다 3개월부터 데리고 왔어요 애견샵에서요 집에 데려오니.사료를 세알 먹더라고요 첫 견주라 남편이 한우등 사람이 먹는것도 주고 아주 배고프면 사료 조금 먹고 다이소에서 산 간식 가끔씩 줬어요 제가 몸이 너무 안좋아져서 당뇨 36년 유병자라 시력이 안좋아져서 지인분께 분양 보냅니다 거기서도 잘 안 먹으면 어쩌지요 배고프면 목겠지요,2026-09-20,강아지 사료 고민,미상,,page,explore,2026-09-28T11:08:17
naver_kin,https://kin.naver.com/qna/detail.naver?dirId=8050103&docId=495256054&answerNo=2,1e6e42983b222887,푸들이 샐러드랩을 먹었어요,푸들 3살 여자 강아지가 치킨텐더 샐러드랩 먹었어요 그리고 소스는 핫소스 인데 애가 먹어서 혼냈더니 삐졌는지 아니면 아파서 그런거지 계속 만지면 으르렁 대요... 24시간 병원 가야할까요? 근데 애가 예전에도 빵 먹은적 있는데 그때 병원 갔는데 멀쩡했어요,2026-09-21,강아지 사료 고민,미상,,page,explore,2026-09-28T11:08:17
naver_kin,https://kin.naver.com/qna/detail.naver?dirId=70109&docId=494682806&answerNo=1,aff109a6e394fed5,새롭게 인생시작,안녕하세요 서른살의 남성입니다 앞일이 너무 캄캄해서 질문합니다 제가 하던일이 요리사인데 하루아침에 뇌전증진단 받고 퇴사하게 되었습니다. 뇌전증이라 요리사는 못할것 같고 다른직장에 이력서를 내도 뇌전증때문인지는 몰라도 유난히 취업도 더 안되는것 같구요 그냥 다 포기하고 끝낼까 싶다가도 따놓은 자격증도 얼마 없고 저만 바라보고있는 강아지가 있어서 그나마 버티는중인데 주변인간관계 다 정리하고 잠적하고 처음부터 다시하고 싶네요 질문 남기면서도 눈물만 나는데 진짜 살려주세요... 애견동반에 숙식제공 다 되는 알바를 하고 싶은데 그런게 있긴할까요.,2026-08-10,반려견 식사 관리 어려움,미상,,page,explore,2026-09-28T11:09:42
naver_kin,https://kin.naver.com/qna/detail.naver?dirId=8050104&docId=493747018&answerNo=3,805ee11c4b9b0eee,강아지 임시보호중인데요 교육이 전혀 안되어있는 상태인데,하필 또 대형견이고 새끼강아지도 아니고 5살 정도 됩니다 여럿이 모여사는 지금의 거주 형태와 솔직히 맞지는 않다고 생각합니다 충분히 고민하지 않고 섣부른 결정이었던건 인정하고 제 잘못이라고 생각합니다 데려오기전에는 몰랐는데 생각보다 많이 크고 기본 교육이 안되어있습니다 다행히 짖음은 있긴해도 식탐이 많아서 식탐에 의해 짖을 뿐 거의 집안에서 짖지는 않는데 수술 부위 핥음이나 산책 후 발 닦기를 싫어하거나 배변 후 엉덩이 닦을 때 싫어하는 행동이 크고 특히 뭔가 입에 있는걸 뺏긴다 싶으면 입질도 하고 있습니다 강아지 교육을 잘 모르는 사람이 키우기에 쉽지 않은 견종인거 같고 그렇다고 임시 보호 중에 강아지 교육을 제가 시설에 맡기는게 맞는지도 모르겠습니다 배변 후 엉덩이도 안닦아도 되고 수술한 상태니까 씻기는것도 좀 보류하고 최대한 있는 상태 그대로 보호만 하다 돌려보내도 된다면 아무 문제 없겠지만 그건 또 불가능하잖아요? 씻기도 해야하고 강아지가 싫어해도 넥카라 씌우고 수술 부위도 보호해줘야하고 싫어해도 해야하는것들이 있는데 교육을 모르는 사람들이 맡다보니 문제가 점점 생기네요 임시 보호를 취소하고 다시 돌려보내고 싶은데 어떻게 하면 좋을지 모르겠습니다 임시 보호 종료를 하고 싶은데 강아지 보호하던 센터와 대화를 해봐야 되는걸까요?,2026-06-08,반려견 식사 관리 어려움,미상,,page,explore,2026-09-28T11:09:42
naver_kin,https://kin.naver.com/qna/detail.naver?dirId=80501&docId=495261399&answerNo=2,efea6aad6fa47853,7개월 강아지 사료 하루 권장량이 궁금합니다,"안녕하세요 7개월 강아지를 분양 받은지 3일 정도 되었는데요. 새벽 5시쯤에 손바닥 한뭉치 안에 사료 조금씩 줘서 (5번 정도) 물조금 씩 또 주고 했습니다 나중에 오전 8시쯤에 나갈 건데, 7:50쯤에 또 2-3뭉치 정도 주고 나간 후, 일을 해야 해서 저녁 쯤 7-7:30 사이 집 도착 하면, 또 사료를 5뭉치 줄려고 계획 중입니다. (1) 7개월 강아지에게 사료를 상기에 말한대로 주면 적당한건가요? 오전 5시 (손 바닥안에 조금씩 5뭉치 + 집 나가기 전 7:50에 손바닥 3-4뭉치 정도) 그리고 오후 7-7:30 사이 5뭉치 정도.. (2) 원룸을 오전에 7:50쯤 나간후, 오후 19-19:30 정도 들어올 예정 입니다.( 대략 집 비운 시간이 11시간 30분 혹은 11시간 되는데..) 원룸 환기 (창문 베란다 문조금 열어 넣고… 어두워 질것 대비 해서 베란다 불도 좀 켜놓고 나가고..) 하고 나가면 7개월 강아지가 상기 말한 시간 동안 집에 혼자 있는데 크게 지장이 없을까요? 어제는 9시간 정도 집을 비우고, 집에 오니 바닥에 배변만 조금 해놓고, 방에 돌아 다니고 있었습니다..(걱정을 많이 했었는데.. 다행히 배변만 치우고 정리 하면 되었던 상황..) 7개월 강아지 하루 사료 권장량 + 외출 권장 시간..? 혹은 최대 권장 시간 알려주시면 감사하겠습니다.. 직장이 거리가 좀 있어서 오고가는 시간 고려해서 8시 외출 - 19-19:30 은 되어야 할것 같습니다.. 앗 그리고 강아지 씹을수 있는 블리츠 같은 간식도 한개 정도 두고 갈 예정입니다.. 지식인 님들의 친절한 답변 감사합니다..",2026-09-22,강아지 혼자 두고 출근,미상,,page,explore,2026-09-28T11:10:04
naver_kin,https://kin.naver.com/qna/detail.naver?dirId=80501&docId=495145989&answerNo=1,77e18de228735290,2개월 말티푸 처음 키우는데 제가 잘하고 있는 걸까요? 분리....,"안녕하세요. 강아지를 처음 키우는 초보 견주입니다ㅠㅠ 3일 전에 생후 약 2개월 된 말티푸 남아를 데려왔는데, 제가 제대로 하고 있는 건지 걱정되어 질문드립니다. 분양소에서 들은 설명과 인터넷에서 찾아본 내용이 조금씩 달라서 헷갈리는 부분이 많습니다. 길어도 괜찮으니 제가 잘못하고 있는 부분이나 추가로 알아야 할 내용이 있다면 최대한 자세하게 알려주시면 감사하겠습니다! 강아지 정보 * 말티푸 * 남아 * 생후 약 2개월 * 데려온 지 3일 현재 생활환경 현재는 방에 울타리를 설치해두고 있고, 밥·물·배변패드·방석·장난감 등을 넣어두고 있습니다. 제가 집에 있을 때는 일정 시간 같이 놀아주고 이후에는 혼자 쉬게 하고 있습니다. 아직 예방접종을 진행 중이라 외부 산책은 하지 않고 있습니다. 1. 분리불안 예방 방법이 궁금합니다. 제가 출근하면 약 7시간 정도 혼자 있어야 해서 분리불안이 생길까 걱정되어 혼자 있는 연습을 하고 있습니다. 어제 처음으로 강아지를 방에 두고 불은 끄고 조명을 켜준 뒤 수면 영상을 틀어주고 저는 거실에서 잤습니다. 혼자 있을 때는 조용히 잘 있다가 제가 들어가면 장난감에는 관심이 없고 갑자기 흥분해서 뛰어다닙니다. 생후 2개월 강아지에게 이런 방식으로 혼자 있는 연습을 하는 게 괜찮을까요? 이런 행동이 분리불안의 전조일 수도 있는지 궁금합니다. 2. 울타리 위치 현재 울타리를 방 안에 설치해두었는데, 제가 출근할 때를 생각하면 거실에 울타리를 설치해서 적응시키는 것이 좋을까요? 아니면 당분간 방 안에서 지내게 하는 게 좋을까요? 3. 입질과 흥분 놀아주려고 하면 손을 물려고 하는 경우가 많습니다. 물려고 하면 손을 빼고 진정될 때까지 기다렸다가 진정되면 칭찬하거나 쓰다듬어주고 있습니다. 그런데 다시 물려고 해서 손을 빼면 짖거나 화를 내고 주변 물건을 전부 물어뜯으면서 굉장히 흥분합니다. 생후 2개월 강아지에게 흔한 행동인가요? 제가 대처하는 방법이 잘못된 걸까요? 4. 안정적인 강아지로 키우려면 어떻게 해야 하나요? 사람에게 지나치게 의존하지 않고 혼자서도 잘 쉬며 새로운 환경에도 잘 적응하는 안정적인 강아지로 키우고 싶습니다. 생후 2개월부터 어떤 생활습관이나 교육을 해주는 것이 좋을까요? 5. 2차 예방접종 전까지 가능한 행동과 금지해야 할 행동 아직 예방접종을 다 하지 않은 상태라서 어디까지 외출이나 사회화를 시켜도 되는지 모르겠습니다. 산책, 외출, 병원, 다른 사람과의 접촉, 다른 강아지와의 접촉, 목욕, 이동장/차량 이용, 사회화 교육 등을 어느 정도까지 해도 되는지 궁금합니다. 6. 아직 완전히 적응하지 못한 것 같을 때 어떻게 해야 하나요? 혼자 있을 때는 밥도 잘 먹고 쉬기도 하는데 제가 들어가면 갑자기 흥분해서 뛰어다닙니다. 적응한 것 같으면서도 불안해하는 모습이 보일 때 보호자가 어떻게 행동하는 것이 좋을까요? 7. 강아지 옆에서 컴퓨터를 해도 괜찮나요? 강아지 옆에 있으면서 계속 놀아주지는 않고 컴퓨터를 하거나 제 할 일을 하는 것도 괜찮을까요? 보호자가 계속 관심을 주지 않는 것이 독립심에 도움이 된다는 말도 있고, 보호자가 옆에 있는 것 자체가 분리불안을 만들 수 있다는 이야기도 있어서 헷갈립니다. 강아지 옆에 있으면서도 각자 시간을 보내는 것이 좋은 방법인지 궁금합니다. 8. 목욕 생후 2개월 정도인데 분양소에서는 다음 주쯤 목욕해도 된다고 했습니다. 이 시기에는 언제 목욕시키는 것이 적절하고 주의할 점은 무엇인가요? 9. 밥을 먹은 후 갑자기 흥분합니다. 밥을 다 먹고 혼자 있을 때는 잘 쉬는데, 제가 들어가면 밥그릇 안에 들어가서 뛰거나 갑자기 굉장히 흥분합니다. 이럴 때 바로 제지해야 하나요, 아니면 진정될 때까지 기다려주는 게 좋을까요? 처음 키우는 강아지라 작은 행동 하나도 정상인지 제가 잘못하고 있는 건지 걱정됩니다ㅠㅠ 특히 생후 2개월 강아지에게 현재 제가 하고 있는 생활 방식이 적절한지, 앞으로 분리 연습·입질 교육·사회화·혼자 있는 연습·생활습관을 어떻게 잡아주면 좋은지 알려주시면 감사하겠습니다. 위 내용 외에도 2개월 강아지를 처음 키우는 보호자가 꼭 알아야 하는 것이나 제가 놓치고 있는 부분이 있다면 길어도 괜찮으니 최대한 자세하게 알려주세요!",2026-09-13,강아지 혼자 두고 출근,미상,,page,explore,2026-09-28T11:10:04
naver_kin,https://kin.naver.com/qna/detail.naver?dirId=8050104&docId=495131957&answerNo=1,6f6ec9c0197a6b80,시츄 배변훈련,2개월정도됐을때 입양해왔는데 현재 6개월 여아 이구요 중성화x 배변훈련을 시켜도 어쩌다가 패드에다가만 누고 평소에 사람없을때 또는 출근했을땐 난리나요... 거실 아무데다가 누고 똥 밟고다니고 너무 멍청해요.. 어케하면 좋을까요? 원래 시츄가 똥을 먹잖아요. 얘도 먹긴하는데 참는다고 쳐도 똥 오줌 못가리는건 힘들어요 피드백좀 주세요,2026-09-12,강아지 혼자 두고 출근,미상,,page,explore,2026-09-28T11:10:04
naver_kin,https://kin.naver.com/qna/detail.naver?dirId=1130&docId=495114559&answerNo=4,e3b54c9aa8b2d008,마음이 너무 외로울때는 어떻게 해야할까요??,저는 어른인데요.. 시간이 갈수록 마음을 기댈곳이 없다는 사실에 너무 우울해요 나이먹고 친구들한테 힘들다고도 못하겠고 가족한테도 말 못하겠고요 이런 말들을 할 사람이 없어요 마음이 너무 외롭습니다 지치는데 이 마음을 기댈 곳이 단 한군데도 없어요 제가 제일 사랑하는 강아지도 나이가 많아서 아픈채로 본가에 있고요 제가 아무것도 가진게 없는것같아요 어떻게 해야될까요?,2026-09-10,강아지 혼자 두고 출근,미상,,page,explore,2026-09-28T11:10:04
naver_kin,https://kin.naver.com/qna/detail.naver?dirId=8050105&docId=495074362&answerNo=4,a778ca0c1991496e,7살 강아지 가 치킨뼈를 먹었어요,전날 밤에 뼈 한조각 먹었는데 오늘 아침에 구토를 하고 힘이 없더라고요 출근때문에 혼자 두고 나왔는데 잘못될까봐 걱정되는데 괜찮을까요?,2026-09-08,강아지 혼자 두고 출근,미상,,page,explore,2026-09-28T11:10:04
naver_kin,https://kin.naver.com/qna/detail.naver?dirId=8050105&docId=495074362&answerNo=3,0abe9abb9093ace4,7살 강아지 가 치킨뼈를 먹었어요,전날 밤에 뼈 한조각 먹었는데 오늘 아침에 구토를 하고 힘이 없더라고요 출근때문에 혼자 두고 나왔는데 잘못될까봐 걱정되는데 괜찮을까요?,2026-09-08,강아지 혼자 두고 출근,미상,,page,explore,2026-09-28T11:10:04
naver_kin,https://kin.naver.com/qna/detail.naver?dirId=8050105&docId=495074362&answerNo=2,7043655aca807708,7살 강아지 가 치킨뼈를 먹었어요,전날 밤에 뼈 한조각 먹었는데 오늘 아침에 구토를 하고 힘이 없더라고요 출근때문에 혼자 두고 나왔는데 잘못될까봐 걱정되는데 괜찮을까요?,2026-09-08,강아지 혼자 두고 출근,미상,,page,explore,2026-09-28T11:10:04
naver_kin,https://kin.naver.com/qna/detail.naver?dirId=8050105&docId=495074362&answerNo=1,e4d501de0aa27934,7살 강아지 가 치킨뼈를 먹었어요,전날 밤에 뼈 한조각 먹었는데 오늘 아침에 구토를 하고 힘이 없더라고요 출근때문에 혼자 두고 나왔는데 잘못될까봐 걱정되는데 괜찮을까요?,2026-09-08,강아지 혼자 두고 출근,미상,,page,explore,2026-09-28T11:10:04
naver_kin,https://kin.naver.com/qna/detail.naver?dirId=8050103&docId=495314440&answerNo=2,2513afbcc1dd9a93,강아지 사료,강아지 만성신부전인데 가스트로 인테스티널 로우펫췌장염 전용사료 안좋나요? 레날 처방사료를 받았는데 안먹는데 췌장염전용 사료에 화식섞어주니 잘먹어서..,2026-09-26,강아지 편식,화식,,page,explore,2026-09-28T11:10:24
naver_kin,https://kin.naver.com/qna/detail.naver?dirId=8050103&docId=495306419&answerNo=3,f547a7a736bc5985,강아지 화식,강아지 물에불려서 화식이랑 섞어서줘도 골라내서 안먹고 화식만 먹는데 화식만 줘도되나요?,2026-09-26,강아지 편식,화식,,page,explore,2026-09-28T11:10:24
naver_kin,https://kin.naver.com/qna/detail.naver?dirId=80511&docId=495305543&answerNo=2,4d5753cefddc0248,강아지 사료 안먹음,저희 강아지가 사료를 안먹어요. 심지어 노란토까지 했습니다.사료 봉지를 쳐다보길래 주면 막상 안먹고 또 사료말고 다른 음식은 그렇게 잘먹네요. 웬만하면 사료외에 음식은 주지 않습니다,2026-09-25,강아지 편식,미상,,page,explore,2026-09-28T11:10:24
naver_kin,https://kin.naver.com/qna/detail.naver?dirId=8050104&docId=495267301&answerNo=1,d95128100e9ec675,강아지 가 밥을 안먹어요,원래 화식이랑 건사료 섞어서 주는데 제가 없을때 남편이 건사료만 줄때도 있어요 바로 먹진 않아도 배고프면 싹 비워요 그저께 둘째 강아지를 입양했는데 화식 줄땐 잘 먹다가 건사료만 또 주니까 어제 하루 통으로 안먹었네요……… 왜그런걸까요….,2026-09-22,강아지 편식,혼합,,page,explore,2026-09-28T11:10:24
naver_kin,https://kin.naver.com/qna/detail.naver?dirId=8050103&docId=495261516&answerNo=2,69d48ad0cfee82bd,강아지 식음전폐,강아지가 어제 토하고난뒤 병원다녀오긴햇지만 별이상 없다고햇는데... 병원다녀온뒤에 조금 물은 먹고 지금은 물도 불린사료도 안먹어요.. 같은자리만 돌다가 할아버지 쳐다보고 천천히 사료와 물잇는곳와도 안먹고ㅠㅠ 가만히 서잇다가 조금 걷다가.. 왜이럴까요ㅠㅠ 기운이없어보여서.. 걱정이네요ㅠㅠ 좋아하는 간식도 거부해요,2026-09-22,강아지 편식,미상,,page,explore,2026-09-28T11:10:24
naver_kin,https://kin.naver.com/qna/detail.naver?dirId=8050103&docId=495194297&answerNo=2,ea464883764d4ef5,강아지 기호성 좋은 사료 추천,기호성 엄청 좋고 성분 좋은 강아지 사료 추천 봄 해쥬새요 ㅠ 11갤 포메인데 입맛이 너무 까다로움. 지워픽 3개월동안 정착중인데 안먹기 시작하고 가격도 비싼지라 다른 걸루 바꿔서 급여 해주고싶어요 현재 먹여본 건사료 지위픽 소고기 로얄캐닌 미니 스타터 원스 사료 하림 사료,2026-09-16,강아지 편식,건사료,,page,explore,2026-09-28T11:10:24
naver_kin,https://kin.naver.com/qna/detail.naver?dirId=8050103&docId=495194297&answerNo=1,a601d080f463a6d3,강아지 기호성 좋은 사료 추천,기호성 엄청 좋고 성분 좋은 강아지 사료 추천 봄 해쥬새요 ㅠ 11갤 포메인데 입맛이 너무 까다로움. 지워픽 3개월동안 정착중인데 안먹기 시작하고 가격도 비싼지라 다른 걸루 바꿔서 급여 해주고싶어요 현재 먹여본 건사료 지위픽 소고기 로얄캐닌 미니 스타터 원스 사료 하림 사료,2026-09-16,강아지 편식,건사료,,page,explore,2026-09-28T11:10:24
naver_kin,https://kin.naver.com/qna/detail.naver?dirId=8050103&docId=495160900&answerNo=2,0c80432a1e05384f,강아지 가 사료을 너무안먹어요,유기견을 데려온지 5일됐거든요 이제 활발해졌어요 경계도 없어졌고 근데 사료을 너무안먹어요 사료 먹게하는법있나요?,2026-09-14,강아지 편식,미상,,page,explore,2026-09-28T11:10:24
naver_kin,https://kin.naver.com/qna/detail.naver?dirId=80511&docId=495317969&answerNo=2,76bda63474c56ee6,2개월 말티푸 강아지 밥먹을때 뒷걸음치면서 헛구역질 되새....,안녕하세요 2개월된 말티푸 강아지인데요 밥먹을때마다 조금먹고 뒷걸음질 치면서 끄윽끄윽 거리고 되새김질같은걸 하면서 고개를 들고 또는 울타리를 잡고 일어나서 목으로 억지로 넘기려고 허는거 같아요 4일째인데 추석이라 병원도 못가고 사료를 10분 불리고 으깨서 줘도 똑같아요,2026-09-27,강아지 사료 바꾸기,미상,,page,explore,2026-09-28T11:10:54
naver_kin,https://kin.naver.com/qna/detail.naver?dirId=8050103&docId=495299604&answerNo=4,18f8003215958757,2개월 강아지 사료 안씹음,2개월 강아지이고 이제 건사료로 바꾸려고 물에 5분만 불려서 주는데 자꾸 사료를 안씹고 다 삼켜버려요 어떻게해야하나요?,2026-09-25,강아지 사료 바꾸기,건사료,,page,explore,2026-09-28T11:10:54
naver_kin,https://kin.naver.com/qna/detail.naver?dirId=8050103&docId=495314440&answerNo=1,ed80a2a25641ef98,강아지 사료,강아지 만성신부전인데 가스트로 인테스티널 로우펫췌장염 전용사료 안좋나요? 레날 처방사료를 받았는데 안먹는데 췌장염전용 사료에 화식섞어주니 잘먹어서..,2026-09-26,강아지 사료 바꾸기,화식,,page,explore,2026-09-28T11:10:54
naver_kin,https://kin.naver.com/qna/detail.naver?dirId=8050103&docId=495310064&answerNo=3,af92e80a81a15c14,로얄캐닌 사료 밥이보약 사료,5살 강아지인데 둘중 뭐가 괜찮을까요? 알레르기때문인지 모르겠는데 눈물도 좀 흘리고 아니면 저거 둘 말고 추천해주실 가성비사료 있을까요?,2026-09-26,강아지 사료 바꾸기,건사료,,page,explore,2026-09-28T11:10:54
naver_kin,https://kin.naver.com/qna/detail.naver?dirId=8050103&docId=495310064&answerNo=2,8916bc742e64f096,로얄캐닌 사료 밥이보약 사료,5살 강아지인데 둘중 뭐가 괜찮을까요? 알레르기때문인지 모르겠는데 눈물도 좀 흘리고 아니면 저거 둘 말고 추천해주실 가성비사료 있을까요?,2026-09-26,강아지 사료 바꾸기,건사료,,page,explore,2026-09-28T11:10:54
naver_kin,https://kin.naver.com/qna/detail.naver?dirId=8050103&docId=495297823&answerNo=2,2d6f482fbde76974,강아지 화식 양,강아지가 하루에 77g 3끼나눠서 먹고있는데 건식75:화식25 로 비율 나누면 각 몇g씩 주면 되나요?,2026-09-25,강아지 사료 바꾸기,화식,,page,explore,2026-09-28T11:10:54
naver_kin,https://kin.naver.com/qna/detail.naver?dirId=8050103&docId=495299604&answerNo=3,84b9ab4094cf9e29,2개월 강아지 사료 안씹음,2개월 강아지이고 이제 건사료로 바꾸려고 물에 5분만 불려서 주는데 자꾸 사료를 안씹고 다 삼켜버려요 어떻게해야하나요?,2026-09-25,강아지 사료 바꾸기,건사료,,page,explore,2026-09-28T11:10:54
naver_kin,https://kin.naver.com/qna/detail.naver?dirId=80508&docId=495308126&answerNo=2,9f510014483bbe1b,펫로스 증후군,"걔가 떠난 지도 4년이 넘었고 그 지나온 시간들 동안 이리저리 헤매여도 보면서 여러 식물도 키워보고 여행도 다녀보고 글도, 그림도 끄적여 봤지만 아직도 저는 그 시간에 남아 있나 봐요 지금은 다른 반려동물을 키우고 있기도 하고, 지나온 시간들 동안 배은망덕 하게도 저는 그 애가 살던 어항에 다른 물고기들도 많이 키워왔는데 저는 이제 괜찮다고 생각했는데 그게 아니었나 봐요 그때 그 공허함은 다 털어버렸다고, 그렇게 생각했는데 분명 그 감정들은 잊었다고 생각했는데 아닌가봐요 아직도 그 때에 얽매여 있나봐요 감정을 잊어보려고 할수록, 생각하지 않으려고 할수록 더 떠올랐고 이제는 기억이 자꾸 흐릿해져서 떠올리려고 애써야 겨우 떠오르고 그 감정조차도 잃고 싶지 않아서 종종 떠올리는데 음… 힘드네요 다 그대론데, 그 어항도 자갈도 먹던 사료도 그대로인데 분명 바뀐 건 하나도 없는데 집에 있어야 할 가장 소중한 게 없어요 저는 그대로 그때 그 자리에 서서 기다리고 있는데 저를 반기면서 헤엄쳐 나와야 할 애가 안 보여요 처음이라 정말 실수도 많이 했고 잘못도 많이 했지만 조금 더 같이 있어줬으면 안 되었을까 하는 멍청한 생각도 들고요 단 한 번만이라도 보고 싶은데 그러려면 100년은 더 기다려야겠네요 이름만 불러봐도, 떠올려보기라도 해보면 저도 몰랐는데 그냥 눈물이 흘러요 아직도요 오늘은 어쩌다가 잠깐 배경화면을 키우고 있는 강아지로 바꿨는데 너무 죄책감 들고 제가 배신자 같아요 제가 잊어버리기라도 하면 그 애는 완전히 잊혀져 버리는 거잖아요 제가 잊으면 걔는 없는 애가 되어버리는 거잖아요 이젠 세상이 없긴 하지만 아예 존재한적도 없는 애로 만들어버리고 싶지 않아요 망각하는 게 너무 무서워요",2026-09-26,강아지 사료 바꾸기,미상,,page,explore,2026-09-28T11:10:54
naver_kin,https://kin.naver.com/qna/detail.naver?dirId=801&docId=494755610&answerNo=3,d22b2d11442f0480,저희집이 다른집들이랑 다른것같아서 너무 싫어요,"10대 중딩인데 저희집 너무 덜떨어져보여서 좀 많이 현타와요... 일단 엄마랑 언니 강아지 저 이렇게 사는데 엄마는 집안일은 안하고 맨날 누워있어요 엄마방도 엄청 더럽고 설거지는 언니가 하고 그외 청소는 아무도 안해요 냉장고는 열때마다 물건이 떨어져서 발가락에 맞을때마다 아파요ㅠ 음식 샀을때 테트리스 열심히 하면서 넣어야함요ㅋㅎ.. 빨래도 문제인게 엄마가 그냥 안해요 (빨래 널고 갖고가는것도 우리 몫,,) 빨래는 접는다는 개념 자체도 없어요 언니랑 저랑 빨래해야 한다고 얘기해야지만 해줘요 음 그리고 요리도 못해요 옛날에는 밥이랑 계란찜도 못해서 물비율 못하고 엄마표 볶음밥은 너무 짜거나 너무 싱거워서 먹기 진짜 힘들었는데 요즘은 다행히 꽤 하셔요.. 그리고 배달음식은 한달에 한번 시켜줄까 말까인데 맛있는걸 못먹는게 너무 서러워서 식탐도 엄청 세졌어요 엄마 성격은 한마디로하면 개별로고 감정기복 짱심하고 제일 싫었던거! 후라이팬 탔는데 그대로 계속써서 발암물질먹고 유통기한 10년 지난것도 안버리구 설거지 엄마가 하면 기름이랑 고춧가루 그대로 붙어있어서 경악스러워요 그리고 가스레인지 안닦고 전자레인지 안닦고 냉장고 더럽고 선풍기 먼지 청소안하고 쓰고 식탁안닦고 화장실청소 안하는게 어디 쇼츠에서 본 흙수저 집특징이랑 맞는것같아서 너무 창피해요 저도 이런집에서 평생 살아서 엄마처럼 문제점도 못 느끼고 친구들앞에서 이런걸 당연하다듯이 얘기했을까봐 무서워요 진짜 이렇게 살림력없는사람이왜 내엄마가 된건지 너무인생이 원망스럽고 노력도 안하고 누워있는게 너무 꼴뵈기싫어요 분리수거도 저랑 언니가 다해요ㅠㅠ",2026-08-16,강아지 식기 설거지,미상,,page,explore,2026-09-28T11:12:19
naver_kin,https://kin.naver.com/qna/detail.naver?dirId=80501&docId=494307871&answerNo=2,8a33455fb73b90b5,강아지 입쪽 빨갛게,강아지 입쪽에 이렇게 빨개졌는데 원인이 뭔가요? 알러지 없는데 자꾸 긁어요...,2026-07-14,강아지 식기 설거지,미상,,page,explore,2026-09-28T11:12:19
naver_kin,https://kin.naver.com/qna/detail.naver?dirId=8080103&docId=492092675&answerNo=1,d27f1f65664104b2,강아지 유리그릇 소독 방법,일반 유리 그릇이고 강아지 식기로 쓰는 것도 있고 요리할 때 쓰는 것도 있어요 매번 설거지는 하지만 일반 설거지말고 따로 열탕소독?이나 베이킹 소다? 같은 걸로도 소독을 해야 하는데 아무 것도 모르겠어요 ㅠㅠ 유리라서 조심스럽고.. 냄비 끓는 물에 유리그릇 넣어도 괜찮나요? 깨질까봐 무서워요 맞는 방법인지.. 무엇보다 강아지도 쓰는 거라 안전하고 확실한 방법 알려주세요,2026-02-21,강아지 식기 설거지,미상,,page,explore,2026-09-28T11:12:19
naver_kin,https://kin.naver.com/qna/detail.naver?dirId=80901&docId=492092668&answerNo=1,c7f68be6034f5f31,AI 답변 X / 강아지 유리그릇 세척 방법 질문,일반 유리 그릇이고 강아지 식기로 쓰는 것도 있고 요리할 때 쓰는 것도 있어요 매번 설거지는 하지만 일반 설거지말고 따로 열탕소독?이나 베이킹 소다? 같은 걸로도 소독을 해야 하는데 아무 것도 모르겠어요 ㅠㅠ 유리라서 조심스럽고.. 냄비 끓는 물에 유리그릇 넣어도 괜찮나요? 깨질까봐 무서워요 맞는 방법인지.. 무엇보다 강아지도 쓰는 거라 안전하고 확실한 방법 알려주세요,2026-02-21,강아지 식기 설거지,미상,,page,explore,2026-09-28T11:12:19
naver_kin,https://kin.naver.com/qna/detail.naver?dirId=8050105&docId=495176655&answerNo=1,b16b7374bf9a98b5,강아지 눈 영양제 어떤게 좋을까요?,저희 집 강아지가 눈물이 많은 편이라 요즘 강아지 눈 영양제 제품들 찾아보고 있어요 예전에 하나 사봤는데 냄새 맡고 안 먹어서 거의 그대로 버렸거든요ㅠㅠ 이번에는 기호성도 괜찮고 눈물자국 관리할 때 같이 챙기기 좋은 걸로 찾고 있습니다. 강아지 눈 영양제 추천 받아보신 것 중에 꾸준히 먹이기 괜찮았던 거 있을까요? 눈 밑은 매일 닦아주고 있는데 그것만 해서는 자꾸 반복되는 느낌이라 다른 관리도 같이 해보려고 해요. 오x글루 먹이다가 효과를 못봐서 다시 찾게 되네요 ㅠ,2026-09-15,사료 산패,미상,,page,storage,2026-09-28T11:12:55
naver_kin,https://kin.naver.com/qna/detail.naver?dirId=8050103&docId=494752477&answerNo=2,a8d9056e684edad1,강아지 가 밥을 잘 안먹어요,집에 7살된 말티즈가 있는데 사료를 주는데 어디가 아픈것도 아니고 그런데 사료를 잘 안먹ㄴ네요 ㅠㅜ 사료가 너무 딱딱해서 안먹는걸까요 아니면 어떤 이유가 있을까요,2026-08-15,사료 산패,미상,,page,storage,2026-09-28T11:12:55
naver_kin,https://kin.naver.com/qna/detail.naver?dirId=80511&docId=494683539&answerNo=4,12d6f91adb8960a4,강아지 오메가 양 질문,"미니비숑 여아 2.7kg 평소 두가지 사료를 같이 섞어서종이컵 반정도~ 조금넘게 하루 두끼를 주고 있습니다 더텐소프트 강아지 기능성 사료, 소고기/관절 네츄럴코어 강아지 센시티브 케어 기능성 사료 작은입자, 피부/피모+알러지 첫 오메가로 펫스룸 오메가 3 미니를 하루 한알 먹여왔었는데 묘견서 강아지 고양이 오메가3 미니 3oval 60캡슐 (2개월분) 순도 80% KDpharma 독일 원료 이걸로 바꿔보려해서요 사진에 첨부했는데 저희강아지는 하루 몇알 먹는게 적당한가요? 괜찮은 제품인지도 봐주세요",2026-08-10,사료 산패,미상,,page,storage,2026-09-28T11:12:55
naver_kin,https://kin.naver.com/qna/detail.naver?dirId=8050103&docId=494593894&answerNo=4,6e719e06a605f802,강아지 간식 보관 실수,"안녕하세요. 아이 간식 보관 관련해서 질문드립니다. 오늘 동결건조 북어 제품을 구입했는데요 방 안 TV 바로 앞에 간식을 놓아두는 바람에 포장지가 뜨거워질 정도로 열을 받았습니다. 포장지 겉면이 뜨끈해져서 비닐/플라스틱 환경호르몬이나 열로 인한 변질이 걱정되는데, 1. 포장지가 뜨거워진 동결건조 간식, 그냥 버리는 게 맞을까요? 2. 닿아있던 반대쪽에 있던 건 열을 덜 받아서 몇 개 줬는데 괜찮을까요?",2026-08-04,사료 산패,미상,,page,storage,2026-09-28T11:12:55
naver_kin,https://kin.naver.com/qna/detail.naver?dirId=8050103&docId=494614596&answerNo=2,4bb8b191a29ef0ba,강아지 시저 소고기 사료 에서 염소똥 냄새,원래 좀 저런 꼬리꼬리한 냄새 나나요? 유통기한은 아직 한참 남았는데 강아지 음식 중에 이렇게 꾸리꾸리한 냄새 첨 맡아봐요 먹여도되나요?,2026-08-06,사료 산패,미상,,page,storage,2026-09-28T11:12:55
naver_kin,https://kin.naver.com/qna/detail.naver?dirId=80510&docId=495299586&answerNo=1,d42af0b3182d426f,이게 무슨 벌레 인가요?,화장실에서 강아지 배변패드 치우니까 그 밑에 있더라구요,2026-09-25,사료 벌레,미상,,page,storage,2026-09-28T11:13:08
naver_kin,https://kin.naver.com/qna/detail.naver?dirId=80510&docId=495224105&answerNo=2,f81c98fcc35bcbd7,진드기? 작은 벌레 ? 알려주새요 ㅜ,집에 잇다가 갑자기 뭐가 날라왓는데 요놈이네요 뭔가 진드기?같다가도 날아서와서 벌레?인지 잘 모르겟어요... 진드기인데 선풍기바람키고잇어서 날라온걸수도앳고 절 모르겟네요ㅜ 곤충박사님들 알려주새여 ㅜㅜ 집에 강아지 키우는데 산책하다가 묻어온건가싶네요....,2026-09-18,사료 벌레,미상,,page,storage,2026-09-28T11:13:08
naver_kin,https://kin.naver.com/qna/detail.naver?dirId=80510&docId=495208377&answerNo=2,40b0c374b7fedf94,이 벌레 뭔가요,강아지 몸에서 나온건데 진드기 같은건 아니겠죠,2026-09-17,사료 벌레,미상,,page,storage,2026-09-28T11:13:08
naver_kin,https://kin.naver.com/qna/detail.naver?dirId=111603&docId=495206592&answerNo=2,715769822eb137be,벌레 이름 좀 알려주세요 ㅠㅠ,이틀전인가 세면대에서 이 벌레가 나오길래 변기에 버렷는데 안죽더라고요 그래서 변기에 락스 뿌렷더니 그제서야 죽길래 휴 햇는데 오늘 보니까 저희집 강아지 물통에도 잇어서요ㅠㅠ 물에서 사는 애? 같은데 이름을 모르겟어요,2026-09-17,사료 벌레,미상,,page,storage,2026-09-28T11:13:08
naver_kin,https://kin.naver.com/qna/detail.naver?dirId=80511&docId=495165956&answerNo=1,fd82765858370d4a,강아지 피부에 뭔가요?,"강아지 배 쪽에 이런 상처가 있는데, 기생충이 파고 든건가요? 갑자기 이래서 뭘까요?",2026-09-14,사료 벌레,미상,,page,storage,2026-09-28T11:13:08
naver_kin,https://kin.naver.com/qna/detail.naver?dirId=80501&docId=494550338&answerNo=2,7dd0bc7b54ad2eeb,강아지 음식 냉장 보관,어제 강아지 밥에 넣어주는 음식이 왔는데 냉동보관인데 냉장보관을 해버렸습니다.. 한30개정도 되는 양인데 지금은 냉동실로 옮기긴 했으나 이거 괜찮을까요..? 너무 걱정됩니다. 자세한 정보만 부탁드릴게요ㅠ,2026-08-01,생식 냉동 보관,미상,,page,storage,2026-09-28T11:14:18
naver_kin,https://kin.naver.com/qna/detail.naver?dirId=8050103&docId=492977897&answerNo=6,501bc4de0aacbb57,강아지 수제간식,강아지 수제간식 만드는법 어렵나요?? 쉽게 만들어서 보관했다가 줄 수 있나요? 어떻게 만들어서 주는게 제일 효과적인가요?,2026-04-15,화식 보관 기간,미상,,page,storage,2026-09-28T11:16:02
naver_kin,https://kin.naver.com/qna/detail.naver?dirId=9011401&docId=493459251&answerNo=4,9128884f26695b6c,5월말에 강아지 혼자 두고 나옵니다,에어컨 틀고 외박해야 할까요?? 저희집은 원룸입니다 다음날에도 밤에 들어 올 거 같아요,2026-05-18,자동급식기 사료 걸림,미상,,page,auto_feed,2026-09-28T11:19:03
naver_kin,https://kin.naver.com/qna/detail.naver?dirId=8050103&docId=489239386&answerNo=1,4f4da77c83daf407,6개월 강아지 가 갑자기 사료를 안먹어요,5개월 21일 된 말티푸 인데 사료나 간식만 보면 날뛰던 아이가 어머니네집 3개월 말티푸랑 이틀 생활 하고와서 부터 사료를 안먹기 시작해요 집에 와서는 저녁밥이랑 다음 날 아침밥은 잘 먹었는데 점심밥을 아예 남기더니 그 후 부터 먹지를 않아요 사료는 자동급식기인데 사료 나오는 소리에 달려가던 애가 사료 나오는거 그냥 보고만 있고 한 5알 먹더니 그냥 안먹고 다시 눕고 잠들어요 간식을 주면 몇번 씹더니 뱉고 가지고 장난치다가 끝내 먹기는 해요 독감접종을 어제 맞고 오긴 했는데 그거 때문인지 아니면 3개월 말티푸랑 생활하다가 혼자가 되서 인지 아니면 사료가 갑자기 질린건지 궁금해요,2025-10-01,습식 자동급식,미상,,page,auto_feed,2026-09-28T11:20:42
naver_kin,https://kin.naver.com/qna/detail.naver?dirId=8050104&docId=495210761&answerNo=3,935a8701c493e449,어린 강아지 짖음·흥분 행동 질문,"안녕하세요! 강아지 행동 관련해서 몇 가지 궁금한 점이 있습니다. 울타리를 꽉 막힌 반투명으로 바꾼 뒤 발 빠짐이나 무는 건 많이 줄었는데, 요즘은 울타리에 박치기를 하거나 나가려고 점프를 많이 합니다. 이럴 땐 어떻게 대처해야 할까요? 아침에는 비교적 조용하고 쓰다듬으면 배를 보이며 잘 노는데, 갑자기 멈추면 왕왕 짖습니다. SNS에서 본 대로 무시하고 있는데 오히려 더 흥분하는 것 같아요. 밤에는 특히 심하게 짖고, 노즈워크를 줘도 금방 끝낸 뒤 으르렁거리며 여기저기 물고 짖습니다. 제가 화장실을 가거나 다른 일을 하려고 무시하면 더 크게 짖고, 잠깐 조용해졌다가 끄응거리거나 다시 짖습니다. 짖을 때마다 장난감이나 노즈워크를 주지 않고도 스스로 진정하게 하는 방법이 있을까요? 반대로 제가 옆에서 컴퓨터를 하거나 다른 작업을 하고 있으면 울타리 안에서 저와 가장 가까운 곳에 엎드려서 자기도 합니다. 어제 아침에는 울타리를 새로 설치한 뒤 짖길래 그냥 가만히 있었는데, 출근하려고 밥을 준비하면서 불을 꺼주니 쿠션 위에서 옆으로 누워 배를 보인 채 잠들었습니다. 놀아주거나 특별히 훈련한 것도 아니고 울타리만 바꾼 상황이었는데 갑자기 편안해진 것처럼 보여서 이게 어떤 행동인지 궁금합니다. 그런데 퇴근하고 돌아오니 다시 평소처럼 짖고 흥분했습니다. 또 밥을 치우거나 배변패드를 갈 때도 달려들거나 물려고 하면서 흥분하고, 진정해도 10초 정도 지나면 다시 흥분합니다. 앉아는 되지만 기다려는 아직 잘 안 됩니다. 오늘 2차 접종 예정인데, 아직 어린 강아지라서 짖음과 흥분이 많은 시기인지도 궁금합니다. 제가 원하는 건 제가 밥을 먹거나 컴퓨터를 하거나 화장실에 가는 등 무언가를 할 때마다 반응하는 게 아니라, 스스로 안정해서 조용히 쉬는 강아지로 훈련하는 것입니다. 현재 행동이 어린 강아지의 정상적인 흥분인지, 관심 요구나 울타리 때문에 생기는 행동인지도 궁금하고, 어떤 부분부터 훈련하면 좋을까요? 추가로 애기 강아지가 작은 소리에도 금방 깨서 푹 자게 하는 방법도 궁금해요",2026-09-18,출근 강아지 밥,미상,,page,auto_feed,2026-09-28T11:20:58
naver_kin,https://kin.naver.com/qna/detail.naver?dirId=8050104&docId=495210761&answerNo=2,3f3da4bcfadaf3a5,어린 강아지 짖음·흥분 행동 질문,"안녕하세요! 강아지 행동 관련해서 몇 가지 궁금한 점이 있습니다. 울타리를 꽉 막힌 반투명으로 바꾼 뒤 발 빠짐이나 무는 건 많이 줄었는데, 요즘은 울타리에 박치기를 하거나 나가려고 점프를 많이 합니다. 이럴 땐 어떻게 대처해야 할까요? 아침에는 비교적 조용하고 쓰다듬으면 배를 보이며 잘 노는데, 갑자기 멈추면 왕왕 짖습니다. SNS에서 본 대로 무시하고 있는데 오히려 더 흥분하는 것 같아요. 밤에는 특히 심하게 짖고, 노즈워크를 줘도 금방 끝낸 뒤 으르렁거리며 여기저기 물고 짖습니다. 제가 화장실을 가거나 다른 일을 하려고 무시하면 더 크게 짖고, 잠깐 조용해졌다가 끄응거리거나 다시 짖습니다. 짖을 때마다 장난감이나 노즈워크를 주지 않고도 스스로 진정하게 하는 방법이 있을까요? 반대로 제가 옆에서 컴퓨터를 하거나 다른 작업을 하고 있으면 울타리 안에서 저와 가장 가까운 곳에 엎드려서 자기도 합니다. 어제 아침에는 울타리를 새로 설치한 뒤 짖길래 그냥 가만히 있었는데, 출근하려고 밥을 준비하면서 불을 꺼주니 쿠션 위에서 옆으로 누워 배를 보인 채 잠들었습니다. 놀아주거나 특별히 훈련한 것도 아니고 울타리만 바꾼 상황이었는데 갑자기 편안해진 것처럼 보여서 이게 어떤 행동인지 궁금합니다. 그런데 퇴근하고 돌아오니 다시 평소처럼 짖고 흥분했습니다. 또 밥을 치우거나 배변패드를 갈 때도 달려들거나 물려고 하면서 흥분하고, 진정해도 10초 정도 지나면 다시 흥분합니다. 앉아는 되지만 기다려는 아직 잘 안 됩니다. 오늘 2차 접종 예정인데, 아직 어린 강아지라서 짖음과 흥분이 많은 시기인지도 궁금합니다. 제가 원하는 건 제가 밥을 먹거나 컴퓨터를 하거나 화장실에 가는 등 무언가를 할 때마다 반응하는 게 아니라, 스스로 안정해서 조용히 쉬는 강아지로 훈련하는 것입니다. 현재 행동이 어린 강아지의 정상적인 흥분인지, 관심 요구나 울타리 때문에 생기는 행동인지도 궁금하고, 어떤 부분부터 훈련하면 좋을까요? 추가로 애기 강아지가 작은 소리에도 금방 깨서 푹 자게 하는 방법도 궁금해요",2026-09-18,출근 강아지 밥,미상,,page,auto_feed,2026-09-28T11:20:58
naver_kin,https://kin.naver.com/qna/detail.naver?dirId=8050104&docId=495210761&answerNo=1,e23dffdde0a7a9b5,어린 강아지 짖음·흥분 행동 질문,"안녕하세요! 강아지 행동 관련해서 몇 가지 궁금한 점이 있습니다. 울타리를 꽉 막힌 반투명으로 바꾼 뒤 발 빠짐이나 무는 건 많이 줄었는데, 요즘은 울타리에 박치기를 하거나 나가려고 점프를 많이 합니다. 이럴 땐 어떻게 대처해야 할까요? 아침에는 비교적 조용하고 쓰다듬으면 배를 보이며 잘 노는데, 갑자기 멈추면 왕왕 짖습니다. SNS에서 본 대로 무시하고 있는데 오히려 더 흥분하는 것 같아요. 밤에는 특히 심하게 짖고, 노즈워크를 줘도 금방 끝낸 뒤 으르렁거리며 여기저기 물고 짖습니다. 제가 화장실을 가거나 다른 일을 하려고 무시하면 더 크게 짖고, 잠깐 조용해졌다가 끄응거리거나 다시 짖습니다. 짖을 때마다 장난감이나 노즈워크를 주지 않고도 스스로 진정하게 하는 방법이 있을까요? 반대로 제가 옆에서 컴퓨터를 하거나 다른 작업을 하고 있으면 울타리 안에서 저와 가장 가까운 곳에 엎드려서 자기도 합니다. 어제 아침에는 울타리를 새로 설치한 뒤 짖길래 그냥 가만히 있었는데, 출근하려고 밥을 준비하면서 불을 꺼주니 쿠션 위에서 옆으로 누워 배를 보인 채 잠들었습니다. 놀아주거나 특별히 훈련한 것도 아니고 울타리만 바꾼 상황이었는데 갑자기 편안해진 것처럼 보여서 이게 어떤 행동인지 궁금합니다. 그런데 퇴근하고 돌아오니 다시 평소처럼 짖고 흥분했습니다. 또 밥을 치우거나 배변패드를 갈 때도 달려들거나 물려고 하면서 흥분하고, 진정해도 10초 정도 지나면 다시 흥분합니다. 앉아는 되지만 기다려는 아직 잘 안 됩니다. 오늘 2차 접종 예정인데, 아직 어린 강아지라서 짖음과 흥분이 많은 시기인지도 궁금합니다. 제가 원하는 건 제가 밥을 먹거나 컴퓨터를 하거나 화장실에 가는 등 무언가를 할 때마다 반응하는 게 아니라, 스스로 안정해서 조용히 쉬는 강아지로 훈련하는 것입니다. 현재 행동이 어린 강아지의 정상적인 흥분인지, 관심 요구나 울타리 때문에 생기는 행동인지도 궁금하고, 어떤 부분부터 훈련하면 좋을까요? 추가로 애기 강아지가 작은 소리에도 금방 깨서 푹 자게 하는 방법도 궁금해요",2026-09-18,출근 강아지 밥,미상,,page,auto_feed,2026-09-28T11:20:58
naver_kin,https://kin.naver.com/qna/detail.naver?dirId=8050104&docId=495130654&answerNo=7,20e110bb4bf91e43,강아지 산책 질문 드립니다.,"제가 i다보니 사람 많은데를 별로 안좋아해서.. ㅎㅎ 제가 잠을 좀 늦게 자더라도 밤늦게 사람없을때 집근처 산책 1시간이상 하는데 (원래 진짜 피곤해도 30분잡고 가도 집에오면 1시간이상은 기본적으로 하게 되네요) 6키로대 마메시바견이고 1년 3개월 됐습니다. 실내배변견이며(집안 배변패드에 정확히 오줌과 똥을 쌈) 배변실수 한적 없음, 그리고 집안에서 똥오줌을 이미 싸고 나가기떄문에 밖에서는 마킹만 합니다. 똥을 밖에서 쌀떄도 있는데 그건 집에서 밥먹고 나갔을때입니다. 원래는 집 바로뒤 공원을 다녓는데 밤에는 벌레들도 있고, 잘못하면 유리조각도 있고, 강아지 똥들이 가끔 있다보니.. 특히 밤에는 풀숲에 막 들어갔다 나갔다 하다보니 잘안보여서 밤에는 무조건 길거리 산책 위주입니다. 그리고 강아지가 집근처 공원을 몇번 갓다오니 흥미도 잃고 해서 밤늦은 인도쪽으로 다니는 편입니다. 집에도 복귀 잘하는 편이고요 집에와서 목줄 풀고 다시 목줄들으면 그냥 그러려니합니다. 대신 처음에 산책나가기전에 전에는 목줄들으면 흥분 상태가 됐는데 이제는 제가 옷만 갈아입어도 어떻게 귀신같이 산책나가는지 아는지 낑낑거리고 난리가 납니다... (제가 출근할떄는 아무 감흥도 없다가요) 그리고 강아지가 일주일에 한번 강아지유치원 다닙니다. 분리불안은 없으며, 남에집에서도 아주 잘 지내고 헛짖음이나 입질과 사람이나 강아지 공격성도 여태까지는 없는편입니다. 지금처럼 루틴 유지해도 되나요? 실내배변견이라 산책은 하루에 한번만 합니다.",2026-09-12,출근 강아지 밥,미상,,page,auto_feed,2026-09-28T11:20:58
naver_kin,https://kin.naver.com/qna/detail.naver?dirId=8050104&docId=495130654&answerNo=6,6b03876844e40008,강아지 산책 질문 드립니다.,"제가 i다보니 사람 많은데를 별로 안좋아해서.. ㅎㅎ 제가 잠을 좀 늦게 자더라도 밤늦게 사람없을때 집근처 산책 1시간이상 하는데 (원래 진짜 피곤해도 30분잡고 가도 집에오면 1시간이상은 기본적으로 하게 되네요) 6키로대 마메시바견이고 1년 3개월 됐습니다. 실내배변견이며(집안 배변패드에 정확히 오줌과 똥을 쌈) 배변실수 한적 없음, 그리고 집안에서 똥오줌을 이미 싸고 나가기떄문에 밖에서는 마킹만 합니다. 똥을 밖에서 쌀떄도 있는데 그건 집에서 밥먹고 나갔을때입니다. 원래는 집 바로뒤 공원을 다녓는데 밤에는 벌레들도 있고, 잘못하면 유리조각도 있고, 강아지 똥들이 가끔 있다보니.. 특히 밤에는 풀숲에 막 들어갔다 나갔다 하다보니 잘안보여서 밤에는 무조건 길거리 산책 위주입니다. 그리고 강아지가 집근처 공원을 몇번 갓다오니 흥미도 잃고 해서 밤늦은 인도쪽으로 다니는 편입니다. 집에도 복귀 잘하는 편이고요 집에와서 목줄 풀고 다시 목줄들으면 그냥 그러려니합니다. 대신 처음에 산책나가기전에 전에는 목줄들으면 흥분 상태가 됐는데 이제는 제가 옷만 갈아입어도 어떻게 귀신같이 산책나가는지 아는지 낑낑거리고 난리가 납니다... (제가 출근할떄는 아무 감흥도 없다가요) 그리고 강아지가 일주일에 한번 강아지유치원 다닙니다. 분리불안은 없으며, 남에집에서도 아주 잘 지내고 헛짖음이나 입질과 사람이나 강아지 공격성도 여태까지는 없는편입니다. 지금처럼 루틴 유지해도 되나요? 실내배변견이라 산책은 하루에 한번만 합니다.",2026-09-12,출근 강아지 밥,미상,,page,auto_feed,2026-09-28T11:20:58
naver_kin,https://kin.naver.com/qna/detail.naver?dirId=8050103&docId=494885285&answerNo=1,1d95b141593a2f23,"임영웅이 반려견 시월이에게서 배운 사랑의 의미, 여러분도 ....","최근 기사를 통해 임영웅 씨가 반려견 시월이를 통해 사랑의 중요성을 깨달았다고 하더라고요. 저도 반려동물을 키우는 입장에서, 그들이 주는 사랑이 얼마나 큰지 잘 알고 있어요. 혹시 여러분도 반려동물과의 경험을 통해 삶의 태도가 바뀐 적이 있나요? 시월이와의 이야기가 많은 사람들에게 감동을 주고 있는데, 비슷한 경험이 있으신 분들 이야기를 듣고 싶어요.",2026-08-25,여행 강아지 밥 챙기기,미상,,page,auto_feed,2026-09-28T11:21:32
naver_kin,https://kin.naver.com/qna/detail.naver?dirId=8050105&docId=494745040&answerNo=2,ad633b7471fba546,강아지 를 혼자서,저희가 강아지를 두고 3일정도를 집을 비워야해요.뭔가 예전에는 제가 어려서 이런거 신경쓰지도 못 했고 가족들이랑 어디 다녀오고했었어요. 근데 뭔가 저도 나이가 들면서 어느정도 강아지가 걱정이되서요.. 3일동안 혼자있으면 조금 불쌍하기도하고해서요.. 제가 가족들한테 친구가 와서 조금만 보다가 가도되냐고물어봤는데 친구가 집에서 자는거 아니면 강아지도 실망하고 의미가 없다고하면서 안됀다고했습니다. 그렇다고해서 제가 가족들이랑 어딜 안 갈수도 없고.. 뭔가 복잡해요.. 최대한 강아지가 편하고 저희 안 기다리게하고싶어요… 이렇게라도 해주면 강아지의 스트레스나 그런게 줄어든다 싶으신거 알려주세요..! 일단 쳇 지피티 한테 물어봤는데 강아지가 먹을수있는 물을 곳곳에 두고 최대한 평소같이 행동하고 하라는데.. 일단 어디 다녀와서 강아지랑 산책하면 강아지의 스트레스가 조금이나마 풀릴까요? 아니면 나가기 전에 시저 같은 간식을 해두고 가는것도 좋은 방법인가요?,2026-08-15,여행 강아지 밥 챙기기,미상,,page,auto_feed,2026-09-28T11:21:32
naver_kin,https://kin.naver.com/qna/detail.naver?dirId=70305&docId=494644222&answerNo=3,49f2987e40b7ded1,턱때문에 삶의 질이 너무 떨어져요,고2 여학생입니다! 올해 초에 하품하다가 턱이 살짝 뒤틀리고 그 후에 딱딱 소리가 나다가 6월말에 강아지를 보내고 갑자기 스트레스를 너무 많이 받았는지 입이 안벌려지기 시작했어요ㅜㅜ 그 후로 7월에 여러 치과 몇번씩 다니면서 물리치료 받고 의사쌤이 손으로 직접 물리치료도 해주셨는데요 해도 해도 안낫고 입이 안벌려지길래 너무 힘들어서 양산에 있는 부산대 병원에 갔어요 가서 약처방 받고 왔는데 일본 여행을 간다고 약을 제대로 못챙겨 먹었어요 찜질도 못했고....두번째 방문때 스프린트? 장치 본을 뜨려고 교수님이 입을 벌려보셨는데 턱관절쪽이 진짜 너무 아파서 교수님이 이 상태로는 본도 못뜬다고 일주일에 한번씩 오면서 경과 보는걸로 했거든요...다음 진료까지 죽같은것만 먹으라고 하셨어요 일본 여행가서 실은 먹을거 다 먹었었거든요..ㅋ..그래서 수요일에 병원 다녀온 후로 아침약 먹어야해서 일찍 일어나서 죽먹고 약먹고 이걸 아침점심저녁 반복하는데 정신적으로 너무 힘들어요...여름방학인데 자꾸 아침에 일어나는것도 힘들고 무엇보다 힘든건 먹고 싶은걸 못 먹는다는거...제가 먹는 재미로 살아가는 사람인데 못먹으니까 심적으로도 너무 우울하고 주변에는 다 아무 문제 없으니까 저만 이런게 억울하고 여름방학을 죽먹고 약만 먹으며 보내는게 허무해요...배도 안차고 즐거움이 없고 잘때도 옆으로 못 누워서 자고 친구들 만나서 밥도 못 먹고 일상생활 자체가 무너지는 느낌이 들어요 스플린트를 하고 싶은데 본도 못뜬다니까 막막하고 입을 벌린다는 당연한 행위를 하지 못하는게 갑갑하고 억울해요 스플린트를 낀다고 해도 6개월 내내 그걸 끼고 잘 생각에 막막해요 평생 낫지도 못할까봐 무서워요 제 나이대에 비슷한 경험을 하신분이 있나요? 경험 나눠주세요..ㅜㅜ,2026-08-07,여행 강아지 밥 챙기기,미상,,page,auto_feed,2026-09-28T11:21:32
naver_kin,https://kin.naver.com/qna/detail.naver?dirId=70305&docId=494644222&answerNo=1,a474d7e6de7a7a55,턱때문에 삶의 질이 너무 떨어져요,고2 여학생입니다! 올해 초에 하품하다가 턱이 살짝 뒤틀리고 그 후에 딱딱 소리가 나다가 6월말에 강아지를 보내고 갑자기 스트레스를 너무 많이 받았는지 입이 안벌려지기 시작했어요ㅜㅜ 그 후로 7월에 여러 치과 몇번씩 다니면서 물리치료 받고 의사쌤이 손으로 직접 물리치료도 해주셨는데요 해도 해도 안낫고 입이 안벌려지길래 너무 힘들어서 양산에 있는 부산대 병원에 갔어요 가서 약처방 받고 왔는데 일본 여행을 간다고 약을 제대로 못챙겨 먹었어요 찜질도 못했고....두번째 방문때 스프린트? 장치 본을 뜨려고 교수님이 입을 벌려보셨는데 턱관절쪽이 진짜 너무 아파서 교수님이 이 상태로는 본도 못뜬다고 일주일에 한번씩 오면서 경과 보는걸로 했거든요...다음 진료까지 죽같은것만 먹으라고 하셨어요 일본 여행가서 실은 먹을거 다 먹었었거든요..ㅋ..그래서 수요일에 병원 다녀온 후로 아침약 먹어야해서 일찍 일어나서 죽먹고 약먹고 이걸 아침점심저녁 반복하는데 정신적으로 너무 힘들어요...여름방학인데 자꾸 아침에 일어나는것도 힘들고 무엇보다 힘든건 먹고 싶은걸 못 먹는다는거...제가 먹는 재미로 살아가는 사람인데 못먹으니까 심적으로도 너무 우울하고 주변에는 다 아무 문제 없으니까 저만 이런게 억울하고 여름방학을 죽먹고 약만 먹으며 보내는게 허무해요...배도 안차고 즐거움이 없고 잘때도 옆으로 못 누워서 자고 친구들 만나서 밥도 못 먹고 일상생활 자체가 무너지는 느낌이 들어요 스플린트를 하고 싶은데 본도 못뜬다니까 막막하고 입을 벌린다는 당연한 행위를 하지 못하는게 갑갑하고 억울해요 스플린트를 낀다고 해도 6개월 내내 그걸 끼고 잘 생각에 막막해요 평생 낫지도 못할까봐 무서워요 제 나이대에 비슷한 경험을 하신분이 있나요? 경험 나눠주세요..ㅜㅜ,2026-08-07,여행 강아지 밥 챙기기,미상,,page,auto_feed,2026-09-28T11:21:32
naver_kin,https://kin.naver.com/qna/detail.naver?dirId=90108&docId=494618194&answerNo=3,92ddd86a87f3910e,속초 맛집 횟집 중에서 애견동반식당 있을까요? 반려견과 함....,"속초 맛집 횟집 중에서 혹시.. 애견동반식당 괜찮은 곳 있을까요? 이번 휴가 차 여행을 조만간 가려고 하는데요.. 제가 반려견을 그냥 집에 놔두고 갈 수 있어서요.. ㅎ 그리고 속초 맛집 중에서 횟집, 대게 맛집 으로.. 가급적 알려주세요. 멀리까지 가는데.. 기왕이면 속초를 대표하는 현지인 맛집 으로 가보고 싶어서요. 정말 서울 수도권... 에서는 맛 볼 수 없는 그런 감동을 받을 수 있는 곳이면 좋겠어요.. 애견동반도 눈치 안보고 편하게 먹을 수 있는 곳으로요..",2026-08-06,여행 강아지 밥 챙기기,미상,,page,auto_feed,2026-09-28T11:21:32
naver_kin,https://kin.naver.com/qna/detail.naver?dirId=80511&docId=495286460&answerNo=2,61328bf22f8fb9b3,강아지 구토후 물섭취,5개월 애기 강아지 5차 예방 접종 맞은 후 사료를 많이 먹었는지 구토 2번 하고 전날 새벽 내내 헛구역질 해서  급체 한거같아 병원에서 구토 억제제 주사맞고 약 처방받았는데 아침에 잠만 자다가 저녘에 시저 티 스푼으로 한 스푼 먹이고 약 먹였더니  약이 너무 쓴지 흰색 거품 구토를 하였습니다. 구토 한지 2시간 정도 지난거같은데  지금 물을 너무 먹고 싶어 하는거 같아서 소량으로 물 섭취 해도 될까요?,2026-09-23,강아지 급여 시간 규칙,미상,,page,auto_feed,2026-09-28T11:21:48
naver_kin,https://kin.naver.com/qna/detail.naver?dirId=6100401&docId=495270167&answerNo=3,c334176b5492bef6,강아지 당뇨~~,안녕하세요 저희 강이지 피검사 했는데 당뇨 고지혈증 수취 높아서 강아지관리 하려고합니다 훈련사 전문가 님 도와주세요 ~~,2026-09-22,강아지 급여 시간 규칙,미상,,page,auto_feed,2026-09-28T11:21:48
naver_kin,https://kin.naver.com/qna/detail.naver?dirId=6100401&docId=495270167&answerNo=2,caabcafb9d8e76c4,강아지 당뇨~~,안녕하세요 저희 강이지 피검사 했는데 당뇨 고지혈증 수취 높아서 강아지관리 하려고합니다 훈련사 전문가 님 도와주세요 ~~,2026-09-22,강아지 급여 시간 규칙,미상,,page,auto_feed,2026-09-28T11:21:48
naver_kin,https://kin.naver.com/qna/detail.naver?dirId=8050104&docId=495178980&answerNo=1,dbfc0db24e1e9fd8,강아지 하루 몇끼 줘야할까요,견종은 말티푸이고 이제 곧 3살되요,2026-09-15,강아지 급여 시간 규칙,미상,,page,auto_feed,2026-09-28T11:21:48
naver_kin,https://kin.naver.com/qna/detail.naver?dirId=80511&docId=494877031&answerNo=1,a8e6f69d32fe5b6a,강아지 가 밥을 안먹어요,(4개월된 강아지) 아까 5시 어중간한 시간에 줘서 지금이라도 먹어야더ㅣ는데 안먹어요 안먹고놔두면 15시간 공복이여서 쇼크 오는데 어케 먹일까요….,2026-08-24,강아지 급여 시간 규칙,미상,,page,auto_feed,2026-09-28T11:21:48
naver_kin,https://kin.naver.com/qna/detail.naver?dirId=8050103&docId=495310064&answerNo=4,f798275ac3617e49,로얄캐닌 사료 밥이보약 사료,5살 강아지인데 둘중 뭐가 괜찮을까요? 알레르기때문인지 모르겠는데 눈물도 좀 흘리고 아니면 저거 둘 말고 추천해주실 가성비사료 있을까요?,2026-09-26,강아지 급여량 계산,건사료,,page,auto_feed,2026-09-28T11:22:02
naver_kin,https://kin.naver.com/qna/detail.naver?dirId=8050103&docId=495271722&answerNo=2,df275b4a8afbf021,포메 사료 급여,안녕하세요. 포메 11주 된 여아를 키우고 있는데요 사료는 오리젠 스몰브리리 체중은 650g 입니다. 하루에 몇그램씩 밥을 줘야 적당 하나여?,2026-09-22,강아지 급여량 계산,건사료,,page,auto_feed,2026-09-28T11:22:02
naver_kin,https://kin.naver.com/qna/detail.naver?dirId=8050103&docId=495174578&answerNo=3,298bfd4963eb2e05,"강아지 화식, 알러지사료","비숑 남 2살 6.8키로 강아지 키우고 있습니다 요새 화식에 관심이 생겨 찾아보고 있는데 하루 권장 칼로리, 필수 영양소등 신경써야 할 부분이 너무 많아서 그냥 사료 위에 토핑 식으로 화식을 조금씩 올려줄까 생각중이에요 요새 사료를 잘 안먹어서.. 근데 지금 사료를 로열캐닌 하이포알러제닉 먹이고 있어요 눈물 자국이 엄청 심했는데 저 사료 먹이니 눈물 자국이 옅어지더라고요 저 로열캐닌 하이포 알러제닉 사료에 닭가슴살,당근,브로콜리등 섞은 화식 토핑 올려주면 저 사료의 효과가 하나도 없겠죠?ㅠ 알러지 사료에 고기 토핑을 하니까?..... 좋은건 먹이고 싶은데 화식을 주식으로 하기엔 너무 어렵고... 사료는 잘 안먹고.. 어떻게 해야할까요? 로열캐닌 하이포 알러제닉 사료 위에 닭가슴살,당근,브로콜리,고구마 등 섞은 화식 재료 올려줘도 괜찮은지 여쭙고 싶습니다!",2026-09-15,강아지 급여량 계산,화식,,page,auto_feed,2026-09-28T11:22:02
naver_kin,https://kin.naver.com/qna/detail.naver?dirId=8050103&docId=495199270&answerNo=1,dfcfc2e4a9eab76f,강아지 화식,강아지 건식사료 약 4000kcal로 72g먹이고있는데 너무 맛없어하여 췌장염사료도섞어서 줘도된다고하셔서 로우펫 3500kcal 섞여서주려고하는데 화식은 15g씩 섞여서 먹이고있는데 건식사료는 비율어떻게 섞어서 주면되나요?,2026-09-17,강아지 급여량 계산,화식,,page,auto_feed,2026-09-28T11:22:02
naver_kin,https://kin.naver.com/qna/detail.naver?dirId=8050103&docId=495187992&answerNo=2,44952dd58d461353,강아지 화식 건식 급여량,강아지 6kg 노령견이며 하루에 사료양 96g 3끼 나눠서 주고있는데 거기에 화식 닥터맘마 촉촉사료 주려고 하는데 처음 급여시 75%25% 주라고해서 몇g줘야될까요 ?,2026-09-16,강아지 급여량 계산,화식,,page,auto_feed,2026-09-28T11:22:02
naver_kin,https://kin.naver.com/qna/detail.naver?dirId=8050103&docId=491075370&answerNo=3,5dd07c5ca8e17aa8,강아지 간식 보관,시중에서 파는 강아지 간식 있잖아요 포장안에 또 소분해서 진공포장? 해놓은 간식 겉포장 벗기고 진공포장만 되있는 상태로 오래 보관해도 상관없나요?,2025-12-30,사료 소분 진공,미상,,page,vacuum,2026-09-28T11:24:07
naver_kin,https://kin.naver.com/qna/detail.naver?dirId=8050103&docId=491075370&answerNo=2,d26c81ea0a7d03ab,강아지 간식 보관,시중에서 파는 강아지 간식 있잖아요 포장안에 또 소분해서 진공포장? 해놓은 간식 겉포장 벗기고 진공포장만 되있는 상태로 오래 보관해도 상관없나요?,2025-12-30,사료 소분 진공,미상,,page,vacuum,2026-09-28T11:24:07
naver_kin,https://kin.naver.com/qna/detail.naver?dirId=8050103&docId=491075370&answerNo=1,e50ab2abf742251d,강아지 간식 보관,시중에서 파는 강아지 간식 있잖아요 포장안에 또 소분해서 진공포장? 해놓은 간식 겉포장 벗기고 진공포장만 되있는 상태로 오래 보관해도 상관없나요?,2025-12-30,사료 소분 진공,미상,,page,vacuum,2026-09-28T11:24:07
naver_kin,https://kin.naver.com/qna/detail.naver?dirId=80901&docId=489938495&answerNo=6,d48072711f9a795d,권연벌레 미치겠어요 어떡하나요,올 초여름부터 나타났는데 미치겠어요 개미같은 권연침벌도 나왔어요 이제 온집안에서 보이기 시작했습니다 강아지들도 있는데 날아다니며 강아지한테도 붙는 것 같고 앉아있는데 주변에도 엄청나게 날아다닙니다 트랩 저도 써봤습니다 많이 잡히긴 하나 잡히기만 하지 없어지지 않아요 계피 그것도 해봤고 별거 다해봤어요 날 추워지면 덜할줄 알았는데 더하네요 잡아도 터트리거나 변기에 버리거나 해여하는제 날아다니면 잡지도 못하고 끝이 없네요 방역소독 밖에 답이 없나? 방엳소독 효과가 단박에 나오나요? 몇번씩 추가비용 내며 해야하나요? 쌀도 바꿔보고 강아지 사료도 바꾸고 밀가루도 다 새로 바꾸고 정말 스트레스입니다 고층 아파트인데,2025-11-03,진공포장기 추천 강아지,미상,,page,vacuum,2026-09-28T11:26:33
naver_kin,https://kin.naver.com/qna/detail.naver?dirId=8050103&docId=494606530&answerNo=4,9a38345963a5d725,강아지 간식 이거 곰팡인가요?,올해 산건데 하얀게 뭐가 묻어있어요 먹여도 되는건가요?다른거에도 하얀점박이처럼 있던데 혹시몰라 일단 안주고있어요ㅛ,2026-08-05,수제간식 보관,미상,,page,vacuum,2026-09-28T11:26:53
naver_kin,https://kin.naver.com/qna/detail.naver?dirId=40702&docId=493427292&answerNo=1,e9f3347daea3f23b,제 2종 일반주거지역 문의,강아지 간식 만들고 팔고 할려는데 가능한가요?,2026-05-16,수제간식 보관,미상,,page,vacuum,2026-09-28T11:26:53
naver_kin,https://kin.naver.com/qna/detail.naver?dirId=8050103&docId=493414883&answerNo=5,54e79ebafc19b6af,강아지 찹쌀가루 간식,푸들 올해 생일 지나면 6살 되는 강아지인데요! 간식을 만들어주고 싶은데 틱톡이나 유튜브나 네이버에도 간식 만들기 레시피를 검색을 해봤는데도 거의다 쌀가루가 필요하더라구요… 혹시 찹쌀가루랑 고구마가 필요한 강아지 간식 레시피 있을까요? 저희집 강아지가 막 채소나 과일이나 그런걸 안 좋아해서.. 마트에 가봤는데 쌀가루가 품절이이었어서요… 아무나 찹쌀가루랑 고구마가 필요한 강아지 간식 레시피 알려주세요!,2026-05-15,수제간식 보관,미상,,page,vacuum,2026-09-28T11:26:53
naver_kin,https://kin.naver.com/qna/detail.naver?dirId=8050103&docId=492977897&answerNo=5,94a045fea2fd7b7e,강아지 수제간식,강아지 수제간식 만드는법 어렵나요?? 쉽게 만들어서 보관했다가 줄 수 있나요? 어떻게 만들어서 주는게 제일 효과적인가요?,2026-04-15,수제간식 보관,미상,,page,vacuum,2026-09-28T11:26:53
naver_kin,https://kin.naver.com/qna/detail.naver?dirId=8050103&docId=492977897&answerNo=2,c7c6964e709d15c2,강아지 수제간식,강아지 수제간식 만드는법 어렵나요?? 쉽게 만들어서 보관했다가 줄 수 있나요? 어떻게 만들어서 주는게 제일 효과적인가요?,2026-04-15,수제간식 보관,미상,,page,vacuum,2026-09-28T11:26:53
naver_kin,https://kin.naver.com/qna/detail.naver?dirId=8050103&docId=492977897&answerNo=1,b785f131d06ab90f,강아지 수제간식,강아지 수제간식 만드는법 어렵나요?? 쉽게 만들어서 보관했다가 줄 수 있나요? 어떻게 만들어서 주는게 제일 효과적인가요?,2026-04-15,수제간식 보관,미상,,page,vacuum,2026-09-28T11:26:53
naver_kin,https://kin.naver.com/qna/detail.naver?dirId=8050103&docId=489892661&answerNo=2,ff9640db57f6fae7,강아지 가 밥 그릇 엎는 행동에 대해 궁금합니다,강아지가 물그릇은 엎진 않은데 자꾸 밥그릇만 엎어서 밥 먹어요 사료가 마음에 안드나싶은데 예전부터 병원에서 처방받은 사료 먹고있고 막상 엎으면 또 다 먹습니다 그냥 밥그릇이 마음에 안드는걸까요? 아니몀 그냥 바닥에서 먹는게 좋은건가요?,2025-10-31,물그릇 엎음,미상,,page,water,2026-09-28T11:28:07
naver_kin,https://kin.naver.com/qna/detail.naver?dirId=7010102&docId=495319249&answerNo=1,057e9773da644be3,강아지 배에서 꼬르륵소리나고 이틀째아무것도먹지않아요.,오늘 일요일이라서 병원문도안열고 이틀전부터 배에서 꼬르륵소리나고 밥을안먹는데 당장집에서 어떻게할방법은없는지궁금합니다.며칠전 간식을 많이먹어그런것아닐까싶은데 어제하루변을안봤고.설탕물진하게타서 주사기로먹였는데 밥을안먹어걱정입니다.,2026-09-27,물 안 마시는 강아지,미상,,page,water,2026-09-28T11:28:46
naver_kin,https://kin.naver.com/qna/detail.naver?dirId=80511&docId=495317969&answerNo=1,b75751dbdcf90b2c,2개월 말티푸 강아지 밥먹을때 뒷걸음치면서 헛구역질 되새....,안녕하세요 2개월된 말티푸 강아지인데요 밥먹을때마다 조금먹고 뒷걸음질 치면서 끄윽끄윽 거리고 되새김질같은걸 하면서 고개를 들고 또는 울타리를 잡고 일어나서 목으로 억지로 넘기려고 허는거 같아요 4일째인데 추석이라 병원도 못가고 사료를 10분 불리고 으깨서 줘도 똑같아요,2026-09-27,물 안 마시는 강아지,미상,,page,water,2026-09-28T11:28:46
naver_kin,https://kin.naver.com/qna/detail.naver?dirId=8050105&docId=495315961&answerNo=1,5b59863dd836621b,강아지 켁켁거림,저희 강아지는 포메라니안이고 5살이예요 저희 가족 모두 자고있었는데 갑자기 강아지가 크게 켁켁되면서 막 난리치길래 바로 봤더니 막 입에 있는 걸 뺄려고 애쓰는 것 같았어요 몇 분 지나니까 켁켁되는 건 줄었는데 가끔 계속 입맛 다시거나 쩝쩝 되면서 좀 작게 큭큭 이러고요 이제 막 간식 소리나면 달려오고 그러긴한데 가끔씩 작게 큭큭 대는 소리가 들려요 뭘까요?ㅠㅠ 가족이 자는 사이에 뭐 이상한 걸 먹고 그러는 것 같은데 밤이라서 병원도 못 가고 이제 좀 괜찮은데 병원 안 가고 나둬도 될까요?ㅠㅠ 그리고 무슨 증상일까요ㅠ 두번째가 켁켁거리는 직후엿고 첫번째동영상이 좀 몇번 지나고 괜찮아졌을 때쯤 가뿐 숨소리?그런 증상보였을때얐어요 지금은 더 나아졌지만 뭘까요,2026-09-27,물 안 마시는 강아지,미상,,page,water,2026-09-28T11:28:46
naver_kin,https://kin.naver.com/qna/detail.naver?dirId=8050104&docId=495307916&answerNo=2,d81d149b5304c159,강아지 재회 분리불안,2년동안 같이 살다가 8년 떨어져 살았습니다. 요새 시간이 나서 하루에 1시간씩 산책시킬수 있을것 같은데 분리불안 측면에서 아예안하는게 좋은지 궁금합니다.,2026-09-26,물 안 마시는 강아지,미상,,page,water,2026-09-28T11:28:46
naver_kin,https://kin.naver.com/qna/detail.naver?dirId=80511&docId=495300260&answerNo=1,05f4dfe0411f66b8,밖에서 키우던 강아지,지인한테 강아지 한마리를 분양 받았눈데요 밖에서 2년정도 살았던 애라 진드기가 좀 있는데 귀안에도 있을거 같아서 병원가서 이런 거 제거하고 이것저것 검사하면 얼마정도 나올까요? 밖에서 키우던 강아지 목욕해주는 샵도 있을까요? 대구입니다,2026-09-25,물 안 마시는 강아지,미상,,page,water,2026-09-28T11:28:46
naver_kin,https://kin.naver.com/qna/detail.naver?dirId=80511&docId=495302192&answerNo=1,09766d28aea5cd2a,강아지 피똥,8살 된 강아지가 오늘 산책중에 변을 봤는데 피똥을 쌌습니다 어제하루 둘다 습식캔 준거 빼곤 이상한거 먹은건 없어요 어제 밤에 산책중 똥은 피똥이 아니었습니다 약간 빡간색 점액질도 같이있었고 어두운 빨간색이었어요 추석 연휴라 병원이 문을 안열었어요 금식해야할까요? 내일은 변이 괜찮으면 병원 안가도 되는 건가요? 피똥 싸본게 처음이라 많이 놀란 상태에요ㅠㅠ,2026-09-25,물 안 마시는 강아지,미상,,page,water,2026-09-28T11:28:46
naver_kin,https://kin.naver.com/qna/detail.naver?dirId=80511&docId=495237575&answerNo=1,9073c44777cfaeda,강아지 가 산책을 아주 천천히,산책을 아주천천히 30~40분 하는데요 거의 냄새 맡느라. 아주 조금씩 이동 하는 정도에요 근데 산책후 물을 한그릇 가득 먹어요 갈증이 너무 심한데요. 무슨 문제있는거 아닌가 몰라요 뛰어다닌것도 아니고 빠르게 운동한것도 아닌데 갈증이 이렇게 날정도일까요? 물을 1그릇 반을 먹고 오줌을 아주 잔뜩 싸요,2026-09-20,강아지 음수량,미상,,page,water,2026-09-28T11:29:12
naver_kin,https://kin.naver.com/qna/detail.naver?dirId=8010501&docId=494968201&answerNo=2,3a9c2e3f55699087,강아지 변화,8살아이입니다ᆢ 얼마전 건강검진상 이상이 없다고는 나왔는데ᆢ 부쩍 음수량이늘고(하루2번먹을꺼 5~6번정도) 소변량도 집에선 한번 보던거(2~3번)늘었어요ᆢ 그리고 매트에서 식판까지 바로가지않고 삥~둘러가요ᆢ 괜찮을까요?? 아님 다른 검사를 해봐얄까요??,2026-08-31,강아지 음수량,미상,,page,water,2026-09-28T11:29:12
naver_kin,https://kin.naver.com/qna/detail.naver?dirId=80511&docId=494946310&answerNo=2,4a19ed02f1e19b16,강아지 중성화,강아지 6살 암컷이고 중성화한지 5일지났고 중성화하면서 염증이 있어서 떼어냈다고 했어요 마취깨는게 남들보다 늦었지만 지금은 잘 지내는데 똥도잘싸고 오줌도 잘싸고 활동도 잘하지만 이상하게 숨이 가빠요 좀만 움직여도 혀내밀고 헥헥거립니다 집에서도;; 주택이라 마당에서 쉬싸는데 좀 돌아다녔다고 또 헥헥거리고.. 그리고 호흡이 이상합니다 밖에서 더울때 산책하고 들어온거마냥 엄청 가쁘게 숨을쉽니다 더운가해서 에어컨 틀어도 똑같아요 시원한곳에 하루종일 누워잇는데도 가빠요 잘때도 1분에 30회넘냐 하는데 40회도넘구요 분명 한달전에 문제없다했는데 다시 건강검진 해야할지.. 그리고 원래 물을 잘 안먹는데 갑자기 많이먹어요 양자체는 이상이없지먼 갑자기 많이먹는게 이상하네요… 이런 증상들을보면 뭐 의심되는게 있을까요 빨리 검사하는게 낫겠죠?,2026-08-29,강아지 음수량,미상,,page,water,2026-09-28T11:29:12
naver_kin,https://kin.naver.com/qna/detail.naver?dirId=80511&docId=494887122&answerNo=3,f91b0996fb7b2c71,강아지 요로결석 수술 후 퇴원하고 밤에 잠깐 헥헥거렸는데 ....,"13살 정도 된 강아지가 요로결석 수술을 했고 수술 후 3일 정도 입원했다가 퇴원해서 집에 왔습니다. 집에 온 첫날 밤에 잠깐 헥헥거리더라고요. 계속 헥헥거린 건 아니고 잠깐 그러다가 괜찮아졌습니다. 수술 후라 통증이 있어서 그런 건지, 병원에서 받은 약이나 마취 영향이 남아 있어서 그런 건지 궁금합니다. 밥과 물은 평소처럼 먹고 마시는 편이고 소변도 보고 있습니다. 수술 후에는 소변을 자주 보거나 불편해할 수 있다고 들었는데, 헥헥거리는 것도 회복 과정에서 나타날 수 있는 증상인지 궁금합니다. 혹시 이런 경우 어떤 증상을 같이 확인해봐야 하고, 어느 정도면 다시 병원에 가야 할까요? 요로결석 수술 후 비슷한 경험 있으신 분이나 수의사분 계시면 알려주시면 감사하겠습니다.",2026-08-25,강아지 음수량,미상,,page,water,2026-09-28T11:29:12
naver_kin,https://kin.naver.com/qna/detail.naver?dirId=80511&docId=494887122&answerNo=2,cb00ceab1a5a88a7,강아지 요로결석 수술 후 퇴원하고 밤에 잠깐 헥헥거렸는데 ....,"13살 정도 된 강아지가 요로결석 수술을 했고 수술 후 3일 정도 입원했다가 퇴원해서 집에 왔습니다. 집에 온 첫날 밤에 잠깐 헥헥거리더라고요. 계속 헥헥거린 건 아니고 잠깐 그러다가 괜찮아졌습니다. 수술 후라 통증이 있어서 그런 건지, 병원에서 받은 약이나 마취 영향이 남아 있어서 그런 건지 궁금합니다. 밥과 물은 평소처럼 먹고 마시는 편이고 소변도 보고 있습니다. 수술 후에는 소변을 자주 보거나 불편해할 수 있다고 들었는데, 헥헥거리는 것도 회복 과정에서 나타날 수 있는 증상인지 궁금합니다. 혹시 이런 경우 어떤 증상을 같이 확인해봐야 하고, 어느 정도면 다시 병원에 가야 할까요? 요로결석 수술 후 비슷한 경험 있으신 분이나 수의사분 계시면 알려주시면 감사하겠습니다.",2026-08-25,강아지 음수량,미상,,page,water,2026-09-28T11:29:12
naver_kin,https://kin.naver.com/qna/detail.naver?dirId=80511&docId=494878811&answerNo=2,727a59aac705c4cc,강아지 방광염인가요?,"증상은 산책하면 처음엔 정상적으로 오래 배뇨하고, 그후에는 조금조금씩 오줌을 산책하면서 자주 쌉니다. 요즘은 3번이상은 하는거같아요. 오늘 샤워하는 중에도 갑자기 서서 오줌을 쌌고, 샤워 이후에도 시간이 좀 지난후에도 서서 오줌을 지렸는데 방광염일까요? 사료와 물말아서 같이 아침저녁 항상주고있고, 산책도 아침 저녁으로 합니다. 실외배변고집하는 강아지입니다ㅠ 3세 여아 말티푸고 중성화한 강아지입니다",2026-08-25,강아지 음수량,미상,,page,water,2026-09-28T11:29:12
naver_kin,https://kin.naver.com/qna/detail.naver?dirId=8050101&docId=495102385&answerNo=1,47a71169846ddbdd,강아지 눈물 약 추천 부탁드려요!!!,강아지 눈물이 많이 나서 제일 유명하고 인기 있고 좀 보장이 되어있는? 눈물 약 추천 부탁드립니다ㅎㅎ!!! 그리고 눈물 티슈? 같은 것도 추천 부탁드려요!! 강아지는 말티푸 중형견이에요,2026-09-10,강아지 정수기 세척,미상,,page,water,2026-09-28T11:31:28
naver_kin,https://kin.naver.com/qna/detail.naver?dirId=80501&docId=494468442&answerNo=1,074f7630ad0d5bd2,구연산으로 해드 청소 후,구연산으로 싱크대 해드나 욕실 셔워기 해드 세척하면 좋대서 세척하고 뮬로 헹구고 세척도 했는데요 아기 강아지가 밥을 뷸려먹어야하는데 수돗물 줘도 된대서 그 물하고 그 물로 밥을 불려서 줘도 될까요? 그리고 저희도 정수기가 아직 안와서 수돗물 정수해주는 걸로 먹고 있는대 괜찮을 까요?,2026-07-26,강아지 정수기 세척,미상,,page,water,2026-09-28T11:31:28
naver_kin,https://kin.naver.com/qna/detail.naver?dirId=70601&docId=494468405&answerNo=3,e5578afee6bb6039,구연산으로,구연산으로 싱크대 해드나 욕실 셔워기 해드 세척하면 좋대서 세척하고 뮬로 헹구고 세척도 했는데요 아기 강아지가 밥을 뷸려먹어야하는데 수돗물 줘도 된대서 그 물하고 그 물로 밥을 불려서 줘도 될까요? 그리고 저희도 정수기가 아직 안와서 수돗물 정수해주는 걸로 먹고 있는대 괜찮을 까요?,2026-07-26,강아지 정수기 세척,미상,,page,water,2026-09-28T11:31:28
naver_kin,https://kin.naver.com/qna/detail.naver?dirId=70601&docId=494468405&answerNo=2,9c771507c51622b3,구연산으로,구연산으로 싱크대 해드나 욕실 셔워기 해드 세척하면 좋대서 세척하고 뮬로 헹구고 세척도 했는데요 아기 강아지가 밥을 뷸려먹어야하는데 수돗물 줘도 된대서 그 물하고 그 물로 밥을 불려서 줘도 될까요? 그리고 저희도 정수기가 아직 안와서 수돗물 정수해주는 걸로 먹고 있는대 괜찮을 까요?,2026-07-26,강아지 정수기 세척,미상,,page,water,2026-09-28T11:31:28
naver_kin,https://kin.naver.com/qna/detail.naver?dirId=50104&docId=492657410&answerNo=2,559cde33897da93c,정수기 물로 반려동물 급수 괜찮을까요,강아지에게 정수기 물을 줘도 되나요? 반려동물에게 안전한지 궁금합니다.,2026-03-25,강아지 정수기 세척,미상,,page,water,2026-09-28T11:31:28
naver_kin,https://kin.naver.com/qna/detail.naver?dirId=3070101&docId=493375157&answerNo=2,f69b6577e5059394,창작 소설 평가좀여,"메리는 먼지가 묻은 창문에 얼굴을 대고 잿빛 하늘을 올려다보고 있었다.비가 내릴 것 같았다.메리가 살고 있는 건물과 멀지 않은 곳에서 거무스름한 비구름이 다가오는게 보였고 차가운 아스팔트를 따라 불어온 바람이 앙상한 나뭇가지들을 흔들때마다 도로에 어두운 그림자를 드리웠다.메리는 창문을 조금 열었다,싱그러운 풀냄새와 젖은 흙냄새가 코를 기분좋게 자극했고 물을 머금은 겨울공기가 상쾌했다 .도로위에 회색 자동차가 주차되어 있었는데 뿌연 차창위로 먼지자국이 나 있었다. 어두워지는 하늘과 한그루의 나무 그리고 축축한 거리를 차례로 훑어보고 메리는 생각했다,하늘은 흐리고 구름은 물에 젖은 눈 처럼 더럽잖아.까마귀 한두마리,그것도 잠깐 지나갈 뿐이고. 나뭇잎은 이미 다 떨어져서 거리를 장식하지 못하고 외로운 느낌만 들게해.겨울이 시작되고 벌써 비가 이틀째 내렸어,오늘은 정말 산책이라도 갈까 했는데,, 결국 일을 망쳐버렸어!그때 자동차 앞유리 위로 빗방울이 톡 하고 떨어졌다.빗방울은 유리의 경사면을 따라 흘러 내리며 한줄기의 가느다란 선을 그려놓았다.이윽고 더 많은 빗방울이 떨어지기 시작했다.톡, 톡, 툭, 툭,자동차 위로 비가 세차게 쏟아지자 금속으로 된 차체에서 둔탁한 빗방울 소리가 울려퍼졌다.상념에 잠겨 있던 메리의 코끝으로 작은 물방울이 떨어졌다.메리는 코에 얼음이라도 닿은듯 몸을 부르르 떨었고 화들짝 놀라 창문을 닫았다.메리는 코에 맺힌 물방울을 손으로 털어내고 새로 꺼내 입어 깨끗한 하얀 셔츠에 스윽 문질렀다,메리의 방 한구석에는 밝은색 참나무로 만든 직사각형 책상이 있고 책상의 바로 맞은편에는 쿠션이 덧대진 나무의자가 놓여있었다.메리는 의자에 앉아 몸을 푹 파묻었다.책상 위에는 A4크기의 종이가 올려져있었다,비가 오는 날이면 메리는 자주 그림을 그리곤 했다.이 종이도 아직 다 못그린 그림중에 하나였다.메리는 책상 구석에 놓인 연필꽃이에 손을 뻗어 심이 위를 향한채 꽃혀있는 두꺼운 연필을 들어올렸다.메끄러운 종이위에 얇은 선으로 까마귀의 옆모습을 그렸고 음영을 표현하기 위해서 두꺼운 선을 덧칠해 놓기도 했다.그림을 그리는 사이사이 펜을 쥔 손의 셔츠자락이 그림을 가려 버릴때면 종이를 누르고 있던 반대쪽 손으로 소매를 걷어 올려 줘야했다.깨끗한 옷에 연필가루가 묻는걸 피하기 위해서 였다.메리는 그림을 그리면서 창문을 열었다가 변덕스럽게 다시 닫기도 하고 손가락 끝으로 책상을 톡 톡 두드려서 소리를 내기도 했다,영 집중이 되지를 않았고 하늘을 가린 비구름 때문에 방 안이 너무 어두웠다,또 불현듯 갑자기 의자에서 일어나 방안을 한바퀴 빙 돈다음 다시 의자로 돌아와 자신이 그린 그림을 의심을 눈초리로 바라보곤 했는데,원하는 대로 잘 그려지지 않아서 기분이 확 상했기 때문이었다.메리는 생각했다,아니야 ,이 그림은 내 의도와는 사뭇 다른걸,부리가 너무 길잖아 발톱은 좀 더 크게 그려야겠어,깃털은 또 어떻고!너무 두껍게 칠해 놨잖아 특히,특히 이 눈은 표현하기가 정말 어려운걸,눈이야 말로 마음의 창문이니깐, 눈을 그릴때는 특별한 주의마저 기울이지 않으면 안되,메리는 이쯤 생각하다가 방 안이 너무 어둡다는 느낌이 들었다.방이 너무 어두운걸 벽지 무늬도 알아볼 수 없어,가구들도 그저 검은 덩어리로 보이네. 이렇게 어두워서는 아무것도 못해.어디에 부딪혀 다치기라도 하면 어쩌려고,어서 불을 키자.메리의 방 창문 옆에는 전등 스위치가 있었다,전등은 천장 정 중앙에 딱 붙어 있었고 불투명한 유리로 만들어져 있어서 꼭 촛불위에 유리컵을 씌워놓은듯 했다.메리가 스위치를 누르자 딸깍 하는 기분좋은 소리가 났고 전등이 방안에 진홍색 전깃불을 비추었다.희미하게 지지직 하는 소리가 규칙적으로 들려왔다.좋아, 전등이 켜졌고 이제 더이상 어둡지 않아.그러니까 사물을 정확히 알아볼수 있다는 말씀! 휴-.메리는 무심코 창문으로 시선을 돌렸다.역시나,비가 아직도 오고 있어,아까보다 빗줄기도 굵어지고 더 세졌는걸!어라? 도로에 이미 물웅덩이도 생겼네..툭 ,툭 ,톡 하고 빗방울이 창문으로 떨어졌어.빗방울이 아래로 흐르면서 습기가 차 흐릿한 창문에 구불구불한 선을 그려놓았다.메리는 그 모습을 보고 기분이 좋아졌다.하 하,꼭 눈물 같아,창문이 지금 울고 있는걸까?질문, 창문도 슬픔을 느낄수 있을까?정답 비오는 날에는 느낄수 있다.메리는 혼잣말을 하면서 웃어댔다.메리는 창문에 입김을 후- 후- 불어서 김이 서리게 했다.자아-- 가엾은 나의 창문아 내가 너를 웃을수 있도록 도와줄게--.메리는 검지 손가락을 들어 창문에 갖다대고 크게,웃는 얼굴을 그려 놓았다.자!어때? 감사인사는 사양할게--,그때 다시한번 빗방울이 떨어졌고 흐르는 빗물이 되어 메리가 그린 웃는얼굴에 눈물 자국을 냈다.메리는 대번에 삐져 버렸고,더이상 창문에 관심을 갖지 않았다.갑자기,너무 우울했다.혼자가 된 기분이 들었다.날씨 탓이야...항상 우중충한 이 도시도 좌우간 관련이 있을거고,또..,겨울 이니깐,만성적인 우울감의 책임을 어느쪽으로 돌려야하지?아니야,에잇!생각하지 말자,피곤한데다가 몸에 힘이 없어서 그래,그렇고 말고..기분이라도 전환할겸 메리는 군것질거리를 찾기 시작했다.방문을 여니 째깍 째깍 시계소리가 들렸다. 반쯤 열린 메리의 방문 사이로 흘러나온 불빛이 부엌을 희미하게 비추었고 식탁위에 올려놓은 하얀색 유리 그릇이 빛을 받아 반짝였다.냉장고를 뒤져보던 메리는 반쯤남은 딸기잼 한병과 오렌지 주스 한팩, 그리고 메끄러운 날계란 하나 를 찾아냈다.메리는 이것들을 식탁위에 가지런히 올려 놓은뒤 찬장에서 식빵이 들어있는 비닐봉지와 깨끗한 은제 숟가락 한개,우유잔을 챙겨왔다.좋아,이정도면 남부럽지 않은 저녁식사를 할 수 있을거야.식빵 2조각을 꺼내 식탁위에 올려논다,잼 뚜껑을 열고 숟가락 가득 퍼올려서 빵 구석구석 꼼꼼히 발라준다.그 위에 잘 구워져 노릇노릇한 계란후라이를 올리고 식빵으로 덮어준다.메리는 벌써부터 기분이 좋아져서 두손을 비벼댔다. 베이지색 쿠션이 딸린 나무의자가 추운 공기때문에 바싹 굳어 딱딱했지만 그런대로 참아줄만 했다.우유잔이 가득차게 주스를 따라준다음 살짝 맛을 보았는데, 본격적인 식사에 앞선 준비운동 같은 거였다.메리는 빵 끄트머리 부분을 크게 한입 배어 물었다.입안 가득 빵을 집어넣고 우적우적 씹어댔고 삼킨 뒤에는 오렌지 주스를 한 모금 마셨다.빵이 정말 맜있는걸,딸기잼을 많이 넣기를 잘했어 달콤한걸 좋아하니까,계란이 조금 타긴 했어도 그럭저럭 먹을만해..좋다.오렌지 주스를 마시며 고개를 뒤로 젖힐때면 메리는 중간중간 맞은편 거실을 흘끔 쳐다보았다.거실은 불을 켜지않아서 정말 어두웠고 메리의 방에서 흘러나오는 전깃불도 거실까지 빛을 비추지는 못했다.블라인드를 올려놓은 거실 유리창 너머로 불 켜진 맞은편 아파트 창문이 보였다.주황색,빨강색,연한 노란색의 조명이 집집의 창문을 가득 채우고 있었는데 메리의 눈에는 마치 여러개의 텔레비전을 보고있는것 처럼 느껴졌다.자정이 되었다,뿌연 안개가 나뭇가지에 거미줄처럼 걸려있고 도로는 빗물에 젖어 축축해보인다.메리는 식탁에 엎드려 있었다.그렇게 엎드린 자세로 식탁의 나무무늬를 보고 있었다.우우,이제 슬슬 졸린데..이대로 자고싶어,하지만 안되!.이렇게 춥고 딱딱한 곳에서 잘수없어,감기에 걸려서 꼼짝도 못하게 될거야...아무렴.식탁부터 정리하자.오렌지 주스랑 딸기잼은 냉장고에,컵하고 숟가락은 싱크대에 놓고 물만 조금 뿌려두자,귀찮으니까 설거지는 내일 해도 될거야,그리고...여기저기 떨어진 빵 부스러기를 살살 쓸어서 정리해주면..,짜잔,청소는 끝이야.이제 잠에 들 시간이야.이런 벌써 12시 잖아!이렇게 말하고 메리는 자신의 방으로 가서 불을 끄고 구석진 침대에 드러누웠다.푹신한 하얀색 배게는 최근에 새로 산,거의 새 거나 다름이 없는 물건이어서 굉장히 깨끗했다.휜색과 회색의 체크무늬가 그려진 겨울이불은 메리의 몸보다 훨씬 커서 항상 안락한 느낌을 주었다.메리는 침대 위에서 이리저리 뒤척이며 잠에 들지 못하고 있었다.편한 자세를 찾으려 해도 항상 침대의 시트가 심하게 움푹 파이는 느낌이 들었다.기분이 좋은 날이면 항상 침대 위에서 방방 뛰어다녔던 탓에내부 스프링이 이미 주저 앉아 버렸기 때문이다.으아,침대한번 푹신하네.잠을 잘수가 없잖아.이것도 바꾸던지 해야겠어.어떡하지..차라리 바닥에서 자는게 좋겠는걸.메리는 배개와 이불을 챙기고 침대에서 일어났다,좋아!창문아래,저기가 좋겠다, 마침 비도 오니까,빗소리가 기분 좋은걸?바닥은 꾀 차가웠고 카펫도 깔려있지 않아 누워있기에는 너무 딱딱했다.메리는 바닥위에 이불을 쫙 펼친다음 누웠고 이리저리 굴러서 자신의 몸을 이불로 돌돌 싸멨다.떨어지는 빗방울 소리를 들으며 메리는 잠깐 동안 창문을 올려다보았다,가늘게 부슬비가 오고있었고 마치 비 한가운데 누워있는 기분이었다.메리는 코끝에 닿는 차가운 공기를 느끼며 잠에 들었다. ​ 이른아침,새벽공기가 축축하게 창문으로 베어나오고 밝은 회색의 햇빛이 방안에 희미한 어스름을 드리운다. 메리는 바닥에서 올라오는 한기 때문에 벽에 등을 기대고 바싹 붙어서 세우자세를 취하고 있었다. 으으으-추워. 메리가 뻣뻣하게 굳은 손가락으로 이불을 움켜쥐었다가 차가운 바닥을 이리저리 쓰다듬어 보았다. 단단하게 얼어붙은 마룻바닥의 틈새가 유난히 크게 벌어져 있는 것 처럼 느껴졌다. 아침이네-,비가 그쳤을까? 메리는 혼잣말을 중얼거리며 이불을 뒤집어 쓰고 창문까지 무릎을 꿇은채로 기어갔다. 천으로 된 이불이 바스락 거리며 끌리는 소리를 냈다. 아직 새벽빛이 남아있는 거리에는 커다란 물웅덩이가 군대군대 고여있었다. 웅덩이의 수면위로 회색빛 하늘과 뿌옇게 빛을 받은 어두운 구름들이 흘러가는 모습이 비춰 보였다. 반쯤 썩어들어간 나뭇잎에서 작은 물방울이 톡 톡 떨어졌고 물기를 머금은 나뭇가지 들이 짙은 갈색의 생기없는 광채를 띄고 있었다. 우와! 비가 그쳤네? 오늘은 나가서 산책 이라도 해야겠다. 메리는 이불에서 뛰쳐나와 몸을 덜덜 떨면서 화장실로 걸어갔다. 으으으- 추워. 화장실로 들어가자 새하얀 입김이 나와서 메리는 화들짝 놀랐다. 딱딱하게 굳은 상아색 타일들이 타닥 타닥 소리를 냈고 가볍게 얼음이 낀 수도꼭지에서 물방울이 똑 똑 떨어졌다. 메리는 차갑게 얼어붙은 타일 위에서 총총 거리면서 따뜻한 물이 나올때까지 팔짱을 끼고 기다렸다. 우와-얼어서 디지겠네! 메리가 소리쳤다. 샤워호스 사이로 가느다란 물줄기가 새어나오다가 점점 수압이 세지면서 쏴아아 하고 따뜻한 온수가 나오기 시작했다. 뭉개구름 같은 수증기가 하늘위로 떠오르다가 타일바닥으로 천천히 가라앉았다. 메리는 샤워기를 벽에다 걸어놓고 쏟아지는 온수 속에서 기분좋은 따뜻함을 만끽했다. 으아--따뜻하다! 시간이 멈췄으면 좋겠다! 한겨울의 온탕처럼 따끈따끈한 수돗물이 머리위로 흘러 내렸다. 정수리,옆머리,귓바퀴를 지나서 뺨과 턱의 유연한 굴곡을 따라서 내려오다가 뻣뻣하게 굳은 목근육을 따뜻하게 적셔준다. 몇방울의 물줄기가 후두득 떨어졌다. 어깨,가슴,배,허리,허벅지를 둥그렇게 감싸주다가 종아리와 무릎을 장미빛으로 데워준다음 발등으로 흘러 내려서 발가락 사이사이와 발바닥 아랫 부분을 부드럽게 간지럽힌다. 메리가 물 밖으로 손을 뻗어서 샴푸를 집거나 세면용품을 가져 올때마다 차가운 공기가 따뜻하게 적셔진 피부를 콕콕 찔러댔다. 으- 나가기 싫다! 메리는 샤워기 레버를 돌려서 끄고 수건으로 몸을 닦았다. 습기를 머금은 수건이 뻣뻣하게 느껴졌다. 춥다 추워! 메리는 방안으로 뛰어갔다.옷장을 열자 나무냄새와 세제냄새,희미한 천 냄새가 문을 따라서 조금씩 퍼져나왔다. 비웅덩이가 많을 테니까 긴바지는 입지 않을거야.빗물이 튀어서 젖어 버릴수도 있으니까. 메리는 두꺼운 기모 반바지를 입고 겨울용 스웨터 위에다가 부드러운 털이 복슬복슬한 검정색 자켓을 걸쳐 입었다.자켓의 지퍼를 턱 아래까지 잠가 올리자 금속으로 된 지퍼고리가 목 아래쪽에서 짤랑거렸다. 좋아! 이정도면 동사할 걱정은 없겠어! 메리가 현관을 지나서 복도로 나왔을 때는 엘리베이터가 메리의 층에 멈춰있었다. 예--! 운이 좋은걸? 메리가 녹이슬어 꺼칠꺼칠한 엘리베이터 버튼을 누르자 드르륵 하면서 문이 열렸다. 여긴 볼때마다 으스스하단 말이야. 당장이라도 무언가 튀어나올 것 같은 거울! 어휴! 습기가 얼어서 먼지가 꼈네! 메리는 거울의 표면을 만져보았다. 작은 이슬방울이 손끝에 매달렸다가 조금씩 젖어 들었다. 저 지지직 소리를 내는 노란색 전기불빛! 추락방지용 강철셔터는 열릴 때마다 끼기긱 거리고 손때가 묻은 버튼은 누를때마다 띠잉 하는 전기음이 울리잖아! 그래 저 소리는 꽤 괜찮은 것 같아. 오래된 오르골 소리같다고 할까? 어쨋든! 엘리베이터의 층수 표시등이 1층을 알렸다. 메리는 표시등의 숫자가 줄어드는걸 바라보면서 자신도 같이 아래로 내려가는 느낌이 들었다. 띵동- 엘리베이터 문이 열렸다. 메리는 시멘트 바닥위에서 또각 또각 소리를 내면서 아파트 밖으로 걸어 나왔다. 메리가 산책을 하기 위해서 나왔다고는 해도 결코 날씨가 좋은 느낌은 들지 않았다. 죽은 동물의 눈처럼 흐릿한 태양이 차가운 태양빛을 회색깔 콘크리트 건물들 위로 조금씩 비춰줄 뿐이었고 어둡게 깔린 구름들이 마구 찢어진 옷가지 처럼 하늘위에서 난잡하게 떠다니고 있었다. 심지어 가늘게 부슬비도 내리고 있어서 축축한 샤워기 밑에서 서있는 기분이 들었다. 아무렴 어때? 결국 나왔잖아! 신나게 돌아다녀 보자고! 메리는 노란색 장화를 신은 다리로 발걸음을 재촉했다. 보도블럭이 축축하게 젖어 있었다. 거리 여기저기에 가느다란 풀때기가 떨어져 있었고 작은 흙 알갱이가 까드득 까드득 발 밑에서 으스러 졌다. 촉촉한 비냄새가 바람을 따라서 불어왔다. 일단,미술관 으로 가자! 도로의 오른쪽 차선에서 어두운 파란색 자동차 한대가 빗물을 튀기면서 달려왔다. 바퀴가 웅덩이의 물의 머금어서 새카맣게 광이 나고 있었다. 자동차는 자갈이 쓸리듯이 바스락 거리는 소리를 내면서 메리의 곁을 지난뒤 오른쪽 모퉁이로 꺾어 들어갔다. 메리는 자동차를 쳐다보다가 소리쳤다. 미술관 으로! ​ 높다랗게 솟은 철창 너머로 커다란 사각형의 건물 외벽이 보인다. 콘크리트를 이어붙인 벽면 사이사이에 진득한 구정물이 말라 붙어있고 커다란 나사못을 끼워놓은 둥그런 홈 안쪽에는 꺼멓게 때가 껴있다. 바람에 눌려서 옆으로 누워버린 갈색깔 잔디와 잡초들이 빠지직 소리를 내며 부딪힌다. 작은 유리문이 현관으로 통하고 있었고 그 안쪽으로 좁은 통로가 전시관으로 이어지고 있었는데 여기저기 깨진 유리조각이 바닥에 깔려 있어서 반짝반짝 빛을 냈다. 버려진지 족히 십년은 됬을법한 건물 앞에서 메리는 이 모든 광경을 마음속에 새겨넣고 있었다. 하--정말 아름다운 장소야! 몇번을 와도 질리지가 않는다니까. 메리는 녹이 슬고 칠이 벗겨진 오래된 쇠창살로 다가갔다. 창살의 끝부분이 뾰족하게 날이 세워져 있어서 일종의 경고장 처럼 보이기도 했다. 하지만 그런건 과감히 무시한다! 하하. 메리가 중얼거렸다. 메리는 담장의 한쪽에다 발을 올려두고 양손은 둥글게 말아서 창살의 맨 윗부분을 움켜 잡았다. 좋아,베이지 않게 조심하면서,아얏. 메리의 검지 손가락 옆부분에 작은 페인트 껍데기가 박혀 버렸다. 에잇! 일진 한번 사납네. 메리는 조금씩 힘을 주면서 아슬아슬하게 철창위로 기어올라 갔다. 철창이 끼익 소리를 내면서 쾅 쾅 울려댔다. 우왓! 이거 위험한데. 상황은 꽤 위태로워 보였다. 전날의 비 때문에 철창이 미끄럽게 물기를 머금고 있었고 녹이 슨 페인트 조각이 마구 벗겨져 나와서 자칫하면 손을 놓치고 바닥으로 떨어질수도 있었다,사실 바닥에 곤두박질 치는편이 더 안전할것이다. 철창의 꼭대기에서 발이라도 헛디딘다면 뾰족한 모서리에 붙들려서 턱에 구멍이 나 버릴수도 있었다. 만약 그렇게 되면 갈고리에 걸린 물고기처럼 허공에서 파닥거리다가 입이 완전히 떨어져 나갈때까진 누군가의 도움을 기다려야 된다. 하지만 메리는 침착하게 쇠창살을 밝고 올라갔고 무사히 반대편 바닥으로 내려올수 있었다. 이렇게 위험해서야,나 같이 선량한 무단 침입자가 다칠수도 있잖아! 참나. 메리는 손에 박힌 페인트 조각을 살살 긁어서 떼어넨 다음 미술관의 입구를 향해서 걸어갔다. 사실 이곳은 오래전에 문을 닫은 방치된 미술관으로 가끔 유명한 작가의 예술작품이 전시되기도 했었다. 메리는 미술관이 망해버린 이유를 알지 못했지만 어찌됬든 별로 신경쓰진 않았다. 아무렴 어때! 나한테는 좋은 일인데? 메리는 껑충 껑충 뛰어가서 출입문을 열었다. 금속으로 테를 두른 문 틈 사이사이에서 깨진 유리조각들이 끼기긱 갈리는 소리를 내면서 한쪽으로 쓸려 나갔다. 메리가 미술관 안으로 들어오자 버려진 폐허의 정적이 바깥세상과 메리의 세상 사이에 두꺼운 경계선을 깔아놓았다. 건물안은 정말로 조용했다. 이따금씩 물방울이 떨어지거나 나무판자가 추위에 빠지직 거리는 소리를 낼 뿐이었다. 오래되서 색이 바랜 포스터가 눅눅하게 젖어서 바닥에 떨어져 있다. 메리는 까맣게 먼지가 낀 프론트 데스크를 지나서 중앙에 위치한 넓직한 갤러리로 걸음을 옮겼다. 어디 여기쯤에 그 조각상이 있었는데. 메리가 고개를 돌리며 웅얼거리자 작게 매아리가 쳤다. 갤러리의 한쪽 구석에 커다란 회색 석고상이 놓여있었다. 석고상의 손가락에 검정색 페인트가 칠해져 있었고 어깨에서 오른쪽 허벅지 아래까지 망토를 두른 것 처럼 새카만 천조각 이 단단하게 고정되어 있었다. 석고상의 입술에서 끈적한 액체가 부풀어 오르다가 굳어 버렸다. 흠,여전히 멋들어진 모습 이네요 슬픈 타나토스 아저씨. 그 질긴 천조가리는 용케 붙들고 있네요 ,그쵸? 메리가 혼잣말을 했다. 조각상이 생기없는 딱딱한 시선으로 메리를 바라보고 있었다. 안녕히 계세요 따분한 양반. 메리는 갤러리의 다른 작품들을 구경하기 위해서 돌아섰다. 다양한 조각들과 초상화,풍경화와 정물화를 포함하여 뭐라고 콕 집어서 설명하기가 어려운 여러가지의 작품들이 녹이슬고 때가 낀채 미술관 곳곳에 전시되어 있었다. 파란색,보라색,빨간색과 노란색의 네온사인이 붙어있는 다비드상 한개,불빛은 들어오지 않는다. 낡고 부식되서 불에 그을린 종이처럼 보이는 강철로 만든 거대한 책모양 동상,아마 참여형 예술작품 이었을 거라고 생각된다. 천장에서 내려온 금속 케이블에 메달린 두개의 그네,나무로 된 의자에 곰팡이가 쓸어있다. 색이바랜 커다란 빨간색 풍선이 포도송이처럼 다발로 묶여있는 독특한 플라스틱 조형물,멀리서 보면 한껏 과장해서 그린 사과나무 처럼 생겼다. 벽이 소용돌이 모양처럼 말려 들어가는 장소의 한쪽 구석에는 메리의 관심을 끈 특이한 그림이 황동액자로 테를 두르고 못으로 고정되 있었다. 음,이건 볼때마다 기분이 묘해. 뒤에서 무언가 튀어나올 것 같은 느낌? 부드러운 잔디가 깔린 낮은 언덕위로 하얀색 드레스를 입은 여인이 컴컴한 안개속에서 등을 돌리고 양쪽에서 가지를 뻗은 초록색 관목 사이에서 갈색의 머리카락을 휘날리면서 뛰어가고 있다.정확히는 앞으로 가는지,가만히 멈취서 뛰는 척을 하는 것인지 알수는 없었지만 왜인지 계속 앞으로 멀어지고 있는 듯한 느낌이 들었다. 기분나쁜 꿈 같아,그렇다고 악몽은 아닌,그런 꿈? ​ 메리는 기다란 복도를 따라서 좌우 양옆으로 다양한 크기의 그림들이 걸려있는 전시관으로 들어섰다. 높이 높아있는 천장에서 두꺼운 아크릴판이 창문 역할을 하고있었다. 가느다란 태양광선 아래에서 죽은공기의 먼지가 황금빛으로 소용돌이 치며 둥둥 떠다녔다. 그림은 모두 검정색 액자로 주위가 둘러져 있었고 액자와 벽이 맡닿은 틈새 사이사이로 기다란 실이 사방으로 퍼져나오고 있었다. 아마 어떤 괴팍한 예술가의 독특한 취향일 것이다.꼭 바퀴벌레의 더듬이나 여자의 머리카락 이 몸에 닿은 것 처럼 이상하게 소름이 돋았다. 윽,여긴 볼때마다 적응 안되네. 액자 사이사이에서 송충이가 우글거린다고 해도 나는 놀라지 않을거야. 메리는 복도의 끝으로 걸어가면서 천천히 그림들을 구경했다. 기다란 실이 촉수처럼 이리저리 흔들렸다. 번개가 치는 풍경을 사실적으로 묘사한 풍경화 한점. 어떤 여자아이의 얼굴을 초현실적인 그림체로 칠해놓은 기괴한 초상화. 어두운 바닷속 모습을 두려움의 시각에서 바라보며 그려놓은 듯한 칙칙한 그림과 의자에 앉아있는 새파란 해골이 술병을 들고 뭐라고 고함을 지르고 있는 이상한 사진이 한장. 썩어가는 사과를 찍어 놓은 흑백사진 세장과 물때가 낀 도자기를 아주 멀리서 괴상한 각도로 보고있는 것 같은 느낌이 드는 정물화 한개. 정말 알수없는 작품들만 걸어놨네. 차가운 바람이 통로의 안쪽까지 불어왔다. 기다란 실들이 마치 살아있는 것처럼 이리저리 꿈틀거렸다. 메리는 기겁을 하면서 다른 전시관으로 뛰어가 버렸다. 우웩! 기분나빠,그 통로. ​ 지하실을 표시하는 화살표가 여기저기 메달려 있다.떨어져서 색이 바랜 화살표와 철사 하나에 달랑 메달려서 흔들거리는 녹색화살표,투명한 스티커가 벗겨지고 있는 오래된 화살표. 한때는 관람객들을 이끌어 주었을 수많은 안내자들이 이제는 뭉개지고 찌그러진채 먼지가 쌓여 바닥에 나뒹굴었다. 화살표를 따라가다 보면 녹이 쓸고 찌꺼기가 낀 오래된 강철계단이 나오는데 지하로 이어지는 통로 안쪽까지 온통 물이 고여있었다. 사실 이건 일종의 설치형 예술품으로 어느 독특한 추구미를 가지고 있던 늙은 예술가의 첫 번째 작품이었다. 만약 화살표(안내자)의 방향을 따라서 앞으로 걸어왔는데 잘못된 길로 들어 섰다고 생각된다면 어떻게 할 것인가? 가 작가의 의도였었다. 하지만 메리의 해석은 조금 달랐다. 일상적 장소에서 마주친 비현실적 장소,그러한 곳에서 어떻게 반응 해야할까? 가 메리의 생각이었다. 분명 옛날의 구경꾼들은 깨끗한 미술관 복도를 따라가다가 이 낡고 녹이 쓴 축축한 계단을 발견했다면 사뭇 놀랐을 것이다. 꽤 궁금하네,어떻게 반응 했을까? 하지만 미술관이 이미 폐허가 되버린 지금,계단은 더 이상 작품 으로서의 의미를 잃어버리고 말았다. 망가진 안내자를 따라와서 망가진 계단을 발견 했는데 누굴 탓하랴. 메리는 계단을 따라서 깊어지고 있는 노르스름한 초록빛 어둠을 바라보다가 물 속에 빠져 들어가는 기분이 들어서 몸이 오슬오슬 해졌다. 칫! 분명 저 안쪽에 작가의 해골이 쇠사슬에 묶여 있을거야! 메리는 침을 탁 뱉고 발길을 돌렸다. ​ 미술관의 윗층으로 통하는 계단과 맡닿아 있는 커다란 벽에는 기다란 창문이 나있는데 창문 너머의 바깥쪽 외벽에 길쭉한 여자의 머리가 하나 쑥 올라와 있다.여자의 머리는 헝클어진 부댓자루로 기워져 있었고 눈에는 흐르다가 굳어버린 빨간색 페인트가 칠해져 있어서 무시무시한 인상을 주었다.심지어 계단은 이쪽에 하나 뿐이어서 반드시 저 동상을 마주보고 계단을 올라가야 했다. 으으으- 움직이지 마라,저 괴상한 동상은 누가 만든거야? 메리는 잔뜩 움츠러들어서 뚜벅뚜벅 계단을 올라갔다. 혹시 동상이 갑자기 휙 사라져 버리거나 무서운 표정을 짓고 자신을 노려볼까봐 조금 걱정이 들었기 때문이다. 이 요상한 미술관 에서라면 무슨 일인들 못 일어날까! 메리가 소리쳤다. 이층의 전시실에는 크기가 작은 조각상이나 직접 손으로 만든 것 같은 인형들이 주를 이뤘다. 아주작은 유리 다비드상 한개,먼지가 묻어서 더러운 페트병 처럼 보였다. 단추눈이 뒷통수에 달려있고 새빨간 입술이 금방이라도 이리저리 조잘거릴 것 같아서 괜스레 귀를 틀어막게 만드는 봉제 인형 한개. 지옥의 문 미니사이즈,호박크기 정도의 늙은 남자의 머리 조각상,잘린 석고상 다리가 네모난 구석자리에 쌓여 있었는데 이것도 작품인지 아닌지는 잘 모르겠다. 메리는 머리카락 대신 작은 녹슨 못이 성성하게 박혀있는 봉제인형을 들고 벽에다 툭,툭 부딪혔다. 못들이 서로 긁히면서 찰그랑 소리를 냈다. 녹슨 껍질이 벗겨지면서 작은 눈송이 처럼 재가되서 떨어졌고 하얀 벽에다가 짙은 갈색의 꺼끄레기를 묻혀놓았다. 휴- 이정도면 전부 둘러봤군! 메리는 미술관을 나와서 시내쪽으로 돌아갔다. 예전의 그 철창을 넘어가려다 하마터면 머리가 부서질 뻔했다. ​ 메리가 발 걸음을 옳긴곳은 기다란 콘크리트 육교 위쪽이었다. 높이가 맞지 않는 딱딱한 계단을 올라가면 여기저기 담배꽁초가 버려져 있는 육교위로 올라올수 있었다.여기선 항상 담배 냄새와 비에 젖은 축축한 먼지 냄새가 난다. 페인트가 벗겨져서 은회색의 녹슨 금속 버팀대가 들여다보이는 난간에 기대서서 아래를 내려다본다.차들이 쌩쌩 소리를 내면서 발 아래로 지나간다.저곳에 삶이 있다.수많은 운전자들의 삶이. 메리는 난간에 메달리다피시 해서 육교 아랫쪽의 풍경을 구경했다. 멀리서 하얀 연기가 피어오르는 길쭉한 산업용 굴뚝과 얽기설기 전선이 엉켜있는 어스름한 철탑 구조물들이 희미한 안개 사이로 보이고 있었다. 우와-시원하다,바람한번 끝내주는걸. 차들이 지나갈때마다 가벼운 종이 벽을 통과하듯이 무거운 바람이 불어와서 메리의 옷을 흔들어 놓았다. 도로의 철제 레일 너머로 작은 강아지 한마리가 주변을 이리저리 살피다가 차들이 달려오는 아스팔트 도로 위로 조금씩 발을 내디뎠다. 오-강아지가 위험한데. 새까만 검은색의 털을 가진 강아지가 좌우로 고개를 돌리며 코를 킁킁 거렸다. 꼬리가 위쪽으로 말려 올라간채 아주 가늘게 부들부들 떨리고 있었다. 차가 지나갈때마다 강아지의 털이 뻣뻣한 풀 처럼 뾰족하게 곤두서면서 바람에 휘날렸다. 강아지가 도로의 반대편으로 달려가기 시작했다. 빠앙- 커다란 트레일러를 이끄는 사각형 트럭이 경적 소리를 내면서 미끄러지다가 강아지의 척추 한가운데로 내달렸다.강아지는 윤기있는 까만색 고무바퀴에 달라붙었다가 이내 트럭 아래로 사라져 버렸다. 세상에! 메리는 흥미진진하게 이 광경을 지켜보았다. 납작하게 짓뭉개진 강아지의 사체가 새까만 아스팔트 도로에 그림자처럼 들러붙어서 잘 보이질 않았다. 트럭은 살짝 비틀거리는가 싶더니 다시 운전대를 붙들고 도로 너머로 달려가 버렸다. 메리는 집으로 돌아왔다. ​ 물때가 뭍은 창문 너머로 짙은 남색빛 하늘이 올려다보인다. 메리는 할일 없이 거실 소파에 앉아서 날이 저무는걸 지켜보다가 방안이 컴컴해지자 부엌의 조명을 켰다. 심심해.메리가 생각했다. 커다란 시계소리가 째깍 거렸다. 차가운 발가락을 꼼지락 거릴때마다 마룻바닥에 서 한기가 올라왔다. 집안이 너무 조용했다. 메리의 숨소리와 셔츠의 바스락 소리,시계소리 외에는 아무 소리도 들리지 않는다. 메리는 평생 이렇게 따분한 상태로 살아가야 하는건 아닌지 심각하게 걱정하기 시작했다. 참을수 없잖아! 무슨 재미있는일 안일어 나나? 메리는 거칠게 팔짱을 끼면서 옷소매를 펄럭 거렸다. 메리는 텔레비전을 켜고 아무 의미없는 티비프로그램을 왔다갔다 했다. 양복을 입은 남자 기자가 속보를 전하고 있다,걸걸한 목소리가 옛날 라디오 방송에 나오는 어떤 사람을 연상시켰다. 삐에로 분장을 한 코미디언이 과장된 몸짓으로 참가자들에게 농담을 건네면서 웃어댄다. 뭐야 저 시시껄렁한 광대는? 메리는 불만을 표출했다. 동그란 안경을 쓴 대머리 교수가 심리학에 관해서 주저리 주저리 설명을 한다,남자는 사회자를 향해서 검지손가락을 들어올리고 마치 벌써부터 반박을 당하기라도 한듯한 표정으로 손가락을 이리저리 휘둘러 댔다. 대머리 지식인이 될바에야, 배부른 돼지로 만족하겠어. 메리는 텔레비전을 확 꺼버렸다. 차가운 공기가 음울한 적막함을 만들었다. 마치 집 자체가 안쪽에서 부터 얼어붙고 있는 것 같았다. 으- 이 미친 동네,메리가 불평했다. 메리는 부엌불을 끄고 방으로 돌아가 그림을 그리기 시작했다,이것이 아마 열두번째 완성품이 될 듯 싶었다. 커다란 눈망울과 조각처럼 파여있는 콧구멍,날카로운 콧대 아래쪽으로 반쯤 열린 입술이 입체적인 느낌으로 그려져 있다. 거의 삼각형이라고 해도 될만큼 뾰족한 얼굴형 은 새침하면서 비인간적인 인상을 주고 있었고 이상할정도로 뻣뻣하게 치켜든 목은 굵직한 색연필로 선을 죽죽 그어 놓았다. 메리는 자신의 얼굴을 그리고 있었다. 단지 껍데기가 아니라 자신의 내면을 반영해서. 아마 피카소나 살바도르 같은 유명한 예술가들이 메리의 초상화를 보았다면 경탄해 마지 않았을 것이다. 메리는 연필을 종이위에서 이리저리 굴리다가 침대위로 나자빠졌다. ​ 다음날 메리는 저녁 늦게 잠에서 깼다. 이렇게 까지 늦잠을 잔적은 이번이 처음이었다. 흠,결국 이렇게 되버렸네. 메리가 혼잣말을 한뒤 부랴부랴 외출복으로 갈아있었다. 바깥으로 나오자 차가운 칼바람이 귀와 볼을 마구 할켜댔다. 코가 새빨갛게 얼어 붙기 시작했다. 으으으- 겁나 춥다! 메리는 발걸음을 재촉했다. 갑자기 메리는 달리기 시작했다. 탁 탁 거리는 발소리를 내면서 ,첨벙첨벙 물방울이 튀고 양말이 축축하게 젖어들었다. 작은 흙탕물 알갱이가 눈밑으로 튀어들었다. 메리는 가쁜 숨을 몰아쉬며 차가운 숨결을 내뱉었다.꼭 연기를 내뿜으며 사납게 요동치는 폭주 기관차 같았다. 아차차! 메리가 멈춰섰다. 꽃을 사야 하는데! 깜빡했다. 메리는 근처의 꽃집으로 달려가서 새하얀 국화 꽃 한송이를 사서 나왔다. 후후후- 좋아. 메리는 국화 꽃을 들고 예전의 그 육교로 걸어갔다. 늦은 밤이라 그런지 도로에 다니는 차가 별로 없었다. 밤하늘의 별 처럼, 이따금씩 번쩍거리는 헤드라이트가 드문드문 나타났다가 사라졌다. 커다란 보름달이 고풍스러운 문 손잡이 처럼 하늘위로 메달려 있었다. 어디보자,저게 좋겠다. 새카만 트럭 한대가 빠른 속도로 육교를 향해 달려왔다. 담배냄새와 비에 젖은 풀 냄새가 난간 틈새에서 이리저리 떠다녔다. 메리는 장화를 벗고 가지런히 모아놓았다. 메리는 난간을 뛰어넘으며 국화꽃을 하늘높이 내던졌다. 달빛을 받은 새하얀 국화 꽃이 한순간 반짝이더니 캄캄한 어둠속으로 모습을 감추었다. 메리는 거의 앞으로 곤두박질 치듯이 트럭으로 달려들었다. 떨어지는 막대사탕이 무겁게 흔들리듯이 메리도 머리를 아래로 향한채 육교에서 떨어졌다. 기다란 헤드라이트에 메리의 새하얀 살결이 보이다가 쾅! 하고 트럭의 창문이 메리를 들이 받았다. 메리는 하늘높이 날아올랐다. 피를 튀기며,부러진 목덜미가 덜렁 거리면서. 뾰족한 악마의 창에 가슴이 관통당한 천사처럼 메리는 허공에서 몸을 쭉 구부렸다가 흙바닥으로 떨어져 내렸다. ​ 메리가 왜 그랬을까? 나도 모른다. 도대체 어느 누가 슬픈사람의 마음을 알아차릴수 있겠는가? 그저 메리는 미치도록 우울했다,그것뿐이다.",2026-05-13,물그릇 물때,건사료,,page,water,2026-09-28T11:33:58
naver_kin,https://kin.naver.com/qna/detail.naver?dirId=8050105&docId=493358550&answerNo=2,3c11029251f79338,아기 강아지,안녕하세요 이번에 처음 강아지를 데려오게 되었는데 데려오기 전 부터 공부를 많이 했는데도 어려운게 많아요 ㅜㅜ 일단 너무 흥분 해서 손을 물때가 많은데 반응을 안 해줘도 너무 많이 물어요 ㅜㅜ 나중에 문제되진 않을까요?? 그래서 앉아 교육을 하려고 하는데 밥만 꺼내면 너무 흥분해서 대화가 안 통해요 참고로 2월 13일 생 말티푸에요 그리고 아직 접종을 1차도 안 맞았는데 너무 늦진 않을까요 사회화가 안 될까봐 걱정이에요 ㅜ,2026-05-12,물그릇 물때,미상,,page,water,2026-09-28T11:33:58
naver_kin,https://kin.naver.com/qna/detail.naver?dirId=80511&docId=495231083&answerNo=1,67c30e49e8f58de0,생후 3-4주 아기 강아지 물 설사. 파보인가요?,"이번에 보호소에서 생후3,4주 된 강아지를 임시보호 하려고 데리고왔습니다. 강아지가 집에 오고 기운없어하고 잠만자는데 물설사도 합니다. 이유식도 안먹구요 혹시 파보일까요? 파보라면 혈변을 봐야하는데 설사는 노란빛이고 구토도 하지 않습니다. 병원을 데려가니 체온이 37도정도이고 혀도 붉어 저혈당은 아니라고 했습니다. 파보는 아이가 어려서 검사가 불확실하다고 하셨구요 주말 지나도 계속 설사한다면 다시 오라고 했습니다. 포도당 2ml정도 급여해주셨구요 그럼에도 불안해서 질문합니다. 아래에 아이가 기운이 없을만한 이유들을 적어봤습니다. 1. 보호소>집 1시간 반 . 멀미가능성 2. 목욕> 체온떨어짐 or 스트레스 3. 보호소와 다른 분유나 사료때문이라고 하기에는 집으로 올 때도 설사를 했음 4. 달라진 환경 탓(형제들하고 떨어져서) 한시간 간격으로 설사를 하고 이유식은 사료와 분유를 갈아서 섞어 2.5ml씩 강제급여 하고 있습니다. 물도 설사 할 때마다 1-2.5ml씩 주고있습니다. 설사 사진을 다시 확인해보니 시간이 지나니 색이 갈색>노란색 으로 달라지네요 점도도 묽어지고 있구요",2026-09-19,강아지 물 갈아주기,미상,,page,water,2026-09-28T11:34:48
naver_kin,https://kin.naver.com/qna/detail.naver?dirId=80501&docId=495166070&answerNo=1,640ae62699442aab,강아지 근육경련?,9살 말틴데 미용한지 3일 됐거든요 근데 오늘 갑자기 영상처럼 몸을 떠는데 시골댁에 내려와서 24시 병원이 없어서 내일 아침에나 갈 수 있을 거 같아서요 ㅠㅠ 혹시 어떻게 보이시나요? 병원은 아침 되자마자 갈거에요,2026-09-14,강아지 물 갈아주기,미상,,page,water,2026-09-28T11:34:48
naver_kin,https://kin.naver.com/qna/detail.naver?dirId=80511&docId=495056113&answerNo=1,929bdd7b020033bb,강아지 가 곁을 떠났어요,동물병원 응급실에서 세상을 떠났는데 심장병 폐부종이여서 흥분하면 안된다해서 면회도 저만 멀리서 지켜보고 회복방해될까봐 면회도 안하고 밖에서 대기중이였는데 결국 악화돼서 의사선생님이 이제 마지막 순간이라고해서 진료실로 갔는데 제가 앞으로 왔는데도 저를 쳐다보지도 못하고 쓰려져있더라고요 의사선생님이 청진기 강아지 가슴에 대고 확인하시고 심장은 약하지만 아직은 뛰고 있다고 하셨고 제가 만지니까 발작인지 뭐인지 신음내면서 움찔거린 상태였는데 뇌사상태까지 아닌 이상 저를 알아보지 못하고 쳐다보지 못했다고해서 제가 곁에 있다는건 알 수 있었던 상태였을까요? 희망찬 소리말고 사실을 알려주셨으면 합니다 부디 죽기전에 자기 혼자만 낯선곳에서 쓸쓸히 죽는다고 생각하지 않았으면 하네요 이럴줄 알았으면 면회라도 그냥 가는건데..,2026-09-06,강아지 물 갈아주기,미상,,page,water,2026-09-28T11:34:48
naver_kin,https://kin.naver.com/qna/detail.naver?dirId=8050105&docId=494976637&answerNo=1,c5b05fc4dd762278,"도와주세요 간절합니다, 강아지 에 대해 잘 아시는 분?","(긴글 주의) 안녕하세요. 13살 말티즈 여아 키우고있는 견주입니다. 1년전에 쿠싱증후군 진단받아 매일 약을 복용중에 있습니다. 노견이지만 활동성도 많고, 식사, 식탐, 배변 모든것이 건강했습니다. (3일전 상황입니다) 아침마다 쿠싱증후군 약을 먹이기때문에 그날도 어김없이 아침밥에 약을 섞여서 먹였고, 쉬 2번에 응가 1번 컨디션 좋았습니다. 점심쯤 간식으로 고구마 말랭이 하나 줬구요. 근데 30분 뒤부터 구토를 하기 시작했어요. 처음 2번은 토에 말랭이가 섞여서 나오길래 소화가 안됐구나 라고 생각했는데 그 이후로 거의 10번의 하얀 거품토를 했어요. 다음날 아침 되자마자 병원에 데려가서 혈액검사를 했는데, 간수치가 너무 안좋았고 담낭점액종 진단받았습니다. 이럴경우 담낭제거수술을 해야하는데 너무 노견이고 수술을 견디지못할거라고 하셨고, 오늘 내일이 고비이니 마음의 준비를 하라고 하시더군요. 간보호제, 구토억제제 주사 2방 맞고, 가루약 3일치 처방받아서 집에 왔어요. 4시간정도 지나서 밥을 줬는데 먹지않고 움직임도 없어지고 눈도 반쯤 감고있었어요.. 평소에 닭가슴살을 잘 먹어서 혹시몰라 잘게 찢어서 줬더니 먹더라구요..! 그렇게 조금 먹이고 저녁에 가루약 딸기잼에 섞여 먹였습니다. 감사하게도 새벽과 아침 전부 잘 버텨주었고, 오늘 아침에 북어를 믹서기에 갈아서 스프처럼 먹였습니다. 스스로 물도 먹더라구요. 더이상의 구토도 없었습니다. 혹시몰라 오늘 저녁에 병원다녀왔고 간보호제 주사 한번 더 맞았습니다. 혈액검사는 2주뒤에 하는게 좋을것같다고 하셔서 약만 추가처방받고 귀가했습니다. 지금 상태는 스스로 밥먹는건 아니지만 애기숟가락으로 먹이면 잘 받아먹구요. 물은 스스로 먹고. 배변도 원활합니다. 눈도 나름 똘망해졌어요. 근데 병원에서는 긍정적인 말씀을 하나도 안하시더라구요.. 이런경우는 처음이고 모든게 다 혼란스럽고 이러다 무지개다리를 건너는 게 아닐까.. 약이라도 매일 먹이면 사는데 지장없다는 얘기라도 듣고싶은데.. 정말 뭐가 맞는건지 모르겠어서 미치겠어요.. 비슷한 경험이나 아시는 견주분들 뭐라도 알고계시면 알려주세요.. 하늘나라 가기전에 마지막으로 아이가 힘내고있는건지 아니면 호전이라도 기대해도 되는지.. 댓글 부탁드립니다... (담낭의 크기가 너무 커져서 터질수도 있다고 하셔서 보호제를 주사로 맞는 상태입니다..)",2026-08-31,강아지 물 갈아주기,미상,,page,water,2026-09-28T11:34:48
naver_kin,https://kin.naver.com/qna/detail.naver?dirId=80511&docId=494908371&answerNo=1,72265f00106c7f27,강아지 물 모기약,방애 모기약 뿌리고 강아지 원래 물 버리고 한 1분정도 뒤에 물 바꿔 넣어줬는데 모기약 입자 들어갔을까봐 걱정됩니다.. 증상있으면 병원가면 될지 알려주세요,2026-08-26,강아지 물 갈아주기,미상,,page,water,2026-09-28T11:34:48
naver_kin,https://kin.naver.com/qna/detail.naver?dirId=80501&docId=494879523&answerNo=6,decf4e9482654fec,강아지 를 학대해도 가만히 있어야 할까요?,"남자친구를 통해 알게된 강아지 입니다. 남자친구의 친구라는 지민구라는 사람은 강아지에게 밥도 안주고 씻기지도 않고 방을 깨끗하게 치우지도 않습니다. 그래서 몇번이나 이야기를 해도 본인이 알아서 하겠다고 하고는 오히려 방치를 합니다. 말로는 강아지(미키)가 우선이라고 하면서도 편의점에 있는 후랑크 사서 데우지도 않고 하루에 한 두조각만 주고는 저에게 자랑을 하고, 미키를 방에만 두고 산책을 안 시킵니다. 심지어 창문도 다 막아놓고 환기도 안시켜서 방에 냄새나고 배변시트도 일주일에 한번 갈아서 오줌도 곳곳에 찌들어 있어요. 이것을 더이상 방관하고 싶지않아서 올려요. 이것은 강아지를 위한 것이 아니라고 생각합니다. 어떻게 강아지를 좋은 환경에서 살게 할 방법이 없을까요?",2026-08-25,강아지 물 갈아주기,미상,,page,water,2026-09-28T11:34:48
naver_kin,https://kin.naver.com/qna/detail.naver?dirId=8050105&docId=495320487&answerNo=1,60d8ea1ef784cc78,할머니댁에서 키우는 강아지 영양제,안녕하세요! 시골에 강아지 한 마리를 키우는데 영양제를 먹이고 싶은데 추천 부탁드립니다! 시골에 집 지키는 마당견으로 키우는 강아지입니다!,2026-09-27,강아지 밥 챙기기,미상,,page,explore,2026-09-28T13:44:03
naver_kin,https://kin.naver.com/qna/detail.naver?dirId=80511&docId=495160750&answerNo=1,fd43bf66adbb5428,강아지 가 자꾸 돌아다녀요,오늘 아침까진 괜찮았는데 점심 지나고부터 갑자기 한시도 가만히 안 잇고 집 안을 돌아다녀요 아침에 산책도 갓다왓고 사료랑 물도 챙겨줫는데 안 먹고요 제가 앉아잇으면 옆에 원래 가만히 앉는데 자꾸 제 주위 빙글 빙글 돌고 저한테 막 말하는듯 손짓하면서 재촉하는데 그래서 산책이 부족햇나 싶어서 아까 한번 더 갓다왓는데도 달라지는게 없어요. 어디 아픈 증상일까요? 답답합니다.,2026-09-14,강아지 밥 챙기기,미상,,page,explore,2026-09-28T13:44:03
naver_kin,https://kin.naver.com/qna/detail.naver?dirId=8050103&docId=495256054&answerNo=1,728d5858191ea9bc,푸들이 샐러드랩을 먹었어요,푸들 3살 여자 강아지가 치킨텐더 샐러드랩 먹었어요 그리고 소스는 핫소스 인데 애가 먹어서 혼냈더니 삐졌는지 아니면 아파서 그런거지 계속 만지면 으르렁 대요... 24시간 병원 가야할까요? 근데 애가 예전에도 빵 먹은적 있는데 그때 병원 갔는데 멀쩡했어요,2026-09-21,강아지 사료 고민,미상,,page,explore,2026-09-28T13:44:08
naver_kin,https://kin.naver.com/qna/detail.naver?dirId=80511&docId=495253139&answerNo=2,827047f69715f3a1,포메 8살 켁켁거리는 기침,"켁켁거리면서 기침을 계속 해서 병원가서 엑스레이 찍고, 기관지협착증 2~3기라 해서, 기관지확장제,기침억제약 받아와서 어제저녁,오늘 아침 먹였는데, 약을 먹어도 기침을 계속하고, 평상시에 비해 기운없어보이고 하는데, 병원다시 가봐야할까요? 19일 토요일 오후에 쓰레기통 있던 닭뼈나 닭뼈에 붙은 살을 먹은거 같긴한데, 어제 저녁때 어제 먹은것들 토도 하긴 했어서, 켁켁거리는 기침 하는게 이것때문인건지 아니면 기관지협착증 때문이여서 계속 지켜봐야할지 고민되서요",2026-09-21,강아지 사료 고민,미상,,page,explore,2026-09-28T13:44:08
naver_kin,https://kin.naver.com/qna/detail.naver?dirId=80501&docId=495048534&answerNo=1,8b495e0b34aa8bfe,3개월 강아지 양육시 준비물이 궁금합니다,"안녕하세요 3개월 강아지 (26.06.28) 암컷 포메 입양 계획이 있는데요 아기 강아지 키우는 것 처음 이라서 아래 사항이 궁금합니다. 원룸에 살고 있고, 오전 9시 출근 이니깐 8시쯤 집 나가고, 저녁 6시 퇴근 이니깐 7시쯤 집에 들어옵니다. 그 사이 cctv 설치 해서 아기 강아지 잘 지내는지 보려고 합니다. 주말에는 강아지와 시간을 보내려고 합니다. (1) 울타리, 기본적인 그릇 , 쿠션, 패드 등등 필요한걸로 아는데, 울타리 안에 자신만의 집이라고 인식할수 있는 강아지 집 이나 켄넬 같은게 추가로 필요할까요? 아니면 그냥 울타리안에만 두면 될까요? 밑에 패드 깔고. (2) 강아지를 애견 유치원 이나 호텔 등 자제 하고, 산책 시기가 오면 매일 산책 위주로 다른 강아지들과 공원 같은데서든 사회화할수 있도록 계획 중인데(유치원 보내면 비용이 많이 들어서 ) 아기 강아지는 산책을 몇주 부터 할수 있나요? 5차 접종 다하고 하면 되나요? (3) 아기 강아지가 울타리 같은데 두면 배설물을 먹을 수 있다는 글을 본것 같은데 배설물 안 먹을수 있게할수 있는 방법 있나요? (4) 아기 강아지 성격 견종 마다 달라서 집에서 키우면 짖는 강아지도 있고 짖지 않는 강아지도 있을 것 같은데, 펫샵에서 봤을 때는 전혀 짖지 않고, 순해 보이기만 했습니다. 하지만 집에 데려오면 상황이 어떻게 될지 몰라서 강아지가 처음부터 아기(3개월) 부터 실내에서는 짖지 않도록 훈련할수 있는 방법이 있나요? (5) 그 외 3개월 강아지에게 필요한 필수 용품, 필수 교육 사항, 산책 방법 등등 그 외 알아야 할 정보 알려주면 감사하겠습니다.",2026-09-06,강아지 혼자 두고 출근,미상,,page,explore,2026-09-28T13:44:13
naver_kin,https://kin.naver.com/qna/detail.naver?dirId=8050104&docId=493948040&answerNo=10,5f21a3740e2fe315,강아지 분리불안,유기견 입양한 지 3달 정도 되었고 4살 미디엄 푸들입니다 산책은 하루 한번 30분정도 합니다 저희부부는 같은 시간에 나가고 같은 시간에 들어옵니다 나가기전에 노즈워크와 장난감 깔아두고 나오고 그때도 터치나 이름 부르는 일도 거의 없고요 전에는 노즈워크 깔아도 먹거나 문여는 소리 들려도 신경안쓰거나 잠깐 보다가 다시 노즈워크했고 제가 화장실 가거나 어디 움직이면 따라다니거나 따라왔다가도 다른 곳 갔습니다 그리고 강아지가 더워하거나 귀찮아할땐 따라오진 않고 고개나 눈은 저를 향해 있긴 했습니다 그런데!!!!! 며칠 전부터 나갈때마다 노즈워크는 신경안쓰고 짖습니다 중문이 없어 현관쪽에 안전문을 해두는데 뛰어넘어서 나옵니다 저희있을때는 대소변 잘가리는데 나갔다오면 대소변 실수도 있습니다 다행히 가구나 장판 벽지 뜯는건 처음부터 없었습니다 산책이 부족한 탓일까요? 켄넬훈련이 아직 안되어있는데 그것 때문일까요?? 하울링은 아니고 짧게 짖는다라고 표현하는게 맞는거같습니다 밥은 2번 주고 저녁은 식기에 주고 아침은 노즈워크로 줍니다 어제부터 침대쇼파에 못올라오게하고 터치도 안했습니다 보통 출근준비 후 노즈워크 해두고 바로 나오는데 패턴별로 불안스위치가 켜진다길래 노즈워크 해두고도 쇼파에 좀 앉아있다가 출근했는데도 짖었습니다 눈치보고 꼬리 내려가 있는걸보고 너무 짠해서 만지고 싶은걸 참았습니다 어떤 방법으로 어떻게 해야할지 막막합니다,2026-06-19,강아지 혼자 두고 출근,미상,,page,explore,2026-09-28T13:44:13
naver_kin,https://kin.naver.com/qna/detail.naver?dirId=8050103&docId=495162308&answerNo=2,1eea9103b2efe438,강아지 밥투정 어떻게 하면 좋을까요 ㅠ,강아지가 밥투정이 심해서 하루에 한끼도 아예 안 먹고 그 다음날도 안 먹는 날이 많아요 ㅠ 평소엔 간식이라도 주면서 공복토하지 말라고 했는데 아예 간식을 주지 말라고 하셔서... 정말 아무것도 안 먹이고 물만 먹이고 있어요 기존에 샀던 사료샘플이나 이런거 먹여봐도 안 먹고 새로운 사료 사보긴 했는데... 아직 배송이 안와서 먹을련지 모르겠네요 ㅠ 보통 다들 강아지 밥투정 어떻게 해결 보시나요?,2026-09-14,강아지 편식,미상,,page,explore,2026-09-28T13:44:22
naver_kin,https://kin.naver.com/qna/detail.naver?dirId=8050103&docId=495139936&answerNo=3,18e3c39586470ff5,강아지 화식,강아지가 노령견에 신부전앓고있어서 밥을그냥안먹는데 매끼니마다 화식조금섞여서 줘도되나요?,2026-09-12,강아지 편식,화식,,page,explore,2026-09-28T13:44:22
naver_kin,https://kin.naver.com/qna/detail.naver?dirId=8050103&docId=495299604&answerNo=5,0e9dcc6a5d5842ea,2개월 강아지 사료 안씹음,2개월 강아지이고 이제 건사료로 바꾸려고 물에 5분만 불려서 주는데 자꾸 사료를 안씹고 다 삼켜버려요 어떻게해야하나요?,2026-09-25,강아지 사료 바꾸기,건사료,,page,explore,2026-09-28T13:44:43
naver_kin,https://kin.naver.com/qna/detail.naver?dirId=80508&docId=495308126&answerNo=1,7e9853c6eac8787a,펫로스 증후군,"걔가 떠난 지도 4년이 넘었고 그 지나온 시간들 동안 이리저리 헤매여도 보면서 여러 식물도 키워보고 여행도 다녀보고 글도, 그림도 끄적여 봤지만 아직도 저는 그 시간에 남아 있나 봐요 지금은 다른 반려동물을 키우고 있기도 하고, 지나온 시간들 동안 배은망덕 하게도 저는 그 애가 살던 어항에 다른 물고기들도 많이 키워왔는데 저는 이제 괜찮다고 생각했는데 그게 아니었나 봐요 그때 그 공허함은 다 털어버렸다고, 그렇게 생각했는데 분명 그 감정들은 잊었다고 생각했는데 아닌가봐요 아직도 그 때에 얽매여 있나봐요 감정을 잊어보려고 할수록, 생각하지 않으려고 할수록 더 떠올랐고 이제는 기억이 자꾸 흐릿해져서 떠올리려고 애써야 겨우 떠오르고 그 감정조차도 잃고 싶지 않아서 종종 떠올리는데 음… 힘드네요 다 그대론데, 그 어항도 자갈도 먹던 사료도 그대로인데 분명 바뀐 건 하나도 없는데 집에 있어야 할 가장 소중한 게 없어요 저는 그대로 그때 그 자리에 서서 기다리고 있는데 저를 반기면서 헤엄쳐 나와야 할 애가 안 보여요 처음이라 정말 실수도 많이 했고 잘못도 많이 했지만 조금 더 같이 있어줬으면 안 되었을까 하는 멍청한 생각도 들고요 단 한 번만이라도 보고 싶은데 그러려면 100년은 더 기다려야겠네요 이름만 불러봐도, 떠올려보기라도 해보면 저도 몰랐는데 그냥 눈물이 흘러요 아직도요 오늘은 어쩌다가 잠깐 배경화면을 키우고 있는 강아지로 바꿨는데 너무 죄책감 들고 제가 배신자 같아요 제가 잊어버리기라도 하면 그 애는 완전히 잊혀져 버리는 거잖아요 제가 잊으면 걔는 없는 애가 되어버리는 거잖아요 이젠 세상이 없긴 하지만 아예 존재한적도 없는 애로 만들어버리고 싶지 않아요 망각하는 게 너무 무서워요",2026-09-26,강아지 사료 바꾸기,미상,,page,explore,2026-09-28T13:44:43
naver_kin,https://kin.naver.com/qna/detail.naver?dirId=80501&docId=495315585&answerNo=3,6eee594fdf206896,진돗개가 주인을 물어요,저희 가족이 완전 애기때 부터 4년동안 마당에서 키우고 있는 남자 진돗개가 있는데요 원래 진짜 성격 좋고 입질도 없고 활발했는데 1년 전? 부터 간식이나 밥 먹고있는데 주변에 손을 뻗으면 물려고 개무섭게 으르렁 거리거나 아니면 살짝 물거나…를 하더니(아니근데절대뺏으려고손을댄게아니라뭐좀치워주거나먹으면안될걸먹을때그런거에요)몇 개월 전 부터는 무슨 진짜 갑자기 진짜 갑자기!!!!아무것도 안했는데 지 혼자 집에 들어가서는 야리면서 모르는 사람 보는 것 마냥 으르렁 거리고;;; 그 때 마다 만지면 물 것 같아서 아무것도 안하고 왜그러냐면서 교감을 해보려햇지만 실패하고 근데 또 몇십분 지나고 다시 가보면 원래대로 괜찮아지고;;;; 그런 일이 은근 잦앗어요ㅠㅠ 어쨋든 이 때 부터 공격성을 좀 보이더니 오늘 아빠가 개를 마당에 풀어놧는데 대문 밑 구멍으로 나가려고 해서 못 나가게 허리 잡고 진짜 살살 뱃살 때리듯이 진돌아 나가면 어떡해~! 하면서 뭔 말인지 아시죠 어쨌든 그렇게 때렷는데 갑자기 제 팔에 구멍 뚫려서 피가 철철 날 만큼 쎄게 물었어요…. 진짜 아무리 그래도 진돗개가ㅠ주인 팔이 구멍나게 물 수가 있나요….????아니 어떡하죠 이제 무서워서 만지지도 못하겠어요… 너무 묶여있어서 그런걸까요? 어떻게 교육시켜야하죠?ㅠㅠㅠㅠㅠㅠㅠㅠㅠ,2026-09-27,강아지 밥,미상,,page,explore,2026-09-28T13:46:00
naver_kin,https://kin.naver.com/qna/detail.naver?dirId=80511&docId=489802297&answerNo=4,81a26bf58c32ca43,강아지 혈뇨 설사,강아지가 갑자기 진한 혈뇨를 눴어요 ㅠㅠ.. 낑낑거리거나 아픈기색은 없고 밥도 잘먹고 잘뛰어다니구요. 한시간 전쯤부터 갑자기 그러네요 평소에 설사끼가 좀 있는데 계속은 아니고 가끔씩 묽은변을 눠서 그냥 장이 좀 약한가보다 했는데 무슨 문제가 있는걸까요?,2025-10-27,강아지 밥,미상,,page,explore,2026-09-28T13:46:00
naver_kin,https://kin.naver.com/qna/detail.naver?dirId=8050105&docId=495315961&answerNo=2,6ccceaed8962b5f1,강아지 켁켁거림,저희 강아지는 포메라니안이고 5살이예요 저희 가족 모두 자고있었는데 갑자기 강아지가 크게 켁켁되면서 막 난리치길래 바로 봤더니 막 입에 있는 걸 뺄려고 애쓰는 것 같았어요 몇 분 지나니까 켁켁되는 건 줄었는데 가끔 계속 입맛 다시거나 쩝쩝 되면서 좀 작게 큭큭 이러고요 이제 막 간식 소리나면 달려오고 그러긴한데 가끔씩 작게 큭큭 대는 소리가 들려요 뭘까요?ㅠㅠ 가족이 자는 사이에 뭐 이상한 걸 먹고 그러는 것 같은데 밤이라서 병원도 못 가고 이제 좀 괜찮은데 병원 안 가고 나둬도 될까요?ㅠㅠ 그리고 무슨 증상일까요ㅠ 두번째가 켁켁거리는 직후엿고 첫번째동영상이 좀 몇번 지나고 괜찮아졌을 때쯤 가뿐 숨소리?그런 증상보였을때얐어요 지금은 더 나아졌지만 뭘까요,2026-09-27,강아지 밥,미상,,page,explore,2026-09-28T13:46:00
naver_kin,https://kin.naver.com/qna/detail.naver?dirId=8050104&docId=495316628&answerNo=2,d18bd90b6735788e,강아지 가 집착해요..,강아지가 원래는 엄마랑 아빠만 좋아했는데 갑자기 하루아침에 절 너무 좋아하는 거에요.. 막 보면 자꾸 앵기고 무릎위에 누우려고 하고 얼굴 핥으려고 하고 너무 귀엽고 좋은데... 처음엔 괜찮았는데 한 2일 지나서부터 얼굴이 너무 가려운 거 있죠ㅜㅠㅠ 먼지알레르기처럼 자꾸 긁게돼요.. 좀 떨어지고 싶은데 어떡하죠? 막 제가 화장실이라도 가면 나올때까지 화장실 앞에서 기다려요....... 방 문을 닫아버리잖이 계속 문 앞에서 기다려서 너무 안쓰럽고.. 방으로 들어오자니 간지럽고 막 그래서 어떡해야할까요ㅜㅠㅜㅡ,2026-09-27,강아지 밥,미상,,page,explore,2026-09-28T13:46:00
naver_kin,https://kin.naver.com/qna/detail.naver?dirId=80501&docId=495315585&answerNo=2,819aea10c3f70a2a,진돗개가 주인을 물어요,저희 가족이 완전 애기때 부터 4년동안 마당에서 키우고 있는 남자 진돗개가 있는데요 원래 진짜 성격 좋고 입질도 없고 활발했는데 1년 전? 부터 간식이나 밥 먹고있는데 주변에 손을 뻗으면 물려고 개무섭게 으르렁 거리거나 아니면 살짝 물거나…를 하더니(아니근데절대뺏으려고손을댄게아니라뭐좀치워주거나먹으면안될걸먹을때그런거에요)몇 개월 전 부터는 무슨 진짜 갑자기 진짜 갑자기!!!!아무것도 안했는데 지 혼자 집에 들어가서는 야리면서 모르는 사람 보는 것 마냥 으르렁 거리고;;; 그 때 마다 만지면 물 것 같아서 아무것도 안하고 왜그러냐면서 교감을 해보려햇지만 실패하고 근데 또 몇십분 지나고 다시 가보면 원래대로 괜찮아지고;;;; 그런 일이 은근 잦앗어요ㅠㅠ 어쨋든 이 때 부터 공격성을 좀 보이더니 오늘 아빠가 개를 마당에 풀어놧는데 대문 밑 구멍으로 나가려고 해서 못 나가게 허리 잡고 진짜 살살 뱃살 때리듯이 진돌아 나가면 어떡해~! 하면서 뭔 말인지 아시죠 어쨌든 그렇게 때렷는데 갑자기 제 팔에 구멍 뚫려서 피가 철철 날 만큼 쎄게 물었어요…. 진짜 아무리 그래도 진돗개가ㅠ주인 팔이 구멍나게 물 수가 있나요….????아니 어떡하죠 이제 무서워서 만지지도 못하겠어요… 너무 묶여있어서 그런걸까요? 어떻게 교육시켜야하죠?ㅠㅠㅠㅠㅠㅠㅠㅠㅠ,2026-09-27,강아지 밥,미상,,page,explore,2026-09-28T13:46:00
naver_kin,https://kin.naver.com/qna/detail.naver?dirId=80501&docId=495315585&answerNo=1,c2a862a4e493bc13,진돗개가 주인을 물어요,저희 가족이 완전 애기때 부터 4년동안 마당에서 키우고 있는 남자 진돗개가 있는데요 원래 진짜 성격 좋고 입질도 없고 활발했는데 1년 전? 부터 간식이나 밥 먹고있는데 주변에 손을 뻗으면 물려고 개무섭게 으르렁 거리거나 아니면 살짝 물거나…를 하더니(아니근데절대뺏으려고손을댄게아니라뭐좀치워주거나먹으면안될걸먹을때그런거에요)몇 개월 전 부터는 무슨 진짜 갑자기 진짜 갑자기!!!!아무것도 안했는데 지 혼자 집에 들어가서는 야리면서 모르는 사람 보는 것 마냥 으르렁 거리고;;; 그 때 마다 만지면 물 것 같아서 아무것도 안하고 왜그러냐면서 교감을 해보려햇지만 실패하고 근데 또 몇십분 지나고 다시 가보면 원래대로 괜찮아지고;;;; 그런 일이 은근 잦앗어요ㅠㅠ 어쨋든 이 때 부터 공격성을 좀 보이더니 오늘 아빠가 개를 마당에 풀어놧는데 대문 밑 구멍으로 나가려고 해서 못 나가게 허리 잡고 진짜 살살 뱃살 때리듯이 진돌아 나가면 어떡해~! 하면서 뭔 말인지 아시죠 어쨌든 그렇게 때렷는데 갑자기 제 팔에 구멍 뚫려서 피가 철철 날 만큼 쎄게 물었어요…. 진짜 아무리 그래도 진돗개가ㅠ주인 팔이 구멍나게 물 수가 있나요….????아니 어떡하죠 이제 무서워서 만지지도 못하겠어요… 너무 묶여있어서 그런걸까요? 어떻게 교육시켜야하죠?ㅠㅠㅠㅠㅠㅠㅠㅠㅠ,2026-09-27,강아지 밥,미상,,page,explore,2026-09-28T13:46:00
naver_kin,https://kin.naver.com/qna/detail.naver?dirId=80511&docId=495312885&answerNo=2,14bf120eeb9ed4a0,강아지 엉덩이에 실이 나왔어요,인형 실을 삼킨거같은데 엉덩이 닦아주려고 보니까 찌꺼지 같애서 떼주랴고 했더든요 근데 그대로 쮹 뽑혀나오더라고요;; 실이였어요 길진 않았고 애기도 반응 없고 피도 없고 지금까지 멀쩡히 밥먹고 놀아요 병원 안가봐도 될까요?,2026-09-26,강아지 밥,미상,,page,explore,2026-09-28T13:46:00
naver_kin,https://kin.naver.com/qna/detail.naver?dirId=8050105&docId=495294769&answerNo=1,2589eb1ada15ffb5,강아지 피멍,저희 강아지 꼬추밑에 어젠 파란색 멍? 같은게 있길래 에 뭐지 낼 되면 없어지겠지 했는데 오늘 다시 보니 빨갛게 피가고여있는거처럼 보여요 ㅠㅠㅠ! 아파하거나 핥진 않고 깨물지도 않아요 쉬야도 정상적으로 잘 하구요! 어디 부딪힐 위치도 아닌데ㅠㅠ 왜이럴까요….????,2026-09-26,강아지 밥,미상,,page,explore,2026-09-28T13:46:00
naver_kin,https://kin.naver.com/qna/detail.naver?dirId=8050105&docId=495312811&answerNo=3,b34b8a1cc875b9c3,강아지 가 조금만 건드려도 깽 거려요,제가 강아지 잘때 엉덩이 쪽 털을 간지럽혔는데 깽 거리고 제가 조금만 건드려도 깽 거리더라구요 원래는 안 그랬는데 특정부위가 아픈건가해도 아닌거 같고.. 잘때 건드려도 가만히 있는 아이에요 어디가 아픈건가 싶어도 어디가 아픈건지 모르겠고 어떡해야할까요.. ㅠㅠ,2026-09-26,강아지 밥,미상,,page,explore,2026-09-28T13:46:00
naver_kin,https://kin.naver.com/qna/detail.naver?dirId=80511&docId=495312885&answerNo=1,c0331be780796f36,강아지 엉덩이에 실이 나왔어요,인형 실을 삼킨거같은데 엉덩이 닦아주려고 보니까 찌꺼지 같애서 떼주랴고 했더든요 근데 그대로 쮹 뽑혀나오더라고요;; 실이였어요 길진 않았고 애기도 반응 없고 피도 없고 지금까지 멀쩡히 밥먹고 놀아요 병원 안가봐도 될까요?,2026-09-26,강아지 밥,미상,,page,explore,2026-09-28T13:46:00
naver_kin,https://kin.naver.com/qna/detail.naver?dirId=8050103&docId=495297823&answerNo=3,65613a5f43f3cfeb,강아지 화식 양,강아지가 하루에 77g 3끼나눠서 먹고있는데 건식75:화식25 로 비율 나누면 각 몇g씩 주면 되나요?,2026-09-25,강아지 사료,화식,,page,explore,2026-09-28T13:47:17
naver_kin,https://kin.naver.com/qna/detail.naver?dirId=31505&docId=494927891&answerNo=6,c117e034abc47334,꿈해몽 및 태몽,"지피티에 보냈던거라 짧은말 미리 죄송합니다ㅠㅠ 제가 꿈을 정말 많이 꾸고 태몽은 꼭 제가 꾸는데 이번 태몽은 너무 이상한 점이 많아서요... 반복되는 큰 숫자 또는 2에 맞춰진 숫자가 신기한데 부탁드립니다 ! 내친구 태몽 1.새끼고양이 9마리가 친구집에 들어와서 사료랑 간식 사먹임 2.손바닥에 새끼고양이가 있었음 내태몽 1.호랑이가 쫓아왔는데 리트리버만한 하얗고 순하고 너무 이쁜 강아지 암,수컷 한마리씩으로 변해서 나랑 남편을 쳐다봄 2. 8마리 정도 되는 하얀 알파카 또는 라마가 나랑 첫째를 중심으로 둥글게 우리를 감싸고 쳐다보고 있었음 3. 지네 두마리가 나를 쫓아오고 하수구 같은 곳에 수십마리 이상의 검은 지네들이 있었음 그 하수구에서 작은 물고기 5-6마리를 구해서 바닥에 작은 물웅덩이에 넣어둠 4.양식장 같은 곳에서 엄청난 (수천마리 이상의) 검은색의 매끈매끈한 돌고래(랑은 조금 다르지만 고래류로 보여졌음) 엄청엄청 큰 2마리를 잡았음 새끼들도 잡혀서 풀어줌 그리고 친구가 고래들이랑 얘기도하고 춤도 춤 5.진흙(뻘 같은 곳)에서 엄청 난 조개들 (크고 작은)이 있는 꿈 근데 조개도 진흙투성이였고 큰 뿔소라 같은 것도 있고 자잘한 조개도 있었음 큰뿔소라는 내가 손으로 잡았고, 도구 같은걸로 뻘에서 밀었는데 엄청난 조개들이 우르르 밀려도 나옴",2026-08-28,강아지 사료,미상,,page,explore,2026-09-28T13:47:17
naver_kin,https://kin.naver.com/qna/detail.naver?dirId=8050103&docId=495320130&answerNo=1,ac05b0c47d7ccceb,새끼 말티푸 냄새,얼마전에 2개월된 말티푸를 데리고 왔는데 냄새가 엄청 나요ㅠㅠ 말로 듣던 꼬순내?라기 보단 찌린내랑 사료 냄새? 가 엄청 심하게 나요ㅠ.. 원래 새끼 강아지 데리고 오면 냄새가 심한가요? 좀 크면 냄새가 좀 잦아들까요?ㅠ,2026-09-27,강아지 사료,미상,,page,explore,2026-09-28T13:47:17
naver_kin,https://kin.naver.com/qna/detail.naver?dirId=80511&docId=495312550&answerNo=3,aa370f850953cfb2,강아지 혹,강아지 옆구리에 처음엔 덩어리 같은 게 하나 만져지더라구요 찾아보니 지방종이라길래 악성은 아니라고 해서 우선은 두었는데요ㅠ 점점 늘어나는 것 같더니 이제 옆구리에 덩어리처럼 뭐가 더 만져지네요ㅠ 악성일까요?ᩚ 지방종이 번지기도 하나요?ㅠㅠ 7살 스피츠 입니다 비만견이에여! 다이어트 사료를 줘보기도 하고 하는데 평소 먹을 걸 좋아하는 애다 보니까 자꾸 마음이 약해져서 간식을 주게 돼요 아 또 요즘 으르르ㅡ 지 혼자 그럴때가 있는데 몸에 있는 혹이랑 관련이 있을까요?,2026-09-26,강아지 사료,미상,,page,explore,2026-09-28T13:47:17
naver_kin,https://kin.naver.com/qna/detail.naver?dirId=8050105&docId=495315383&answerNo=2,69fba61945ab1843,강아지 소형견 계란 하루 급여량 어느정도인지 궁금해요~,하루 2개정도 괜찮나요? 너무 많은거같기도하고 알려주세요,2026-09-26,강아지 사료,미상,,page,explore,2026-09-28T13:47:17
naver_kin,https://kin.naver.com/qna/detail.naver?dirId=80511&docId=495312550&answerNo=2,f09b09a0038f767f,강아지 혹,강아지 옆구리에 처음엔 덩어리 같은 게 하나 만져지더라구요 찾아보니 지방종이라길래 악성은 아니라고 해서 우선은 두었는데요ㅠ 점점 늘어나는 것 같더니 이제 옆구리에 덩어리처럼 뭐가 더 만져지네요ㅠ 악성일까요?ᩚ 지방종이 번지기도 하나요?ㅠㅠ 7살 스피츠 입니다 비만견이에여! 다이어트 사료를 줘보기도 하고 하는데 평소 먹을 걸 좋아하는 애다 보니까 자꾸 마음이 약해져서 간식을 주게 돼요 아 또 요즘 으르르ㅡ 지 혼자 그럴때가 있는데 몸에 있는 혹이랑 관련이 있을까요?,2026-09-26,강아지 사료,미상,,page,explore,2026-09-28T13:47:17
naver_kin,https://kin.naver.com/qna/detail.naver?dirId=80511&docId=495312550&answerNo=1,4a45b153da0f389c,강아지 혹,강아지 옆구리에 처음엔 덩어리 같은 게 하나 만져지더라구요 찾아보니 지방종이라길래 악성은 아니라고 해서 우선은 두었는데요ㅠ 점점 늘어나는 것 같더니 이제 옆구리에 덩어리처럼 뭐가 더 만져지네요ㅠ 악성일까요?ᩚ 지방종이 번지기도 하나요?ㅠㅠ 7살 스피츠 입니다 비만견이에여! 다이어트 사료를 줘보기도 하고 하는데 평소 먹을 걸 좋아하는 애다 보니까 자꾸 마음이 약해져서 간식을 주게 돼요 아 또 요즘 으르르ㅡ 지 혼자 그럴때가 있는데 몸에 있는 혹이랑 관련이 있을까요?,2026-09-26,강아지 사료,미상,,page,explore,2026-09-28T13:47:17
naver_kin,https://kin.naver.com/qna/detail.naver?dirId=8050103&docId=495310064&answerNo=1,9a311d6c7853f6fb,로얄캐닌 사료 밥이보약 사료,5살 강아지인데 둘중 뭐가 괜찮을까요? 알레르기때문인지 모르겠는데 눈물도 좀 흘리고 아니면 저거 둘 말고 추천해주실 가성비사료 있을까요?,2026-09-26,강아지 사료,건사료,,page,explore,2026-09-28T13:47:17
naver_kin,https://kin.naver.com/qna/detail.naver?dirId=7010105&docId=495309401&answerNo=0,5ae7016d3be4a616,연휴.. 강아지 임시식단 ㅠㅜ 급함,"⸻ 단백뇨 검사 중인 강아지, 사료가 떨어져 임시 화식 중인데 식단을 어떻게 해야 할까요? 6.5kg 믹스견이고, 지금까지 특별한 질병 없이 지내다가 최근 방광염이 의심되어 소변검사를 받았습니다. 첫 번째 소변검사에서 UPC 3.06, 두 번째 검사에서 UPC 5.54가 나왔습니다. 다만 두 번째 소변은 여러 번 채취하는 과정에서 오염 가능성이 있다고 병원에서 설명받았습니다. 혈뇨 수치는 첫 검사보다 두 번째 검사에서 크게 감소했습니다. 현재 병원을 옮겨 약 1주일 후 혈액검사와 소변검사 등 건강검진을 받을 예정입니다. 아직 신장질환으로 확진된 상태는 아니며, 그동안 먹이던 사료가 떨어져 추석 연휴 동안 임시로 집에서 화식을 해주고 있습니다. 현재 체중은 6.5kg이고, 하루 약 285kcal 정도를 기준으로 생각하고 있습니다. 어제 하루 급여량은 * 흰쌀밥 120g * 채소(애호박/단호박) 40g * 삶은 닭가슴살 40g 정도였는데, 오늘부터 변이 묽어졌습니다. 현재 상황에서 궁금한 점은: 1. 단백뇨가 확인된 상태에서 어떤 식단으로 임시 급여하는 것이 좋을까요? 2. 닭가슴살·밥·채소의 비율을 어떻게 조절하는 게 좋을까요? 3. 현재처럼 묽은 변이 나온다면 닭고기나 채소 양을 줄이는 게 좋을까요? 4. 신장질환이 아직 확진되지 않은 상태에서 단백질을 제한해야 할까요? 5. 사료를 구할 수 있을 때까지 일주일 정도 임시 화식을 해도 괜찮을까요? 6. 혹시 현재 상황에서 피해야 하는 음식이나 간식이 있을까요? 검진 결과가 나올 때까지 신장 처방식으로 임의 변경해야 하는지도 궁금합니다.",2026-09-26,강아지 사료,화식,,page,explore,2026-09-28T13:47:17
naver_kin,https://kin.naver.com/qna/detail.naver?dirId=8050103&docId=495305771&answerNo=2,6c03f90a1951f125,혹시 이 동물 뭐에요??,강아지가 막 흥분해서보니까 저렇게 작은 생명체가 빼꼼하고 쳐다봤어요!! 엄청 작았어요 생쥐만큼 ! 이 동물친구는 누구인가요???????,2026-09-25,강아지 사료,미상,,page,explore,2026-09-28T13:47:17
naver_kin,https://kin.naver.com/qna/detail.naver?dirId=80511&docId=495318811&answerNo=1,b38c68ab7ec04931,강아지 가 똥 싸면 똥꼬에 초록물??같은게 묻어나요,산책에서 식물 먹은건 절대 아니고요 .. 어느 순간부터 똥꼬에 똥싸면 초록 물?? 같은게 묻어있더라고요 연초록느낌.. 뭐때문일까요..??ㅠㅠ,2026-09-27,강아지 식단,미상,,page,explore,2026-09-28T13:47:49
naver_kin,https://kin.naver.com/qna/detail.naver?dirId=8050105&docId=495288078&answerNo=3,d93be49642901221,강아지 백내장 의심,저희 집 강아지 눈인데 백내장인가요? 눈이 조금 뿌옇게보여서.. 후레쉬터트리고 찍어서 그런건가 싶기도하고 긴가민가하네요 그리고 백내장 수술비용은 어느정도하나요?,2026-09-24,강아지 식단,미상,,page,explore,2026-09-28T13:47:49
naver_kin,https://kin.naver.com/qna/detail.naver?dirId=8050103&docId=495276924&answerNo=1,1148403c8dab9a3f,밀양보호소,얘네는 멀쩡한 강아지들 데려가서 왜 굳이 안락사 시켜서 죽게 만들고 돈 버는거임? 위선적인척 하는 싸패들,2026-09-23,강아지 식단,미상,,page,explore,2026-09-28T13:47:49
naver_kin,https://kin.naver.com/qna/detail.naver?dirId=8050105&docId=495261690&answerNo=1,f92f933ce55b142f,키우기 좋은 강아지,"부모님이 제가 인간관계로 너무 힘들어 해서 강아지를 키우게 해주시기로 했는데요 예전에 치와와 3마리 (단모,장모,중장모) 키웠었고 제가 태어나기 전부터 부모님과 함께 했던 아이들이라 지금은 별이 됐어요 지금은 고양이 3마리가 있어요! 고양이 3마리 다 온순하고 얌전해요 사람 좋아하고 애교도 많아용 다른 동물 봐도 경계는 있다만 공격 하진 않고요 아무래도 고양이들보단 강아지들이 애교가 많고 정이 많아서 저에게 조금이나마 힘이 될 거 같아 부모님이 생각 해 주신 거 같아요 동물 키울 여유는 충분히 있고 집도 넓은 편이고 예전에도 키웠었기에 왠만해선 강아지에 대해 잘 알고 있고 부모님이 제가 정말 잘 케어 하고 책임감 있게 외롭지 않게 해줄 수 있는 아이로 선택 하라 하셔서 신중하게 생각하고 있는데 털이 잘 안 빠지고 (가족 중 알레르기가 있다만 심하진 않음) 애교 많고 똑똑한 강아지 알려주세요! 소~중형견중에서요 이번 추석에 데려올 예정입니당",2026-09-22,강아지 식단,미상,,page,explore,2026-09-28T13:47:49
naver_kin,https://kin.naver.com/qna/detail.naver?dirId=8050103&docId=495211155&answerNo=5,53f46162f082f488,강아지 유산균 먹이는법,유산균이 분말형태인데 안먹어서 락토프리 우유에 타서 줘도 되나요? 설명서에는 물에 타서 줘도 된다고 하는데 물을 잘 안먹어서요 우유에 타서 줬는데 잘먹어서요.,2026-09-18,강아지 식단,미상,,page,explore,2026-09-28T13:47:49
naver_kin,https://kin.naver.com/qna/detail.naver?dirId=8050103&docId=495174578&answerNo=2,53f0be7432c5e4aa,"강아지 화식, 알러지사료","비숑 남 2살 6.8키로 강아지 키우고 있습니다 요새 화식에 관심이 생겨 찾아보고 있는데 하루 권장 칼로리, 필수 영양소등 신경써야 할 부분이 너무 많아서 그냥 사료 위에 토핑 식으로 화식을 조금씩 올려줄까 생각중이에요 요새 사료를 잘 안먹어서.. 근데 지금 사료를 로열캐닌 하이포알러제닉 먹이고 있어요 눈물 자국이 엄청 심했는데 저 사료 먹이니 눈물 자국이 옅어지더라고요 저 로열캐닌 하이포 알러제닉 사료에 닭가슴살,당근,브로콜리등 섞은 화식 토핑 올려주면 저 사료의 효과가 하나도 없겠죠?ㅠ 알러지 사료에 고기 토핑을 하니까?..... 좋은건 먹이고 싶은데 화식을 주식으로 하기엔 너무 어렵고... 사료는 잘 안먹고.. 어떻게 해야할까요? 로열캐닌 하이포 알러제닉 사료 위에 닭가슴살,당근,브로콜리,고구마 등 섞은 화식 재료 올려줘도 괜찮은지 여쭙고 싶습니다!",2026-09-15,강아지 식단,화식,,page,explore,2026-09-28T13:47:49
naver_kin,https://kin.naver.com/qna/detail.naver?dirId=50502&docId=495235020&answerNo=1,17dc6f68b2170d2a,강아지 가 양파를 먹었는데,"강아지가 나이가 있어 자꾸 지방종이 생겨 벌써 수술을 2번이나해서 사료양을 줄이고 닭가슴살이랑 야채를 섞어 줘야겠다싶어 닭가슴살을 사고 홈플러스에 볶음밥용냉동 야채를 사와서 고구마, 감자를 추가로 썰어 섞어 찜판에 충분히 찌고 밥에 4번 정도 섞여 먹었습니다. 근데 좀 찝찝해 찾아보니 양파를 절대 먹이면 안되더라구요 ㅜㅜ 지금 완전 심각해서 인터넷 뒤져보니 홈플 냉동볶음밥야채는 총 360그램이고 이중 양파가 30%더라구요 그럼 양파만 108그램인데 야채소분을 24회정도로 나눴으니 1회에 4.5그램정도 먹은거고 4회정도 줬으니 18그램정도 먹었어요 찾아보니 1kg당 15~30그램을 먹으면 문제가된다고 나오던데 울집강아지 8.5키로구요. 지금까지 토하거나 쉬나 똥도 괜찮구요. 무기력하지도 않고 괜찮은거 같은데 .. . 괜찮을까요?",2026-09-20,강아지 식단,미상,,page,explore,2026-09-28T13:47:49
naver_kin,https://kin.naver.com/qna/detail.naver?dirId=8050105&docId=495176401&answerNo=3,4a293bd42664d199,포메 눈물자국이 너무 심해요 ㅠㅠ,포메 눈물자국이 너무 심하네요ㅠㅠ 5살 포메 키우고 있는데 원래 눈물이 아예 없는 애는 아니었는데 요즘 포메 눈물자국이 유독 잘 보입니다ㅠㅠ 특히 자고 일어나면 눈 밑 털이 살짝 굳어 있고 닦아줘도 좀 지나면 또 젖고 착색되있습니다. 포메 눈물자국 때문에 눈 세정제도 써볼까 했는데 계속 닦는 것만 해도 되는 건지 모르겠습니다. 눈 영양제나 평소 관리 따로 해주시는 분들 있으면 어떻게 하고 계신지 알려주세요.,2026-09-15,강아지 식단,미상,,page,explore,2026-09-28T13:47:49
naver_kin,https://kin.naver.com/qna/detail.naver?dirId=8050103&docId=495140351&answerNo=7,f9d06a5209c1f3f2,강아지 돼지고기 먹여도 괜찮겠죠,저희집 강아지가 14살이라서 엄마아빠가 오늘 돼지고기 간 안한거 구워서 적당히 잘라서 줬거든요 평소에 매일 양배추나 상추를 먹어서 이제 노견이라고 이런거 먹여도 된다고 하는데 저도 물론 노견이니까 먹고싶은거 다 먹게 해주려고 하는데 막상 그러려니까 아플까봐 너무 불안해서 못주겠어요 지금은 14살 치고 건강한편이에요 돼지고기 간 안한거 구워서 먹여도 괜찮은거갰죠???ㅠㅠ,2026-09-12,강아지 식단,미상,,page,explore,2026-09-28T13:47:49
naver_kin,https://kin.naver.com/qna/detail.naver?dirId=8050105&docId=495139405&answerNo=4,afe0c3c691eda2ed,강아지 가 계속 재채기해요ㅠㅠㅠㅠㅠ,강아지가 며칠전부터 오리?소리 냈었는데 오늘 갑자기 재채기를 연속으로 계속해요 중간에 그 색색거리는 오리소리도냈다가 지금 20분가량 재채기를 안멈춰요.. 콧물은 심하게 안나고 그넝 재채기할때 조금 튀는정도? 색도 그냥 투명색이에요..병원가면 제대로 이유를 알수있을까요? 오늘 컨티션은 좋앟는데 갑자기 이래요,2026-09-12,강아지 식단,미상,,page,explore,2026-09-28T13:47:49
naver_kin,https://kin.naver.com/qna/detail.naver?dirId=51003&docId=495258736&answerNo=2,ec9fcbc4a494ae6f,반려동물 동반 일본여행,"안녕하세요  강아지랑 후쿠오카 여행 계획을 짜고있는데 지금 검역 후 127일 경과 됐어요 180일 이후 일정 짜려고 하는데 도움 주시면 감사하겠습니다! 1. 비행기는 그냥 트립닷컴이나 네이버항공권 구매 후 반려동물 동반탑승을 신청해야하는지 2. 반려동물 동반으로 갈 수 있는 장소 추천 (오호리 공원, 라라포트 등등) 3. 편의점은 데리고 들어갈 수 없다고 알고있는데 진짜인지 4. 육류가 아닌 간식들을 가지고 반입 할 때에도 신고를 해야하는지 5. 후쿠오카 외에 오사카나 도쿄 같은 곳 가는게 좋을지 알려주시면 감사하겠습니다. 나름대로 알아보고는 있는데 정말 확실한 정보인지 헷갈려서 위에 정보 외에 다른 알고계시는 정보 알려주시면 감사하겠습니다!",2026-09-25,강아지 식사,미상,,page,explore,2026-09-28T13:48:29
naver_kin,https://kin.naver.com/qna/detail.naver?dirId=8050101&docId=495309703&answerNo=2,a3c4dbe51e6f7fa2,강아지 정들었어요,본가에서 데려와 자취방에서 2달 정도 키웠는데 다시 본가에 데려가려니 쉽게 포기를 못하겠더라고요… 강아지가 있어서 생활패턴이 달라졌고 산책 시키고하니 몸도 건강해지고 다시 데려가는게 맞는건가요? 12월 말에 방 정리 합니다 제가 알바 하면 강아지는 집에 있는데 부모님도 일가면 강아지는 집에 오랜시간 혼자 있어서 고민입니다ㅠㅜ,2026-09-26,강아지 식사,미상,,page,explore,2026-09-28T13:48:29
naver_kin,https://kin.naver.com/qna/detail.naver?dirId=80511&docId=495305543&answerNo=1,8f1345e3acfce879,강아지 사료 안먹음,저희 강아지가 사료를 안먹어요. 심지어 노란토까지 했습니다.사료 봉지를 쳐다보길래 주면 막상 안먹고 또 사료말고 다른 음식은 그렇게 잘먹네요. 웬만하면 사료외에 음식은 주지 않습니다,2026-09-25,강아지 식사,미상,,page,explore,2026-09-28T13:48:29
naver_kin,https://kin.naver.com/qna/detail.naver?dirId=70305&docId=495300706&answerNo=1,c2226397d1f3b50a,우울증 치료 중인 분에게 반려동물이 도움이 될까요?(중랑구....,"(중랑구 50대 중반/여 우울증) 자주 만나고 친하게 지내는 언니가 한 분 있습니다. 50대 중반이고 혼자 지내세요. 평소 기분이 많이 가라앉아 있는 편이라 현재 병원에서 우울증 치료를 받고 있다고 들었습니다. 치료를 꾸준히 받고는 있지만, 제가 옆에서 보기에는 여전히 의욕이 별로 없고 혼자 있는 시간도 많은 것 같아 조금 걱정됩니다. 그러다 우연히 반려동물과 함께 지내는 것이 외로움이나 기분 전환에 도움이 될 수 있다는 이야기를 들었습니다. 강아지나 고양이를 키우면 규칙적으로 생활하게 되고 정서적으로도 도움이 된다는 얘기가 있던데 실제로 그런 효과가 있을까요? 반대로 우울한 상태에서는 반려동물을 돌보는 것이 오히려 부담이 될 수도 있을 것 같아서 고민됩니다. 우울증 치료를 받고 있는 사람이 반려동물을 키우는 것이 괜찮은지, 어떤 점을 먼저 생각해봐야 하는지 궁금합니다.",2026-09-25,강아지 식사,미상,,page,explore,2026-09-28T13:48:29
naver_kin,https://kin.naver.com/qna/detail.naver?dirId=80501&docId=495290218&answerNo=1,816888e3c47aff51,강아지 뾰루지 뭘까요,5살 된 포메인데 코 바로 밑에 뾰루지처럼 뭐가 났어요. 혹시 이게 뭘까요?,2026-09-24,강아지 식사,미상,,page,explore,2026-09-28T13:48:29
naver_kin,https://kin.naver.com/qna/detail.naver?dirId=80501&docId=495267355&answerNo=3,bd93122a05b20210,강아지 들은 하루에 평균 몇시간 자나요..? 시도때도 없이 자....,강아지들은 하루에 평균 몇시간 자나요..? 시도때도 없이 자요 그것도 코골면서.. 아침엔 사람이 없어서 심심해서 자는건줄알았는데 사람이있어도 자고 그러다가 저녁엔 활발해져서 산책 니가자고 문앞에있고 다른 강아지들도 그런가요? 너무 많이 자서 걱정되요,2026-09-22,강아지 식사,미상,,page,explore,2026-09-28T13:48:29
naver_kin,https://kin.naver.com/qna/detail.naver?dirId=8010502&docId=495276964&answerNo=2,dce07a99da58807c,반려견 갑자기 ㅠ 긴 글이지만 조언 부탁드립니다 ㅠ,"반려견이 10살인데, 동생은 어렸을 때부터 봐와서 그런지 귀찮게 굴어서 그런지 평소에 동생을 조금 만만하게 보는 편이에요 어렸을때 철창에 있던 친구라서 그런지 낯선사람은 원래 경계하구요ㅠ 어제일인데 분리수거를 나가려고 했을때까지만 해도 괜찮았습니다ㅠ 이미 2시간전에 나갔었던 산책 또 나가는줄 알고 좋아하더라구요..(원래 옷만 입으면 산책가는줄 알고 좋아해요…) 분리수거 끝내고 제 방 문 뒤에 누워있길래 쓰다듬었어요 근데 진짜 한번도 그런적 없는데 입술을 떨면서 으르렁 거리는거에요 너어무 당황스러워서 어떻게 해야할지 모르겠어서 걍 쓰읍 정도로 살짝 혼내고 침대로 와서 더이상 안건들였는데 아픈것 같은건 아닌것 같구 평소랑 디른점은 목욕을 했다는거? 그치만 과정 모두 평소랑 같았어요.. 어제 너무 피곤했나보다 하는데 오늘도 경계를 하네요 입술 낼름 거리고 딱 경계눈빛 아시나여.. 안이랬는데.. 엄마 무릎에 앉아있길래 걍 지나갔는데 뭔가 앓는듯한 으르렁 하네요.. 아니 너무 당황스럽고 어떻게 해야하나요 ㅠ 내일 다 같이 캠핑가는데 머 어뜨게.. 지금 어제랑 똑같이 문뒤에 누워있는데 너무 어색해요 하 원래 이런 성향이면 안건드리고 사는데 가족 모두가 착한강아지라고 바보같이 참냐고 했던 개라서.. 개가 뭐 으르렁 거릴 수도 있지 할 수도 있는데 10년동안 한번도 이런적 없어서.. 어제 으르렁만 있었으면 어제 지인짜 피곤했나보다 히는데 오늘도 이래서 얘가 왜이럴까요? 제가 어떻게 해야하나요?ㅠ",2026-09-23,강아지 식사,미상,,page,explore,2026-09-28T13:48:29
naver_kin,https://kin.naver.com/qna/detail.naver?dirId=8050104&docId=495245324&answerNo=3,273ec0a2e1a8405c,강아지 헥헥거림,본주인이 장기간 해외출장이 있어 저희 식구가 맡게 되었는데 저번에 봤을때부터 제 다리에 대고 마운팅 비슷한걸 하더니 이번에 더 심하게 그런 행동을 합니다. 불안해하는것 때문인지 모르겠으나 엄청 헥헥거려서 잘못될까 걱정도 되고요. 강아지를 안정시키기 위해선 어떻게 해야 하는갈까요?,2026-09-20,강아지 식사,미상,,page,explore,2026-09-28T13:48:29
naver_kin,https://kin.naver.com/qna/detail.naver?dirId=8050104&docId=495276363&answerNo=1,8b7b326ba5e60167,강아지 배변,"제 강아지가 현재 하반신 마비로 누워만 지냅니다. 소변은 비교적 잘 누는데 대변은 1주일가량 누지 않았습니다. 요즘 일어나려는 시도가 늘고 있어, 이제 배변 문제만 해결하면 될 것 같아 글 씁니다. 어떻게 하면 대변을 눌까요",2026-09-23,강아지 식사,미상,,page,explore,2026-09-28T13:48:29
naver_kin,https://kin.naver.com/qna/detail.naver?dirId=80102&docId=494863200&answerNo=3,f12d38de5c30da3c,변호사나 좀 잘 아시는 분들 이럴 땐 어떻게 해야 하나요?..,"저는 29살 직장인이고, 삼남매 중 둘째입니다. 위로는 32살 형이 있고 아래로는 27살 여동생이 있습니다. 요즘 가족 문제 때문에 고민이 하나 생겼습니다. 최근 들어 아버지가 바람을 피우시는 것 같다는 생각이 들었거든요. 아버지는 64세, 어머니는 65세이십니다. 처음 이상하다고 느낀 건 아버지가 밤늦게 귀가하는 일이 부쩍 잦아지면서부터였습니다. 제가 원래 눈치가 좀 빠른 편이라 그런지 계속 뭔가 낌새가 이상하다는 생각이 들었고, 결국 어느 날 아버지의 휴대폰을 몰래 확인했습니다. 결론부터 말하면 제가 생각했던 게 맞았습니다. 상대 여성은 아버지가 노래방에서 알게 된 분이었고, 현재 남편은 없으며 딸이 있는 분인 것 같습니다. 여기까지만 해도 충격이긴 했지만, 그래도 어떻게든 넘겨보려고 했습니다. 그런데 카톡 내용을 보다 보니 더 화가 나는 사실을 알게 됐습니다. 집에 가족들이 아무도 없을 때 아버지가 그 여성을 저희 집으로 데려온 적이 있는 것 같습니다. 같이 식사도 하고, 저희가 키우는 강아지와도 놀아준 것 같더라고요. 솔직히 저는 이 부분에서 정말 화가 많이 났습니다. 밖에서 만나는 것도 물론 잘못된 일이지만, 가족들이 생활하는 집까지 상대방을 데려왔다는 게 너무 불쾌하고 선을 넘었다는 생각이 들었습니다. 게다가 그분이 노래방 일을 그만두고 요양보호사를 준비하려고 학원에 다니는 것 같은데, 아버지가 학원비로 약 70만 원 정도를 대신 내준 것 같았습니다. 카톡 내용에는 그 여성이 아버지에게 “오빠, 형수님이랑 아이들에게 미안해서 죄책감이 든다. 하지만 나는 오빠가 너무 좋다” 는 식의 말도 계속 하고 있었습니다. 그걸 보고 있으니 정말 화가 치밀더라고요. 제가 사는 곳이 시골이라 동네가 좁고 인구도 많지 않습니다. 그래서 마음만 먹으면 상대방이 누군지 알아내는 것 자체는 어렵지 않을 것 같습니다. 하지만 그렇게까지 하는 게 맞는 건지도 모르겠고, 괜히 일이 더 커져서 어머니나 가족들이 상처받게 되는 것도 걱정됩니다. 아버지에게 제가 알고 있다고 직접 이야기해야 할지, 형이나 여동생에게 먼저 말해야 할지, 아니면 아버지가 스스로 정신을 차릴 때까지 모른 척 기다려야 할지 고민입니다. 무엇보다 어머니가 이 사실을 알게 됐을 때 받을 충격이 걱정됩니다. 이런 상황이라면 어떻게 대처하는 게 가장 현명할까요?",2026-08-24,강아지 식사,미상,,page,explore,2026-09-28T13:48:29
naver_kin,https://kin.naver.com/qna/detail.naver?dirId=80511&docId=495296379&answerNo=1,9d666c1de4b8d4c3,당뇨견 사료 평소보다 두 배 급여,"오후 5:30 쯤 저녁 밥 정량 급여를 했습니다. 인슐린도 바로 투여했고요. 그리고 오후 7:30쯤 소통 오류로 인해 가족이 또 저녁밥을 줬습니다. 이때 저에게 전화해서 밥을 줬냐고 물어봄과 동시에 사료를 준 겁니다.. 의사와 상의없이 추가 투여는 안될 것 같아서 이때는 인슐린 추가 투여 안했고요. 반려견은 세 달 전에 췌장염이 있었고 담낭 제거술을 했어요. 이번 한 번 정도는 사료 급여를 많이 했어도 크게 문제는 없나요? 병원에 가야 할까요? 당뇨견이고 췌장염기도 있고 한 번 크게 아팠던 아이라서 너무너무 불안합니다. 지금 저녁 11시쯤 되었지만 아직 토하거나 낑낑거리거나 같이 몸 상태가 나빠 보이진 않지만, 물을 많이 마시는 걸 봐선 고혈당 상태인 것 같아요. 그리고 약간 목으로 한 번씩 역류하는 듯한? 소리도 가끔 나고요.. 내일 아침에 인슐린 투여를 어떻게 할지, 밥 양은 어떻게 할지 잘 모르겠습니다..",2026-09-24,반려견 급여,미상,,page,explore,2026-09-28T13:49:00
naver_kin,https://kin.naver.com/qna/detail.naver?dirId=80501&docId=495263249&answerNo=2,801f94c5235c44d3,"추석에 강아지 차멀미 예방, 효과 본 방법 있나요?","매년 명절 때마다 우리 강아지가 차 타는 걸 너무 힘들어해서 걱정이에요. 멀미 때문에 헛구역질도 자주 하고, 차 안에서 불안해하는 모습 보면 저도 마음이 아프거든요. 작년에 병원에서 약도 받아봤는데 큰 효과가 없었어요. 혹시 여러분 중에 강아지 멀미 예방에 성공하신 분 있으면 어떤 방법을 사용하셨는지 공유해주실 수 있을까요? 이번 추석에는 조금이라도 편하게 이동시키고 싶어요.",2026-09-22,반려견 급여,미상,,page,explore,2026-09-28T13:49:00
naver_kin,https://kin.naver.com/qna/detail.naver?dirId=60213&docId=495220987&answerNo=1,b6cf81b85c3cc4a8,"오늘 개물림사고 수술, 법적절차 문의","안녕하세요. 개물림 사고로 형사·민사 대응을 준비하고 있어 법률적인 조언을 구합니다. [사고 내용] * 지하주차장에서 발생한 사고입니다. * 견주가 대형견의 목줄을 놓고 있던 상황에서 개가 저희 어머니에게 갑자기 달려왔습니다. * 양쪽 허벅지를 물렸고, 살점이 떨어질 정도로 큰 상처를 입었습니다. * 당시 상황은 지하주차장 CCTV 영상으로 확보해 두었습니다. * 현재 병원에서 진료 중이며, 담당 의사로부터 봉합수술이 필요하다는 소견을 받았습니다. [현재 상황] 경찰에 형사 사건으로 접수한 상태인데, 담당 수사관이 형사 사건은 취소하는 것이 어떻겠냐는 취지로 이야기했습니다. [추가적인 피해] 어머니는 연매출 약 20억 원 규모의 법인사업체를 직접 운영하고 있습니다. 이번 사고로 당분간 업무를 제대로 수행하기 어려운 상황이며, 평소 퇴근 후 돌봐주시던 손자 쌍둥이 돌봄도 하지 못하게 되었습니다. 따라서 치료비뿐만 아니라 사고로 인한 소득 및 기타 손해까지 민사상 손해배상을 청구할 수 있는지 궁금합니다.",2026-09-18,반려견 급여,미상,,page,explore,2026-09-28T13:49:00
naver_kin,https://kin.naver.com/qna/detail.naver?dirId=60215&docId=495214737&answerNo=1,72ce7f641acd2a07,강아지 사료 급여 후 폐사 판례 및 사건번호 질문,강아지 사료 급여 중 사료에서 쇠 이물질이 나온 날 시점으로 강아지가 설사 검은 변 타르액변 혈변 구토 증상이 있고 2주뒤 사망하였습니다 즉시 동물병원을 내원하였으면 제조사에 췌장염 소견서와 진료내역서 쇠 (이물질)과 남은사료를 택배 발송 및 사진발송한 상황이며 제조사에서 보험처리해주는 과정에서 이와같은 판례와 사건번호 법원명과 년도가 필요한 상황입니다 판례와 사건번호 법원명과 년도가 있을까요? 답변 부탁드립니다,2026-09-18,반려견 급여,미상,,page,explore,2026-09-28T13:49:00
naver_kin,https://kin.naver.com/qna/detail.naver?dirId=8050104&docId=495166199&answerNo=4,c7caa19eeab49139,3~4개월 말티푸 성격?,"안녕하세요, 꿈에 그리고 그리던 강아지를 키우게 되었습니다. 5월 중순에 태어난 930g 남아 말티푸인데요 데려온지 이틀째 입니다. 현재 저는 유튜브, 인스타 등을 보고 배운대로 1. 울타리 안에 넣어둠 2. 하루 급여 3회 (1.5스푼씩) 3. 배변패드에 소변,대변 잘 보는중. 칭찬해줌 (실수하면 혼내지 않고 무시/ 딱 2번 실수함) 4. 밥 주기 전 기다려~ 하고 앉아서 기다리면 옳지 하고 먹으라고 함 (기다려/앉아 15번은 말해야 앉음) 5. 이틀차라서 둔감화 짧게 하는중 (귀, 입술, 발가락) 6. 먼저 아는체 잘 안함. 강아지가 거실에 있는데 일부러 방안에 들어가 있거나, 거실 소파에 앉아서도 크게 관심을 주지 않음. 가끔 눈웃음, 잘 놀구있어~? 정도만 함. 낑낑대거나 짖으면 철저히 무시 일단 이렇게 진행중인데 아이가 아직 어려서인지? 호기심이 많아서 자다가도 제가 움직이는 소리가 들리면 벌떡 일어나서 저를 주시하고 근처만 가도 저 있는 쪽으로 따라오고 얼굴 빗질해주려고 빗 먼저 천천히 보여주고 하려는데 고개를 가만히 두질 않고 이런 표현 그렇겠지만 엄청 발광을 해요 근데 잘 짖지는 않습니다. 아까 혼자두고 밖에 나갔는데 현관문 밖에서 짖나 가만히 기다려 보았는데 안짖더라구요 초인종소리, 도어락소리에도 안짖구요 아직 어려서 발광하는게 당연한건가요? 차분히 인내심을 가지고 교육하면 되나요? 정말 잘키우고 싶어서 분리불안 훈련도 찾아보고 둔감화, 사회화 등 잘 찾아보는데 영상에 나오는 것 처럼 쉽게 안되어서 제가 잘 못하는 것 같아 걱정이 됩니다. 그리고 자다가도 제가 나오는 소리만 들리면 벌떡일어나서 폴짝폴짝거리는게 푹 못자는 것 같아서 걱정돼요.. 조언 부탁드리겠습니다.",2026-09-14,반려견 급여,미상,,page,explore,2026-09-28T13:49:00
naver_kin,https://kin.naver.com/qna/detail.naver?dirId=7010104&docId=495163447&answerNo=1,26146b85abe431cd,강아지 검사비용 문의,강아지 변이 많이질어서 3개월정도 진변을 보게되어서 오늘 예방접종 맞으러가면서 의사한테 증상 얘기를 하니 초음파일단 보자 하셔서 초음파보고 다시 혈액 검사를 해봐야 될것 같다 하여 검사비가 15만원정도 나온다 하여 얘길 듣고 그래도 받으 시겟냐 하여 알겠다고 하엿는데 수납을 해보니 혈액 검사를 그외 품목 비용이 추가가 되어 있어서 이게 맞는건가 싶어서 질문드립니다 혈액검사비 15만원 이라 하여 그만에ㅜ다포함 되어 있는줄 알았는데 그게 아니드라구요 눈맞은 걸가요?,2026-09-14,반려견 급여,미상,,page,explore,2026-09-28T13:49:00
naver_kin,https://kin.naver.com/qna/detail.naver?dirId=50801&docId=495160344&answerNo=1,39c693385d37ce23,강아지 눈 영양제 뭐가 좋을까요 포메라니안 눈물자국,"3살 포메라니안 키우고 있는데 눈물이 많은 편이라 눈 밑 털이 자꾸 젖습니다ㅠㅠ 원래도 조금 있긴 했는데 요즘 포메라니안 눈물자국이 더 잘 보이는 것 같아서 신경 쓰입니다. 매일 눈 주변은 닦아주고 있는데 계속 반복되니까 강아지 눈 영양제도 같이 먹여볼까 생각 중입니다. 강아지 눈 영양제 처음 사보는 거라 어떤 걸 봐야 하는지도 모르겠고, 눈물자국 관리할 때 같이 해주면 좋은 것도 궁금합니다.",2026-09-14,반려견 급여,미상,,page,explore,2026-09-28T13:49:00
naver_kin,https://kin.naver.com/qna/detail.naver?dirId=50502&docId=495147326&answerNo=1,612f13e63b28cec6,4살 비숑인데 3주에 1번씩 피똥을 쌉니다.(사진주의),"4살 비숑인데 3~4주에 한번 정도로 피똥을 쌉니다.. 싸고나서 조금 있으면 다시 괜찮아지는데 주기적으로 그러네요.. 병원을 가도 큰 특이사항은 없다고 합니다. 사료가 문제일까요? 왜 그런걸까요. 먹이고있는거는 사료를 주기 전 냉장해서 주고 간식은 펫용 팝콘, 고구마칩이나 사람 먹는 삶은 고구마 주기는합니다. 산책은 하루에 3번하구요. 그리고 잠이오거나 놀아주지않으면 어두운 옷방에 가서 엎드려 있습니다.",2026-09-13,반려견 급여,미상,,page,explore,2026-09-28T13:49:00
naver_kin,https://kin.naver.com/qna/detail.naver?dirId=8050105&docId=495133660&answerNo=1,ffefab55e4f2b0c5,강아지 만성신부전,강아지가 만성신부전으로 밥을 그냥안먹어서 화식에 섞어주려는데 도거박스에 이거 먹여도 괜찮나요?,2026-09-12,반려견 급여,화식,,page,explore,2026-09-28T13:49:00
naver_kin,https://kin.naver.com/qna/detail.naver?dirId=8050103&docId=495123516&answerNo=1,fd8836a626654a19,하림펫푸드 밥이보약 가루영양제,"9살 4키로 푸들이고 장,눈,면역,관절 4개 다 사서 매일 각각 1개씩 총 4포 먹이려는데 괜찮나요? 상세설명에 하루 한포만 급여하라고 되어있는데 다른 종류로는 중복급여가 되나 싶어서요.",2026-09-11,반려견 급여,미상,,page,explore,2026-09-28T13:49:00
naver_kin,https://kin.naver.com/qna/detail.naver?dirId=8050104&docId=495305017&answerNo=2,bcca5f0fd3f44d93,강아지 배변실수,"8개월 수컷 말티푸 키우는데 처음 집에 왔을땐 배변패드에 잘 싸더니 점점 범위를 넓혀가면서 문턱, 바닥 등등 싸요 다른장소에서도 배변패드 깔아주면 그 위에 싸기도 하고 주변 바닥에다 싸기도 하고 너무 심해요 마킹인가 생각했는데 그렇다고 하기엔 찔끔 싸는것도 아니고 그냥 평상시 싸는양으로 싸요 해결법이랑 원인 좀 알려주세요",2026-09-25,강아지 사료 거부,미상,,page,explore,2026-09-28T13:49:41
naver_kin,https://kin.naver.com/qna/detail.naver?dirId=8050103&docId=495302531&answerNo=1,8fdf266f44d7e67b,저희집 강아지 가 도토리를 먹었어요,저희집 강아지기 도토리를 먹았는데 병원은 추석이라 다 문을 닫았는데 어떡하죠?,2026-09-25,강아지 사료 거부,미상,,page,explore,2026-09-28T13:49:41
naver_kin,https://kin.naver.com/qna/detail.naver?dirId=80511&docId=495295385&answerNo=2,1c8af3be545c32e4,노견 강아지 사료거부 대처법,"15살 잡종 강아지 키우고있습니다. 사료를 거부한 지는 꽤 됐습니다. 1년 가까이 된 것 같네요. 일반 건식 사료는 아예 안먹고, 화식이나 습식 사료 급여를 1-2개월 하다가 그것조차 입을 뗐습니다. 그러고는 거의 하루 한끼 수준만 먹일 수 있었고, 그 먹이는 것도 사식을 강아지 수준으로 억지로 먹이기만 반복하였습니다. 뭐 계란 주기, 간 안한 고기 볶아주기, 옥수수, 단호박, 양배추, 뭐 이런거 말이죠. 근데 이젠 이러한 사식도 입을 안댑니다. 아무리 애원해도 고개 돌리면서 거부하고 도망가기 일쑤입니다. 웃긴게 식욕은 없는게 아닙니다. 요리를 하면 옆에 붙어서 뭐 없나 노리고 있고, 가족이 밥먹을때도 옆에 붙어서 좀 달라고 떼씁니다. 그리고 지가 즐겨먹는 간식이나 영양제는 또 잘 먹습니다. (최근엔 이 간식도 안먹을때가 종종 있습니다) 헥헥거리며 발발 뛰어다니면서 활동성이 떨어진것도 아닙니다. 분명 배가 고픈게 맞습니다. 근데 안먹습니다. 병원에 데려가 봐야 할까요.. 아픈것 같진 않은데 말이죠.. 해결방법을 아시는 분은 제발 알려주세요..",2026-09-24,강아지 사료 거부,화식,,page,explore,2026-09-28T13:49:41
naver_kin,https://kin.naver.com/qna/detail.naver?dirId=8050104&docId=495267274&answerNo=2,72d27b771e104c00,강아지 가 밥을 안먹어요,원래 화식이랑 건사료 섞어서 주는데 제가 없을때 남편이 건사료만 줄때도 있어요 바로 먹진 않아도 배고프면 싹 비워요 그저께 둘째 강아지를 입양했는데 화식 줄땐 잘 먹다가 건사료만 또 주니까 어제 하루 통으로 안먹었네요……… 왜그런걸까요….,2026-09-22,강아지 사료 거부,혼합,,page,explore,2026-09-28T13:49:41
naver_kin,https://kin.naver.com/qna/detail.naver?dirId=8050103&docId=495261516&answerNo=4,f7971c35e8d0815f,강아지 식음전폐,강아지가 어제 토하고난뒤 병원다녀오긴햇지만 별이상 없다고햇는데... 병원다녀온뒤에 조금 물은 먹고 지금은 물도 불린사료도 안먹어요.. 같은자리만 돌다가 할아버지 쳐다보고 천천히 사료와 물잇는곳와도 안먹고ㅠㅠ 가만히 서잇다가 조금 걷다가.. 왜이럴까요ㅠㅠ 기운이없어보여서.. 걱정이네요ㅠㅠ 좋아하는 간식도 거부해요,2026-09-22,강아지 사료 거부,미상,,page,explore,2026-09-28T13:49:41
naver_kin,https://kin.naver.com/qna/detail.naver?dirId=8050103&docId=495261516&answerNo=1,e66145a1813efa5f,강아지 식음전폐,강아지가 어제 토하고난뒤 병원다녀오긴햇지만 별이상 없다고햇는데... 병원다녀온뒤에 조금 물은 먹고 지금은 물도 불린사료도 안먹어요.. 같은자리만 돌다가 할아버지 쳐다보고 천천히 사료와 물잇는곳와도 안먹고ㅠㅠ 가만히 서잇다가 조금 걷다가.. 왜이럴까요ㅠㅠ 기운이없어보여서.. 걱정이네요ㅠㅠ 좋아하는 간식도 거부해요,2026-09-22,강아지 사료 거부,미상,,page,explore,2026-09-28T13:49:41
naver_kin,https://kin.naver.com/qna/detail.naver?dirId=80511&docId=495254478&answerNo=1,90b39ba54d8a737b,강아지 초코섭취 구토유발제,강아지가 초코칩쿠키 하나를 다 먹었는데 다행히 한 30분만에 병원에 갔어요 근데 가서 구토유발제를 맞았는데 한시간넘게 구토를 안 했어요 ㅜㅜ 혈액검사 했을 때 신장수치는 괜찮다는데 검사를 워낙 빨리 해서 그 이후로 나빠질 수도 있는 거 아닌가요..?ㅜ 일단 변으로 나오게 하는 물약 처방 받아와서 먹였긴 한데 괜찮을까요?? 참고로 쿠키는 서브웨이 쿠키예요,2026-09-21,강아지 사료 거부,미상,,page,explore,2026-09-28T13:49:41
naver_kin,https://kin.naver.com/qna/detail.naver?dirId=80501&docId=495246751&answerNo=1,d32a161618317fb0,강아지 배에서 꼬르륵소리가 계속나요,제목 그대로 강아지 배에서 계속 꼬르륵 소리가나요… 뿌이익 꿔러럭 이런 큰 소리가 나는데 아파보이진 않아요. 평소처럼 잘 뛰어다니는데 아까 물똥?을 싸긴 했어요. 1시간정도 계속 이러니 걱정이네요 +똥이 마려워보이는데 안나오니 포기하네요.,2026-09-21,강아지 사료 거부,미상,,page,explore,2026-09-28T13:49:41
naver_kin,https://kin.naver.com/qna/detail.naver?dirId=8050103&docId=495162308&answerNo=3,c02d2798ea97008a,강아지 밥투정 어떻게 하면 좋을까요 ㅠ,강아지가 밥투정이 심해서 하루에 한끼도 아예 안 먹고 그 다음날도 안 먹는 날이 많아요 ㅠ 평소엔 간식이라도 주면서 공복토하지 말라고 했는데 아예 간식을 주지 말라고 하셔서... 정말 아무것도 안 먹이고 물만 먹이고 있어요 기존에 샀던 사료샘플이나 이런거 먹여봐도 안 먹고 새로운 사료 사보긴 했는데... 아직 배송이 안와서 먹을련지 모르겠네요 ㅠ 보통 다들 강아지 밥투정 어떻게 해결 보시나요?,2026-09-14,강아지 사료 거부,미상,,page,explore,2026-09-28T13:49:41
naver_kin,https://kin.naver.com/qna/detail.naver?dirId=8050103&docId=495162308&answerNo=1,5a7f3dc4422d2d89,강아지 밥투정 어떻게 하면 좋을까요 ㅠ,강아지가 밥투정이 심해서 하루에 한끼도 아예 안 먹고 그 다음날도 안 먹는 날이 많아요 ㅠ 평소엔 간식이라도 주면서 공복토하지 말라고 했는데 아예 간식을 주지 말라고 하셔서... 정말 아무것도 안 먹이고 물만 먹이고 있어요 기존에 샀던 사료샘플이나 이런거 먹여봐도 안 먹고 새로운 사료 사보긴 했는데... 아직 배송이 안와서 먹을련지 모르겠네요 ㅠ 보통 다들 강아지 밥투정 어떻게 해결 보시나요?,2026-09-14,강아지 사료 거부,미상,,page,explore,2026-09-28T13:49:41
naver_kin,https://kin.naver.com/qna/detail.naver?dirId=8050105&docId=495310023&answerNo=1,fc8ee09459474261,강아지 아랫입술에 하얀 게 하나 뭐가 났어요,"강아지 아랫입술에 갑자기 사람 뾰루지?처럼 하얀 무언가가 하나 생겼는데, 이게 뭘까요?.. 처음 발견하고 뭐 묻은 줄 알고 떼주려고 했는데, 안 떼지더라구요 이게 뭘까요 대체ㅠㅠ",2026-09-26,강아지 밥 안먹음,미상,,page,explore,2026-09-28T13:50:47
naver_kin,https://kin.naver.com/qna/detail.naver?dirId=8050104&docId=495302073&answerNo=4,f0212064f4bba3a2,원래 귀여우면 깨물어서 죽여버리고 싶나요??,저희 집 강아지가 너무 귀여워서 깨물어죽여버리고 싶을 정도예요 ㅠㅠㅠ 하다 못해 너무 귀여워서 입 안에 넣어버리고싶어요 자는 내내 계속 놀리고싶어요 밥먹을때마다 돼지라고 놀리면 째려보는것도 귀여워요 뽀뽀해줄때마다 한숨쉬는것조차 귀여워요,2026-09-25,강아지 밥 안먹음,미상,,page,explore,2026-09-28T13:50:47
naver_kin,https://kin.naver.com/qna/detail.naver?dirId=80501&docId=495307485&answerNo=4,c354c41921bb4599,강아지 가 잠을 안 자요,친구 강아지를 며칠 맡아주게 됐는데요ㅠㅠ 제가 어디 가면 계속 따라오고 잠을 안자요ㅠㅠ… 잘것같네? 싶어서 가려고하면 일어나서 졸졸 따라오고… 엄청 나대다가 지금은 또 쓰다듬어주면 무념무상으로 있는데 졸려서 그런걸까요 졸리는데 왜 안자고 버티는지ㅠㅠ,2026-09-26,강아지 밥 안먹음,미상,,page,explore,2026-09-28T13:50:47
naver_kin,https://kin.naver.com/qna/detail.naver?dirId=8050105&docId=495307416&answerNo=1,30cf918cf987816f,8개월 시바견 입질,이번년도에 데려온 8개월 블랙탄 시바견 입질이 진짜 너무심한데 어떡하죠?(산책이나 놀이 잘 해줍니다 참고해주세요) 그냥 앙앙 무는게 아니라 손에 구멍이 나고 피가 철철철 날정도로 물어요 일주일에 한번은 꼭 이러는 것 같네요 누구 한명 제외없이 가족 다 물리구요 완전 애기때부터 입질 교육법은 다 시켜봤는데 8개월이 된 지금까지 나아지질 않아요 특히 먹을거가 앞에 있으면 더 심하구요 먹은 후에 바로 만지거나 하면 진짜 끝장납니다..흥분상태여서 그렇다고 하길래 몇분 냅두고 만져요 진짜 뜬금없이 갑자기 물릴때도 정말 많구요ㅠㅠ물림사고가 일어났을때 해보라고 하는 솔루션? 같은것도 다 찾아봐서 해봤는데도 그대로에요. 아직 어리고 10년은 더 살텐데 무서워서 어떻게 살까요 훈련사도 알아봤는데 금액이 상당하더라구요 최대한 저희가 직접 시키고 싶은데 어디서부터 해야할지 모르겠어요 강아지동반카페도 가고싶은데 눈 돌아서 사고날게 뻔하니까 못 가고 강아지 놀이터에도 데려가서 친구들도 많이 만나게 해주고싶은데 물까봐 못 데려가겠고 이러한 이유들 때문에 주변 사람들한테 부끄러워서 강아지 자랑을 할 수가 없네요..ㅠ 서열정리가 안돼서 그런가 해서 쇼파나 침대같은데에도 못 올라오게 해서 안 올라오긴 해요.. 저희가 잘못 키우고있는걸까요,2026-09-26,강아지 밥 안먹음,미상,,page,explore,2026-09-28T13:50:47
naver_kin,https://kin.naver.com/qna/detail.naver?dirId=80511&docId=495306065&answerNo=1,286dad8224245bfa,강아지 배가 이상,비숑 10살입니다. 밥은 잘 먹고 식욕도 좋은데요. 이주정도 설사를 했다 안했다 하고 배가 좀 이상해요. 숨쉴때 배가 심하게 튀기듯이 올라왔다 내려갔다 합니다. 근육도 좀 빠져서 뼈도 만져지고요. 기운도 없어요. 병원을 5일 전 데려갔는데 위염일수 있다며 약을 줬는데 전혀 나아지지 않네요. 이틀 뒤 또 갈거긴 하지만 미리 어느정도 알면 더 도움이 될까 싶어 글 써봅니다.,2026-09-25,강아지 밥 안먹음,미상,,page,explore,2026-09-28T13:50:47
naver_kin,https://kin.naver.com/qna/detail.naver?dirId=8010502&docId=495305400&answerNo=2,eb2491d825157f95,자잘한 이유들로 친할머니댁이 가기 싫음..,"내년에 고등학교 올라가는 남학생이고 우리 집은 엄하지도 않고 요즘 집 치고는 꽤 개방적이라고 생각함 가족들끼리 사이도 가끔 부딪히는거 아니면 대부분 다 좋고 근데 친할머니댁 자주 가는 게 짜증남 자잘한 이유들로 인해서 1. 나도 사실상 고1이나 다름이 없고 내 밑에 남동생이 하나 있는데 걔도 내년에 중1 올라가거든? 근데 예전부터 할머니가 우리한테 '두마리' '한마리' 하는 게 나이먹다 보니까 슬슬 약도 좀 오르는 것 같고 그리고 이게 은근히 기분 나쁨 무슨 강아지 고양이도 아니고; 할머니가 웃어른이어도 나도 사람이고 내가 기분이 나쁜 건 나쁜거잖아 사람한테 쓰는 표현이라기엔 너무 이상하고 근데 막상 할머니라 그런 거 가지고 웃음기 빼기엔 눈치 보이지 동생은 몰라도 난 좀 있으면 대학 가고 군대 가는데 그때도 없는 시간 쪼개서 가면 다 큰 애한테 한마리 두마리 그러시겠지 2. 그냥 한마디로 축약하면 추석이나 누구 생일이 다가오면 친할머니가 일방적으로 우리집에 전화를 걸어서 언제 자기네 집에 와라를 통보하면 그걸 엄마 아빠가 일방적으로 받는 구조임 그러고 당일날이 되면 대충 밥 먹고 한 반나절? 있다가 집에 오는거지 그나마 같은 서울이라 차로 40분이면 충분해서 그렇지 다른 집들처럼 2~3시간씩 걸렸으면 차라리 교회나 시험공부 핑계 대면서 은근슬쩍 안 갔음 진짜 고구마 1만개인게 엄마가 전화를 받든 아빠가 전화를 받든 출장 같은 게 아니면 엄마아빠가 무조건 알겠다고 함 그 어떤 일정 천재지변 활동을 불문하고. 몇번 엄마아빠한테 왜 우리 일정은 다 버리고 할머니 말에만 맞추냐고 뭐라고 했는데 그때마다 앵무새처럼 '할머니는 당신 말 거스르는 거 싫어하신다'라는 답만 돌아옴 내가 보기에 실제로도 그렇고 그냥 엄마아빠는 할머니가 쌍욕을 하든 뭘 훔치든 누굴 패든 어디 가서 깽판을 치든 뭘 하든 아무 말도 못한다고 보면 됨. 근데도 어른이니까 할머니가 그냥 본인 스케줄대로만 이기적으로 일정 잡고 해도 엄마아빠는 선도 1도 안 긋고 히히거리면서 그걸 받아주기만 함 3. 그리고 많은 할머니 할아버지가 그런 건 아는데 할머니가 나한테 억지로 뽀뽀하는 것도 이제 조금 짜증남 내가 이제 별로 안 하고 싶어서 피하면 계속 뭐라고 투덜거리고..그거 듣는 것도 빡침 4. 마지막으로 아빠. 부모 보러 가니까 거기 가는 게 좋은 건 충분히 이해하고 다 아는데 그걸 우리한테 너무 강요함 거기서 빨리 가자 소리 하면 아빠한테 욕 먹음 몇시간 있으면 할아버지가 계속 우리한테 가라고 눈치 주는데도 엄마는 할머니랑 이런저런 수다 떤다는 구실 대가면서 안 가고 아빠도 소파에 누워서 대충 안 가 안 가 그러다가 집 갈 때쯤 할아버지 진심으로 화나고 짜증내시고 그러심 뭐 이런 글 쓰면서 좀 철없는 것 같다는 생각도 들지만 가족 내에서도 스케줄, 신체접촉 이런 부분에 대해서 그을 선은 확실히 그어야 한다고 생각함 가장 친한 베프끼리는 오히려 선을 확실히 해야 하는 것처럼 중고딩 중에 친할머니댁 싫어하는 사람? 좀 답답하다",2026-09-25,강아지 밥 안먹음,미상,,page,explore,2026-09-28T13:50:47
naver_kin,https://kin.naver.com/qna/detail.naver?dirId=8010502&docId=495305400&answerNo=1,2d76998fbe427331,자잘한 이유들로 친할머니댁이 가기 싫음..,"내년에 고등학교 올라가는 남학생이고 우리 집은 엄하지도 않고 요즘 집 치고는 꽤 개방적이라고 생각함 가족들끼리 사이도 가끔 부딪히는거 아니면 대부분 다 좋고 근데 친할머니댁 자주 가는 게 짜증남 자잘한 이유들로 인해서 1. 나도 사실상 고1이나 다름이 없고 내 밑에 남동생이 하나 있는데 걔도 내년에 중1 올라가거든? 근데 예전부터 할머니가 우리한테 '두마리' '한마리' 하는 게 나이먹다 보니까 슬슬 약도 좀 오르는 것 같고 그리고 이게 은근히 기분 나쁨 무슨 강아지 고양이도 아니고; 할머니가 웃어른이어도 나도 사람이고 내가 기분이 나쁜 건 나쁜거잖아 사람한테 쓰는 표현이라기엔 너무 이상하고 근데 막상 할머니라 그런 거 가지고 웃음기 빼기엔 눈치 보이지 동생은 몰라도 난 좀 있으면 대학 가고 군대 가는데 그때도 없는 시간 쪼개서 가면 다 큰 애한테 한마리 두마리 그러시겠지 2. 그냥 한마디로 축약하면 추석이나 누구 생일이 다가오면 친할머니가 일방적으로 우리집에 전화를 걸어서 언제 자기네 집에 와라를 통보하면 그걸 엄마 아빠가 일방적으로 받는 구조임 그러고 당일날이 되면 대충 밥 먹고 한 반나절? 있다가 집에 오는거지 그나마 같은 서울이라 차로 40분이면 충분해서 그렇지 다른 집들처럼 2~3시간씩 걸렸으면 차라리 교회나 시험공부 핑계 대면서 은근슬쩍 안 갔음 진짜 고구마 1만개인게 엄마가 전화를 받든 아빠가 전화를 받든 출장 같은 게 아니면 엄마아빠가 무조건 알겠다고 함 그 어떤 일정 천재지변 활동을 불문하고. 몇번 엄마아빠한테 왜 우리 일정은 다 버리고 할머니 말에만 맞추냐고 뭐라고 했는데 그때마다 앵무새처럼 '할머니는 당신 말 거스르는 거 싫어하신다'라는 답만 돌아옴 내가 보기에 실제로도 그렇고 그냥 엄마아빠는 할머니가 쌍욕을 하든 뭘 훔치든 누굴 패든 어디 가서 깽판을 치든 뭘 하든 아무 말도 못한다고 보면 됨. 근데도 어른이니까 할머니가 그냥 본인 스케줄대로만 이기적으로 일정 잡고 해도 엄마아빠는 선도 1도 안 긋고 히히거리면서 그걸 받아주기만 함 3. 그리고 많은 할머니 할아버지가 그런 건 아는데 할머니가 나한테 억지로 뽀뽀하는 것도 이제 조금 짜증남 내가 이제 별로 안 하고 싶어서 피하면 계속 뭐라고 투덜거리고..그거 듣는 것도 빡침 4. 마지막으로 아빠. 부모 보러 가니까 거기 가는 게 좋은 건 충분히 이해하고 다 아는데 그걸 우리한테 너무 강요함 거기서 빨리 가자 소리 하면 아빠한테 욕 먹음 몇시간 있으면 할아버지가 계속 우리한테 가라고 눈치 주는데도 엄마는 할머니랑 이런저런 수다 떤다는 구실 대가면서 안 가고 아빠도 소파에 누워서 대충 안 가 안 가 그러다가 집 갈 때쯤 할아버지 진심으로 화나고 짜증내시고 그러심 뭐 이런 글 쓰면서 좀 철없는 것 같다는 생각도 들지만 가족 내에서도 스케줄, 신체접촉 이런 부분에 대해서 그을 선은 확실히 그어야 한다고 생각함 가장 친한 베프끼리는 오히려 선을 확실히 해야 하는 것처럼 중고딩 중에 친할머니댁 싫어하는 사람? 좀 답답하다",2026-09-25,강아지 밥 안먹음,미상,,page,explore,2026-09-28T13:50:47
naver_kin,https://kin.naver.com/qna/detail.naver?dirId=8050104&docId=495302073&answerNo=3,5e1f2a5f1a2ddce0,원래 귀여우면 깨물어서 죽여버리고 싶나요??,저희 집 강아지가 너무 귀여워서 깨물어죽여버리고 싶을 정도예요 ㅠㅠㅠ 하다 못해 너무 귀여워서 입 안에 넣어버리고싶어요 자는 내내 계속 놀리고싶어요 밥먹을때마다 돼지라고 놀리면 째려보는것도 귀여워요 뽀뽀해줄때마다 한숨쉬는것조차 귀여워요,2026-09-25,강아지 밥 안먹음,미상,,page,explore,2026-09-28T13:50:47
naver_kin,https://kin.naver.com/qna/detail.naver?dirId=8050104&docId=495302073&answerNo=2,2c7c60674e51cf82,원래 귀여우면 깨물어서 죽여버리고 싶나요??,저희 집 강아지가 너무 귀여워서 깨물어죽여버리고 싶을 정도예요 ㅠㅠㅠ 하다 못해 너무 귀여워서 입 안에 넣어버리고싶어요 자는 내내 계속 놀리고싶어요 밥먹을때마다 돼지라고 놀리면 째려보는것도 귀여워요 뽀뽀해줄때마다 한숨쉬는것조차 귀여워요,2026-09-25,강아지 밥 안먹음,미상,,page,explore,2026-09-28T13:50:47
naver_kin,https://kin.naver.com/qna/detail.naver?dirId=8050104&docId=495301245&answerNo=3,3869306273502c95,강아지 가 안 짖어요 어디 아픈걸까요?,"내일 유기견카페에서 강아지를 입양할 예정이고 이미 입양은 확정되었어요 근데 걱정인게... 다른곳은 다 건강 해 보이는데 아에 안 짖어요. 꽤 많이 카페에 방문 해 봤는데 전 짖는 모습을 본 적이 없어요 많이 안 짖는게 아니라 정말 짖지를 않아요 이 강아지가 카페에 온지 얼마 안 됐기도 하고 서열도 많이 낮고 다른 강아지들한테 괴롭힘 당하는 모습을 많이 봤거든요 그래서 그런걸까요? 그런데 또 다른 손님분들한테는 엄청 착하고 관심도 많아요 입질도 하나도 없구요 혹시 전 주인한테 트라우마가 있던걸까요? 전에 성대제거수술 가능성이 있을 수도 있지만 아에 입 벌리고 짖고싶어하는 모습도 안 보여요 짖으려고 입을 벌린적이 없어요 입양 하고 좀 안정된다면 짖을까요? 비슷한 경험 있으신 견주분들이나 전문가분 도와주시길 바랍니다! AI제외 무조건 채택합니다. 그리고 또한 제가 해 줄수 있는게 뭘까요? 강아지 견종은 비숑 믹스일거에요. 완전 비숑은 아니라고 알고있고, 크기는 미니비숑보단 확실히 커요 밥도 잘 먹고 나이는 2살즈음이에요 내일 검사를 받아보긴 할건데 걱정이되어서요...",2026-09-25,강아지 밥 안먹음,미상,,page,explore,2026-09-28T13:50:47
naver_kin,https://kin.naver.com/qna/detail.naver?dirId=8050103&docId=495304522&answerNo=1,7f37597e97f7be1b,강아지 사료,눈물이 많은편이고 알레르기도 좀 있는데 성견이고 입맛 까다로운편인데 저렴한 사료 뭐가 좋을까요? 로얄캐닌이나 네츄럴랩 사료 괜찮나요?,2026-09-25,강아지 사료 알레르기,건사료,,page,explore,2026-09-28T13:51:08
naver_kin,https://kin.naver.com/qna/detail.naver?dirId=8050103&docId=495300250&answerNo=1,d71397a4bc6ef578,강아지 알러지,양털 알러지 있으면 양고기 먹여도 되나요? 누룩곰팡이(치즈) 알러지 있으면 치즈들어간거 먹여도 되나요? ㅠㅠ,2026-09-25,강아지 사료 알레르기,미상,,page,explore,2026-09-28T13:51:08
naver_kin,https://kin.naver.com/qna/detail.naver?dirId=8050103&docId=495300250&answerNo=0,f89c6db241ed0e80,강아지 알러지,양털 알러지 있으면 양고기 먹여도 되나요? 누룩곰팡이(치즈) 알러지 있으면 치즈들어간거 먹여도 되나요? ㅠㅠ,2026-09-25,강아지 사료 알레르기,미상,,page,explore,2026-09-28T13:51:08
naver_kin,https://kin.naver.com/qna/detail.naver?dirId=8050105&docId=495271285&answerNo=1,0aa6b51aa045791e,강아지 머리에 이거 뭔가요?,닥스훈트고 이런게 가끔씩 있었다 없었다 하는데 오늘 따라 많아보여서… 이게 뭔가요? 살짝 오돌토돌해요,2026-09-22,강아지 사료 알레르기,미상,,page,explore,2026-09-28T13:51:08
naver_kin,https://kin.naver.com/qna/detail.naver?dirId=8050105&docId=495273036&answerNo=1,5d6bfd94c6a1c2fa,강아지 가 똥꼬스키를 타는 다양한 원인이 궁금합니다.,"강아지가 똥꼬스키를 타는 대부분의 원인이 항문낭을 안 짜줘서라고 들었는데요. 우리 강아지는 미용실에 다녀와서 미용을 받고 나면 또 똥꼬스키를 타요. 보통 미용할 때 항문낭을 짜주는데, 거기서 짜고 왔는데도 그러거든요. 미용할 때 털을 정리해서 간지러워서 그런 걸 수도 있다고 생각하는데, 강아지들이 정확히 똥꼬스키를 타는 원인이 어떻게 되나요? 평소에도 그냥 가려워서 그러는 것 같기도 하고, 자기가 똥꼬까지는 못 긁으니까 그런가 싶기도 한데 좀 알려주셨으면 좋겠습니다.",2026-09-22,강아지 사료 알레르기,미상,,page,explore,2026-09-28T13:51:08
naver_kin,https://kin.naver.com/qna/detail.naver?dirId=8050103&docId=495256331&answerNo=1,5446aa1dc0420ed2,강아지 켁켁거림,우리 강아지 포메 6살인데요.. 포메가 기관지가 약해서 켁켁거린다는건 알고있었는데 요즘 너무 심하게 기침 하는 거 같아서 걱정돼요ㅠㅠ 약간 목에 뭐가 걸린 것 처럼 켁켁거리고 힘들게 기침하고 어제는 산책하다가 토하고 비틀거렸어요ㅠ 어디 아픈건가요..??,2026-09-21,강아지 사료 알레르기,미상,,page,explore,2026-09-28T13:51:08
naver_kin,https://kin.naver.com/qna/detail.naver?dirId=8050103&docId=495117475&answerNo=4,c5e8e87baebe2fd5,강아지 알레르기 증상,"귀를 가려워하고 긁는 증상이 있었음. * 최근에는 귀를 상처가 날 정도로 심하게 긁음. * 그런데 잠잘 때나 잠들려고 할 때는 긁지 않음. * 깨어 있을 때 주로 긁는 것으로 보임. * 현재 먹이는 음식은 치킨 사료 + 시저 + 말린 황태. * 현재 사료는 치킨 원료가 들어간 사료라서 닭 단백질도 의심 후보로 보고 있음 * 예전에 귀가 가려워서 낑낑거린 적이 있었고, 당시에는 귀 안이 깨끗해 보였다고 했음. * 최근 미용을 했고, 미용을 3주간격으로 연속으로 한 것이 가려움과 관련 있는지 알레르기 반응 인건가요?",2026-09-11,강아지 사료 알레르기,미상,,page,explore,2026-09-28T13:51:08
naver_kin,https://kin.naver.com/qna/detail.naver?dirId=8050103&docId=495211158&answerNo=2,76e59740a53cb489,강아지 사료 추천,현재 1살 1.8키로 강아지 입니다 기름기 있는 간식 먹일 때 마다 설사를 하길래 장이 많이 약한 아이인가 해서 병원가니 소고기 알레르기 같다고 하셔요 그리고 애기때 부터 나우 칠면조 사료 먹이고 있는데 이것도 기름기가 조금 있는거 같고 장에 도움이 안되는고 같아서 저지방 사료 찾아보고 있는데 추천 부탁드려요 특히 해외 브랜드로 츄천 부탁드립니다 ㅠ. ㅠ,2026-09-18,강아지 사료 알레르기,미상,,page,explore,2026-09-28T13:51:08
naver_kin,https://kin.naver.com/qna/detail.naver?dirId=8050103&docId=495211158&answerNo=1,8a3ca000dcdfedf7,강아지 사료 추천,현재 1살 1.8키로 강아지 입니다 기름기 있는 간식 먹일 때 마다 설사를 하길래 장이 많이 약한 아이인가 해서 병원가니 소고기 알레르기 같다고 하셔요 그리고 애기때 부터 나우 칠면조 사료 먹이고 있는데 이것도 기름기가 조금 있는거 같고 장에 도움이 안되는고 같아서 저지방 사료 찾아보고 있는데 추천 부탁드려요 특히 해외 브랜드로 츄천 부탁드립니다 ㅠ. ㅠ,2026-09-18,강아지 사료 알레르기,미상,,page,explore,2026-09-28T13:51:08
naver_kin,https://kin.naver.com/qna/detail.naver?dirId=80511&docId=495192814&answerNo=1,8969141f6945d73c,강아지 위장관처방 사료 닭안들어간게 있을까요?,건강검진때 장이 타강아지들보다 느리게움직인다고 힐스gi바이옴 사료같은걸 먹이라해서 먹였는데 닭알레르기가 있어서 마구긁더라구요.위장관처방사료중 닭이 안들어간 사료좀 알려주세요~ 시골동네병원에선 잘모르더라구요ㅡㅡ;; 평소 강아지가 똥을자주 조금씩 싸는데 이게 장활동이 느려서 글타더라구요.도움되는사료 닭안들어간걸로 부탁드려요~,2026-09-16,강아지 사료 알레르기,미상,,page,explore,2026-09-28T13:51:08
naver_kin,https://kin.naver.com/qna/detail.naver?dirId=80511&docId=495311856&answerNo=1,e7aa54f273d2db6d,강아지 경련,강아지가 아침부터 몸에 경련이 일어나면서 걸을 때 증상이 더 심해져요. 걸을 때 경련 증상이 동반되다 보니 휘청거리면서 재대로 걷지 못해요. 한번도 이런적이 없었는데 작은소리에도 깜짝 깜짝 놀라면서 경련 비슷하게 몸에 떨림 증상 일어납니다. 증상은 지속적이지 않고 간헐적으로 움찔거리면 꼭 틱 증상과 비슷한 거 같이 보였습니다. 병원 가서 액스레이와 피검사 해봤는데 엑스레이 상에서는 뼈와 비슷 이물질을 잘게 부숴 먹은 듯한 흔적이 보이고 소화되는 중이여서 위와 대장에 남아 있는 것을 확인했습니다. 제가 생각한 가능성은 치킨뼈였구요.. 피검사 상에서는 아무런 문제가 없어 일단 병원에서는 소화제만 받아온 상태입니다. 아침 열 시 정도부터 시작된 증상이 지금 오후 6시에도 아직 진행중입니다. 증상은 옅어진거같아 보이기도 하고요. 먹는것도 잘 먹고 평소보다 컨디션은 안 좋아보이는것같습니다. 힘이 없어보여요.. 이거 왜 이러는걸까요? 도와주세요ㅠ,2026-09-26,강아지 소화,미상,,page,explore,2026-09-28T13:51:49
naver_kin,https://kin.naver.com/qna/detail.naver?dirId=8050104&docId=495308619&answerNo=2,148c88826243fbaa,이거 강아지 혈변인가요ㅠㅠㅠ,이거 강아지 혈변인가요ㅜㅜㅜㅠㅠ어떡하져ㅜㅜㅜ,2026-09-26,강아지 소화,미상,,page,explore,2026-09-28T13:51:49
naver_kin,https://kin.naver.com/qna/detail.naver?dirId=80511&docId=495301753&answerNo=1,e90b564e4e372dac,말티즈 8살 세번 물토,하얀색거품?이 섞인 물토를 연달아 세번 했어요 ㅜㅜ 두번째 토에서 투명한 동전만한 콩껍데기가 나왔어요 토하고 직후에 약간 떨다가 지금은 괜찮아졌는데 병원 가봐야 하는 심각한 상황인가요,2026-09-25,강아지 소화,미상,,page,explore,2026-09-28T13:51:49
naver_kin,https://kin.naver.com/qna/detail.naver?dirId=8050103&docId=495299604&answerNo=2,ebec3e13ecf5cebe,2개월 강아지 사료 안씹음,2개월 강아지이고 이제 건사료로 바꾸려고 물에 5분만 불려서 주는데 자꾸 사료를 안씹고 다 삼켜버려요 어떻게해야하나요?,2026-09-25,강아지 소화,건사료,,page,explore,2026-09-28T13:51:49
naver_kin,https://kin.naver.com/qna/detail.naver?dirId=8050103&docId=495291202&answerNo=1,46ada1c19bfb6dc6,강아지 스토킹,강아지가 자꾸 제가 요리하면 음흉하게 쳐다보는데 왜 이러나요 진짜 이런말 쓰면 안되는데 음흉하게 쳐다봐요 애가 원래 그렇게 생긴것도 아니고 쳐다볼때 그렇게 생긴것도 아닌데 그냥 음흉하게 쳐다봐요,2026-09-24,강아지 소화,미상,,page,explore,2026-09-28T13:51:49
naver_kin,https://kin.naver.com/qna/detail.naver?dirId=80511&docId=495289862&answerNo=1,a47f1abf5226e9ff,강아지 자크,사진처럼 강아지가 자크 뜯어먹엇는데 어떡하죠 똥으로나오나요,2026-09-24,강아지 소화,미상,,page,explore,2026-09-28T13:51:49
naver_kin,https://kin.naver.com/qna/detail.naver?dirId=8050105&docId=495285257&answerNo=1,dd517b3dac73aba5,말티푸 (6kg/3살)가 샤인머스켓을 조금 먹었는데 괜찮을까요?,"강아지가 오늘 샤인머스켓을 먹다가 한 알의 과육을 사진에 보이는 정도로 조금 먹었습니다. 강아지는 약 6kg이고, 먹은 지 8분 정도 됐습니다. 현재는 특별한 증상 없이 평소처럼 행동하고 있습니다. 이 정도 양을 먹은 것도 위험할 수 있을까요? 바로 병원에 가야 하는지, 집에서 관찰해도 되는지 궁금합니다. 사진도 첨부합니다.",2026-09-23,강아지 소화,미상,,page,explore,2026-09-28T13:51:49
naver_kin,https://kin.naver.com/qna/detail.naver?dirId=1117&docId=495285213&answerNo=1,0e9258c85a4b389d,잠시 이상한 얘기 해볼께요!! (채권 채무에 관한 얘기,"광할한 우주에서 지구라는 행성에서 왜 인간끼리 채권 채무가 존재할까요?? 언젠가 지구라는 행성이 종말이되고 인구도 사이버펑크처럼 임플란트 심는 시대와 먼훗날 공각기동대처럼 의식의 일부만으로 생명을 이어가는 시대가 올것이고 고스트러너처럼 기계화가 된채로 살아갈 날이 오고 원헌드레드 처럼 다른 사람의 의식으로 생명을 이어나갈 시대들 즉,과학과 의료기술이 고도화되어 이런 사대가 올날이 오고 현재 사람이라는 존재가 없는날이 올텐데 왜 인간들끼리 채권 채무가 존재할까요?? 전 늘 이 질문에 의문을 갖곤 합니다. 전쟁이나도 채권 채무를 따질까요?? 혹은 신체 기계화가 되는 시대 혹은 인구가 없는 시대가 올것이라고 장담합니다. 허나, 이 시대에도 채권 채무를 따질까요?? 혹은 지구 종말 직전에도 채권 채무를 따질까요?? 왜 지구라는 행성에서 채권채무가 굳이 왜?? 존재할까요?? 그것도 굳이 지구라는 행성에서 말이죠!! 이 광활한 우주에서 지구안에 인간이라는 존재만으로 채권 채무 혹은 자본주의가 굳이 필수적으로 있어야 할까요?? 인간이라는 존재만으로 자본주의 앞에서 굴복해야하는 존재가 되어야 할까요?? 전 이생각이 지금들어 채무는 맘편히 있으려 합니다. 지구안에 인간말고 다른 존재여도 채권 채무 즉,자본주의가 있고 따졌을지 의문이 듭니다. 카카카오뱅크-3,000,000원[남는금액:0원] 케이뱅크-2,000,000원[남는금액:0] 신한카드[신용대출]-5,000,000원[남는금액:0원] IBK 기업[체크소액신용]=200,000원[남는금액:0원] KB 국민카드[체크소액신용]-298,000[남는금액:2,200] 삼성카드[신용카드]-8 244,320원[남는금액:0원] 우리카드[체크소액신용]-279,252원[남는금액:20,748] 하나카드[체크소액신용]-291,280원[남는금액:8,720원] 롯데카드[체크소액신용]-300,000원[남는금액:0원] 우체국카드,MG새마을금고,KD산업은행,신협[체크소액신용]-292,900원[남는금액:7,100원]-{총 한도:300,000원} 우체국-292,900 MG새마을금고-0원 KD산업은-0원 신협-0원 네이버페이[후불결제]-200,000원 KT소액결제-999,690원[남는금액:310원] -9월 23일:21,105,442원[39,078원] {네이버페이+삼성카드+롯데카드+하나카드+BC카드+농협카드:952원 {어카운트인포 카드 포인트 전체:98원/포인트 가능잔액:96원 [어카운트인포 카드 포인트 전체+네이버페이 포인트:2,502원] [어카운트인포 포인트 가능잔액+네이버 페이 포인트:2,504원 ↪네이버페이 포인트:2,207원 ↪네이버페이 머니:199원=2,406원 ↪삼성카드 포인트:0원 ↪롯데카드 포인트:0원 ↪하나카드 포인트:0원 ↪BC카드 포인트:96원 ↪농협카드 포인트:2원 올리브영 포인트:36원[올리브 포인트:0원] 다이소 포인트:1,029원[다이소몰:2,490] GS ALL 포인트:3,307원[GS&POINT:0원] L.POINT:0원 신세계포인트:820원[이마트 e머니:730원] [9월 23일 최신 가용 자산/포인트 내역] ■ 계좌 출금 가능 현금 및 카드 포인트 (총 297원) - 네이버페이 머니: 199원 (계좌 출금 가능) - BC카드 포인트: 96원 (계좌 출금 가능) - 농협카드 포인트: 2원 (계좌 출금 가능) * 하나/삼성/롯데카드 포인트: 0원 ■ 제휴 및 쇼핑 포인트 (총 9,689원) 1. 네이버페이 포인트: 2,207원 (온라인 생필품/식료품 방어용) 2. 다이소 포인트: 3,509원 (매장 1,029원 + 다이소몰 2,490원) 3. GS ALL 포인트: 3,307원 (편의점/식비 방어용) 4. 신세계/이마트 포인트: 820원 (신세계 90원 + 이마트 e머니 730원) 5. 올리브영 포인트: 36원 (생필품/소모품 방어용) * 총 가용 자산 합계: 9,986원 (출금 가능 현금/포인트 297원 + 제휴/쇼핑 포인트 9,689원) 제 체무 및 포인트합계 입니다. 전 여러분들 고통과 어려운 상황 충분히 공감합니다. 그리고 역지사지로 생각해보면 직장다니는 분들 금전적으로 여유 있는 분들 반대로 생각해보면 직장다니거나 금전적 여유가 있어서 남들고통 어려운 상황 이해 못하실꺼라고 장담합니다. 직장다니거나 금전적여유가 있어서 남들고통 비하와 어려운 상황 공감 못하리라 장담합니다. 전 남들고통과 어려운 상황들 금전적인 어려움 충분히 공감합니다. 그래서 제가 몸이 좋지 않아도 주위에 도움이 필요한 상황이 놓이면 아묻따 무조건 도와줍니다. -본인 9월 1일~A카드사 연체/9월 15일~ 여러카드사 연체 ↪9월 1일~A카드사 연체 채권추심 진행중 입니다. ↪9월 15일~여러카드사 연체 독촉전화 및 문자 수신중입니다. -본인 신용회복위원회 신속채무조정할 예정이며, 파산신청도 준비중입니다. 저보다 심한 분들 계신다는것 또한 많이 공감합니다. 여러분 모두 복권1등 당첨되시길 절실히 바랍니다. 그리고 최근 몆가지 꿈이랑 최근 복권관련 경험에 대해서 얘기합니다. 1.복권 수동으로 구매했지만 3자리만 맞음-5천원 당첨되었습니다. 2.복권 자동 수동 각각 한장씩 구매했지만 수동 맞음-5천원 당첨되었습니다. 3.복권 자동 수동 각각 한장씩 구매했지만 각각 복권1등 숫자 자리가 맞았지만 아슬아슬하게 1등복권 숫자를 빗겨나갔습니다. 4.아버지께서 복권 1조당첨되는 꿈을 꿨고 시그니엘같은 아파트 구매한 꿈을 꿨습니다. ↪제가 학창시절때 사고로 머리를 다친기억이 있어 기억력이 좋지 않습니다. ↪이꿈을 꿨을 당시에 숫자가 다 나왔지만 내가 현실에서도 기억력이 좋지 않아서 꿈에서도 기억력이 좋지 않았지만 숫자두개를 기억했고 그 숫자 두개가 실제 복권번호랑 일치했습니다. 5.꿈에서 부처님 나오셔서 어머니 속썩이지 말고 엄마 잘 도와주고 남들도 잘도와주라고 말씀 하시고 엄마 속썩이거나 잘 안도와주면 로또 당첨 안되게 해준다고 하셨습니다. 그리고 부처님께서 처음에 복권번호 알려주시려다 제가 엄마 속 많이 썩여서 안알려주시고 다시 가셨습니다. ↪이것도 마찬가지로 ↪내가 학창시절때 사고로 머리를 다친기억이 있어 기억력이 좋지 않습니다. ↪이꿈을 꿨을 당시에 숫자가 다 나왔지만 내가 현실에서도 기억력이 좋지 않아서 꿈에서도 기억력이 좋지 않았지만 숫자두개를 기억했고 그 숫자 두개가 실제 복권번호랑 일치합니다. 그래서 복권이 아슬아슬하게 빗겨갑니다. 하지만 금전적인 어려움이 있으신 분들께 꼭!복권1등 당첨이 되었으면 좋겠습니다. -본인 신용불량자 모든통장들 압류는 감수하여 마음속으로 받아들이고 있습니다. ↪대신 생계비통장(압류방지통장과 수급자통장(압류방지통장) 다음달에 개설하려 합니다. 둘다 정부에서 실시한 제도여서 법적으로 압류가 안되는 통장입니다. -유체동산은 압류 안된다고 합니다. ↪신용회복위원회,변호사님 법률적 자문 L카드사 직원,A신용회사 직원 피셜입니다. 이유는 채권사에서 집행하려면 수십만원~몇백만원 내야하며 제가 아버지 명의 자가 아파트 거주중이며 제가 보유한것들은 소모품이라 경매해도 사갈사람 없으며 쓰던것들 누가 사냐고 실익이 없다고 합니다. 제가(제 아버지 집안물건) 보유한 목록들 입니다. [보유 물건 종합 목록] ■ 1. 화장품 및 스킨케어 / 세안용품 - 폼클렌징: 토리든(다이브인 저분자/시카), 리얼베리어 세라마이드 모이스처, 식물나라 - 필링젤: 닥터지 브라이트닝 필링젤 - 토너/에센스: 어성초 77 복숭아 나이아신 에센스 토너, 토리든(셀메이징 저분자 콜라겐 앰플/시카 각질 토너/다이브인 저분자 스킨 부스터), PDRN 100 히알루론산 부스터 토너, 바이오힐보 프로바이오덤 3D 리프팅 에센셜 토너 - 수분/수딩/크림: 토리든(시카/수딩크림/솔리드인 세라마이드 크림/셀메이징 저분자 콜라겐), 아누아(복숭아 77 나이아신 인리치드 크림/어성초 77 B3 징크 수딩 크림), PDRN 히알루론산 100 수분 크림, 바이오힐보(판테셀 리페어시카/프로바이오덤 리프팅/콜라겐 리모델링 크림/3D 리프팅 에멀전), NAD 프리즈셀 글로우 부스트 크림, 차앤박 더마앤서 배리어 리셋 크림, 토리든 솔리드인 세라마이드 올데이 에센스 - 미스트/팩: 토리든 다이브인 저분자 히알루론산(글로우/크림 미스트), 아누아 PDRN 히알루론산 수분 캡슐 미스트, 바이오힐보(판테셀 리페어시카 크림미스트/프로바이오덤 콜라겐 리모델링 세럼 겔), 아벤느 오 떼르말 - 핸드/립케어: 세라마이딘, 스카이보틀 핸드크림(화이트레인, 스테리 나이트블루, 아가베 고보습 무향), 네츄렬사인 립밤(아테나, 테이아, 비너스, 뮤즈) - 선케어: 토리든 다이브인 모이스처 수딩 선스틱, 토리든 밸런스풀 포맨 시카 오일 컨트롤 선스틱 ■ 2. 헤어 및 바디케어 - 바디워시: 레이비(산양유, 라벤더, 런던로즈, 아이스 그린티), 어노브(누바닐라, 로지아우라), 닥터브로너스(페퍼민트, 라벤더, 로즈, 그린티, 얼그레이, 아몬드, 티트리, 유칼립투스, 체리블라썸, 샌달우드 자스민, 시트러스 오렌지, 베이비 마일드), 닥터브로너스 오가닉 슈가솝(라벤더, 베이비 마일드, 레몬그라스 라임), 다슈 데일리 비타플렉스 올인원 바디워시 - 바디로션: 레이비(산양유, 라벤더, 런던로즈), 스카이보틀(화이트레인, 스테리 나이트), 어노브(누바닐라, 로지아우라) - 핸드워시: 스카이보틀 핸드워시(화이트레인, 스테리 나이트) - 샴푸: 라보에이치(두피강화, 두피쿨링&노세범, 댄드러프 클리닉, 민감더마 약산성, 블랑쉬앤우디, 페어앤프리지아), 닥터포헤어(폴리젠 바이오, 딥클린 쿨링, 폴리젠 실크, 피토테라피, 에어로 퓨리파잉, 얼그레이, 안티댄드러프), 어노브 딥 데미지 리페어(스윗 브리즈, 로지 아우라) - 트리트먼트: 닥터포헤어(헤리티지 얼그레이, 폴리젠 씨크닝 스칼프 컨디셔닝 마스크, 폴리젠 실크, 스위트딜라이트, 피토테라피 민감두피), 어노브 딥 데미지 헤어 EX(프레시 플로럴, 우디 플로럴, 텐더블룸), 라보에이치(모발강화, 비타민&단백질 캡슐) - 헤어미스트/에센스: 어노브(워터 에센스, 볼륨 업 헤어 픽서, 볼륨 업 컬링 에센스), 스카이보틀(화이트레인, 스테리 나이트), 닥터포헤어 쿨링, 라보에이치(모발강화 에센스, UV 선미스트) - 헤어 도구: 필리밀리 꼬리빗 (2P) ■ 3. 면도 / 위생 / 구강용품 - 면도기: 질레트(프로쉴드 옐로우 파워/메뉴얼, 프로쉴드 칠, 프로글라이드 울트라 파워/메뉴얼, 스킨텍 파워/메뉴얼, 퓨전 파워/메뉴얼, 랩스 딥 클렌징 바 기본/샤프 화이트/LCK 레전드, 마하3 클래식), 스위치블레이드(SWTCHBLADE) - 면도 크림/젤: 바버501 스무디(시카, 비타, 차촐, 샌달우드), 질레트(프로글라이드 센서티브 젤/폼, 센서티브 젤 퓨어스포츠, 스킨텍 젤/폼, 래피드 포밍 쉐이브 젤) - 면도기 소독/애프터케어: 위거 닥터 블레이드 소독기, 에프터 세이브(그린, 옐로) - 전기면도기: 필립스 S9000(S9071), 필립스 SkinIQ S9000 프레스티지(SP9883), 필립스 SkinIQ S9000 시리즈(S9973) + 카트리지 세정액(JC302, CC12, CC16), 브라운 프로스킨 플러스 9586cc(5793) - 칫솔/치약: 페리오토탈 칫솔(탄력/미세모), 마비스 치약(화이트 민트, 클래식 스트롱, 아쿠아 민트, 자스민 민트, 시나몬 민트, 진저 민트, 아니스 민트, 아마렐리 리코리스) - 항문 세정/케어: 아너스플리, 닥터에픽 포아너스, 치젠트리 리프레쉬 ■ 4. 반려견 용품 - 세정/위생: 오티프리 귀세정제, 브리더 이어파우더, 겸자가위, 플럼실키 샴푸, 데일리케얼 이지클렌징 버블 펫 발샴푸 - 구강케어: 시그니처바이 스토모액트 베오 치약, 플레이독 덴탈케어 치약 - 사료: ANF 소고기&연어, ANF 연어&흰살 - 헤어 브러쉬: 올그루밍 참빗, 버츠비 퍼피 더블 사이드 핀 브리슬 브러쉬, 버츠비 퍼피 눈꼽빗, 도기맨 슬리커 브러쉬 - 미용/가공 도구: 아키즈 AKITZ 소프트터치 미용가위 3종 세트, 디클펫 7in1 진공 흡입 미용기(LM1), 바비온 풋마스터 이발기(BCG-33) + 빗살캡/오일 - 안전/액세서리: 목줄라이트(레드), 카라비너형 LED 조명, 강아지 LED 팬던트 ■ 5. 영양제 및 건강보조식품 - 위/장 건강: 위세론 헬리코부스터, 테라퓨젠 헬리코컷 부스터, 락토핏(코어맥스, 비피더스, 장용성 솔루션2, 위케어), 비피젠 퓨어 비피더스 프리미엄, 듀오락(스탑, 골드, 위청장쾌), 재로우 울트라 도피러스 유산균(500억) - 간/소화/기타: 헬씨칸 밀크씨슬 로얄, 효소원 N 저분자 발효 곡물 소화 효소, 유한양행 알마겔에프현탁액, 아너스플리 바이렌스(항문영양제), 치젠트리 치밀한포, 데이베리어 후코민C(후코이단) - 뷰티/식이섬유: 그린펀치 샐러드, 겟비너스 유거트 ■ 6. IT / 전자기기 / 음향기기 - 노트북/PC: ASUS TUF GAMING (FA706IH / FA706IU-H7015T) + SK하이닉스 Gold P31 SSD(2TB) - 마우스/키보드: 맥스틸 TRON G10 PRO 마우스, 앱코 HACKER K640 프리미엄 키보드 - 스마트폰/태블릿: 삼성 갤럭시 S25 Ultra, 갤럭시 S23 Ultra, 갤럭시 S20 Ultra, 갤럭시 S8, 갤럭시 노트3, 아이폰 7 Plus, LG V10, 갤럭시 탭 S10+, 갤럭시 탭 A7 Lite, 비와이패드(M2-802L) - 스마트워치: 삼성 갤럭시 워치7, 갤럭시 워치5, 갤럭시 워치4 - 보조배터리/충전기: 삼성 배터리 팩 10000mAh(EB-P3401), 삼성 배터리 팩 20000mAh 45W(EB-P4520), 알로코리아 allo3000PD, 샤오미 보조배터리 3 20000mAh(PLM18ZM), 무아스/모노트 무선충전기, 알로코리아 직류전원장치(UC6100GPD), 보조배터리 5000 - 보스 헤드폰/이어폰/스피커: * Bose QuietComfort Ultra Headphones 2nd Gen (Drift Sandalwood) * Bose QuietComfort Ultra Headphones (White Smoke) * Bose QuietComfort Headphones (Cypress Green) * Bose QuietComfort 35 II (Silver) * Bose QuietComfort 35 II (Black) * Bose QC20 Android * Bose QuietComfort Ultra Earbuds (White Smoke) * Bose QuietComfort Earbuds II (Midnight Blue) * Bose SoundLink Micro Portable Speaker 2nd Gen (Petal Pink) - 기타 음향기기: 에어팟 프로 2세대, 에어팟 프로 1세대, 뱅앤올룹슨 Beoplay E8 - 모니터/프린터: LG 43인치 모니터(43MQ520S), 삼성 컬러 레이저 팩스복합기(SL-C563FW) + 토너/드럼/폐토너통 풀세트, 삼성 흑백 레이저 프린터(SL-M2023W) + 토너 - PC 주변기기: LITEON 외장 CD-ROM(ES1), 유니콘 4포트 USB 3.0 허브, NEXT 7포트+1 퀵차지 USB 허브, TP-Link 5포트 기가비트 스위칭허브(LS1005G) ■ 7. 생활가전 / 공구 및 잡화 - 청소/위생가전: 쿠쿠 진공청소기(CVC-B1010UG), 유버스 비데(BLS-40BE), 펠로우즈 문서 세단기(M-7C) - 주방가전: 쿠쿠 전기밥솥(CRP-DHPFF0615FGW), 휴롬 착즙기(H410), 필립스 전기주전자(HD9303/03), 쿠쿠 정수기(CP-TS100DS) - 계절/생활가전: 필립스 Thermo Protect 헤어 드라이어, 신일 35cm 리모컨 선풍기, 디스퍼 미스트 선풍기 2종(화이트, 블루), 다이소 미니 선풍기 - 공구류: 메이튼 클린포스 에어건, 타방 유/무선 충전식 에어펌프(PR-325), 전동 드라이버(NV74-DRV15), 자야 리튬해머드릴(JPD-126), 보쉬 임팩 드릴/드라이버(GSB 18-2-LI), 보쉬 전기왕복톱(GST 65) - 측정기/잡화: 무아스 체지방 체중계(MBC57), 다이소 스테인리스 주방저울, 블랑 LED 수납 탁상거울, 알파 제본용 이지 스테플러 -기타:축구공 농구공 다수/장남감 자동차RC카(5대)/토미카:8대-소형 유체동산 이라함은 요즘 나오는 최신 기기들 즉,몇백만원 기기들이 유체동산 압류대상이고 부동산은 제 명의로 되어있어야 유체동산 압류가 가능하다고 합니다. ↪기혼상태인것도 마찬가지 입니다. 고로 제 아버지 명의 자가 아파트 안에 있는 물건들은 압류해도 실익이 없다고 합니다. 아무튼 전 절실히 금전적으로 어려움이 있으신분 질병을 앓고 계시는분들 복권1등 당첨되시길 절실히 기도합니다!!-나무타미아불 관세음보살 제 통장 잔액입니다.(인증) 부동산/차-당연 없습니다. 주식/코인/유흥/술/담배-일절 안합니다.(생각도 안합니다.) 저는 중학교부터 애들한테 맞고자라 머리에 피가 고여서 성인이 된후 지금도 잘때마다 망치로 때리는 통증을 느끼며 가끔씩 마비증세가 오곤 합니다. 그래서 전 두개골이 함몰된채로 평생살아가야 합니다. 그리고전 인파선염 수술 하지정맥 수술 치질수술 전립선염판정 과민성대장증후군 염증성장질환(의증) 궤양성대장염 직전초기 역류성 식도염 인파선염(골반쪽 및 목,턱)을 앓고 있습니다. 정신과 약 복용하고 있습니다. 전 근로능력 즉,특정근무에 제한 있습니다. 교수님 오피셜 입니다. ↪무거운짐 나르는 직종:ex)마트일,물건 상하차등 -본인 기초생활수급자 신청한 상태입니다. -본인 아버지 명의 자가 아파트 무상 거주중 입니다. ↪매매 금액 약1억2천 후반대 -본인 1남2녀 장남 둘째 입니다. 본인 30대 초반 생일 늦어 만 20대 후반입니다. 가족들 모두 상황 어려워 도움 받기 불가능합니다. 지난 토요일 5천원 당첨되어 이번에 마지막 로또 구매입니다.",2026-09-23,강아지 소화,미상,,page,explore,2026-09-28T13:51:49
naver_kin,https://kin.naver.com/qna/detail.naver?dirId=80511&docId=495274079&answerNo=2,715be331a450f92b,강아지 배에서 꼬르륵 소리,강아지가 한번도 이런적이 없는데 배에서 꾸르륵 소리가 나요 저번주에 장염에 걸렸었는데 그거 때문일까요 소라가 너무 커서 걱정이되어요 … 똥은 잘 싸고 토도 안했어요,2026-09-22,강아지 소화,미상,,page,explore,2026-09-28T13:51:49
naver_kin,https://kin.naver.com/qna/detail.naver?dirId=80501&docId=495276329&answerNo=1,920d0ca723df5551,강아지 가 핏물 묻은 갑티슈 4~5장 먹었어요.,제목 그대로 돼지고기 해동시켰는데 핏물이 흘러나와서 갑티슈 4~5장정도 뽑아서 닦아놨는데 그걸 귀신같이 꺼내서 뜯어먹었어요…. 발견했을땐 반 장?정도 남아있었구요… 위험할까요?,2026-09-23,강아지 소화,미상,,page,explore,2026-09-28T13:51:49
naver_kin,https://kin.naver.com/qna/detail.naver?dirId=80511&docId=495316032&answerNo=2,71c9fc2396099fc3,2개월 강아지 가 너무 찡찡대요,"2개월 된 아가 푸들을 키우고 있는데요,, 애가 혼자 울타리 안에 넣어두면 찡찡대고 짖고 난리가 나요,,,, 어떻게 해야할까요?? 요즘 감기기운도 있어서 기침도 하는데 너무 안쓰러워요…",2026-09-27,강아지 식욕,미상,,page,explore,2026-09-28T13:52:22
naver_kin,https://kin.naver.com/qna/detail.naver?dirId=80511&docId=495315314&answerNo=1,17a6c2f9dc104528,3살 강아지 불안증세(헥헥거림 등)로 인한 제다큐어 처방 받....,"안녕하세요 믹스견 3살 여아 (중성화 O) 강아지 원래 성격이 소심하고 예민하고 겁이 많아요. 자그마한 소리에도 잘 놀라는데, 최근 이유 모를 원인으로 인한 불안증세(헥헥거리고 부들부들 떱니다.)로 인해 기존에 내원했던 동물병원에 데리고 가니 불안증세을 완화해주는 약이라며 제다큐어(치매약)을 처방 해주셨습니다. 강아지를 본가에서 키우고 있어서 제가 직접 상황을 보거나 병원에 내원해서 처방 받은 것이 아닌 부모님을 통해 전달받은 내용인데, 알아보니 제다큐어는 치매약(인지기능장애) 이더라구요.. 월요일에 되면 동물병원에 전화해서 해당 약으로 복용하면 되는지에 대해 물어볼 거긴 한데 주말이라 어디 물어볼 곳이 없어서 지식인 수의사 선생님들께 질문드립니다ㅠㅠ 많은 고견 부탁드리겠습니다.",2026-09-26,강아지 식욕,미상,,page,explore,2026-09-28T13:52:22
naver_kin,https://kin.naver.com/qna/detail.naver?dirId=80511&docId=495310250&answerNo=3,cd874f779c4c3fe8,강아지 기동태전을훔쳐먹었어요 ㅠ,강아지가 동태전을 훔쳐먹었어요.. 3살인데 딱히 알러지나그런건없는아이고 ㅠ 설사하거나 토하면 그때 병원데려가면 약먹고 나아지겠죠? 막 엄청 초콜렛처럼 그렇게 위험한건아니겠죠?? 전이라서 ㅠㅠ하.... 다행히 토하거나설사는안하고 컨디션좋고.... 지금 제 속도 모르고 태어나서 처음맛본동태전이라..... 세상 행복하게 뛰어다니고 표정도 행복해하는데 하루정도 지켜보면 될까요?? 간이되있는거라 걱정돼여 ....ㅠㅠ,2026-09-26,강아지 식욕,미상,,page,explore,2026-09-28T13:52:22
naver_kin,https://kin.naver.com/qna/detail.naver?dirId=8050105&docId=495312811&answerNo=4,21779c524af74a0d,강아지 가 조금만 건드려도 깽 거려요,제가 강아지 잘때 엉덩이 쪽 털을 간지럽혔는데 깽 거리고 제가 조금만 건드려도 깽 거리더라구요 원래는 안 그랬는데 특정부위가 아픈건가해도 아닌거 같고.. 잘때 건드려도 가만히 있는 아이에요 어디가 아픈건가 싶어도 어디가 아픈건지 모르겠고 어떡해야할까요.. ㅠㅠ,2026-09-26,강아지 식욕,미상,,page,explore,2026-09-28T13:52:22
naver_kin,https://kin.naver.com/qna/detail.naver?dirId=80511&docId=495310463&answerNo=1,e3310a5cd7705c96,강아지 가 샤인머스캣을 뜯어먹었어요....,시골집에서 강아지 냅두고 잠깐 나갔다왔는데 얘가 다른 방에 있던 샤인머스캣 한 알을 한입 뜯어먹었어요.. 포도는 절대 주면 안된다고 해서 너무 걱정돼서 병원 가봐야되는거 아니냐고 했는데 가족들은 지금은 멀쩡하니까 지켜보자고 그래요... 어떡하면 좋을까요...??? 진짜 급해요...,2026-09-26,강아지 식욕,미상,,page,explore,2026-09-28T13:52:22
naver_kin,https://kin.naver.com/qna/detail.naver?dirId=8050104&docId=495308619&answerNo=1,d3e674a86acd60dc,이거 강아지 혈변인가요ㅠㅠㅠ,이거 강아지 혈변인가요ㅜㅜㅜㅠㅠ어떡하져ㅜㅜㅜ,2026-09-26,강아지 식욕,미상,,page,explore,2026-09-28T13:52:22
naver_kin,https://kin.naver.com/qna/detail.naver?dirId=80511&docId=495306157&answerNo=1,0588b1da02e5dff2,강아지 가 물을 너무 많이 마십니다 ㅜ,말 그대로.. 물을 하루에 자주 먹고 살이 심각하게 찐거는 아닌데 살도 찌고 밥도 평소보다 많이ㅠ먹고 근데 많이 먹은지는 반년 되가요..ㅜ 근데 제생각에는 이번년도 초부터 귀에 피고름이 차서 (이개혈종)자주 빼러 다니고 했는데 그거 때문인가.. 싶기도 한데 이게 연관성이 있나요..? 산책도 많이 하는데 살도 찌고 ㅠ,2026-09-26,강아지 식욕,미상,,page,explore,2026-09-28T13:52:22
naver_kin,https://kin.naver.com/qna/detail.naver?dirId=80511&docId=495301753&answerNo=2,55e93b5d796097ad,말티즈 8살 세번 물토,하얀색거품?이 섞인 물토를 연달아 세번 했어요 ㅜㅜ 두번째 토에서 투명한 동전만한 콩껍데기가 나왔어요 토하고 직후에 약간 떨다가 지금은 괜찮아졌는데 병원 가봐야 하는 심각한 상황인가요,2026-09-25,강아지 식욕,미상,,page,explore,2026-09-28T13:52:22
naver_kin,https://kin.naver.com/qna/detail.naver?dirId=8050105&docId=495299629&answerNo=1,fea1918c0e48f7f6,강아강아강아,강아지가 자꾸 저한테 몸 비비면서 낑낑대서 만져주면 째려보는데 왜 이러나요 아픈거일까요??,2026-09-25,강아지 식욕,미상,,page,explore,2026-09-28T13:52:22
naver_kin,https://kin.naver.com/qna/detail.naver?dirId=80501&docId=495291045&answerNo=2,d6e44e24ea49d259,4개월 강아지,4개월 셀티 아가인데 다른 애들에 비해서 체중도 많이 덜 나가고 작은거 같은데 괜찮나요..?? 털도 풍성하게 자라겠죠..?? 식욕도 좋고 체력도 좋고 대소변도 정상입니다! 사료양도 늘려서 체중도 늘리는 중이고요,2026-09-24,강아지 식욕,미상,,page,explore,2026-09-28T13:52:22
naver_kin,https://kin.naver.com/qna/detail.naver?dirId=80511&docId=495296747&answerNo=2,0502b4ae7d8b122d,강아지 양치 한번도 안햇는데,괜찮나요? 6개월 되가는데요 양치 6개월동안 한번도 안하면 이빨 썩나요? 개껌은 저번에 몇번 줬어요,2026-09-25,강아지 간식 관리,미상,,page,explore,2026-09-28T13:52:52
naver_kin,https://kin.naver.com/qna/detail.naver?dirId=8020602&docId=495318317&answerNo=1,a725dae4e0f31ae4,매트리스 커버에 묻은 당근 물 빼는법,강아지가 제 침대에서 당근을 먹는 바람에 당근 물이 묻었는데 어떻게 지우나요?,2026-09-27,강아지 간식 관리,미상,,page,explore,2026-09-28T13:52:52
naver_kin,https://kin.naver.com/qna/detail.naver?dirId=8050105&docId=495299612&answerNo=3,2ca377d4f3f64ca3,강아지 자꾸 얼굴긁음,자꾸 자기발로 얼굴이랑 목쪽을 긁고 자기 다리털을 막 씹어요 이갈이 때문에 그런건가요 아니면 다른 이유가 있는건가요?,2026-09-25,강아지 간식 관리,미상,,page,explore,2026-09-28T13:52:52
naver_kin,https://kin.naver.com/qna/detail.naver?dirId=8050105&docId=495315383&answerNo=4,1f71c16d353e9c41,강아지 소형견 계란 하루 급여량 어느정도인지 궁금해요~,하루 2개정도 괜찮나요? 너무 많은거같기도하고 알려주세요,2026-09-26,강아지 간식 관리,미상,,page,explore,2026-09-28T13:52:52
naver_kin,https://kin.naver.com/qna/detail.naver?dirId=8050105&docId=495314311&answerNo=2,9a5a09f851377457,강아지 궁금,강아지한테 손 가르쳤더니 계속 손을 하는데 어떡하죠..,2026-09-26,강아지 간식 관리,미상,,page,explore,2026-09-28T13:52:52
naver_kin,https://kin.naver.com/qna/detail.naver?dirId=8050105&docId=495313156&answerNo=1,07e58a5d4d752c2b,강아지 발바닥이 너무 건조한거같아슈 계속 빠는데 사람 바....,"사람용 바세린은 강아지가 조금 먹는 정도로는 큰 문제가 없는 편이지만, 발바닥에는 추천하지 않아요. 바르자마자 입으로 먹게 되고, 많이 먹으면 설사를 할 수 있으며, 바닥이 미끄러워져서 미끄러지기 쉽거든요. 특히 향이나 성분이 추가된 사람용 크림은 피해주세요. ​ 대신 강아지 전용 발바닥 밤(풋밤)을 쓰시는 걸 추천드려요. 핥아도 괜찮은 성분으로 만들어져 있고, 산책 후 발을 닦고 바른 뒤 간식이나 놀이로 잠깐 주의를 돌리면 흡수가 잘 됩니다. 자기 전에 바르는 것도 좋아요. ​ 건조해지는 원인도 함께 줄여주세요. 뜨거운 아스팔트나 거친 길을 오래 걷거나, 발을 자주 물로 씻고 제대로 말리지 않으면 더 건조해져요. 실내 습도를 적당히 유지하는 것도 도움이 됩니다. ​ 다만 발바닥이 갈라져서 피가 나거나, 빨갛게 붓거나, 절뚝거리거나 발을 계속 핥는다면 동물병원에서 확인받으세요.",2026-09-26,강아지 간식 관리,미상,,page,explore,2026-09-28T13:52:52
naver_kin,https://kin.naver.com/qna/detail.naver?dirId=8050105&docId=495311670&answerNo=1,b8a16262c18e8069,강아지 꼬리물기 돌기,강아지가 맨날 꼬리물기를 해요 맨날 보면 꼬리 털을 무는데 어떻게 고쳐야 하나요ㅠㅠ 2살이상이면 멈춘다고 그랬는데 지금 6살이에요 그냥 스트레스가 주원인이라고도 하는데 어떻게 해줘야 할 지 모르겠어요,2026-09-26,강아지 간식 관리,미상,,page,explore,2026-09-28T13:52:52
naver_kin,https://kin.naver.com/qna/detail.naver?dirId=80501&docId=495307277&answerNo=1,6565de1b8bd36c1c,그로넨달 키우기,"제가 최근 그로넨달에게 엄청 푹 빠져서… 사실 개를 키우고 싶다는 생각은 막연히 하긴 했지만 장말 키우고싶다! 한 개는 처음이에요 아무튼… 일단 제가 그로넨달에 대해서 이것저것 열심히 공부하고 있긴 한데… 아무래도 지금 사는 집이 6.5평 오피스텔 자취방이라… 키우게된다면 내년 여름 이사를 할 예정입니다! 산책은 제가 교대근무자라 오전, 오후 퇴근 후, 야간은 점심때쯤 1~2시간 산책 할 예정이고, 저도 밖에 나가서 활동적으로 노는 타입이라 체력은 걱정 없습니다! 다만 걱정되는것은 제가 근무를 하루에 16시간 할 때도 있고, 집에 고양이가 한 마리 있으며 얼마 전에… 아무것도 모르고 아기강아지를 임보햇다가 무지개별로 보내준 적이 있어서… 잘 키울 수 있을까 걱정됩니다…. 1. 만약 환경이 충분히 준비되면 브리더를 어떻게 찾아봐야 하는지. (펫샵이 아닌곳을 찾는 법) 2. 최소 환경 구성은 어느정도가 적절한지 3. 간혹 하루이틀 산책이 불가능한 날이 있어도 괜찮은지.. 4. 외 기타적으로 구비되어있거나 준비되어있으면 좋은 것 알려주시면 감사드리겠습니다!",2026-09-26,강아지 간식 관리,미상,,page,explore,2026-09-28T13:52:52
naver_kin,https://kin.naver.com/qna/detail.naver?dirId=8050103&docId=495306372&answerNo=1,885a06740398ac33,"강아지 척수염, 척수공동증",강아지가 6살에 척수공동증이 왔어요 근데 보름? 도안돼서 눈물이 터졌어요 원래 눈물 없는아인데 먹는거 간식 사료 이런거에 여태 알러지 없던아이거든요 먹이던거 그대로 먹이는데 아프고 보름도 안돼서 눈물이 터졌어요 원래 아프면 눈물이 터질수도 있나요? 이게 알러지가 아니라면 어떻게 눈물을 잡아야할까요? 공동증 치료는 완치는 못하는 병이고 관리해야하는 병이라고 알고있어요 공동증 치료를 해야 눈물이 잡힐까요 아니면 이제와서 사료라도 봐꿔보는게 좋을까요? 이제 벌써 일년전인데 아직도 눈물이 계속나고 아이 상태는 별 호전이 없네요,2026-09-26,강아지 간식 관리,미상,,page,explore,2026-09-28T13:52:52
naver_kin,https://kin.naver.com/qna/detail.naver?dirId=8050103&docId=495306372&answerNo=0,c7fdc69c5cf183bb,"강아지 척수염, 척수공동증",강아지가 6살에 척수공동증이 왔어요 근데 보름? 도안돼서 눈물이 터졌어요 원래 눈물 없는아인데 먹는거 간식 사료 이런거에 여태 알러지 없던아이거든요 먹이던거 그대로 먹이는데 아프고 보름도 안돼서 눈물이 터졌어요 원래 아프면 눈물이 터질수도 있나요? 이게 알러지가 아니라면 어떻게 눈물을 잡아야할까요? 공동증 치료는 완치는 못하는 병이고 관리해야하는 병이라고 알고있어요 공동증 치료를 해야 눈물이 잡힐까요 아니면 이제와서 사료라도 봐꿔보는게 좋을까요? 이제 벌써 일년전인데 아직도 눈물이 계속나고 아이 상태는 별 호전이 없네요,2026-09-26,강아지 간식 관리,미상,,page,explore,2026-09-28T13:52:52
naver_kin,https://kin.naver.com/qna/detail.naver?dirId=80511&docId=495093286&answerNo=3,c82150a3811c8357,노견 강아지 장염 중기,제가 키우고 있는 올해 12살 반려견이 약 이틀째 설사하듯 묽은 변을 싸고 피가 함께 나오기도 해서 병원 가서 진료를 받아보니 장염 중기라고 하더라고요 새로운 음식을 추가하지 않고 간식을 제외하고서 사료만 먹이는 게 낫다고 하셨는데 올바른 방법인지 그리고 뭐든 괜찮은 질병이라곤 할 순 없겠지만 장염 중기면 안 좋은 건지 묻고 싶습니다.. 애가 힘도 없고 설사만 해대서 마음이 안 좋네요...,2026-09-09,노견 식사,미상,,page,explore,2026-09-28T13:53:18
naver_kin,https://kin.naver.com/qna/detail.naver?dirId=70204&docId=495001155&answerNo=2,f65c9251fb89b8d8,강아지 치주염??,노견 강아지 13살인데 어제 어금니가 빠졌더라고요.. 이빨이 아파서 그런가 밥 먹고 얼굴을 항상 닦아요.. 스케일링 할 돈은 없고.. 치주염 약만 받아도 강아지가 괜찮나요?,2026-09-02,노견 식사,미상,,page,explore,2026-09-28T13:53:18
naver_kin,https://kin.naver.com/qna/detail.naver?dirId=8050103&docId=494863449&answerNo=1,b66fd47792477610,강아지 가 아픈데 병원을 못 데려가요.,"2016년생 포메를 키우고 있는 고딩 주인입니다. 2020년에 가정분양을 받아 약 6년째 키우고 있습니다. 처음 왔을 때부터 치아 상태가 좋지못하고, 속이 좋지 못한 애였고, 자율식사를 하던 애입니다. 어렸을때부터 사료를 줬음에도 밥을 안먹을때가 많았고 하루만 지나면 다시 먹길래 그렇게 엄청 신경쓰진 않았는데, 애가 노견이 되니까 슬슬 치아상태도 그렇고, 속이 안좋을때가 자주인데다 가끔씩 노란색 토를 해서 너무나도 걱정이 됩니다. 치아같은 경우 이빨이 거의 다 흔들리고 빠질건 빠져있는데다 속은 어찌나 약한지 거의 항상 속에서 꾸룩꾸룩 거립니다. 양치를 해주려해도 이빨이 약해서 제대로 하지도 못하고 속이 안좋으니 유산균 같은 것도 안먹으려합니다. 그래서 부모님께 병원에 같이 가자고 하니 개가 무슨 병원이냐며 막으려는 아빠와 좀만 더 지켜보자라는 말만 수백번 반복중인 엄마가 있습니다. 얼마전엔 눈 한쪽 아래가 좀 부었어서 걱정이 되어 말해보니 더 지켜보자했구요. 그래서 저 혼자가려했지만 생각보다 비용도 비싸고, 제가 받는 용돈도 적어서 가질 못하고 있습니다. 이러다가 저희 강아지 너무 빨리갈까봐 걱정이 됩니다. 집에서 할 수 있는 괜찮은 조치 어디 없을꺼요…? 부탁드립니다 ㅠㅠㅠ",2026-08-24,노견 식사,미상,,page,explore,2026-09-28T13:53:18
naver_kin,https://kin.naver.com/qna/detail.naver?dirId=80511&docId=494834490&answerNo=1,63f72ba138409375,실외배변견 짧은 산책 하나 추가하면 스트레스 받을까요?,"안녕하세요 선생님 실외배변을 하는 강아지를 키우고 있는 보호자입니다. 반려견의 산책과 배변 습관에 대해 고민이 생겨 질문드립니다. [현재 상황] 산책 스케줄: 하루 2회 (오전 6시, 오후 8시) 배변 상황: 대변은 100% 실외에서, 소변은 가끔 실내에서도 함. 원래는 실내에서도 잘 했으나 산책을 규칙적으로 나가고 부터는 실내배변을 잘 안 함..ㅜㅜ 종: 미니 말티즈, 12살 [변경하려는 계획] 낮 동안 소변을 너무 오래 참는 것 같아서, 저녁 식사 전(오후 6시경)에 딱 5분 정도만 집 앞에 나가서 소변만 뉘고 들어오는 '짧은 배변 산책'을 1회 추가하려고 합니다. (하루 총 3회 산책) [궁금한 점] 강아지들은 밖에서 소변을 한 번에 다 비우지 않고, 산책하는 내내 찔끔찔끔 끊어서 여러 군데에 나눠서 싸는(마킹) 습성이 있잖아요. 만약 5분만 짧게 나가서 처음에 굵게 세 네 번만 쉬를 하게 한 뒤, 강아지가 아직 마킹을 다 끝내지 않은 상태에서 바로 집으로 데리고 들어오면요. 강아지 입장에서는 소변을 싸다 만 것처럼 찝찝해하거나 심리적인 스트레스를 받지는 않을까요? 강아지에게 정서적으로나 신체적으로 무리가 없는지 수의사 선생님의 고견이 궁금합니다. 감사합니다! ****ai 사용, 비전문가 답변은 채택하지 않습니다.",2026-08-21,노견 식사,미상,,page,explore,2026-09-28T13:53:18
naver_kin,https://kin.naver.com/qna/detail.naver?dirId=80511&docId=494763343&answerNo=5,f56cf04643160f0d,강아지 수술후 극심한 공포 용변지림,강아지가 중성화 수술 하고나서 병원에 실밥 푸르러 갔더니 샘이 잡으니까 바로 우두둑 똥을 막 지리더라구요. 11살인데 처음있는 일이예요. 지금까지 크게 아파본적은 없지만 건강검진도 병원도 주기적으로 다녀왔고 수술후 힘들었나 보다하고 넘겼어요. 수술하고 좀 아문것같아서 몇일전에 부분 미용을 맡기러 데려갔는데 미용사가 잡고 발톱만 잘랐는데도 또 응가를 싸더라구요. 수술 후 누군가가 잡고 뭔가를 하면 이렇게 극심한 공포를 느끼며 변을 지려서 미용도 못하고 데려왔어요. 어떻게 해야할지 모르겠어요. 병원에서는 노견이라서 그럴수 있다는데 지금까지 병원도 많이다니고 검진도 자주 받아왔는데 노견문젠 아닌것같고 무서워서 우는애보고 불쌍해서 미안하네요ㅠ 어떻게 해주면 좋을까요?미용도 안할수도 없구요.,2026-08-16,노견 식사,미상,,page,explore,2026-09-28T13:53:18
naver_kin,https://kin.naver.com/qna/detail.naver?dirId=80511&docId=494773694&answerNo=1,b3e0397a2a45b2ab,강아지 심부전,13살 노견 강아지 키우고 있어요 분명 6월달까진 잘 뛰고 산책도 잘하고 밥도 잘 먹었어요 7월초중반땐 뛰진 않고 산책은 잘 했어요 밥도 잘 먹구요... 근데 7월말~8월초 갑자기 밥을 뚝 끊고 산책도 30초 이상 걷지도 않아서... 공복토도 하구요 병원 데려갔더니 심부전이고 많이 진행됐다네요...? 너무 당황스럽고 갑자기 하루아침에 상태가 너무 안 좋아져서 원래 심부전이 이런가요? 저번주에만 해도... 산책 나가는 것도 좋아하고 밥도 잘 먹었는데...,2026-08-17,노견 식사,미상,,page,explore,2026-09-28T13:53:18
naver_kin,https://kin.naver.com/qna/detail.naver?dirId=80511&docId=494743642&answerNo=5,c87f15bd59c6b026,심부전 강아지 식욕저하,"안녕하세요 13살 노견 말티즈 강아지가 일주일전 심부전 판정을 받았어요. 심장도 안 좋구 콩팥 수치도 안 좋다구 하더라구요.. 이미 꽤 진행 됐다고 하구요 병원에서 하루 한팩씩 수액 맞고 있고 약도 복용중인데 밥을 아예 안 먹습니다 일주일 됐어요... 좋아하던 간식, 소고기, 강아지용 참치캔, 강아지용 삼계죽,,, 불린 사료... 다 해줘도 안 먹고 씹다가 뱉습니다... 어떻게든 먹이라고 하셔서 믹서기에 갈아 주사기로 강급 중인데요 ㅠㅠㅠ 말티즈라 그런지 입질도 심하고 저항도 쎕니다... 걔속 강급을 해야할까요? 심부전 있는 강아지 입맛 다시 살아나게 하려면 어떻게 해야 할까요... 매번 많이 먹이지도 못하고 물려서 실패합니다...",2026-08-14,노견 식사,미상,,page,explore,2026-09-28T13:53:18
naver_kin,https://kin.naver.com/qna/detail.naver?dirId=80511&docId=494743642&answerNo=4,71a287ad637f4896,심부전 강아지 식욕저하,"안녕하세요 13살 노견 말티즈 강아지가 일주일전 심부전 판정을 받았어요. 심장도 안 좋구 콩팥 수치도 안 좋다구 하더라구요.. 이미 꽤 진행 됐다고 하구요 병원에서 하루 한팩씩 수액 맞고 있고 약도 복용중인데 밥을 아예 안 먹습니다 일주일 됐어요... 좋아하던 간식, 소고기, 강아지용 참치캔, 강아지용 삼계죽,,, 불린 사료... 다 해줘도 안 먹고 씹다가 뱉습니다... 어떻게든 먹이라고 하셔서 믹서기에 갈아 주사기로 강급 중인데요 ㅠㅠㅠ 말티즈라 그런지 입질도 심하고 저항도 쎕니다... 걔속 강급을 해야할까요? 심부전 있는 강아지 입맛 다시 살아나게 하려면 어떻게 해야 할까요... 매번 많이 먹이지도 못하고 물려서 실패합니다...",2026-08-14,노견 식사,미상,,page,explore,2026-09-28T13:53:18
naver_kin,https://kin.naver.com/qna/detail.naver?dirId=80511&docId=494743642&answerNo=3,31e45d0bd23a2394,심부전 강아지 식욕저하,"안녕하세요 13살 노견 말티즈 강아지가 일주일전 심부전 판정을 받았어요. 심장도 안 좋구 콩팥 수치도 안 좋다구 하더라구요.. 이미 꽤 진행 됐다고 하구요 병원에서 하루 한팩씩 수액 맞고 있고 약도 복용중인데 밥을 아예 안 먹습니다 일주일 됐어요... 좋아하던 간식, 소고기, 강아지용 참치캔, 강아지용 삼계죽,,, 불린 사료... 다 해줘도 안 먹고 씹다가 뱉습니다... 어떻게든 먹이라고 하셔서 믹서기에 갈아 주사기로 강급 중인데요 ㅠㅠㅠ 말티즈라 그런지 입질도 심하고 저항도 쎕니다... 걔속 강급을 해야할까요? 심부전 있는 강아지 입맛 다시 살아나게 하려면 어떻게 해야 할까요... 매번 많이 먹이지도 못하고 물려서 실패합니다...",2026-08-14,노견 식사,미상,,page,explore,2026-09-28T13:53:18
naver_kin,https://kin.naver.com/qna/detail.naver?dirId=80511&docId=494743642&answerNo=1,3e3ac7640d05d252,심부전 강아지 식욕저하,"안녕하세요 13살 노견 말티즈 강아지가 일주일전 심부전 판정을 받았어요. 심장도 안 좋구 콩팥 수치도 안 좋다구 하더라구요.. 이미 꽤 진행 됐다고 하구요 병원에서 하루 한팩씩 수액 맞고 있고 약도 복용중인데 밥을 아예 안 먹습니다 일주일 됐어요... 좋아하던 간식, 소고기, 강아지용 참치캔, 강아지용 삼계죽,,, 불린 사료... 다 해줘도 안 먹고 씹다가 뱉습니다... 어떻게든 먹이라고 하셔서 믹서기에 갈아 주사기로 강급 중인데요 ㅠㅠㅠ 말티즈라 그런지 입질도 심하고 저항도 쎕니다... 걔속 강급을 해야할까요? 심부전 있는 강아지 입맛 다시 살아나게 하려면 어떻게 해야 할까요... 매번 많이 먹이지도 못하고 물려서 실패합니다...",2026-08-14,노견 식사,미상,,page,explore,2026-09-28T13:53:18
naver_kin,https://kin.naver.com/qna/detail.naver?dirId=80501&docId=495291045&answerNo=1,897a52f2b0ea268c,4개월 강아지,4개월 셀티 아가인데 다른 애들에 비해서 체중도 많이 덜 나가고 작은거 같은데 괜찮나요..?? 털도 풍성하게 자라겠죠..?? 식욕도 좋고 체력도 좋고 대소변도 정상입니다! 사료양도 늘려서 체중도 늘리는 중이고요,2026-09-24,강아지 체중 관리,미상,,page,explore,2026-09-28T13:53:51
naver_kin,https://kin.naver.com/qna/detail.naver?dirId=8050105&docId=495268236&answerNo=2,60e20348e38cd0cb,강아지 살찜,강아지가 요즘 얼굴이랑 배에 살이 쪘어요..,2026-09-22,강아지 체중 관리,미상,,page,explore,2026-09-28T13:53:51
naver_kin,https://kin.naver.com/qna/detail.naver?dirId=8050105&docId=495268236&answerNo=1,c31ea186bbd3d04c,강아지 살찜,강아지가 요즘 얼굴이랑 배에 살이 쪘어요..,2026-09-22,강아지 체중 관리,미상,,page,explore,2026-09-28T13:53:51
naver_kin,https://kin.naver.com/qna/detail.naver?dirId=8050105&docId=495261893&answerNo=3,179e64ce5213528d,강아지 자궁축농증 약물치료 비용,약물치료는 비용이 어떻게 되나요,2026-09-22,강아지 체중 관리,미상,,page,explore,2026-09-28T13:53:51
naver_kin,https://kin.naver.com/qna/detail.naver?dirId=8050105&docId=495261893&answerNo=1,10dd2652d7ba4a1e,강아지 자궁축농증 약물치료 비용,약물치료는 비용이 어떻게 되나요,2026-09-22,강아지 체중 관리,미상,,page,explore,2026-09-28T13:53:51
naver_kin,https://kin.naver.com/qna/detail.naver?dirId=8050104&docId=495178980&answerNo=6,ab160c09f5db80b4,강아지 하루 몇끼 줘야할까요,견종은 말티푸이고 이제 곧 3살되요,2026-09-15,강아지 체중 관리,미상,,page,explore,2026-09-28T13:53:51
naver_kin,https://kin.naver.com/qna/detail.naver?dirId=8050103&docId=495178025&answerNo=3,f2110e95f21910e6,강아지 사료관련하여 문의합니다,안녕하세요 11살 노견을 키우고있는데요 8년 넘게 먹이고 있는 처방식 사료가 있습니다 근데 최근에 갑자기 심한 설사증세를 보이더라구요 뭐가문제인지 알아보려 먹이는 걸 하나씩 제외 해가면서 알아봤는데 결국은 사료만 남더라구요 오랫동안 먹이던 사료도 갑자기 이렇게 설사증세를 보일수가있나요?,2026-09-15,강아지 체중 관리,미상,,page,explore,2026-09-28T13:53:51
naver_kin,https://kin.naver.com/qna/detail.naver?dirId=8050105&docId=495244767&answerNo=2,c76710b7e19e058e,강아지 산책,강아지도 산책하고걷다보면 몸무게 줄어드나요?,2026-09-20,강아지 체중 관리,미상,,page,explore,2026-09-28T13:53:51
naver_kin,https://kin.naver.com/qna/detail.naver?dirId=8050105&docId=495221386&answerNo=1,fdd71fb4707523b5,강아지 털에 관해서 질문드립니다,저희집 강아지가 8.8 키로인데요 여기서 문득 털 무게가 궁금해지는데요 털무게는 대략 얼마나갈까요? 1kg도 나갈수 있나여?,2026-09-18,강아지 체중 관리,미상,,page,explore,2026-09-28T13:53:51
naver_kin,https://kin.naver.com/qna/detail.naver?dirId=50801&docId=495160105&answerNo=3,27cad9dbd65ea09c,강아지 눈 영양제 먹이시는 분들 어떤 식으로 관리 하시나요?,저희 집 비숑 눈물자국이 좀 많은 편이라 요즘 강아지 눈 영양제 알아보고 있습니다. 눈 밑도 자주 젖고 닦아줘도 며칠 지나면 또 자국이 보여서 그냥 닦아주는 것만으로는 부족한가 싶습니다ㅠㅠ 강아지 눈 영양제 먹이면서 눈가 관리도 따로 해줘야 하나요? 보다 보니까 티어스루틴이라는 것도 있던데 해보신 분 계시면 어떤 건지도 궁금합니다.,2026-09-14,강아지 체중 관리,미상,,page,explore,2026-09-28T13:53:51
naver_kin,https://kin.naver.com/qna/detail.naver?dirId=40101&docId=495279035&answerNo=2,4948f1be627c8c66,30대남자 질문,"강아지한마리와 같이 살고 있는 30대 미혼 남자입니다. 제가 고정지출 주거비용만 80만원 넘게 나오고(관리비,전기세전부포함) 보험료가 14.5만원정도 나옵니다.(종합건강+실손) 핸드폰 3만6천원(알뜰요금제,무제한) 렌탈료(공기청정기2대,정수기) 8만원 이것만해도 한달에 백만원조금넘게 나오는데 제가 집은 상당히 만족스럽거든요 일단 잠자는데 지장 1도 없고 소음도 없고 구조도 좋고 직장은 걸어서 12분정도. 집근처에 대형마트, 편의점, 헬스장, 병원 등 전부 도보 1~7분거리에 있어요 원래는 자차가 있었으나 이사한후 두세달동안 지하주차장에 썩고 타지도 않는차 돈이 너무아까워서 차가 필요 없어져서 팔고 평소에는 개인전동킥보드로 출퇴합니다. 제가 강아지 한마리와 같이 살고 있다보니 직장과 최대한 가깝고 조그만원룸보다는 반려견이 되는 조금 넓은 집을 선호했었어서 현재 4달쨰살고있는데 솔직히 집의 위치나 구조, 소음이 크게 없는게 너무 엄청 만족스럽거든요 근데 제가 아직 월세 살이다보니.. 그리고 제가 강아지한테 한달에 3~40만원정도쓰고 저축을 120만원정도합니다. 그럼 남는 금액이 70~80정도되는데요 돈을 더 모을려면 나중에 이사를 가는게 맞는걸까요 아니면 그냥 이집에 사는게 맞는걸까요 욕심인가요? 제가 전에 집에 두달살다가 층간소음이 너무너무 심했어서 두세번정도 민원넣고 하니 집주인분이 그래도 이사 조건없이 바로 뺴주셔서 진짜 힘들게 이집을 구한거긴 하거든요 특히 제가 반려견이 있어서 반려견때문에 집구하기가 힘들다보니까 그냥 만족하며 살아야 되나요?",2026-09-23,1인가구 강아지,미상,,page,explore,2026-09-28T13:54:30
naver_kin,https://kin.naver.com/qna/detail.naver?dirId=8050104&docId=495207419&answerNo=2,35c042a86f2c92da,제가없으면 강아지 가오줌을안싸요,강아지랑사는 1인가구입니다. 저랑같이있을때는 오줌잘싸는데 제가 출근하고 퇴근할때까지 오줌을안싸요 제가없으면 오줌을참는거같은데 어떻게해야될지모르겠는데 훈련방법이나그런게없을까요?,2026-09-17,1인가구 강아지,미상,,page,explore,2026-09-28T13:54:30
naver_kin,https://kin.naver.com/qna/detail.naver?dirId=8050104&docId=495207419&answerNo=1,08f7175feb74f900,제가없으면 강아지 가오줌을안싸요,강아지랑사는 1인가구입니다. 저랑같이있을때는 오줌잘싸는데 제가 출근하고 퇴근할때까지 오줌을안싸요 제가없으면 오줌을참는거같은데 어떻게해야될지모르겠는데 훈련방법이나그런게없을까요?,2026-09-17,1인가구 강아지,미상,,page,explore,2026-09-28T13:54:30
naver_kin,https://kin.naver.com/qna/detail.naver?dirId=50501&docId=495157334&answerNo=2,fcc6a93d1a8ddcb7,원룸 원상복구 금액,3년정도 산 원룸인데 1.강아지 오줌으로 인해 가구파손 2.콘센트 커버 3.몰딩시트지 찢김 4.냉장고 옆 오염 5.헹거 탈거후 자국 비용은 얼마정도가 적당할가요...? 최소 100얘기하시던데 맞을가요 그리고 유리창에도 금이 가있는데 이거는 제가 한게 아닌데도 배상을 해야하나요?,2026-09-14,1인가구 강아지,미상,,page,explore,2026-09-28T13:54:30
naver_kin,https://kin.naver.com/qna/detail.naver?dirId=50501&docId=495157334&answerNo=1,eb4e9e85772a55d9,원룸 원상복구 금액,3년정도 산 원룸인데 1.강아지 오줌으로 인해 가구파손 2.콘센트 커버 3.몰딩시트지 찢김 4.냉장고 옆 오염 5.헹거 탈거후 자국 비용은 얼마정도가 적당할가요...? 최소 100얘기하시던데 맞을가요 그리고 유리창에도 금이 가있는데 이거는 제가 한게 아닌데도 배상을 해야하나요?,2026-09-14,1인가구 강아지,미상,,page,explore,2026-09-28T13:54:30
naver_kin,https://kin.naver.com/qna/detail.naver?dirId=60215&docId=495125897&answerNo=1,f2619fc62f1acfed,"월세 보증금 반환과 보증금 상계처리, 법적으로 괜찮을까요?","안녕하세요 월세집 보증금 반환관련으로 질문드립니다. 묵시적갱신으로 더 살고있었고 월세집에서 원래 나가야하는 개월수보다 3개월 일찍 나가게 됐습니다. 강아지를 키우고 있어서 특수청소와 집원상복구 수리?를 해줘야하는데 집주인이 월세와 관리비는 집을 나갈때 마무리를 짓지만 저희가 나가는 날이 아닌, 상계처리를 전부 한 다음에 보증금을 돌려주겠다고 합니다. 제가 여태 그래왔고, 알기로는 보증금을 받고 나가야하는걸로 알고있는데 일반적인 상황인가 싶어서 질문드립니다. 애초에 짐을 다 빼고 집을 둘러보고 상계처리를 해야할텐데 보증금을 전부 받기 전까지는 짐을 빼지 말고 버티라는 인터넷글이 있는데 그것도 이해가 안가구요. 상계처리를 전부 다 하고 준다는 집주인 말이 맞는건지, 법적으로 문제가 없는건지 궁금합니다. 관련태그: 건축/부동산 일반 , 임대차",2026-09-11,1인가구 강아지,미상,,page,explore,2026-09-28T13:54:30
naver_kin,https://kin.naver.com/qna/detail.naver?dirId=60215&docId=495049505&answerNo=1,e3ed4dde01b10bfb,"혼인 3개월, 임신 18주 이혼 합의 중, 중절수술 위로금 및 주....","교제하자마자 제가 자취하는 집에서 바로 동거를 시작했고, 연애 약 3개월 만에 임신하여 현재 18주차입니다. 5월 말 임신 사실을 알았고 혼인신고를 했으며, 9월 20일 결혼식 예정이었으나 이혼 결정으로 취소하게 되었습니다. 이전에도 성격차이로 몇 차례 그만하자는 다툼이 있었고 다시 화해해 지내던 중 최근 남편이 먼저 이혼 의사를 밝혔고 저도 동의했습니다. 외도·폭력 등 명확한 일방 귀책사유는 없고 쌍방 책임이 비슷하다고 생각합니다. 아이는 상의 끝에 중절하기로 합의했습니다. 남편은 중절 수술비·입원비·추후 치료비는 부담하겠으나 별도 위로금은 어렵다는 입장입니다. 18주 중절에 따른 신체적·정신적 부담에 대해 별도 위로금이나 일시금을 법적으로 청구할 수 있는지 궁금합니다. 주거 문제도 있습니다. 현재 집은 교제한지 3개월이 됐을 시점에 기존 제 자취방 계약이 만료되어 임신 사실을 알기 전 동거할 목적으로 구했고 제 의견이 많이 반영된 집입니다. 계약 후 입주 전 임신 사실을 알았으며 임대차계약자·보증금·월세 부담자는 모두 저입니다. 기존 자취집의 가구와 짐도 제가 가져와 사용했습니다. 이혼 후 새 집을 알아보고 이사하려면 최소 3개월 정도 현재 집에 더 거주해야 합니다. 남편은 함께 거주한 기간의 월세 50%는 부담하겠지만 제가 구한 집이라는 이유로 입주 당시 중개수수료·이사비·입주청소비는 부담하지 않겠다고 하며, 중도퇴실 중개수수료 50%는 고려하겠다고 합니다. 이 집이 공동생활 목적으로 마련된 만큼 입주비용과 월세 50%를 정산 청구할 수 있는지, 중도퇴실시 중개수수료·이사비·입주청소비(남편이 데려온 강아지때문에 해줘야함)도 분담 청구 가능한지 궁금합니다. 또한 3개월 후 퇴거했는데 새 임차인이 구해지지 않아 월세가 계속 발생할 경우 제가 전액 부담해야 하는지도 궁금합니다. 협의이혼 시 법적으로 청구 가능한 항목과 합의로만 받을 수 있는 항목을 알고 싶습니다. 관련태그: 이혼 , 가사 일반",2026-09-06,1인가구 강아지,미상,,page,explore,2026-09-28T13:54:30
naver_kin,https://kin.naver.com/qna/detail.naver?dirId=60215&docId=494827871&answerNo=1,2935a03a6fcfc662,이혼 전 별거 중 개인 물품 회수와 법적 대응 방안,"요약] 1. 개요 현재 협의이혼을 진행을 준비 중인 상태입니다.(현재별거중) 상대방(남편)과의 금전 정산 문제 및 개인 소유 물품 회수 과정에서 갈등이 발생하고 있습니다. 2. 주요 갈등 및 요청 사항 약속된 금전 지급 미이행 및 조건 제시: 상대방은 21일까지 제가지불한 취득세 및 인태리어비 이자비용등 금전을 지급하겠다고 직접 약속하였으나, 때가 되자 ""시댁의 도움이 필요하다"", ""이혼 및 살림살이 정산 조율이 필요하다""는 등의 핑계를 대며 약속 이행을 미루고 조건부 지급을 주장하고 있습니다. 개인 소유물(특유재산) 회수 방해: 상담자가 직접 구매하거나 결혼 전 가져온 개인 소유 물품(주방용품, 가구, 강아지용품, 개인 소지품 등)을 회수하겠다고 통보하였으나, 상대방은 물품의 금액 충당 및 정산을 핑계로 회수를 방해하거나 출입을 거부하려는 태도를 보이고 있습니다. 3. 법률 자문 구함 금전 지급 약속의 법적 효력: 대화 내역(카카오톡)으로 남아있는 ""21일 금전 지급 약속""에 대한 법적 강제 수단 및 입증 효력 여부 개인 물품 회수 관련: 본인이 직접 구매한 생활용품/가구(특유재산)를 회수하는 과정에서 주거침입이나 절도 등의 법적 문제가 발생하지 않는 안전한 회수 방법 (경찰 동행 등) 향후 대응 절차: 상대방이 약속을 지속적으로 미룰 경우, 이혼 소송 청구 및 가압류 등 신속한 채권 확보 방안 관련태그: 이혼 , 가사 일반",2026-08-21,1인가구 강아지,미상,,page,explore,2026-09-28T13:54:30
naver_kin,https://kin.naver.com/qna/detail.naver?dirId=8050103&docId=491519860&answerNo=9,6e8576f2b853e4fd,사람이 고독사 하면 키운던 강아지 가 주인먹나요?,사람이 고독사 하면 키운던 강아지가 주인먹나요? 안먹나요?,2026-01-22,1인가구 강아지,미상,,page,explore,2026-09-28T13:54:30
naver_kin,https://kin.naver.com/qna/detail.naver?dirId=60203&docId=494571712&answerNo=26,51c842e0b2e3783a,개인회생이나.. 여러가지 신용회복제도,"지금 채무가 .. 6000정도 되구요 카드론포함 (카드값포함)하면 7000정도 현재나이가 44살이고 아웃소싱으로 3,3% 월급공제되구요 세전 600 인데요 지금 2년째 동거중인 여자친구가 임신을 하게되서요 매달 들어가는 돈도.. 카드값에.. 대출금에 .. 힘들어서요 강아지도 10살짜리 한마리키우고 있으며 아파트 월세도 관리비 포함 매달100정도 지출이있습니다 혹시 혼인신고를 하고.. 출산을 계획하고싶은데 그렇게되면 개인회생이 가능한가요..? 납입금액이 얼마나 되려나요 기간을.길게잡아도 월 납입금액이 달라지지않나요?",2026-08-03,1인가구 강아지,미상,,page,explore,2026-09-28T13:54:30
naver_kin,https://kin.naver.com/qna/detail.naver?dirId=8050103&docId=494593894&answerNo=2,84fd45eba87d8205,강아지 간식 보관 실수,"안녕하세요. 아이 간식 보관 관련해서 질문드립니다. 오늘 동결건조 북어 제품을 구입했는데요 방 안 TV 바로 앞에 간식을 놓아두는 바람에 포장지가 뜨거워질 정도로 열을 받았습니다. 포장지 겉면이 뜨끈해져서 비닐/플라스틱 환경호르몬이나 열로 인한 변질이 걱정되는데, 1. 포장지가 뜨거워진 동결건조 간식, 그냥 버리는 게 맞을까요? 2. 닿아있던 반대쪽에 있던 건 열을 덜 받아서 몇 개 줬는데 괜찮을까요?",2026-08-04,사료 산패,미상,,page,storage,2026-09-28T13:54:46
naver_kin,https://kin.naver.com/qna/detail.naver?dirId=70403&docId=494516949&answerNo=1,25d306a315fe7da5,강아지 오메가3,안녕하세요 며칠전 펫페어에서 오메가 3샘플을 받아서 강아지한테 급여하고있는데요 생각보다 잘먹더라구요 강아지 건강에도 좋다하고하고 그래서 스푼풀코리아 오메가3샘플먹인건데 설명듣고 찾아보니까 좋은거같은데 여기서 사서 급여할려고하는데 혹시 괜찮을까요?급여하시는분들하고 아시는분들은 성분이랑 무슨 좋은재료가 들어있나 안좋은 성분은 없나 이런것좀 알려주세요 혹시 더 좋은 오메가 3있으시면 추천해주세요!,2026-07-29,사료 산패,미상,,page,storage,2026-09-28T13:54:46
naver_kin,https://kin.naver.com/qna/detail.naver?dirId=8050105&docId=494215279&answerNo=1,6220221358dd115e,강아지 오메가3 좋은것좀 알려주세요,저희 강아지가 너무비린건지 냄새가 나서 그런건지 오메가3를 잘 안먹는데ㅡ.ㅡ;; 뭔가 방법이 없을까요? 오메가3 제품중에 좋은것좀 알려주세요 아니면 오일형 말고 파우더형이 좋을거같아요. dha epa함량이 높은것으로 추천해주세요!!,2026-07-08,사료 산패,미상,,page,storage,2026-09-28T13:54:46
naver_kin,https://kin.naver.com/qna/detail.naver?dirId=80901&docId=495154561&answerNo=2,82caeeec88dcabc7,다 무슨 벌레 인가요? 강아지 해 안되게 없애는법 알려주세....,"다 무슨 벌레 인가요? 주방 식탁,거실 바닥 하루에 4~5마리씩 보이는데 박멸하는법 알려주세요 참고로 집에 강아지 있어서 강아지한테 해가 안되게 없애는법 알려주세요",2026-09-14,사료 벌레,미상,,page,storage,2026-09-28T13:55:00
naver_kin,https://kin.naver.com/qna/detail.naver?dirId=8050105&docId=495095779&answerNo=1,e0c4ce726dbf9f2e,강아지 가 물 대신 먹을만한 것,집 근처 공원에 묶여있는 진돗개가 있습니다. 출퇴근 할때 밥을 항상 주고있는데요. 강아지가 물을 안먹는데 특별한 이유가 있나요? 밥그릇은 다 비워져있는데 물은 그대로에요. 이번여름 더웠잖아요. 물을 안먹어서 펫밀크사서 3일에 한번 먹이는데 이건또 먹네요 . 강아지가 물대신 먹을만한 것 추천해주세요.,2026-09-09,사료 벌레,미상,,page,storage,2026-09-28T13:55:00
naver_kin,https://kin.naver.com/qna/detail.naver?dirId=80510&docId=494975098&answerNo=4,d450513f7727224c,본가에 갑자기 벌레 나왔어요 뭔지아시는분 계실까요...ㅠㅠ....,ㅠㅠㅠㅠㅠ갑자기 기어나왔는데 뭐일까요 지네..? 휴지로 죽여서 버렸는데 강아지키워서 걱정되요ㅠㅠㅠㅠㅠ 완전 천천히 꿈틀꿈틀 기어다녔어요...ㅠㅠㅠㅠㅠㅠ,2026-08-31,사료 벌레,미상,,page,storage,2026-09-28T13:55:00
naver_kin,https://kin.naver.com/qna/detail.naver?dirId=8050103&docId=495278309&answerNo=2,59227c06ac88e41f,유기견 보호사 사료 질문,강아지가 먹다가 질려서 안 먹어서 사료 절반 이상이 남아있는게 많이 있는데 혹시 유기견 보호소에서 안 받으시겠죠..?,2026-09-23,사료 보관 방법,미상,,page,storage,2026-09-28T13:55:29
naver_kin,https://kin.naver.com/qna/detail.naver?dirId=50502&docId=495147326&answerNo=3,b5b1f9173d4e18c4,4살 비숑인데 3주에 1번씩 피똥을 쌉니다.(사진주의),"4살 비숑인데 3~4주에 한번 정도로 피똥을 쌉니다.. 싸고나서 조금 있으면 다시 괜찮아지는데 주기적으로 그러네요.. 병원을 가도 큰 특이사항은 없다고 합니다. 사료가 문제일까요? 왜 그런걸까요. 먹이고있는거는 사료를 주기 전 냉장해서 주고 간식은 펫용 팝콘, 고구마칩이나 사람 먹는 삶은 고구마 주기는합니다. 산책은 하루에 3번하구요. 그리고 잠이오거나 놀아주지않으면 어두운 옷방에 가서 엎드려 있습니다.",2026-09-13,사료 보관 방법,미상,,page,storage,2026-09-28T13:55:29
naver_kin,https://kin.naver.com/qna/detail.naver?dirId=80501&docId=495133115&answerNo=1,e673b84156b9c67f,강아지 넥스가드,6키로 먹는 거 먹이려는데 광주는 이제 상품이 안 들어온다구7.15꺼 주셨거든용 반 잘라 먹이면 똑같다구 .. 근데 나머지 반은 어케 보관하나요? 부패할텐데,2026-09-12,사료 보관 방법,미상,,page,storage,2026-09-28T13:55:29
naver_kin,https://kin.naver.com/qna/detail.naver?dirId=8050103&docId=494762022&answerNo=6,19dba976b1f4b91c,강아지 는 고양이 간식 먹어도 되나요??,강아지는 고양이 간식 먹어도 되나요?? 고양이와 강아지를 같이 키우다보니 자꾸 강아지가 고양이 간시을 먹어요 괜찮을까요??,2026-08-16,사료 보관 방법,미상,,page,storage,2026-09-28T13:55:29
naver_kin,https://kin.naver.com/qna/detail.naver?dirId=60207&docId=494906885&answerNo=1,747e70624f14d3da,임시보호(임보) 강아지 소유권 문제와 책임비,현재 5개월정도 강아지를 임시보호 하고 있는 중입니다. 처음 구조자는 폐업 견사에서 구조할때 많은 비용을 내고 구조했고 해당 강아지 입양의사 있을 시 그 금액 전부 다 지불해야 가능하다고 통보 받았습니다. 임시보호에 대한 문서 계약은 하지 않았습니다. 구조자가 임시보호 강아지 소유권이 있다고 주장하는데 내장칩이아닌 외부칩을 등록했으니 소유권 본인에게 있다고 하십니다. 현재 궁금한 것은 1. 말씀하시는 외장칩으로 소유권이 인정이 되는가? 2. 개인 구조자가 입양비 명목으로 금액을 요구했을 시 법에 위반되지 않는가 3. 구조자가 입양비 요구할 시 임보자가 임보비를 요구할 수 있는지 4. 임보 강아지를 반환하지 않을 시 문제가 생기는지 궁금합니다. 동물판매업으로 등록되지 않은 이상 불법으로 알고있습니다. 동물보호법 제 8조와 제 79조로 봤을때 문제가 되는걸로 알고있습니다. 구조자와의 얘기 처리할수있는 방법이 있는지 궁금합니다.,2026-08-26,사료 보관 방법,미상,,page,storage,2026-09-28T13:55:29
naver_kin,https://kin.naver.com/qna/detail.naver?dirId=8050104&docId=494795359&answerNo=4,cc7831bad19bdb8e,강아지 특정 사람에게 짖음,3개월 넘은 아기 강아지가 평소에는 안짖는데 오빠가 냉장고 문만 열면 달려가서 짖어요 제가 냉장고 문을 열면 아무런 반응이 없슺니다 왜 그러는걸까요 보통 오빠가 밥을 주는데 사료도 냉장보관이 아니러 냉장고에 반응할일이 없는데 이해가 안되네요,2026-08-19,사료 보관 방법,미상,,page,storage,2026-09-28T13:55:29
naver_kin,https://kin.naver.com/qna/detail.naver?dirId=8050104&docId=494795359&answerNo=1,5f33883daa3108a5,강아지 특정 사람에게 짖음,3개월 넘은 아기 강아지가 평소에는 안짖는데 오빠가 냉장고 문만 열면 달려가서 짖어요 제가 냉장고 문을 열면 아무런 반응이 없슺니다 왜 그러는걸까요 보통 오빠가 밥을 주는데 사료도 냉장보관이 아니러 냉장고에 반응할일이 없는데 이해가 안되네요,2026-08-19,사료 보관 방법,미상,,page,storage,2026-09-28T13:55:29
naver_kin,https://kin.naver.com/qna/detail.naver?dirId=8050103&docId=494762022&answerNo=3,a0bb81a35ed10106,강아지 는 고양이 간식 먹어도 되나요??,강아지는 고양이 간식 먹어도 되나요?? 고양이와 강아지를 같이 키우다보니 자꾸 강아지가 고양이 간시을 먹어요 괜찮을까요??,2026-08-16,사료 보관 방법,미상,,page,storage,2026-09-28T13:55:29
naver_kin,https://kin.naver.com/qna/detail.naver?dirId=8050105&docId=495129501&answerNo=1,37370b12a4358038,강아지 오줌에 피,강아지 오줌에 피덩어리? 같은게 있어여 중성화 해서 생리도 아닌데 큰문제일까요..?ㅠㅠ,2026-09-11,사료 보관통,미상,,page,storage,2026-09-28T13:56:02
naver_kin,https://kin.naver.com/qna/detail.naver?dirId=8050103&docId=492705921&answerNo=5,bbcfc7716ea2ddad,강아지 가 집안쓰레기봉투랑 플라스틱을 물고뜯어요ㅠ,어떻게 해줘야 하나요,2026-03-29,사료 보관통,미상,,page,storage,2026-09-28T13:56:02
naver_kin,https://kin.naver.com/qna/detail.naver?dirId=80901&docId=493229218&answerNo=2,ac93d9933b9a6a9e,강아지 입에서 빨간 작은 벌레,저희집 강아지는 치와와고요 입냄새가 유독 많이 나는 편이에요 오늘 발견한건데 강아지가 물먹고 나오는데 물에 빨간 작은 벌레가 나왔어요 2번 나왔는데 한번은 쟤한테서 나온지 모르고 버렸긴 한데 누가봐도 벌레 약간 날파리 처럼 엄청 작고 날개가 달린 애같았고 다리가 몸에 비해 길었어요 이게 두번째로 나온 벌렌데 얜 좀 더 작고 벌레 형체 같지가 않네요 사실은 진짜 쟤 입에서 벌레가 나온건지도 모르겠어요 완벽한 벌레 형태를 갖춘 애는 쟤가 마시고 나온건지 뭔지 못봐서 ㅜㅜ 실제로 보면 빨간색이에요 하루전에 애 데리고 갔다오긴 했는데..,2026-05-02,사료 보관통,미상,,page,storage,2026-09-28T13:56:02
naver_kin,https://kin.naver.com/qna/detail.naver?dirId=80901&docId=493342448&answerNo=4,0106db5987e9556b,이거 무슨 벌레인가여 ?,집에서 한두마리씩 발견되는데 뭔지 모르겟어요 ㅠㅠ 물린적은 없고 침구류에서도 발견된 적은 없고 강아지 밥그릇 근처나 거실에서 한 두마리씩 발견되네용 ㅠㅠ 날 풀리니까 다시보이는 거 같아용 누르면 톡 터져요. 진드기인가 싶은데 진드기라기엔 너무 동그랗고 그렇다고 사료벌레류라기엔 비슷하게 생긴 게 없는 거 같아서 질문 올려봅니당,2026-05-11,사료 보관통,미상,,page,storage,2026-09-28T13:56:02
naver_kin,https://kin.naver.com/qna/detail.naver?dirId=80901&docId=492734886&answerNo=5,f71d666c942ba7c5,집에서 며칠전부터 작은 벌레가 나오는데 무슨 벌레인가요??....,빌라인데 며칠 전부 엄청 작은 (개미정도??) 벌레가 여러마리가 나와요 오늘 아침에만 6마리 잡았는데 무슨 벌레인지 알려주세요ㅠㅠ 원인이 뭔가요?ㅠㅠ 집에 강아지가 있어서 먹을까봐 걱정 돼요 ㅠㅠ,2026-03-31,사료 보관통,미상,,page,storage,2026-09-28T13:56:02
naver_kin,https://kin.naver.com/qna/detail.naver?dirId=111608&docId=492687028&answerNo=4,db459d2b4ef2cb56,집에서 나오는 벌레 이름좀 알려주세요 ㅜㅜ,집에서 나오는 벌레인데 도대체 이름을 모르겠습니다 강아지 진드기는 확실히 아닙니다. 아기키우는데 걱정입니다. 며칠에 한번씩 보이는데 아시는분 부탁드립니다. 볼록한 몸통은 붉은기가 돕니다.,2026-03-27,사료 보관통,미상,,page,storage,2026-09-28T13:56:02
naver_kin,https://kin.naver.com/qna/detail.naver?dirId=80501&docId=492622280&answerNo=2,fc44edf5d0ea7b1e,애견동반식당,애견을 케이지 이나 가방에서 안꺼내도 법대로 준비를 해야하나요?,2026-03-23,사료 보관통,미상,,page,storage,2026-09-28T13:56:02
naver_kin,https://kin.naver.com/qna/detail.naver?dirId=8050103&docId=492506521&answerNo=2,328953b926e84e7f,강아지 사료 보관,"서랍안에 사람약,미개봉샴푸린스,주방세제 치약 칫솔 등등 다양한거잇는데 거기에 강아지 미개봉 지퍼팩 사료 같이 보관해도 괜찮을까요?",2026-03-16,사료 보관통,미상,,page,storage,2026-09-28T13:56:02
naver_kin,https://kin.naver.com/qna/detail.naver?dirId=111608&docId=494940742&answerNo=1,4b626a0ad858ceaa,무슨벌레인가요?,며칠전부터 여기저기 바닥에서 저런 검정색 벌레들이 기어다녀요 ㅜㅜㅜ 어디서 나온걸까요? 무슨벌레인지 알려주세요. 강아지들이 있어서 아무약이나 뿌리지도 못하고 답답하네요 도움부탁드려요,2026-08-29,사료 밀폐용기,미상,,page,storage,2026-09-28T13:56:40
naver_kin,https://kin.naver.com/qna/detail.naver?dirId=80201&docId=494755261&answerNo=4,883e272a279cf29c,강아지 똥에 흰색이 뭔지 알려주세요,원래 이렇게 나온적이 없는데 오늘 비도 오고해서 집에서 배변을 하게 화장실에 뒀는데 이렇게 똥에 흰색이 붙혀서 나왔는데 이거 뭔지 모르겠어요 아시는분은 알려주시면 감사하겠습니다,2026-08-16,사료 밀폐용기,미상,,page,storage,2026-09-28T13:56:40
naver_kin,https://kin.naver.com/qna/detail.naver?dirId=8050103&docId=494614596&answerNo=8,d38597d49820376f,강아지 시저 소고기 사료 에서 염소똥 냄새,원래 좀 저런 꼬리꼬리한 냄새 나나요? 유통기한은 아직 한참 남았는데 강아지 음식 중에 이렇게 꾸리꾸리한 냄새 첨 맡아봐요 먹여도되나요?,2026-08-06,사료 밀폐용기,미상,,page,storage,2026-09-28T13:56:40
naver_kin,https://kin.naver.com/qna/detail.naver?dirId=8050103&docId=494593894&answerNo=3,3c788810e94dd80b,강아지 간식 보관 실수,"안녕하세요. 아이 간식 보관 관련해서 질문드립니다. 오늘 동결건조 북어 제품을 구입했는데요 방 안 TV 바로 앞에 간식을 놓아두는 바람에 포장지가 뜨거워질 정도로 열을 받았습니다. 포장지 겉면이 뜨끈해져서 비닐/플라스틱 환경호르몬이나 열로 인한 변질이 걱정되는데, 1. 포장지가 뜨거워진 동결건조 간식, 그냥 버리는 게 맞을까요? 2. 닿아있던 반대쪽에 있던 건 열을 덜 받아서 몇 개 줬는데 괜찮을까요?",2026-08-04,사료 밀폐용기,미상,,page,storage,2026-09-28T13:56:40
naver_kin,https://kin.naver.com/qna/detail.naver?dirId=8050104&docId=494196579&answerNo=5,fc33bf3ad7db2f68,야외 강아지 개미 벌래 질문,야자매트도 깔아주고 했는데 사료에 개미가 계속 오네요 이거 어떻게 처리해야될까요 바퀴벌래도 오고 ㅠㅠ 처리방법좀 알려주십쇼,2026-07-07,사료 밀폐용기,미상,,page,storage,2026-09-28T13:56:40
naver_kin,https://kin.naver.com/qna/detail.naver?dirId=8050104&docId=494196579&answerNo=3,eba95ed88ebeda23,야외 강아지 개미 벌래 질문,야자매트도 깔아주고 했는데 사료에 개미가 계속 오네요 이거 어떻게 처리해야될까요 바퀴벌래도 오고 ㅠㅠ 처리방법좀 알려주십쇼,2026-07-07,사료 밀폐용기,미상,,page,storage,2026-09-28T13:56:40
naver_kin,https://kin.naver.com/qna/detail.naver?dirId=8050104&docId=494196579&answerNo=1,9627613243ca7634,야외 강아지 개미 벌래 질문,야자매트도 깔아주고 했는데 사료에 개미가 계속 오네요 이거 어떻게 처리해야될까요 바퀴벌래도 오고 ㅠㅠ 처리방법좀 알려주십쇼,2026-07-07,사료 밀폐용기,미상,,page,storage,2026-09-28T13:56:40
naver_kin,https://kin.naver.com/qna/detail.naver?dirId=80510&docId=493835777&answerNo=2,ed5dc73b1bf1fe18,무슨 벌레인가요..,"강아지 산책 이후 계속 집 곳곳마다 보여서 미치겠어요... 처음에 쌀통 안에도 있어서 쌀벌레인가 했는데 어느순간 안방 화장대 위에도 있고, 다음날 아침에 일어나서 보면 꼭 강아지 밥그릇 위에 죽어있어요;; 분명 매일 씻어주는데ㅠ 배변 패드에 아이들이 오줌 싼 곳에도 있구요. 가구 들추면 어두워서 그런지 거기에 여러마리가 발견되기도 해요. 참고로 집 남향에 파워냉방 계속 틀어서 절대로 습하지도 않거든요.. 매일 한 두마리씩 보이니까 스트레스 받아요 ㅎ.. 아예 박멸해버리는 방법은 없나요? 챗지피티 제미나이 ai 답변 절대 사양합니다..",2026-06-13,사료 밀폐용기,미상,,page,storage,2026-09-28T13:56:40
naver_kin,https://kin.naver.com/qna/detail.naver?dirId=8050103&docId=495223120&answerNo=2,5527882e4633a3d9,강아지 먹여도 되는것들 알려주세요,"강아지 키우고 있는데 소형견 2마리 키우고 있습니다 1살조금 넘은 4kg 9개월2kg 두마리 인데 초콜릿,양파,자일리톨,과일씨앗,생고기 먹이면안되는건 아는데 그밖에 먹여도 되는것들 많이 먹여도되는거,조금은 괜찮은거,조금도 먹이면안되는것 좀 알려주세요 식빵이라던지 고기 구운거 부위별 먹여도되는거 안되는거,과일,야채 사람이 먹는것들 중에서 줘도되는게 궁금합니다 정리해서 알려주시면 감사하겠습니다",2026-09-18,대용량 사료,생식,,page,storage,2026-09-28T13:57:12
naver_kin,https://kin.naver.com/qna/detail.naver?dirId=8050103&docId=495207603&answerNo=1,6867fe72c3ea09d5,강아지 알라지 사료 추천해주세요,푸들 강아지 7세 무게 9키로 알러지가 많이 심합니다 장기까지 알러지가 퍼져서 피토해서 간식 완전 끊고 사료가 고함량사료라 함량 낮은걸로 낮춘다고 사료바꿔서 먹였는데 알러지가 장으로 가서 피똥까지 싸고 피부도 빨갛게 되고 귓병까지 생겼습니다 그래서 병원에서 판매하는.알러지사료를 추천해주셨는데 1.5키로에 3만2천원 너무 비싸서 다른걸로 바꾸고싶은데 용량많고 가격도 적당한걸로 구합니다 집에 다른 강아지도 있다보니 먹일때 같이 먹일려합니다 사료를 따로 다른걸로 못줍니다 ㅠㅠ 푸들이 먹성이좋아서 뺏어먹고 식탐 장난아닙니다,2026-09-17,대용량 사료,미상,,page,storage,2026-09-28T13:57:12
naver_kin,https://kin.naver.com/qna/detail.naver?dirId=8050103&docId=495114726&answerNo=1,54db1221fa0441aa,대형견 유기견,반년이상보이는 길강아지 사료라도 챙겨주려는데 기호성좋은거 추천좀요 너무 비싸지않은선에서 추천 부탁드립니다..집에 고양이만 4마리 키워서 너무 비싼건 부담되어서요ㅠㅠ,2026-09-10,대용량 사료,미상,,page,storage,2026-09-28T13:57:12
naver_kin,https://kin.naver.com/qna/detail.naver?dirId=8050103&docId=494874363&answerNo=4,fd0c0434aea9feec,강아지 간식 사료 국내산 해외산,강아지 간식 국내산이 좋나요 해외산이 좋나요?? 유명하고 좋은 간식 브랜드 좀 알려주세요ㅜㅜ 급합니다,2026-08-24,대용량 사료,미상,,page,storage,2026-09-28T13:57:12
naver_kin,https://kin.naver.com/qna/detail.naver?dirId=8050103&docId=495016465&answerNo=6,7cd2ab16f6019e73,아기 강아지 사료,1개월 조금 넘는 아기 강아지 데려올 건데 집에 원래 키우던 강아지 사료가 라비앙독 제품이 있긴 한데 1개월 아기가 먹어도 될까요? 전연령 섭취 가능하긴 한데... 그 사료 안 되면 영양가 좋고 가성비 있는 제품 추천해 주세요!!,2026-09-03,대용량 사료,미상,,page,storage,2026-09-28T13:57:12
naver_kin,https://kin.naver.com/qna/detail.naver?dirId=80105&docId=494926315&answerNo=1,f369ad5e13204112,천안 대형견 유모차 구매처,천안에서 30키로정도 나가는 강아지 유모차 파는 곳이 있을까요? 직접 보고 사고싶은데 다 작은 유모차 밖에 없어서 대형견용 유모차 파는 곳 좀 알려주세요ㅜㅜ 제발요ㅠㅜ 급해요ㅜㅜ,2026-08-28,대용량 사료,미상,,page,storage,2026-09-28T13:57:12
naver_kin,https://kin.naver.com/qna/detail.naver?dirId=8050103&docId=494874363&answerNo=2,a8186191f9c08b46,강아지 간식 사료 국내산 해외산,강아지 간식 국내산이 좋나요 해외산이 좋나요?? 유명하고 좋은 간식 브랜드 좀 알려주세요ㅜㅜ 급합니다,2026-08-24,대용량 사료,미상,,page,storage,2026-09-28T13:57:12
naver_kin,https://kin.naver.com/qna/detail.naver?dirId=8050103&docId=494231075&answerNo=3,0d2471a659696798,강아지 사료,푸들이고 10키로인데요. 한달에 6키로 정도 먹는듯 한데 적정량인가요? 그리고 가격은 4만원 정도 들구요. 더 저렴하면서 영양가 좋은 사료는 찾기힘든가요?,2026-07-09,대용량 사료,미상,,page,storage,2026-09-28T13:57:12
naver_kin,https://kin.naver.com/qna/detail.naver?dirId=8050103&docId=495178025&answerNo=1,f6c1d6185519b983,강아지사료 관련하여 문의합니다,안녕하세요 11살 노견을 키우고있는데요 8년 넘게 먹이고 있는 처방식 사료가 있습니다 근데 최근에 갑자기 심한 설사증세를 보이더라구요 뭐가문제인지 알아보려 먹이는 걸 하나씩 제외 해가면서 알아봤는데 결국은 사료만 남더라구요 오랫동안 먹이던 사료도 갑자기 이렇게 설사증세를 보일수가있나요?,2026-09-15,사료 유통기한,미상,,page,storage,2026-09-28T13:57:56
naver_kin,https://kin.naver.com/qna/detail.naver?dirId=8050103&docId=495044198&answerNo=3,9547603044136b50,시골에서키우는 강아지 1개월반된 간식을먹였어요ㅠㅠ,제가 일주일마다 가는 시골집이있는데요 거기에있는 강아지가 너무귀여워서 간식을 주고있어요. 근데 계속 안와서 강아지 간식 유통기한이 지났는데 저희 할머니께서 시골강아지는 면역이 강하고 사람들도 유통기한 2달지난거 먹아더 괜찮다면서 강아지에게 간식6~8개들 다먹였어요.. 재가 다음주는 일정이있어서 못가고 다다음주에 갈수있는데 강아지가 아프면 어떻하죠..? 제가 너무 아끼는 강아지인데 죽지는 않겠죠? 2주동안 집에는 아무도없고 이웃분들 전화번호도없고 가족들도 강아지한테 무관심해서 강아지 괜찮겠죠? AI한테 물어보니까 2차감염이되면 강아지가 많이아플수도있데요.. 제가 다 잘못하것같아요..,2026-09-05,사료 유통기한,미상,,page,storage,2026-09-28T13:57:56
naver_kin,https://kin.naver.com/qna/detail.naver?dirId=8050103&docId=495044198&answerNo=2,6bcd735590838f50,시골에서키우는 강아지 1개월반된 간식을먹였어요ㅠㅠ,제가 일주일마다 가는 시골집이있는데요 거기에있는 강아지가 너무귀여워서 간식을 주고있어요. 근데 계속 안와서 강아지 간식 유통기한이 지났는데 저희 할머니께서 시골강아지는 면역이 강하고 사람들도 유통기한 2달지난거 먹아더 괜찮다면서 강아지에게 간식6~8개들 다먹였어요.. 재가 다음주는 일정이있어서 못가고 다다음주에 갈수있는데 강아지가 아프면 어떻하죠..? 제가 너무 아끼는 강아지인데 죽지는 않겠죠? 2주동안 집에는 아무도없고 이웃분들 전화번호도없고 가족들도 강아지한테 무관심해서 강아지 괜찮겠죠? AI한테 물어보니까 2차감염이되면 강아지가 많이아플수도있데요.. 제가 다 잘못하것같아요..,2026-09-05,사료 유통기한,미상,,page,storage,2026-09-28T13:57:56
naver_kin,https://kin.naver.com/qna/detail.naver?dirId=8050103&docId=495044198&answerNo=1,31d1d61b7c23be13,시골에서키우는 강아지 1개월반된 간식을먹였어요ㅠㅠ,제가 일주일마다 가는 시골집이있는데요 거기에있는 강아지가 너무귀여워서 간식을 주고있어요. 근데 계속 안와서 강아지 간식 유통기한이 지났는데 저희 할머니께서 시골강아지는 면역이 강하고 사람들도 유통기한 2달지난거 먹아더 괜찮다면서 강아지에게 간식6~8개들 다먹였어요.. 재가 다음주는 일정이있어서 못가고 다다음주에 갈수있는데 강아지가 아프면 어떻하죠..? 제가 너무 아끼는 강아지인데 죽지는 않겠죠? 2주동안 집에는 아무도없고 이웃분들 전화번호도없고 가족들도 강아지한테 무관심해서 강아지 괜찮겠죠? AI한테 물어보니까 2차감염이되면 강아지가 많이아플수도있데요.. 제가 다 잘못하것같아요..,2026-09-05,사료 유통기한,미상,,page,storage,2026-09-28T13:57:56
naver_kin,https://kin.naver.com/qna/detail.naver?dirId=80511&docId=494927321&answerNo=2,6afb9fc80a7a9d85,강아지 대장암의 원인은?,"일반적으로 대장암은 사람에게만 걸리는 것이 국한되어 있는 것은 아니지만, 강아지도 역시 대장암에 걸릴 리스크 요소가 워낙 높다고 들었습니다. 그러면 강아지 대장암의 원인은 주로 어디에 해당되나요? 걍 생활 습관이나 발병 요인에 따라 대동소이하는지요?",2026-08-28,사료 유통기한,미상,,page,storage,2026-09-28T13:57:56
naver_kin,https://kin.naver.com/qna/detail.naver?dirId=8050103&docId=493942731&answerNo=4,6b5ac07db3600c63,그래잇빌리 사료 성분,"그래잇빌리사료 성분에 프로필렌글리콜 소르빈산칼륨이 들어가있던데 괜찮을가요?? 강아지사료에는 들어가도된다고 허가되있다하고 그래잇빌리사료 먹여도괜찮ㅇ,ㄴ가요? 그래잇빌리사료 에데해 잘아시는분 알려주세요",2026-06-19,사료 유통기한,미상,,page,storage,2026-09-28T13:57:56
naver_kin,https://kin.naver.com/qna/detail.naver?dirId=8050103&docId=494802996&answerNo=3,dc51a264677283da,3개월 강아지 사료,제가 전에 키우던 강아지가 먹던 전연령 사료가 남아서 3개월 강아지한테 물로 불려서 주고 요 며칠은 안 불려도 으드득오드득하고 잘 먹길래 계속 주는 중인데… 하루에 세번.. 괜찮은..거죠……?,2026-08-19,사료 유통기한,미상,,page,storage,2026-09-28T13:57:56
naver_kin,https://kin.naver.com/qna/detail.naver?dirId=8050103&docId=494743319&answerNo=3,dadd3c08af0a3c9d,가수분해 사료 랑 닥터베토레 사료 섞어서 가능?,강아지가 눈물이 많아서 가수분해 사료를 먹어야 할 것 같은데 박터베토레 사료를 1년 계약해서.. 둘이 섞어서 급여 가능한가요?,2026-08-14,사료 유통기한,미상,,page,storage,2026-09-28T13:57:56
naver_kin,https://kin.naver.com/qna/detail.naver?dirId=8050101&docId=495102385&answerNo=8,e58b59fdc76cea95,강아지 눈물 약 추천 부탁드려요!!!,강아지 눈물이 많이 나서 제일 유명하고 인기 있고 좀 보장이 되어있는? 눈물 약 추천 부탁드립니다ㅎㅎ!!! 그리고 눈물 티슈? 같은 것도 추천 부탁드려요!! 강아지는 말티푸 중형견이에요,2026-09-10,사료 곰팡이,미상,,page,storage,2026-09-28T13:58:27
naver_kin,https://kin.naver.com/qna/detail.naver?dirId=80511&docId=495118254&answerNo=1,62d8dc535fdf971f,강아지 등 딱지 병원가야하나요?,털빠짐은 아니고 제가 직접 밀었습니다. 생긴지는 일이주 안된거같고 마지막샤워는 한달전이며 강아지가 간지러워 하지는 않습니다 병원 가야할까요?,2026-09-11,사료 곰팡이,미상,,page,storage,2026-09-28T13:58:27
naver_kin,https://kin.naver.com/qna/detail.naver?dirId=80511&docId=495058497&answerNo=1,1bd71d282b116616,강아지 가 왼쪽 배를 자꾸 긁어요,"강아지가 왼쪽 배와 옆구리가 가려운지 그 주변을 계속 뒷발로 긁거나 집요하게 핥아요. 핥다가 뒷다리나 꼬리를 여러번 깨물기도 합니다. 병원에 갔을 때는 진드기나 피부병일수도 있다고 해서 피부병 약을 처방 받아 먹였고, 무슨 주사인지는 모르겠지만 엉덩이에 주사도 맞았어요. 그 후에 진드기에 물린 걸 발견해서 프론트라인 발랐어요. 혈액 검사를 했을 때 진드기에 의한 감염은 없다고 했습니다. 그 후로 괜찮아질줄 알았는데 2주가 지난 지금까지도 계속 옆구리를 긁으려고 하고 뒷다리를 많이 핥아요. 왜 그러는 걸까요? ㅠㅠ 건조해서 그런가 싶어 보습제를 발라주려고 하는데 그러면 좀 나아질까요?",2026-09-07,사료 곰팡이,미상,,page,storage,2026-09-28T13:58:27
naver_kin,https://kin.naver.com/qna/detail.naver?dirId=8050103&docId=494929185&answerNo=4,3ca048db44d67bcc,반려견들도 병을 걸릴 수 있나요?,"요즘 유튜브에서 그 나라(굳이 말씀해도 아시죠?)에서 생산된 배추 때문에 국내에서 난리나는 중인데요. 사람들이 얼마나 심각하게 보면 그 나라에서 생산된 배추말고 가공식품, 과자, 음료, 생수도 경계해야 하고 조심해야 한다는 말씀도 하시길래요. 문뜩 제가 반려견 사료가 생각나는데 그럴 일이 없으면 바라지만 언제나 항상 그랬듯이 어디든 양심 불량을 가진 업체들이 존재할텐데요. 만약에 국내에서 반려견 사료 제조하는 업체들중에 국산이 아닌 그나라에서 제조된 원료로 반려견 사료 제조해서 판매한다면 그 반려견 사료 먹는 반려견들은 병을 걸릴 수 있나요?",2026-08-28,사료 곰팡이,미상,,page,storage,2026-09-28T13:58:27
naver_kin,https://kin.naver.com/qna/detail.naver?dirId=80901&docId=494854388&answerNo=3,b20662828f89ed36,강아지 눈에서 이상한 냄새가 나요ㅠ,제목 그대로 저희 집 강아지 눈에서 이상한 냄새가 나요.. 4살짜리 치와와고 원랜 눈에서 약간 비린내?가 났는데 그건 다른 강아지들도 다 그런대서 그냥 넘어갔거든요 근데 얼마 전부터 약간.. 목욕탕 수건 냄새? 곰팡이 냄새?가 나요ㅠㅠㅠㅜ 뽀뽀하려고 조금만 가까이 가도 냄새가 진동을 해서.. 첨엔 눈물때문에 나는건가 해서 눈물도 닦아주고 눈물자국도 다 없앴는데도 나고ㅠ 왜 이런거죠?,2026-08-23,사료 곰팡이,미상,,page,storage,2026-09-28T13:58:27
naver_kin,https://kin.naver.com/qna/detail.naver?dirId=80901&docId=494854388&answerNo=1,dad572832a3865d2,강아지 눈에서 이상한 냄새가 나요ㅠ,제목 그대로 저희 집 강아지 눈에서 이상한 냄새가 나요.. 4살짜리 치와와고 원랜 눈에서 약간 비린내?가 났는데 그건 다른 강아지들도 다 그런대서 그냥 넘어갔거든요 근데 얼마 전부터 약간.. 목욕탕 수건 냄새? 곰팡이 냄새?가 나요ㅠㅠㅠㅜ 뽀뽀하려고 조금만 가까이 가도 냄새가 진동을 해서.. 첨엔 눈물때문에 나는건가 해서 눈물도 닦아주고 눈물자국도 다 없앴는데도 나고ㅠ 왜 이런거죠?,2026-08-23,사료 곰팡이,미상,,page,storage,2026-09-28T13:58:27
naver_kin,https://kin.naver.com/qna/detail.naver?dirId=8050101&docId=494793629&answerNo=1,61a06a7582ca1df6,새끼 강아지 귀 긁음,안녕하세요 이번에 새끼 강아지 2개월 된 아이를 가정분양으로 데려왔는데 저희집에 분양오고 나서부터 귀 쪽을 자주 긁더라구요 집에 데려온지는 5일 정도 됬어요. 귀에서 냄새도 안나고 귀도 깨끗한데 왜 자주 긁는지 모르겠어요 ㅠ 하루에서 10에서 20번 정도 긁는 것 같아요 도와주세요 ㅠ,2026-08-18,사료 곰팡이,미상,,page,storage,2026-09-28T13:58:27
naver_kin,https://kin.naver.com/qna/detail.naver?dirId=8050105&docId=494755201&answerNo=3,5eb897f99d424ada,강아지 피부,아기 강아지인데 입 주변? 입꼬리에 하얀피지? 같은게 올라욌는데 이거 뭘까요?? 병원 가야하나요?,2026-08-16,사료 곰팡이,미상,,page,storage,2026-09-28T13:58:27
naver_kin,https://kin.naver.com/qna/detail.naver?dirId=8050103&docId=493710339&answerNo=3,1bd10d1faadcd42d,강아지 생식 살 곳 추천,강아지 생식 시작하려고 하는데 영역에 맞춰서 잘 소분되어서 팔고 가격도 저렴한 곳이나 아니면 조금 작은 양씩 비싸지 않은 가격으로 파는 곳 추천해주세요! 일단 먼저 해보고 잘 먹으면 더 좋은걸로 대용량으로 소분해서 먹이려구요,2026-06-05,생식 소분,생식,,page,storage,2026-09-28T13:59:38
naver_kin,https://kin.naver.com/qna/detail.naver?dirId=8050103&docId=493710339&answerNo=1,56ba7c86a95e209b,강아지 생식 살 곳 추천,강아지 생식 시작하려고 하는데 영역에 맞춰서 잘 소분되어서 팔고 가격도 저렴한 곳이나 아니면 조금 작은 양씩 비싸지 않은 가격으로 파는 곳 추천해주세요! 일단 먼저 해보고 잘 먹으면 더 좋은걸로 대용량으로 소분해서 먹이려구요,2026-06-05,생식 소분,생식,,page,storage,2026-09-28T13:59:38
naver_kin,https://kin.naver.com/qna/detail.naver?dirId=8050103&docId=492123568&answerNo=1,2544c89f5afae8fc,강아지 생식 화식 하시는 분들..!,단순히 인터넷에 올라와 있는 레시피들 따라해서 급여하시는 분들 말고 직접 공부하셔서 해주시거나 분석하시는 분들께 여쭤보고 싶은 게 있는데 좋은 사이트나 책이나 그런 것들을 알고 싶어요,2026-02-23,생식 소분,혼합,,page,storage,2026-09-28T13:59:38
naver_kin,https://kin.naver.com/qna/detail.naver?dirId=80206&docId=494550341&answerNo=2,595916dc571e52b9,강아지 음식 냉장 보관,어제 강아지 밥에 넣어주는 음식이 왔는데 냉동보관인데 냉장보관을 해버렸습니다.. 한30개정도 되는 양인데 지금은 냉동실로 옮기긴 했으나 이거 괜찮을까요..? 너무 걱정됩니다. 자세한 정보만 부탁드릴게요ㅠ,2026-08-01,화식 냉동 보관,미상,,page,storage,2026-09-28T14:01:20
naver_kin,https://kin.naver.com/qna/detail.naver?dirId=80511&docId=494550725&answerNo=2,0b5f80aa8169bde2,강아지 가 피토했어요,"원래 화식을 먹였는데 냉동인데 전자레인지에 해동하고 먹이는거 먹이다가 이번에 바꿨어요 실온보관가능한걸로 근데 요즘 날도 덥고해서 냉장보관하고 먹였어요 초반에 그땐 괜찮았는데 이번에 그냥 실온보관하고있던걸로 먹였는데 갑자기 강아지가 토를하는거예요 애가 워낙 급하게 먹는애라 처음에는 체했나보다 하고 아침&저녁 두끼주는데 저녁보다 조금 이르게 먼저 줬어요 잘먹었고 근데 한 6~8시간 지나니까 토를하는거예요 정확히 7월31일 새벽에 두번 저녁에 연달아 네번 (이땐 화식만나옴) 저는 애가 토를 계속하니까 배고플까봐 다시 화식주고 그랬는데 네이버에도 그렇고, 주변지인들도 일단 먹이지말라해서 안먹이고 있었어요 어제 저녁이후에 안먹인거죠 한7~8시쯤? 근데 오늘 새벽에도 토를 두번하고나서 코골고 잠도 잘자고 조금 기운없어보이긴했는데 으르렁도 하고(원래 성격) 덜하긴했어도 괜찮아지겠지 했어요 근데 지금 피토를 하네요.. 처음엔 공복토처럼 노란색토여서 밥먹인거고 그이후엔 자꾸 화식까지 토하길래 밥안먹이고 방금 한시간반전쯤 피토했는데 블로그마다 말이 다 달라서 한번 더 피토하면 병원가야되는지 지금 가야되는지 궁금해서 여쭤요 사진첨부합니다 피닦은사진이예요",2026-08-01,화식 냉동 보관,화식,,page,storage,2026-09-28T14:01:20
naver_kin,https://kin.naver.com/qna/detail.naver?dirId=80511&docId=494550725&answerNo=1,8bd6eb460bce95ee,강아지 가 피토했어요,"원래 화식을 먹였는데 냉동인데 전자레인지에 해동하고 먹이는거 먹이다가 이번에 바꿨어요 실온보관가능한걸로 근데 요즘 날도 덥고해서 냉장보관하고 먹였어요 초반에 그땐 괜찮았는데 이번에 그냥 실온보관하고있던걸로 먹였는데 갑자기 강아지가 토를하는거예요 애가 워낙 급하게 먹는애라 처음에는 체했나보다 하고 아침&저녁 두끼주는데 저녁보다 조금 이르게 먼저 줬어요 잘먹었고 근데 한 6~8시간 지나니까 토를하는거예요 정확히 7월31일 새벽에 두번 저녁에 연달아 네번 (이땐 화식만나옴) 저는 애가 토를 계속하니까 배고플까봐 다시 화식주고 그랬는데 네이버에도 그렇고, 주변지인들도 일단 먹이지말라해서 안먹이고 있었어요 어제 저녁이후에 안먹인거죠 한7~8시쯤? 근데 오늘 새벽에도 토를 두번하고나서 코골고 잠도 잘자고 조금 기운없어보이긴했는데 으르렁도 하고(원래 성격) 덜하긴했어도 괜찮아지겠지 했어요 근데 지금 피토를 하네요.. 처음엔 공복토처럼 노란색토여서 밥먹인거고 그이후엔 자꾸 화식까지 토하길래 밥안먹이고 방금 한시간반전쯤 피토했는데 블로그마다 말이 다 달라서 한번 더 피토하면 병원가야되는지 지금 가야되는지 궁금해서 여쭤요 사진첨부합니다 피닦은사진이예요",2026-08-01,화식 냉동 보관,화식,,page,storage,2026-09-28T14:01:20
naver_kin,https://kin.naver.com/qna/detail.naver?dirId=80501&docId=494550338&answerNo=1,38f9c68dc661805b,강아지 음식 냉장 보관,어제 강아지 밥에 넣어주는 음식이 왔는데 냉동보관인데 냉장보관을 해버렸습니다.. 한30개정도 되는 양인데 지금은 냉동실로 옮기긴 했으나 이거 괜찮을까요..? 너무 걱정됩니다. 자세한 정보만 부탁드릴게요ㅠ,2026-08-01,화식 냉동 보관,미상,,page,storage,2026-09-28T14:01:20
naver_kin,https://kin.naver.com/qna/detail.naver?dirId=8020605&docId=491550613&answerNo=1,57df629e14a6b553,호주산 소고기 우민찌 다짐육,호주산 소고기 우민찌 다짐육을 살껀데 어디 부위인가요? 강아지 화식으로 쓸려고 하는데 기름기가 많은 부위일까요? 뭐뭐 일꺼다 라는 추정적인 답변은 사양할께요,2026-01-24,화식 냉동 보관,화식,,page,storage,2026-09-28T14:01:20
naver_kin,https://kin.naver.com/qna/detail.naver?dirId=8050104&docId=495130654&answerNo=5,fd8a349c1d30ae65,강아지 산책 질문 드립니다.,"제가 i다보니 사람 많은데를 별로 안좋아해서.. ㅎㅎ 제가 잠을 좀 늦게 자더라도 밤늦게 사람없을때 집근처 산책 1시간이상 하는데 (원래 진짜 피곤해도 30분잡고 가도 집에오면 1시간이상은 기본적으로 하게 되네요) 6키로대 마메시바견이고 1년 3개월 됐습니다. 실내배변견이며(집안 배변패드에 정확히 오줌과 똥을 쌈) 배변실수 한적 없음, 그리고 집안에서 똥오줌을 이미 싸고 나가기떄문에 밖에서는 마킹만 합니다. 똥을 밖에서 쌀떄도 있는데 그건 집에서 밥먹고 나갔을때입니다. 원래는 집 바로뒤 공원을 다녓는데 밤에는 벌레들도 있고, 잘못하면 유리조각도 있고, 강아지 똥들이 가끔 있다보니.. 특히 밤에는 풀숲에 막 들어갔다 나갔다 하다보니 잘안보여서 밤에는 무조건 길거리 산책 위주입니다. 그리고 강아지가 집근처 공원을 몇번 갓다오니 흥미도 잃고 해서 밤늦은 인도쪽으로 다니는 편입니다. 집에도 복귀 잘하는 편이고요 집에와서 목줄 풀고 다시 목줄들으면 그냥 그러려니합니다. 대신 처음에 산책나가기전에 전에는 목줄들으면 흥분 상태가 됐는데 이제는 제가 옷만 갈아입어도 어떻게 귀신같이 산책나가는지 아는지 낑낑거리고 난리가 납니다... (제가 출근할떄는 아무 감흥도 없다가요) 그리고 강아지가 일주일에 한번 강아지유치원 다닙니다. 분리불안은 없으며, 남에집에서도 아주 잘 지내고 헛짖음이나 입질과 사람이나 강아지 공격성도 여태까지는 없는편입니다. 지금처럼 루틴 유지해도 되나요? 실내배변견이라 산책은 하루에 한번만 합니다.",2026-09-12,출근 강아지 밥,미상,,page,auto_feed,2026-09-28T14:01:31
naver_kin,https://kin.naver.com/qna/detail.naver?dirId=8050104&docId=495130654&answerNo=4,3a5a9703b80b5895,강아지 산책 질문 드립니다.,"제가 i다보니 사람 많은데를 별로 안좋아해서.. ㅎㅎ 제가 잠을 좀 늦게 자더라도 밤늦게 사람없을때 집근처 산책 1시간이상 하는데 (원래 진짜 피곤해도 30분잡고 가도 집에오면 1시간이상은 기본적으로 하게 되네요) 6키로대 마메시바견이고 1년 3개월 됐습니다. 실내배변견이며(집안 배변패드에 정확히 오줌과 똥을 쌈) 배변실수 한적 없음, 그리고 집안에서 똥오줌을 이미 싸고 나가기떄문에 밖에서는 마킹만 합니다. 똥을 밖에서 쌀떄도 있는데 그건 집에서 밥먹고 나갔을때입니다. 원래는 집 바로뒤 공원을 다녓는데 밤에는 벌레들도 있고, 잘못하면 유리조각도 있고, 강아지 똥들이 가끔 있다보니.. 특히 밤에는 풀숲에 막 들어갔다 나갔다 하다보니 잘안보여서 밤에는 무조건 길거리 산책 위주입니다. 그리고 강아지가 집근처 공원을 몇번 갓다오니 흥미도 잃고 해서 밤늦은 인도쪽으로 다니는 편입니다. 집에도 복귀 잘하는 편이고요 집에와서 목줄 풀고 다시 목줄들으면 그냥 그러려니합니다. 대신 처음에 산책나가기전에 전에는 목줄들으면 흥분 상태가 됐는데 이제는 제가 옷만 갈아입어도 어떻게 귀신같이 산책나가는지 아는지 낑낑거리고 난리가 납니다... (제가 출근할떄는 아무 감흥도 없다가요) 그리고 강아지가 일주일에 한번 강아지유치원 다닙니다. 분리불안은 없으며, 남에집에서도 아주 잘 지내고 헛짖음이나 입질과 사람이나 강아지 공격성도 여태까지는 없는편입니다. 지금처럼 루틴 유지해도 되나요? 실내배변견이라 산책은 하루에 한번만 합니다.",2026-09-12,출근 강아지 밥,미상,,page,auto_feed,2026-09-28T14:01:31
naver_kin,https://kin.naver.com/qna/detail.naver?dirId=8050104&docId=495130654&answerNo=3,71662cfeab37ec1c,강아지 산책 질문 드립니다.,"제가 i다보니 사람 많은데를 별로 안좋아해서.. ㅎㅎ 제가 잠을 좀 늦게 자더라도 밤늦게 사람없을때 집근처 산책 1시간이상 하는데 (원래 진짜 피곤해도 30분잡고 가도 집에오면 1시간이상은 기본적으로 하게 되네요) 6키로대 마메시바견이고 1년 3개월 됐습니다. 실내배변견이며(집안 배변패드에 정확히 오줌과 똥을 쌈) 배변실수 한적 없음, 그리고 집안에서 똥오줌을 이미 싸고 나가기떄문에 밖에서는 마킹만 합니다. 똥을 밖에서 쌀떄도 있는데 그건 집에서 밥먹고 나갔을때입니다. 원래는 집 바로뒤 공원을 다녓는데 밤에는 벌레들도 있고, 잘못하면 유리조각도 있고, 강아지 똥들이 가끔 있다보니.. 특히 밤에는 풀숲에 막 들어갔다 나갔다 하다보니 잘안보여서 밤에는 무조건 길거리 산책 위주입니다. 그리고 강아지가 집근처 공원을 몇번 갓다오니 흥미도 잃고 해서 밤늦은 인도쪽으로 다니는 편입니다. 집에도 복귀 잘하는 편이고요 집에와서 목줄 풀고 다시 목줄들으면 그냥 그러려니합니다. 대신 처음에 산책나가기전에 전에는 목줄들으면 흥분 상태가 됐는데 이제는 제가 옷만 갈아입어도 어떻게 귀신같이 산책나가는지 아는지 낑낑거리고 난리가 납니다... (제가 출근할떄는 아무 감흥도 없다가요) 그리고 강아지가 일주일에 한번 강아지유치원 다닙니다. 분리불안은 없으며, 남에집에서도 아주 잘 지내고 헛짖음이나 입질과 사람이나 강아지 공격성도 여태까지는 없는편입니다. 지금처럼 루틴 유지해도 되나요? 실내배변견이라 산책은 하루에 한번만 합니다.",2026-09-12,출근 강아지 밥,미상,,page,auto_feed,2026-09-28T14:01:31
naver_kin,https://kin.naver.com/qna/detail.naver?dirId=70309&docId=494560756&answerNo=6,ce21cd93ba7667a9,강아지 가 주인이 없으면 밥을 안먹어요,저희 가족이 2박 3일 여행을 다녀오는데 갈 때 마다 너무 걱정 돼요 여행 갈 때 마다 한번은 호텔에 맞겼다가 너무 안맞고 그래서 집에 두는데 물은 좀 마셔도 밥을 아예 안 먹어요ㅠㅠㅠㅠㅠ,2026-08-02,여행 강아지 밥 챙기기,미상,,page,auto_feed,2026-09-28T14:02:08
naver_kin,https://kin.naver.com/qna/detail.naver?dirId=70309&docId=494560756&answerNo=4,2033a35fb4cfdcef,강아지 가 주인이 없으면 밥을 안먹어요,저희 가족이 2박 3일 여행을 다녀오는데 갈 때 마다 너무 걱정 돼요 여행 갈 때 마다 한번은 호텔에 맞겼다가 너무 안맞고 그래서 집에 두는데 물은 좀 마셔도 밥을 아예 안 먹어요ㅠㅠㅠㅠㅠ,2026-08-02,여행 강아지 밥 챙기기,미상,,page,auto_feed,2026-09-28T14:02:08
naver_kin,https://kin.naver.com/qna/detail.naver?dirId=7010103&docId=493683263&answerNo=4,4aa69c64559dc9f2,답좀 부탁드려요,저희집 14살 시츄가 2주전부터 기침을 살짝씩하더니 며칠전부턴 심한 마른기침을 자주 하여 휴일이지만 동네 병원에가니 엑스레이 찍고는 심장에 종양이 의심이 된다고 있다고 큰 병원가서 다시 검사 받아보랴고 했었어요 몇 시간 있다가 큰 병원가서 일단접수하고 대기하고 담당선생님 뵈었는데 덩어리가 크긴 크다고 자세한건 심장초음파검사 심전도검사 덩어리 종양세포검사?를 해야 자세히 알수 있다 하네요.... 근데 집에서는 밥도 잘 먹고 배변도 잘하고 물도 잘 마시고 하는데 유독 심한 기침이 시작되면 많이 힘들어하네요 일단 위급하지 않고 담당샘이 목금토 안계신다고 하구 저희도 일요일월요일 여행가서 은 안되어서 화요일날 아침첫타임으로 예약했는데 그동안 제발 무사히 지나가기만을 바라고 있어요 제발 큰 병만은 아니길 바라고 있어요.....,2026-06-04,여행 강아지 밥 챙기기,미상,,page,auto_feed,2026-09-28T14:02:08
naver_kin,https://kin.naver.com/qna/detail.naver?dirId=8050103&docId=494792816&answerNo=3,8b2c8e4eb9948987,강아지 가 밥을 잘 안먹어요.,9살된 푸들입니다. 5kg이고 날씬한체형이에요. 먹이고 있는 사료 권장량이 5kg강아지는 100~110g 하루에 두세번 나눠서주라고 되어있거든요. 그런데 일단 낮에 주면 안먹고요. 저녁에 한 70g정도 먹어요. 그 이상 줘보거나 하루에 두번 나눠 줘봤느데 안먹고 결국은 저녁~새벽에 50~70g 먹는거 같아요. 그렇다고 먹는걸 안좋아하지는 않거든요 간식 엄청좋아하고 고기 과일 고구마 이런건 주면 무한으로 먹을걸요. 간식량도 줄이고해도 어차피 먹는 사료량이 달라지지 않네요.,2026-08-18,강아지 급여 시간 규칙,미상,,page,auto_feed,2026-09-28T14:02:26
naver_kin,https://kin.naver.com/qna/detail.naver?dirId=8050104&docId=494525468&answerNo=5,43847c506d987c3c,강아지 입양 후 질문,제가 처음으로 강아지를 키우게 되서 잘 모르는 것들 질문합니다..! 푸들이나 말티푸같은 애들 키울거에요! 1. 저희집 가정상황때문에 아침에 산책을 못시켜서 점심 저녁으로 산책시켜도 될까요? 2. 강아지 배변냄새 많이 심할까요? 3. 웬만하면 한 방에만 있게 하고 하루에 몇번만 집 돌아다니게 해도 되나요? 4. 3~4개월 정도 된 강아지 입양하려고 하는데 집에 데려오고 나선 관심을 주면 안되나요? 5. 목욕은 얼마나 자주 시켜줘야되나요? 고양이는 아버지의 반대로 못키우고 강아지만 키울 수 있어요 답변 부탁드립니다ㅜㅜ,2026-07-30,강아지 급여 시간 규칙,미상,,page,auto_feed,2026-09-28T14:02:26
naver_kin,https://kin.naver.com/qna/detail.naver?dirId=80511&docId=494763524&answerNo=1,cd0bd6328270d587,1개월된 아기 치와와!,제가 내일이면 1개월밖에 안된 아기 치와와를 키우는데요.. 유튜브에 많이 찾아봤는데 밥을 6시간 간격으로 4번 주라고 하더라고요? 맞나요? 만약 맞으면 AM.6시 12시 PM.6시 12시 이렇게 줘도 되나요? ㅠㅠ 그리고 한번 줄때 양은 얼마만큼 주나요? 대략 몇알인지 구체적으로 알려줄사람 ㅠ 그리고 그 외에도 매달 챙겨먹어야 하는 약이라든가 접종 기간이라든가 일상에서 계속 챙겨야할 점이나 울타리를 사면 어디쯤 놔야하는지. 언제 풀어줘야하는지. 산책은 언제부터며 목욕은 언제시키고 버릇은 어떻게 들이며.. 되게 사소한것도 전부 다 알려주실분 ㅠㅠ,2026-08-16,강아지 급여 시간 규칙,미상,,page,auto_feed,2026-09-28T14:02:26
naver_kin,https://kin.naver.com/qna/detail.naver?dirId=8050103&docId=495187992&answerNo=1,1023bd31cf35ab96,강아지 화식 건식 급여량,강아지 6kg 노령견이며 하루에 사료양 96g 3끼 나눠서 주고있는데 거기에 화식 닥터맘마 촉촉사료 주려고 하는데 처음 급여시 75%25% 주라고해서 몇g줘야될까요 ?,2026-09-16,강아지 급여량 계산,화식,,page,auto_feed,2026-09-28T14:02:40
naver_kin,https://kin.naver.com/qna/detail.naver?dirId=8050103&docId=495187081&answerNo=1,0e74cab87faf6399,강아지 화식 기존사료 섞어서,강아지 화식 기존사료 섞어서 줄때 양어떻게 계산해야하나요?,2026-09-16,강아지 급여량 계산,화식,,page,auto_feed,2026-09-28T14:02:40
naver_kin,https://kin.naver.com/qna/detail.naver?dirId=8050104&docId=495178980&answerNo=4,2917e46c87ad308f,강아지 하루 몇끼 줘야할까요,견종은 말티푸이고 이제 곧 3살되요,2026-09-15,강아지 급여량 계산,미상,,page,auto_feed,2026-09-28T14:02:40
naver_kin,https://kin.naver.com/qna/detail.naver?dirId=80501&docId=495261399&answerNo=3,6a7d427973afd871,7개월 강아지 사료 하루 권장량이 궁금합니다,"안녕하세요 7개월 강아지를 분양 받은지 3일 정도 되었는데요. 새벽 5시쯤에 손바닥 한뭉치 안에 사료 조금씩 줘서 (5번 정도) 물조금 씩 또 주고 했습니다 나중에 오전 8시쯤에 나갈 건데, 7:50쯤에 또 2-3뭉치 정도 주고 나간 후, 일을 해야 해서 저녁 쯤 7-7:30 사이 집 도착 하면, 또 사료를 5뭉치 줄려고 계획 중입니다. (1) 7개월 강아지에게 사료를 상기에 말한대로 주면 적당한건가요? 오전 5시 (손 바닥안에 조금씩 5뭉치 + 집 나가기 전 7:50에 손바닥 3-4뭉치 정도) 그리고 오후 7-7:30 사이 5뭉치 정도.. (2) 원룸을 오전에 7:50쯤 나간후, 오후 19-19:30 정도 들어올 예정 입니다.( 대략 집 비운 시간이 11시간 30분 혹은 11시간 되는데..) 원룸 환기 (창문 베란다 문조금 열어 넣고… 어두워 질것 대비 해서 베란다 불도 좀 켜놓고 나가고..) 하고 나가면 7개월 강아지가 상기 말한 시간 동안 집에 혼자 있는데 크게 지장이 없을까요? 어제는 9시간 정도 집을 비우고, 집에 오니 바닥에 배변만 조금 해놓고, 방에 돌아 다니고 있었습니다..(걱정을 많이 했었는데.. 다행히 배변만 치우고 정리 하면 되었던 상황..) 7개월 강아지 하루 사료 권장량 + 외출 권장 시간..? 혹은 최대 권장 시간 알려주시면 감사하겠습니다.. 직장이 거리가 좀 있어서 오고가는 시간 고려해서 8시 외출 - 19-19:30 은 되어야 할것 같습니다.. 앗 그리고 강아지 씹을수 있는 블리츠 같은 간식도 한개 정도 두고 갈 예정입니다.. 지식인 님들의 친절한 답변 감사합니다..",2026-09-22,자동급식기,미상,,page,auto_feed,2026-09-28T14:03:22
naver_kin,https://kin.naver.com/qna/detail.naver?dirId=80101&docId=495118414&answerNo=4,869745386a65063b,강아지 호텔을 맡겨야할까요 ㅠㅠ,맡기려면 오늘 전화해서 말해야하는데요 2박3일하면 총 10만원이 깨지거든요 왜냐하면 친구를 10시에 만나야해요 그래서 토요일에 맡길 시간이 없어요.. 토요일에 하루종일 집 안들어가고 담날 4시에 헤어지는거라 맡겨야 될거같긴한데 어떡하죠 그냥 하루정돈 혼자 둘까요? 아님 걍 오늘 전화해서 맡길까요 짐 챙기고 집청소도 해야하고 아효 바쁘네요 ㅠㅠ,2026-09-11,자동급식기,미상,,page,auto_feed,2026-09-28T14:03:22
naver_kin,https://kin.naver.com/qna/detail.naver?dirId=8050103&docId=494680697&answerNo=5,405be28b5757d9d5,강아지 가 그릇에 있는 사료를 안 먹어요ㅠㅠ,제가 주거나 바닥에 놔주면 먹는데 그릇에 있는걸 안먹어요 원래는 주면 전투적으로 먹었는데 갑자기 냄새만맡구 제가 직접 주지 않으면 안먹더라구요ㅠㅠ 왜그런지 모르겠어요,2026-08-10,자동급식기,미상,,page,auto_feed,2026-09-28T14:03:22
naver_kin,https://kin.naver.com/qna/detail.naver?dirId=8050105&docId=494745040&answerNo=1,65f835650db1c171,강아지 를 혼자서,저희가 강아지를 두고 3일정도를 집을 비워야해요.뭔가 예전에는 제가 어려서 이런거 신경쓰지도 못 했고 가족들이랑 어디 다녀오고했었어요. 근데 뭔가 저도 나이가 들면서 어느정도 강아지가 걱정이되서요.. 3일동안 혼자있으면 조금 불쌍하기도하고해서요.. 제가 가족들한테 친구가 와서 조금만 보다가 가도되냐고물어봤는데 친구가 집에서 자는거 아니면 강아지도 실망하고 의미가 없다고하면서 안됀다고했습니다. 그렇다고해서 제가 가족들이랑 어딜 안 갈수도 없고.. 뭔가 복잡해요.. 최대한 강아지가 편하고 저희 안 기다리게하고싶어요… 이렇게라도 해주면 강아지의 스트레스나 그런게 줄어든다 싶으신거 알려주세요..! 일단 쳇 지피티 한테 물어봤는데 강아지가 먹을수있는 물을 곳곳에 두고 최대한 평소같이 행동하고 하라는데.. 일단 어디 다녀와서 강아지랑 산책하면 강아지의 스트레스가 조금이나마 풀릴까요? 아니면 나가기 전에 시저 같은 간식을 해두고 가는것도 좋은 방법인가요?,2026-08-15,자동급식기,미상,,page,auto_feed,2026-09-28T14:03:22
naver_kin,https://kin.naver.com/qna/detail.naver?dirId=8050103&docId=494728807&answerNo=2,9e0372981079fb51,강아지 밥 시간,"2개월된 강아지를 키우고 있는데 부모님과 저,동생 다 학교,일 하러가서 밥을 못챙겨줘요 아침,저녁은 챙겨줄 수 있을 것같은데 밥시간을 어떡하먼 좋을까요 (자동급식기X)(하루3번 3숟갈씩줌 큰숟기준)",2026-08-13,자동급식기,미상,,page,auto_feed,2026-09-28T14:03:22
naver_kin,https://kin.naver.com/qna/detail.naver?dirId=8050103&docId=494728807&answerNo=1,927228596ae4ef8f,강아지 밥 시간,"2개월된 강아지를 키우고 있는데 부모님과 저,동생 다 학교,일 하러가서 밥을 못챙겨줘요 아침,저녁은 챙겨줄 수 있을 것같은데 밥시간을 어떡하먼 좋을까요 (자동급식기X)(하루3번 3숟갈씩줌 큰숟기준)",2026-08-13,자동급식기,미상,,page,auto_feed,2026-09-28T14:03:22
naver_kin,https://kin.naver.com/qna/detail.naver?dirId=8050103&docId=494555136&answerNo=6,6994f5b75c687c8e,고양이나 강아지 를 키우고 싶은데 괜찮을까요?,"새끼 고양이나 새끼 강아지를 키우고 싶은데 아침 8시부터 오후 7시까지는 집에 아무도 없어요. 11시간 공백이 일주일에 세 번이긴 해도 찾아보니까 새끼 동물들한텐 치명적이라고 하더라구요.. 성묘나 성견도 괜찮으니까 시간 공백을 견딜 수 있는 방법이 있을까요? 아니면 제가 성인이 된 후 시간적, 경제적 여유가 생기면 그때 키워야 할까요.. 정말 너무 키우고 싶지만 괜히 제 욕심 때문에 키웠다가 잘못될까 두렵네요.",2026-08-01,자동급식기,미상,,page,auto_feed,2026-09-28T14:03:22
naver_kin,https://kin.naver.com/qna/detail.naver?dirId=8050103&docId=494555136&answerNo=4,37169fb3dc956cc6,고양이나 강아지 를 키우고 싶은데 괜찮을까요?,"새끼 고양이나 새끼 강아지를 키우고 싶은데 아침 8시부터 오후 7시까지는 집에 아무도 없어요. 11시간 공백이 일주일에 세 번이긴 해도 찾아보니까 새끼 동물들한텐 치명적이라고 하더라구요.. 성묘나 성견도 괜찮으니까 시간 공백을 견딜 수 있는 방법이 있을까요? 아니면 제가 성인이 된 후 시간적, 경제적 여유가 생기면 그때 키워야 할까요.. 정말 너무 키우고 싶지만 괜히 제 욕심 때문에 키웠다가 잘못될까 두렵네요.",2026-08-01,자동급식기,미상,,page,auto_feed,2026-09-28T14:03:22
naver_kin,https://kin.naver.com/qna/detail.naver?dirId=8050105&docId=494309849&answerNo=5,aaa4c194a651a93d,저희 집 강아지 다이어트를 어떻게 해야될까요..?,"3kg짜리 치와와를 키우고 있습니다. 근데 얘가 슬개골 탈구를 1번 수술하고 살을 안 뺐더니 다시 또 제발 하더라고요.. 지금 거의 3단계 진행되는 중이라서 살 빼기의 심각성을 느껴 빼려고 하는데 저희 애가 사료를 안 먹어서 저녁에 1끼를 작정하고 한 번만 먹는데 그때 양이 부피로 따지면 탄산음료 뚱캔에 5분의 2? 3? 분량 정도나 먹는 대로 먹이는 거 같아요.. 간식도 거의 밥 먹기 전에는 자기 알아서 뼈대가 되어있는 말린 연골들 먹고 남기고 숨겨놨던 거 먹고 사료 다먹고 양치 껌 1개, 다른 기름진 간식을 3개? 정도 얻어먹고 더먹는 날도 있는거 같아요. 운동은 자주 가지 못해서 일주일에 1번 정도 30분에서 40분정도 같이 키우는 푸들 1마리하고 잘 가다가 애가 안 가면 안고 가고 그래요.. 지금 애 다리를 재수술 시킬 수도 없는 노릇이고 자율배식을 하고있어서 못 먹는 것도 아닌데 남는 간식이 없으면 공복 토를 해서..ㅜㅜ 조금만 도와주십쇼.. 가족들이 거의 집에 오래 붙어있지 못하고 저녁에 들어옵니다.. 이런데도 가능할 가요?",2026-07-14,자동급식기 추천,미상,,page,auto_feed,2026-09-28T14:03:58
naver_kin,https://kin.naver.com/qna/detail.naver?dirId=90101&docId=494404952&answerNo=2,7c7bf2957a070a5a,추석 연휴 강아지 집에 두려고 하는데,추석연휴에 최소 16시간 최대 18시간동안 강아지를 집에 혼자 있게 해야 하는데 물이랑 밥은 걱정 안 해도 되는데 오랫동안 집에 둬도 괜찮은지 궁금합니다. 다른 곳에 맡기기에는 믿음이 안 가서 집에 두려고 하는데 괜찮은 거 맞나요?,2026-07-22,자동급식기 추천,미상,,page,auto_feed,2026-09-28T14:03:58
naver_kin,https://kin.naver.com/qna/detail.naver?dirId=50501&docId=493717590&answerNo=3,afaabf3746336cf5,자동 차 제일퍼티(회색)으로 밖에 비맞는 강아지 급식 소부식....,다이소에 우드퍼티라는게 싼지모르고 그냥집에있는 제일퍼티로 발랐는데요 이거 나무끼리 못질해야하는데 못질이 가능할까요 강아지 나무목재 급식소가 6년이상되니 나무끼리 연결부위들이 부식되고 부셔진곳도있어서 발랐는데 다시 마르기전에 긁어내고 우드퍼티를 또발라봐야할지 ㅜㅜ,2026-06-06,자동급식기 추천,미상,,page,auto_feed,2026-09-28T14:03:58
naver_kin,https://kin.naver.com/qna/detail.naver?dirId=8050103&docId=493079354&answerNo=3,9dacd4c3477b8205,2개월 강아지 건사료,2개월 좀 지난 말티치 키우고 있는데요 아침 저녁은 제가 밥을 챙겨주고 점심은 남친이 밥을 챙겨주고 있는데 사정상 남친이 밥을 못 챙겨주게 되어서 점심만 자동급식기로 건사료 줘도 되는지 궁금해요 ㅠ 아침 저녁은 충분히 불려서 주는데 암만 생각해도 다른 방법이 생각이 안 나서 월~목 주4일 점심만 안 불린 건사료 줘도 되나요? ㅜㅜㅜㅠ,2026-04-22,자동급식기 추천,건사료,,page,auto_feed,2026-09-28T14:03:58
naver_kin,https://kin.naver.com/qna/detail.naver?dirId=50501&docId=492739460&answerNo=4,d7affbe3616b4d4d,집들이선물 추천 좀 해주세요 ㅠ,두 친구가 있는데요 최근에 이사를 했다길래 선물을 막 해주고싶은데 제가 결정을 잘못해서요 ㅠㅠ 한명은 남친이랑 고양이 두 마리와 같이 살구요 한명은 친언니랑 강아지 한 마리 이렇게 같이 살아요 좀 생활용품이나 실용성 있는 걸로 사주고 싶어요 가격은 상관없어요!! 추천 부탁드려요!!!!,2026-03-31,자동급식기 추천,미상,,page,auto_feed,2026-09-28T14:03:58
naver_kin,https://kin.naver.com/qna/detail.naver?dirId=8050103&docId=492528103&answerNo=5,f6914d3f944bb249,강아지 가 밥을 며칠동안 안 먹으면 심각한 문제가 생기나요?,제가 3일동안 다른 곳에 있어야해서 강아지들 밥을 못챙겨주는 상황인데요 혹시 강아지가 3일동안 밥을 못 먹으면 죽을까요..?....,2026-03-18,자동급식기 추천,미상,,page,auto_feed,2026-09-28T14:03:58
naver_kin,https://kin.naver.com/qna/detail.naver?dirId=8050104&docId=491665990&answerNo=7,31a1a10d3c190a81,제가 강아지 두마리다 울타리 생활 시키고 잇는데,"남자 견주입니다. 첫째 7개월 암컷시바 적색 둘째 3.5개월 수컷시바 블랙탄 울타리만 50만원들여 삿고 첫째는 중간방안에 울타리 + 캔넬 + 서로 다른 장난감 + 자동급식기 + 식수기 배치 돼있습니다. 공간은 그냥 제 방만합니다 둘째는 거실 울타리에서 따로 생활중이고요 두마리다 울타리 생활을 하지만 두마리 전부 분리불안은 없는거같구요 둘다 싸우지않고 잘지냅니다 산책을 나가거나 집에 모르는사람이 와도 경계하거나 짖거나 하지않아요 제가 안보여도 낑낑거리거나 울거나 하는건 못봤구요 두마리다 앉아, 기다려, 들어가(캔넬안) 훈련은 되잇구요 간식줄때도 이름부르면 순서대로 주고있어요 아무튼 산책은 따로. 집안에서는 둘이 놀으라고 1시간정도 집전체 풀어놓긴합니다 이제는 첫째는 그냥 공용 장난감물고 거실 쿠션위에 앉아서 놀거나 저만따라다녀요 전에는 그냥 이유없이 신나서 하루종일 뛰고 저리띄고 햇는데 거진 8개월차 접어드니 조금 얌전해진듯해요 첫째가 좀얌전해지니 둘째도 같이 얌전.. 근데 아직 둘째는 장난감에 관심없고 그냥 첫째따라다니거나 저 따라다니구요 근데 사람들은 강아지가 울타리 생활하면 감옥에 가둬두는거랑 같다고 하시는데 제가 잘못키우고 잇는건가요?",2026-01-30,자동급식기 추천,미상,,page,auto_feed,2026-09-28T14:03:58
naver_kin,https://kin.naver.com/qna/detail.naver?dirId=8050103&docId=490792290&answerNo=0,da8149e9bb4c5692,"실외견 자동급식기 ,급수기 추천",밖에서 키우는 강아지인데 집을 비우는 시간이 길어져서 사료나 물 걱정이 되더라구요.. 실내에서 키우는게 아니라 바람불거나 비오면 물이랑 사료 오염이 심한데 커버가 가능한 자동급식기나 급수기 없나요??,2025-12-15,자동급식기 추천,미상,,page,auto_feed,2026-09-28T14:03:58
naver_kin,https://kin.naver.com/qna/detail.naver?dirId=80511&docId=495174712&answerNo=1,0d1f85f44fe6984c,"아기 강아지 온도,습도 조절 어떻게 하나요..?",2개월 조금지난 아기강아지를 데려온지 4일이 되었는데 집 온도는 26도이고 습도는 26%에요… 강아지가 덥지 않을지 너무 건조하지 않을지 계속 걱정이네요.. 에어컨이 없어서 창문을 열고 지내고 선풍기 틀어요 아직 예방접종이랑 다른것도 아직 못한 상황이라 어떻게 해야될까요ㅠㅠ,2026-09-15,외출 강아지 밥,미상,,page,auto_feed,2026-09-28T14:05:51
naver_kin,https://kin.naver.com/qna/detail.naver?dirId=70109&docId=495151521&answerNo=5,0d34dd1cbb59ce6e,정서적 학대에 해당이 되나요??,"저희 아빠는 제가 태어나기 전부터 화를 잘 참지 못하는 사람이었다고 합니다. 특히 ‘여자는 주방에 있어야 한다’는 사상을 가지고 계셔서, 저와 언니가 어렸을 때부터 엄마를 하대하는 모습을 자연스럽게 보며 자랐습니다. 이런 생각 때문인지 설거지나 청소, 요리와 같은 집안일에는 거의 손을 대지 않으셨습니다. 제가 유치원생이나 초등학생이었을 때는 화를 참지 못하면 물건을 집어던지거나 부수고, 엄마와 서로 심한 욕설을 하며 싸우는 일이 있었습니다. 중학생 때 강아지를 키우기 시작하면서 아빠의 성격이 조금은 유해진 것 같다고 느꼈지만, 몇 년 후부터는 강아지가 아빠의 리모컨을 물고 가는 것처럼 사소한 일이 생겨도 새벽 시간에 강아지 집을 집어던지며 화를 내는 일이 생겼습니다. 또 한 번은 엄마, 언니, 저 셋이 외출했다가 저녁 식사 시간이 지나서 집에 돌아온 적이 있습니다. 그때 아빠는 밥을 차려놓지 않았다는 이유로 집에 있던 반찬통을 모두 설거지통에 집어던지고, 냉장고에 있던 식재료들을 꺼내 바닥에 마구 던져놓았습니다. 현재는 가족이 함께 운영하는 매장 하나가 있는데, 청소나 매장 관리가 본인의 기준에 맞지 않으면 가족 중 누구를 가리지 않고 정말 심한 욕설을 합니다. 문을 세게 닫고 다니거나 물건을 거칠게 다루는 행동도 자주 보입니다. 물론 아빠가 항상 이런 모습인 것은 아닙니다. 장난도 많이 치고, 잘해줄 때는 정말 좋은 아빠이기도 합니다. 그래서 오히려 더 혼란스럽습니다. 평소에는 괜찮다가도 정말 갑작스럽게 다른 사람처럼 돌변하기 때문입니다. 성인이 된 지금은 아빠가 화를 낼 것 같은 전조가 보이기만 해도 불안해지고, 가능한 한 모든 상황을 피하고 싶다는 생각이 듭니다. 제가 생각하는 아빠의 가장 큰 문제는 밖에서는 굉장히 사람 좋은 모습을 보이지만, 집에서는 난폭한 모습으로 돌변한다는 것입니다. 친가 쪽 가족들은 아빠를 정말 좋은 사람이라고 생각하고 있고, 심지어 아빠가 욕을 전혀 하지 못하는 사람이라고 알고 있을 정도입니다. 그렇기 때문에 집에서 제가 겪어온 모습을 이야기해도 믿지 못할 것 같다는 생각이 듭니다. 또 하나 이해하기 어려운 부분은 엄마의 외출에 대한 아빠의 반응입니다. 엄마는 평소 집에 있는 시간이 정말 많고, 친구들을 만나는 것도 한 달에 한두 번 정도입니다. 다만 엄마는 술을 좋아하는 편이라 친구를 만나면 저녁 6시쯤 나가 새벽 1~2시쯤 들어오는 경우가 있습니다. 남자를 만나거나 다른 부적절한 행동을 하는 것은 전혀 아닌데도, 엄마가 외출했다는 사실 자체에 아빠가 굉장히 예민하게 반응합니다. 엄마가 나가면 저녁 식사를 준비하는 것은 언니의 몫이 되고, 아빠는 엄마가 집에 없어서 본인이 직접 식사를 해결해야 하는 상황 때문인지 굉장히 화를 냅니다. 엄마에게 연달아 다섯 번 이상 전화를 하거나, 전화를 받을 때까지 계속 연락을 하고, 전화를 받지 않으면 메시지로 화를 내기도 합니다. 단순히 걱정하는 정도라기보다는 엄마의 행동을 계속 확인하고 통제하려는 것처럼 느껴질 때가 많습니다. 저는 이 모습이 정말 이해되지 않습니다. 평소에는 엄마를 인간적으로 존중하지 않는 것처럼 대하고, 집안일을 당연히 엄마의 몫이라고 생각하며 하인처럼 대하는 모습을 보이면서, 정작 엄마가 외출하면 왜 그렇게 집착하고 불안해하는지 모르겠습니다. 특히 엄마가 다른 남자를 만날 것이라고 의심하는 듯한 태도를 보이는 것도 이해하기 어렵습니다. 엄마를 존중하지 않는 것처럼 행동하면서도 엄마의 행동 하나하나를 통제하려는 모습을 보면 저로서는 굉장히 모순적으로 느껴집니다. 저는 현재 불안장애와 우울증 등을 겪고 있고, 집에 있어도 전혀 편안하다는 느낌을 받지 못합니다. 아빠의 모습을 오랫동안 보며 자라온 영향인지 결혼과 가정을 꾸리는 것에 대해서도 부정적인 생각을 갖게 되었고, 자연스럽게 비혼을 선택하게 되었습니다. 그리고 저 역시 아빠의 영향을 받은 것 같다는 생각이 들 때가 있습니다. 어릴 때부터 아빠의 모습을 보며 자라서 그런지, 아빠에게 퉁명스럽게 대답하거나 짜증을 내는 경우가 많습니다. 그럴 때면 ‘내가 왜 이렇게까지 아빠에게 날카롭게 대할까’ 싶어 죄송한 마음이 들기도 합니다. 그런데 동시에 평소 아빠가 가족에게 보였던 모습들이 떠오르면서, 내가 이렇게 반응하는 것에도 이유가 있는 것은 아닐까 하는 생각이 듭니다. 그래서 죄송한 마음과 억울한 마음이 동시에 들 때가 많습니다. 한편으로는 ‘다른 집도 원래 이 정도는 하는 것 아닌가’, ‘내가 너무 예민하게 받아들이는 것은 아닐까’라는 생각이 계속 듭니다. 아빠가 가족의 생계를 책임지는 가장으로서 느끼는 부담과 무게가 컸을 것이라는 생각도 들어서, 어느 정도는 제가 이해해야 하는 문제인지 혼란스럽습니다. 그래서 문득 궁금해졌습니다. 제가 어릴 때부터 겪어온 아빠의 행동들이 단순히 성격이 불같은 것에 불과한 것인지, 아니면 정서적 학대라고 볼 수 있는 행동인지 궁금합니다. 그리고 가족의 생계를 책임지는 사람이라는 이유만으로 이러한 행동들을 이해하고 받아들여야 하는지도 알고 싶습니다.",2026-09-13,외출 강아지 밥,미상,,page,auto_feed,2026-09-28T14:05:51
naver_kin,https://kin.naver.com/qna/detail.naver?dirId=70109&docId=495151521&answerNo=4,83ea425d251728dc,정서적 학대에 해당이 되나요??,"저희 아빠는 제가 태어나기 전부터 화를 잘 참지 못하는 사람이었다고 합니다. 특히 ‘여자는 주방에 있어야 한다’는 사상을 가지고 계셔서, 저와 언니가 어렸을 때부터 엄마를 하대하는 모습을 자연스럽게 보며 자랐습니다. 이런 생각 때문인지 설거지나 청소, 요리와 같은 집안일에는 거의 손을 대지 않으셨습니다. 제가 유치원생이나 초등학생이었을 때는 화를 참지 못하면 물건을 집어던지거나 부수고, 엄마와 서로 심한 욕설을 하며 싸우는 일이 있었습니다. 중학생 때 강아지를 키우기 시작하면서 아빠의 성격이 조금은 유해진 것 같다고 느꼈지만, 몇 년 후부터는 강아지가 아빠의 리모컨을 물고 가는 것처럼 사소한 일이 생겨도 새벽 시간에 강아지 집을 집어던지며 화를 내는 일이 생겼습니다. 또 한 번은 엄마, 언니, 저 셋이 외출했다가 저녁 식사 시간이 지나서 집에 돌아온 적이 있습니다. 그때 아빠는 밥을 차려놓지 않았다는 이유로 집에 있던 반찬통을 모두 설거지통에 집어던지고, 냉장고에 있던 식재료들을 꺼내 바닥에 마구 던져놓았습니다. 현재는 가족이 함께 운영하는 매장 하나가 있는데, 청소나 매장 관리가 본인의 기준에 맞지 않으면 가족 중 누구를 가리지 않고 정말 심한 욕설을 합니다. 문을 세게 닫고 다니거나 물건을 거칠게 다루는 행동도 자주 보입니다. 물론 아빠가 항상 이런 모습인 것은 아닙니다. 장난도 많이 치고, 잘해줄 때는 정말 좋은 아빠이기도 합니다. 그래서 오히려 더 혼란스럽습니다. 평소에는 괜찮다가도 정말 갑작스럽게 다른 사람처럼 돌변하기 때문입니다. 성인이 된 지금은 아빠가 화를 낼 것 같은 전조가 보이기만 해도 불안해지고, 가능한 한 모든 상황을 피하고 싶다는 생각이 듭니다. 제가 생각하는 아빠의 가장 큰 문제는 밖에서는 굉장히 사람 좋은 모습을 보이지만, 집에서는 난폭한 모습으로 돌변한다는 것입니다. 친가 쪽 가족들은 아빠를 정말 좋은 사람이라고 생각하고 있고, 심지어 아빠가 욕을 전혀 하지 못하는 사람이라고 알고 있을 정도입니다. 그렇기 때문에 집에서 제가 겪어온 모습을 이야기해도 믿지 못할 것 같다는 생각이 듭니다. 또 하나 이해하기 어려운 부분은 엄마의 외출에 대한 아빠의 반응입니다. 엄마는 평소 집에 있는 시간이 정말 많고, 친구들을 만나는 것도 한 달에 한두 번 정도입니다. 다만 엄마는 술을 좋아하는 편이라 친구를 만나면 저녁 6시쯤 나가 새벽 1~2시쯤 들어오는 경우가 있습니다. 남자를 만나거나 다른 부적절한 행동을 하는 것은 전혀 아닌데도, 엄마가 외출했다는 사실 자체에 아빠가 굉장히 예민하게 반응합니다. 엄마가 나가면 저녁 식사를 준비하는 것은 언니의 몫이 되고, 아빠는 엄마가 집에 없어서 본인이 직접 식사를 해결해야 하는 상황 때문인지 굉장히 화를 냅니다. 엄마에게 연달아 다섯 번 이상 전화를 하거나, 전화를 받을 때까지 계속 연락을 하고, 전화를 받지 않으면 메시지로 화를 내기도 합니다. 단순히 걱정하는 정도라기보다는 엄마의 행동을 계속 확인하고 통제하려는 것처럼 느껴질 때가 많습니다. 저는 이 모습이 정말 이해되지 않습니다. 평소에는 엄마를 인간적으로 존중하지 않는 것처럼 대하고, 집안일을 당연히 엄마의 몫이라고 생각하며 하인처럼 대하는 모습을 보이면서, 정작 엄마가 외출하면 왜 그렇게 집착하고 불안해하는지 모르겠습니다. 특히 엄마가 다른 남자를 만날 것이라고 의심하는 듯한 태도를 보이는 것도 이해하기 어렵습니다. 엄마를 존중하지 않는 것처럼 행동하면서도 엄마의 행동 하나하나를 통제하려는 모습을 보면 저로서는 굉장히 모순적으로 느껴집니다. 저는 현재 불안장애와 우울증 등을 겪고 있고, 집에 있어도 전혀 편안하다는 느낌을 받지 못합니다. 아빠의 모습을 오랫동안 보며 자라온 영향인지 결혼과 가정을 꾸리는 것에 대해서도 부정적인 생각을 갖게 되었고, 자연스럽게 비혼을 선택하게 되었습니다. 그리고 저 역시 아빠의 영향을 받은 것 같다는 생각이 들 때가 있습니다. 어릴 때부터 아빠의 모습을 보며 자라서 그런지, 아빠에게 퉁명스럽게 대답하거나 짜증을 내는 경우가 많습니다. 그럴 때면 ‘내가 왜 이렇게까지 아빠에게 날카롭게 대할까’ 싶어 죄송한 마음이 들기도 합니다. 그런데 동시에 평소 아빠가 가족에게 보였던 모습들이 떠오르면서, 내가 이렇게 반응하는 것에도 이유가 있는 것은 아닐까 하는 생각이 듭니다. 그래서 죄송한 마음과 억울한 마음이 동시에 들 때가 많습니다. 한편으로는 ‘다른 집도 원래 이 정도는 하는 것 아닌가’, ‘내가 너무 예민하게 받아들이는 것은 아닐까’라는 생각이 계속 듭니다. 아빠가 가족의 생계를 책임지는 가장으로서 느끼는 부담과 무게가 컸을 것이라는 생각도 들어서, 어느 정도는 제가 이해해야 하는 문제인지 혼란스럽습니다. 그래서 문득 궁금해졌습니다. 제가 어릴 때부터 겪어온 아빠의 행동들이 단순히 성격이 불같은 것에 불과한 것인지, 아니면 정서적 학대라고 볼 수 있는 행동인지 궁금합니다. 그리고 가족의 생계를 책임지는 사람이라는 이유만으로 이러한 행동들을 이해하고 받아들여야 하는지도 알고 싶습니다.",2026-09-13,외출 강아지 밥,미상,,page,auto_feed,2026-09-28T14:05:51
naver_kin,https://kin.naver.com/qna/detail.naver?dirId=70109&docId=495151521&answerNo=3,6bb96683e085683f,정서적 학대에 해당이 되나요??,"저희 아빠는 제가 태어나기 전부터 화를 잘 참지 못하는 사람이었다고 합니다. 특히 ‘여자는 주방에 있어야 한다’는 사상을 가지고 계셔서, 저와 언니가 어렸을 때부터 엄마를 하대하는 모습을 자연스럽게 보며 자랐습니다. 이런 생각 때문인지 설거지나 청소, 요리와 같은 집안일에는 거의 손을 대지 않으셨습니다. 제가 유치원생이나 초등학생이었을 때는 화를 참지 못하면 물건을 집어던지거나 부수고, 엄마와 서로 심한 욕설을 하며 싸우는 일이 있었습니다. 중학생 때 강아지를 키우기 시작하면서 아빠의 성격이 조금은 유해진 것 같다고 느꼈지만, 몇 년 후부터는 강아지가 아빠의 리모컨을 물고 가는 것처럼 사소한 일이 생겨도 새벽 시간에 강아지 집을 집어던지며 화를 내는 일이 생겼습니다. 또 한 번은 엄마, 언니, 저 셋이 외출했다가 저녁 식사 시간이 지나서 집에 돌아온 적이 있습니다. 그때 아빠는 밥을 차려놓지 않았다는 이유로 집에 있던 반찬통을 모두 설거지통에 집어던지고, 냉장고에 있던 식재료들을 꺼내 바닥에 마구 던져놓았습니다. 현재는 가족이 함께 운영하는 매장 하나가 있는데, 청소나 매장 관리가 본인의 기준에 맞지 않으면 가족 중 누구를 가리지 않고 정말 심한 욕설을 합니다. 문을 세게 닫고 다니거나 물건을 거칠게 다루는 행동도 자주 보입니다. 물론 아빠가 항상 이런 모습인 것은 아닙니다. 장난도 많이 치고, 잘해줄 때는 정말 좋은 아빠이기도 합니다. 그래서 오히려 더 혼란스럽습니다. 평소에는 괜찮다가도 정말 갑작스럽게 다른 사람처럼 돌변하기 때문입니다. 성인이 된 지금은 아빠가 화를 낼 것 같은 전조가 보이기만 해도 불안해지고, 가능한 한 모든 상황을 피하고 싶다는 생각이 듭니다. 제가 생각하는 아빠의 가장 큰 문제는 밖에서는 굉장히 사람 좋은 모습을 보이지만, 집에서는 난폭한 모습으로 돌변한다는 것입니다. 친가 쪽 가족들은 아빠를 정말 좋은 사람이라고 생각하고 있고, 심지어 아빠가 욕을 전혀 하지 못하는 사람이라고 알고 있을 정도입니다. 그렇기 때문에 집에서 제가 겪어온 모습을 이야기해도 믿지 못할 것 같다는 생각이 듭니다. 또 하나 이해하기 어려운 부분은 엄마의 외출에 대한 아빠의 반응입니다. 엄마는 평소 집에 있는 시간이 정말 많고, 친구들을 만나는 것도 한 달에 한두 번 정도입니다. 다만 엄마는 술을 좋아하는 편이라 친구를 만나면 저녁 6시쯤 나가 새벽 1~2시쯤 들어오는 경우가 있습니다. 남자를 만나거나 다른 부적절한 행동을 하는 것은 전혀 아닌데도, 엄마가 외출했다는 사실 자체에 아빠가 굉장히 예민하게 반응합니다. 엄마가 나가면 저녁 식사를 준비하는 것은 언니의 몫이 되고, 아빠는 엄마가 집에 없어서 본인이 직접 식사를 해결해야 하는 상황 때문인지 굉장히 화를 냅니다. 엄마에게 연달아 다섯 번 이상 전화를 하거나, 전화를 받을 때까지 계속 연락을 하고, 전화를 받지 않으면 메시지로 화를 내기도 합니다. 단순히 걱정하는 정도라기보다는 엄마의 행동을 계속 확인하고 통제하려는 것처럼 느껴질 때가 많습니다. 저는 이 모습이 정말 이해되지 않습니다. 평소에는 엄마를 인간적으로 존중하지 않는 것처럼 대하고, 집안일을 당연히 엄마의 몫이라고 생각하며 하인처럼 대하는 모습을 보이면서, 정작 엄마가 외출하면 왜 그렇게 집착하고 불안해하는지 모르겠습니다. 특히 엄마가 다른 남자를 만날 것이라고 의심하는 듯한 태도를 보이는 것도 이해하기 어렵습니다. 엄마를 존중하지 않는 것처럼 행동하면서도 엄마의 행동 하나하나를 통제하려는 모습을 보면 저로서는 굉장히 모순적으로 느껴집니다. 저는 현재 불안장애와 우울증 등을 겪고 있고, 집에 있어도 전혀 편안하다는 느낌을 받지 못합니다. 아빠의 모습을 오랫동안 보며 자라온 영향인지 결혼과 가정을 꾸리는 것에 대해서도 부정적인 생각을 갖게 되었고, 자연스럽게 비혼을 선택하게 되었습니다. 그리고 저 역시 아빠의 영향을 받은 것 같다는 생각이 들 때가 있습니다. 어릴 때부터 아빠의 모습을 보며 자라서 그런지, 아빠에게 퉁명스럽게 대답하거나 짜증을 내는 경우가 많습니다. 그럴 때면 ‘내가 왜 이렇게까지 아빠에게 날카롭게 대할까’ 싶어 죄송한 마음이 들기도 합니다. 그런데 동시에 평소 아빠가 가족에게 보였던 모습들이 떠오르면서, 내가 이렇게 반응하는 것에도 이유가 있는 것은 아닐까 하는 생각이 듭니다. 그래서 죄송한 마음과 억울한 마음이 동시에 들 때가 많습니다. 한편으로는 ‘다른 집도 원래 이 정도는 하는 것 아닌가’, ‘내가 너무 예민하게 받아들이는 것은 아닐까’라는 생각이 계속 듭니다. 아빠가 가족의 생계를 책임지는 가장으로서 느끼는 부담과 무게가 컸을 것이라는 생각도 들어서, 어느 정도는 제가 이해해야 하는 문제인지 혼란스럽습니다. 그래서 문득 궁금해졌습니다. 제가 어릴 때부터 겪어온 아빠의 행동들이 단순히 성격이 불같은 것에 불과한 것인지, 아니면 정서적 학대라고 볼 수 있는 행동인지 궁금합니다. 그리고 가족의 생계를 책임지는 사람이라는 이유만으로 이러한 행동들을 이해하고 받아들여야 하는지도 알고 싶습니다.",2026-09-13,외출 강아지 밥,미상,,page,auto_feed,2026-09-28T14:05:51
naver_kin,https://kin.naver.com/qna/detail.naver?dirId=70109&docId=495151521&answerNo=2,ad980f96a0dfd431,정서적 학대에 해당이 되나요??,"저희 아빠는 제가 태어나기 전부터 화를 잘 참지 못하는 사람이었다고 합니다. 특히 ‘여자는 주방에 있어야 한다’는 사상을 가지고 계셔서, 저와 언니가 어렸을 때부터 엄마를 하대하는 모습을 자연스럽게 보며 자랐습니다. 이런 생각 때문인지 설거지나 청소, 요리와 같은 집안일에는 거의 손을 대지 않으셨습니다. 제가 유치원생이나 초등학생이었을 때는 화를 참지 못하면 물건을 집어던지거나 부수고, 엄마와 서로 심한 욕설을 하며 싸우는 일이 있었습니다. 중학생 때 강아지를 키우기 시작하면서 아빠의 성격이 조금은 유해진 것 같다고 느꼈지만, 몇 년 후부터는 강아지가 아빠의 리모컨을 물고 가는 것처럼 사소한 일이 생겨도 새벽 시간에 강아지 집을 집어던지며 화를 내는 일이 생겼습니다. 또 한 번은 엄마, 언니, 저 셋이 외출했다가 저녁 식사 시간이 지나서 집에 돌아온 적이 있습니다. 그때 아빠는 밥을 차려놓지 않았다는 이유로 집에 있던 반찬통을 모두 설거지통에 집어던지고, 냉장고에 있던 식재료들을 꺼내 바닥에 마구 던져놓았습니다. 현재는 가족이 함께 운영하는 매장 하나가 있는데, 청소나 매장 관리가 본인의 기준에 맞지 않으면 가족 중 누구를 가리지 않고 정말 심한 욕설을 합니다. 문을 세게 닫고 다니거나 물건을 거칠게 다루는 행동도 자주 보입니다. 물론 아빠가 항상 이런 모습인 것은 아닙니다. 장난도 많이 치고, 잘해줄 때는 정말 좋은 아빠이기도 합니다. 그래서 오히려 더 혼란스럽습니다. 평소에는 괜찮다가도 정말 갑작스럽게 다른 사람처럼 돌변하기 때문입니다. 성인이 된 지금은 아빠가 화를 낼 것 같은 전조가 보이기만 해도 불안해지고, 가능한 한 모든 상황을 피하고 싶다는 생각이 듭니다. 제가 생각하는 아빠의 가장 큰 문제는 밖에서는 굉장히 사람 좋은 모습을 보이지만, 집에서는 난폭한 모습으로 돌변한다는 것입니다. 친가 쪽 가족들은 아빠를 정말 좋은 사람이라고 생각하고 있고, 심지어 아빠가 욕을 전혀 하지 못하는 사람이라고 알고 있을 정도입니다. 그렇기 때문에 집에서 제가 겪어온 모습을 이야기해도 믿지 못할 것 같다는 생각이 듭니다. 또 하나 이해하기 어려운 부분은 엄마의 외출에 대한 아빠의 반응입니다. 엄마는 평소 집에 있는 시간이 정말 많고, 친구들을 만나는 것도 한 달에 한두 번 정도입니다. 다만 엄마는 술을 좋아하는 편이라 친구를 만나면 저녁 6시쯤 나가 새벽 1~2시쯤 들어오는 경우가 있습니다. 남자를 만나거나 다른 부적절한 행동을 하는 것은 전혀 아닌데도, 엄마가 외출했다는 사실 자체에 아빠가 굉장히 예민하게 반응합니다. 엄마가 나가면 저녁 식사를 준비하는 것은 언니의 몫이 되고, 아빠는 엄마가 집에 없어서 본인이 직접 식사를 해결해야 하는 상황 때문인지 굉장히 화를 냅니다. 엄마에게 연달아 다섯 번 이상 전화를 하거나, 전화를 받을 때까지 계속 연락을 하고, 전화를 받지 않으면 메시지로 화를 내기도 합니다. 단순히 걱정하는 정도라기보다는 엄마의 행동을 계속 확인하고 통제하려는 것처럼 느껴질 때가 많습니다. 저는 이 모습이 정말 이해되지 않습니다. 평소에는 엄마를 인간적으로 존중하지 않는 것처럼 대하고, 집안일을 당연히 엄마의 몫이라고 생각하며 하인처럼 대하는 모습을 보이면서, 정작 엄마가 외출하면 왜 그렇게 집착하고 불안해하는지 모르겠습니다. 특히 엄마가 다른 남자를 만날 것이라고 의심하는 듯한 태도를 보이는 것도 이해하기 어렵습니다. 엄마를 존중하지 않는 것처럼 행동하면서도 엄마의 행동 하나하나를 통제하려는 모습을 보면 저로서는 굉장히 모순적으로 느껴집니다. 저는 현재 불안장애와 우울증 등을 겪고 있고, 집에 있어도 전혀 편안하다는 느낌을 받지 못합니다. 아빠의 모습을 오랫동안 보며 자라온 영향인지 결혼과 가정을 꾸리는 것에 대해서도 부정적인 생각을 갖게 되었고, 자연스럽게 비혼을 선택하게 되었습니다. 그리고 저 역시 아빠의 영향을 받은 것 같다는 생각이 들 때가 있습니다. 어릴 때부터 아빠의 모습을 보며 자라서 그런지, 아빠에게 퉁명스럽게 대답하거나 짜증을 내는 경우가 많습니다. 그럴 때면 ‘내가 왜 이렇게까지 아빠에게 날카롭게 대할까’ 싶어 죄송한 마음이 들기도 합니다. 그런데 동시에 평소 아빠가 가족에게 보였던 모습들이 떠오르면서, 내가 이렇게 반응하는 것에도 이유가 있는 것은 아닐까 하는 생각이 듭니다. 그래서 죄송한 마음과 억울한 마음이 동시에 들 때가 많습니다. 한편으로는 ‘다른 집도 원래 이 정도는 하는 것 아닌가’, ‘내가 너무 예민하게 받아들이는 것은 아닐까’라는 생각이 계속 듭니다. 아빠가 가족의 생계를 책임지는 가장으로서 느끼는 부담과 무게가 컸을 것이라는 생각도 들어서, 어느 정도는 제가 이해해야 하는 문제인지 혼란스럽습니다. 그래서 문득 궁금해졌습니다. 제가 어릴 때부터 겪어온 아빠의 행동들이 단순히 성격이 불같은 것에 불과한 것인지, 아니면 정서적 학대라고 볼 수 있는 행동인지 궁금합니다. 그리고 가족의 생계를 책임지는 사람이라는 이유만으로 이러한 행동들을 이해하고 받아들여야 하는지도 알고 싶습니다.",2026-09-13,외출 강아지 밥,미상,,page,auto_feed,2026-09-28T14:05:51
naver_kin,https://kin.naver.com/qna/detail.naver?dirId=70109&docId=495151521&answerNo=1,16d6ca54a0e7d29a,정서적 학대에 해당이 되나요??,"저희 아빠는 제가 태어나기 전부터 화를 잘 참지 못하는 사람이었다고 합니다. 특히 ‘여자는 주방에 있어야 한다’는 사상을 가지고 계셔서, 저와 언니가 어렸을 때부터 엄마를 하대하는 모습을 자연스럽게 보며 자랐습니다. 이런 생각 때문인지 설거지나 청소, 요리와 같은 집안일에는 거의 손을 대지 않으셨습니다. 제가 유치원생이나 초등학생이었을 때는 화를 참지 못하면 물건을 집어던지거나 부수고, 엄마와 서로 심한 욕설을 하며 싸우는 일이 있었습니다. 중학생 때 강아지를 키우기 시작하면서 아빠의 성격이 조금은 유해진 것 같다고 느꼈지만, 몇 년 후부터는 강아지가 아빠의 리모컨을 물고 가는 것처럼 사소한 일이 생겨도 새벽 시간에 강아지 집을 집어던지며 화를 내는 일이 생겼습니다. 또 한 번은 엄마, 언니, 저 셋이 외출했다가 저녁 식사 시간이 지나서 집에 돌아온 적이 있습니다. 그때 아빠는 밥을 차려놓지 않았다는 이유로 집에 있던 반찬통을 모두 설거지통에 집어던지고, 냉장고에 있던 식재료들을 꺼내 바닥에 마구 던져놓았습니다. 현재는 가족이 함께 운영하는 매장 하나가 있는데, 청소나 매장 관리가 본인의 기준에 맞지 않으면 가족 중 누구를 가리지 않고 정말 심한 욕설을 합니다. 문을 세게 닫고 다니거나 물건을 거칠게 다루는 행동도 자주 보입니다. 물론 아빠가 항상 이런 모습인 것은 아닙니다. 장난도 많이 치고, 잘해줄 때는 정말 좋은 아빠이기도 합니다. 그래서 오히려 더 혼란스럽습니다. 평소에는 괜찮다가도 정말 갑작스럽게 다른 사람처럼 돌변하기 때문입니다. 성인이 된 지금은 아빠가 화를 낼 것 같은 전조가 보이기만 해도 불안해지고, 가능한 한 모든 상황을 피하고 싶다는 생각이 듭니다. 제가 생각하는 아빠의 가장 큰 문제는 밖에서는 굉장히 사람 좋은 모습을 보이지만, 집에서는 난폭한 모습으로 돌변한다는 것입니다. 친가 쪽 가족들은 아빠를 정말 좋은 사람이라고 생각하고 있고, 심지어 아빠가 욕을 전혀 하지 못하는 사람이라고 알고 있을 정도입니다. 그렇기 때문에 집에서 제가 겪어온 모습을 이야기해도 믿지 못할 것 같다는 생각이 듭니다. 또 하나 이해하기 어려운 부분은 엄마의 외출에 대한 아빠의 반응입니다. 엄마는 평소 집에 있는 시간이 정말 많고, 친구들을 만나는 것도 한 달에 한두 번 정도입니다. 다만 엄마는 술을 좋아하는 편이라 친구를 만나면 저녁 6시쯤 나가 새벽 1~2시쯤 들어오는 경우가 있습니다. 남자를 만나거나 다른 부적절한 행동을 하는 것은 전혀 아닌데도, 엄마가 외출했다는 사실 자체에 아빠가 굉장히 예민하게 반응합니다. 엄마가 나가면 저녁 식사를 준비하는 것은 언니의 몫이 되고, 아빠는 엄마가 집에 없어서 본인이 직접 식사를 해결해야 하는 상황 때문인지 굉장히 화를 냅니다. 엄마에게 연달아 다섯 번 이상 전화를 하거나, 전화를 받을 때까지 계속 연락을 하고, 전화를 받지 않으면 메시지로 화를 내기도 합니다. 단순히 걱정하는 정도라기보다는 엄마의 행동을 계속 확인하고 통제하려는 것처럼 느껴질 때가 많습니다. 저는 이 모습이 정말 이해되지 않습니다. 평소에는 엄마를 인간적으로 존중하지 않는 것처럼 대하고, 집안일을 당연히 엄마의 몫이라고 생각하며 하인처럼 대하는 모습을 보이면서, 정작 엄마가 외출하면 왜 그렇게 집착하고 불안해하는지 모르겠습니다. 특히 엄마가 다른 남자를 만날 것이라고 의심하는 듯한 태도를 보이는 것도 이해하기 어렵습니다. 엄마를 존중하지 않는 것처럼 행동하면서도 엄마의 행동 하나하나를 통제하려는 모습을 보면 저로서는 굉장히 모순적으로 느껴집니다. 저는 현재 불안장애와 우울증 등을 겪고 있고, 집에 있어도 전혀 편안하다는 느낌을 받지 못합니다. 아빠의 모습을 오랫동안 보며 자라온 영향인지 결혼과 가정을 꾸리는 것에 대해서도 부정적인 생각을 갖게 되었고, 자연스럽게 비혼을 선택하게 되었습니다. 그리고 저 역시 아빠의 영향을 받은 것 같다는 생각이 들 때가 있습니다. 어릴 때부터 아빠의 모습을 보며 자라서 그런지, 아빠에게 퉁명스럽게 대답하거나 짜증을 내는 경우가 많습니다. 그럴 때면 ‘내가 왜 이렇게까지 아빠에게 날카롭게 대할까’ 싶어 죄송한 마음이 들기도 합니다. 그런데 동시에 평소 아빠가 가족에게 보였던 모습들이 떠오르면서, 내가 이렇게 반응하는 것에도 이유가 있는 것은 아닐까 하는 생각이 듭니다. 그래서 죄송한 마음과 억울한 마음이 동시에 들 때가 많습니다. 한편으로는 ‘다른 집도 원래 이 정도는 하는 것 아닌가’, ‘내가 너무 예민하게 받아들이는 것은 아닐까’라는 생각이 계속 듭니다. 아빠가 가족의 생계를 책임지는 가장으로서 느끼는 부담과 무게가 컸을 것이라는 생각도 들어서, 어느 정도는 제가 이해해야 하는 문제인지 혼란스럽습니다. 그래서 문득 궁금해졌습니다. 제가 어릴 때부터 겪어온 아빠의 행동들이 단순히 성격이 불같은 것에 불과한 것인지, 아니면 정서적 학대라고 볼 수 있는 행동인지 궁금합니다. 그리고 가족의 생계를 책임지는 사람이라는 이유만으로 이러한 행동들을 이해하고 받아들여야 하는지도 알고 싶습니다.",2026-09-13,외출 강아지 밥,미상,,page,auto_feed,2026-09-28T14:05:51
naver_kin,https://kin.naver.com/qna/detail.naver?dirId=80501&docId=495138118&answerNo=2,21b3e029d5cb662e,강아지 가 제가 없을 때 많이 짖어요,가족들 나갈 때는 상관없는데 유독 제가 나갈 때 심하게 짖는다고 하더라고요. 케어를 제가 담당하긴 하는데 늘 집에 있을 수는 없어서 난감하네요 어떻게 해야 할까요?,2026-09-12,외출 강아지 밥,미상,,page,auto_feed,2026-09-28T14:05:51
naver_kin,https://kin.naver.com/qna/detail.naver?dirId=9020101&docId=494963089&answerNo=1,e2003477dca1417f,애견인 하루일과 플랜 조언,"08:00~09:00 | 아침 기상 09:00~10:00 | 외출 준비 10:00~10:30 | 수영장 가기 11:00~12:00 | 수영 12:00~12:30 | 산책 12:30~13:00 | 점심 먹기 13:00~14:00 | 산책 14:00~16:00 | 집안일 및 자유시간 16:00~17:00 | 산책 17:00~18:00 | 밥 짓기 및 자유 2살 진도, 3개월 보더콜리 카우는 견주고 아침 저녁은 부모님이 케어 해주셔서 혼자있는 시간만 임시계획을 짰는데요 진도는 여러번 나가면 좋지만 한 번 나가도 잘 있어서 점심 한 번 나가는 편이고 밥먹고 바로 3개월 애기 나갔다 오는 편입니다. 아직은 체력이 많지 않아서 똑같이 한번만 나가는데 그래도 한번은 더 나가야 하지 않을까 싶어서 오후에 더 나가보는 거로 했습니다. 아마 제가 진로 정해서 공부하고 일 시작할 때도 있을거고 보더콜리 아이도 점점 체력이 늘어서 자주 나가고 놀아줄 시간이 많아질 거라 그때가 고민이 많이 되네요...저희 집안이 보더콜리 키울 상황은 아니지만 사정이 생겨서..조언 부탁 드려요",2026-08-31,외출 강아지 밥,미상,,page,auto_feed,2026-09-28T14:05:51
naver_kin,https://kin.naver.com/qna/detail.naver?dirId=8050105&docId=495302647&answerNo=0,d8b43e4a94d5badc,강아지 중성화 수술 후,수술후 실밥 풀기전에 넥카라를 몇시간을 풀어놨다고 하는데 혹시 실밥이 풀리거나 잘못된게 있나요? 추석연휴라 병원 전화도 안받고 걱정되서요.. 핥거나 하면 안되서 넥카라를 착용하고 나갔는데 강아지 아빠가 넥카라를 풀어주고 잠이들었데요.. ㅠ당장 병원 가봐야할까요,2026-09-25,강아지 밥 시간,미상,,page,auto_feed,2026-09-28T14:06:53
naver_kin,https://kin.naver.com/qna/detail.naver?dirId=8050104&docId=495301245&answerNo=2,9e7d8c0763b557d6,강아지 가 안 짖어요 어디 아픈걸까요?,"내일 유기견카페에서 강아지를 입양할 예정이고 이미 입양은 확정되었어요 근데 걱정인게... 다른곳은 다 건강 해 보이는데 아에 안 짖어요. 꽤 많이 카페에 방문 해 봤는데 전 짖는 모습을 본 적이 없어요 많이 안 짖는게 아니라 정말 짖지를 않아요 이 강아지가 카페에 온지 얼마 안 됐기도 하고 서열도 많이 낮고 다른 강아지들한테 괴롭힘 당하는 모습을 많이 봤거든요 그래서 그런걸까요? 그런데 또 다른 손님분들한테는 엄청 착하고 관심도 많아요 입질도 하나도 없구요 혹시 전 주인한테 트라우마가 있던걸까요? 전에 성대제거수술 가능성이 있을 수도 있지만 아에 입 벌리고 짖고싶어하는 모습도 안 보여요 짖으려고 입을 벌린적이 없어요 입양 하고 좀 안정된다면 짖을까요? 비슷한 경험 있으신 견주분들이나 전문가분 도와주시길 바랍니다! AI제외 무조건 채택합니다. 그리고 또한 제가 해 줄수 있는게 뭘까요? 강아지 견종은 비숑 믹스일거에요. 완전 비숑은 아니라고 알고있고, 크기는 미니비숑보단 확실히 커요 밥도 잘 먹고 나이는 2살즈음이에요 내일 검사를 받아보긴 할건데 걱정이되어서요...",2026-09-25,강아지 밥 시간,미상,,page,auto_feed,2026-09-28T14:06:53
naver_kin,https://kin.naver.com/qna/detail.naver?dirId=8050104&docId=495297629&answerNo=1,f6f2afb3b9a2d5b7,강아지 우울증,저희집 개는 11살 푸들인데요 저를 가장 많이 따르고 좋아해요 근데 제가 대학교에 입학하면서 기숙사 생활을 시작했고 집에 자주 못오는 상황입니다 한달에 한번 정도 오는 거 같은데 본가에는 다른 가족들이 있기는하지만 잠도 제 방에서 잔다고해요.. 저희 개 상태 괜찮을까요? 우울증 걸리는 건 아니겠죠? 밥은 잘 먹고 잠도 잘 자고 장난감 가지고 잘 논다고는 하는데..ㅠㅠ 저를 너무 좋아해서 자꾸 걱정됩니다ㅠㅠ.. 이런 경우 있으셨던 분들 계신가요??,2026-09-25,강아지 밥 시간,미상,,page,auto_feed,2026-09-28T14:06:53
naver_kin,https://kin.naver.com/qna/detail.naver?dirId=8050103&docId=495294095&answerNo=1,6bf0293bdd3c0f9b,강아지 물 안마시고 며칠,제가 오늘 아침일찍 나와서 내일 늦은 오후에 집에 가는데 물을 안채워주고 나온거 같아요ㅠ 밥은 있는데 물은 조금 있을거에요ㅠ 최악으로 아예 없다 생각하면 많이 위험한가요?,2026-09-24,강아지 밥 시간,미상,,page,auto_feed,2026-09-28T14:06:53
naver_kin,https://kin.naver.com/qna/detail.naver?dirId=80501&docId=495267355&answerNo=2,1711492fdb51c5fd,강아지 들은 하루에 평균 몇 시간 자나요..? 시도때도 없이 자....,강아지들은 하루에 평균 몇시간 자나요..? 시도때도 없이 자요 그것도 코골면서.. 아침엔 사람이 없어서 심심해서 자는건줄알았는데 사람이있어도 자고 그러다가 저녁엔 활발해져서 산책 니가자고 문앞에있고 다른 강아지들도 그런가요? 너무 많이 자서 걱정되요,2026-09-22,강아지 밥 시간,미상,,page,auto_feed,2026-09-28T14:06:53
naver_kin,https://kin.naver.com/qna/detail.naver?dirId=8050103&docId=495286794&answerNo=2,13334b970d612fdf,강아지 가 닭뼈를 먹었어요,강아지가 닭다리 뼈를 3분의 1정도 먹었어요. 살만 발라먹으라고 준건데 갑자기 뼈를 씹어먹더라고요.... 어쩌죠 ㅠㅠㅠㅠ,2026-09-23,강아지 밥 시간,미상,,page,auto_feed,2026-09-28T14:06:53
naver_kin,https://kin.naver.com/qna/detail.naver?dirId=80509&docId=495210878&answerNo=1,d81d344ff11e573c,크레스티드 게코,"안녕하세요 크레스티드 게코 키우게 됐는데 너무 초보라서 몇 가지 질문 드립니다..!! 4~5개월 게코 1. 주사기로 핸드피딩 중인데 어느 정도 급여해줘야 게코가 배부른지 모르겠습니다 밥 먹이면 조금 먹다가 좀 쉬었다가 딴짓했다가 다시 먹고.. 티나게 고개 돌려 피한다거나 뒷걸음질을 치지 않으면 배가 차지 않았다는 뜻일까요..? 2. 엊그제 밥 먹이고 있는데 갑자기 강아지처럼 고개를 막 털어서 사료를 털어냈습니다 배뷰른 행동인거요? 아님 스트레스 받은 건가요..? 아님 사레같은 거 들린 건가요? 3. 게코가 몇 시간 동안 계속 같은 자리에 가만히 있는데 정상적인 행동인가요? 반나절? 이상? 있었던 것 같습니다 4. 아침 저녁으로 하루 두번 분무해주고 있는데 물그릇, 혹은 가습기같은 거 필요할까요? 답변 주시면 감사하겠습니다!!",2026-09-18,강아지 밥 시간,미상,,page,auto_feed,2026-09-28T14:06:53
naver_kin,https://kin.naver.com/qna/detail.naver?dirId=8050103&docId=495273118&answerNo=1,d4817b18226675c4,강아지 가 데일밴드 먹었어요,간식 줘서 뺏으려고 했는데 그냥 간식이랑 같이 씹어먹어버렸어요….평소에 뭐 먹으면 똥으로 나오긴 하던데 괜찮으려나요 ㅠ4키로입니다,2026-09-22,강아지 밥 시간,미상,,page,auto_feed,2026-09-28T14:06:53
naver_kin,https://kin.naver.com/qna/detail.naver?dirId=80501&docId=494960092&answerNo=4,ab845f8b754f05f5,"강아지 샴푸, 사료, 배변패드 ㅊㅊ해주새용",가격이 많이 비싸지않지만 좋은 제품이면 좋겠습니다ㅠㅠ 없다면 비싸도 좋은 제품 알려주세요! 또 그걸로 몇달정도 쓸 수 있는지도 알려주세여ㅠㅠ,2026-08-30,강아지 하루 급여 횟수,미상,,page,auto_feed,2026-09-28T14:07:15
naver_kin,https://kin.naver.com/qna/detail.naver?dirId=8050104&docId=495178980&answerNo=2,f556a6a386d6b51d,강아지 하루 몇끼 줘야할까요,견종은 말티푸이고 이제 곧 3살되요,2026-09-15,강아지 하루 급여 횟수,미상,,page,auto_feed,2026-09-28T14:07:15
naver_kin,https://kin.naver.com/qna/detail.naver?dirId=80511&docId=495128573&answerNo=1,f011f493e1536c0b,당뇨견 강아지 질문,"안녕하세요 강아지가 2달전 당뇨판정을 받고 한순간에 백내장도 심해지고 하더니 한쪽눈은 시력을 아예 잃었습니다. 남은 눈도 거의 보이지 않는거같은데.. 스피치 여아 11살인데 몸무게가 3.9kg 밖에 나가지않습니다 인슐린 캐니슐린 주사 저녁 1번 4ml 정도 맞추고 있구여 스테시픽 당뇨 사료를 먹이고 있는데 하루 두번, 한번 급여할때 65g 급여하고 있습니다. 저녁밥 먹이구 30분뒤에 인슐린 투여하고 있는데 방식이 잘못된것인지, 사료를 바꿔야하는건지 도움 부탁드립니다..",2026-09-11,강아지 하루 급여 횟수,미상,,page,auto_feed,2026-09-28T14:07:15
naver_kin,https://kin.naver.com/qna/detail.naver?dirId=80511&docId=495119197&answerNo=1,1c9b9186e4b9a660,강아지 공복토 문의,어제도 오전 8시경 공복토를 하였고 오늘도 마찬가지로 8:30분경 공복토를 하였습니다. 오늘은 저런 빨간색도 살짝 보여 걱정 되어 질문남깁니다. 지금 컨디션은 괜찮고 강아지용 죽도 잘 먹었습니다. 병원에 데려가야할까여?,2026-09-11,강아지 하루 급여 횟수,미상,,page,auto_feed,2026-09-28T14:07:15
naver_kin,https://kin.naver.com/qna/detail.naver?dirId=80501&docId=494975825&answerNo=2,f5fd6bb716082465,노령견 키우시는 분들께,제가 14살 강아지를 키우고 있는데 혹시 노령견 키우시는 견주님들은 하루 사료를 몇 번 주세요 ? 한 번만 줘도 되나요?,2026-08-31,강아지 하루 급여 횟수,미상,,page,auto_feed,2026-09-28T14:07:15
naver_kin,https://kin.naver.com/qna/detail.naver?dirId=8050104&docId=494896007&answerNo=1,e6cfe6492c1bc2f2,강아지 분리불안,10살된 푸들믹스 강아지가 있어요 6년전쯤 갑자기 분리불안이 생겨서 사람이 다 나가니까 하루종일 짖더라구요 그때는 아침저녁으로 산책 횟수를 늘리니 얼마 안가서 나았어요 그 뒤로는 나갈때마다 간식을 주니까 오히려 저희의 외출을 좋게 생각할 정도였어요 그리고 어제 7년 살던집에서 다른곳으로 이사를 갔는데 새로운 환경에 불안한지 분리불안이 생겨서 현관까지 따라나와서 다시 짖는데 어떻게 해야할까요,2026-08-26,강아지 하루 급여 횟수,미상,,page,auto_feed,2026-09-28T14:07:15
naver_kin,https://kin.naver.com/qna/detail.naver?dirId=80511&docId=494666852&answerNo=4,3726c93630e3b8a0,강아지 양치 관련 질문입니다.,저희 강아지는 14살 입니다. 강아지 양치를 저녁에 1회 해 줍니다 혹시 강아지 양치를 하루에 1회 무조건 해 줘야하나요 하루 건너뛰어도 상관없나요?,2026-08-09,강아지 하루 급여 횟수,미상,,page,auto_feed,2026-09-28T14:07:15
naver_kin,https://kin.naver.com/qna/detail.naver?dirId=8050103&docId=494826240&answerNo=7,61049c1f56bc803d,강아지 가 갑자기 밥을 많이 먹으려해요,원래 예가 사료를 많이 먹는편도 아니고 오히려 걸러가지고 사료를 잘 안먹거든요? 어무니가 오늘 저녁까먹었다고해도 정량에서 약간 많이 줬는데도 애가 자꾸 사료있는쪽으로 두리번거리면서 달라고해요 원래 않이러는데 애가 이상해용 식욕이 많긴해도 사료 많이 먹는편이 아니거든요 애가 절대로 사료주변두리번거리면서 사료달라고한적도 없는데 않그러건 애가 이러니까 어디 아픈가해서 좀 걱정돼요,2026-08-21,강아지 하루 급여 횟수,미상,,page,auto_feed,2026-09-28T14:07:15
naver_kin,https://kin.naver.com/qna/detail.naver?dirId=8050103&docId=495234093&answerNo=1,309888c6f4606951,만성췌장염 의심되는 강아지 질문이요 ㅜㅜ,강아지가 14년생으로 이제 12살인데 췌장 수치가 1800대로 높게 나왔어요 두달 전에 한 피검사에서 그렇게 떠서 췌장염 식이로 싹 바꾸고 간식 안 주고 했는데도 이번 검사에서도 비슷하게 1800대가 나와서 처방 식이를 닥터힐메딕스 소프트 로우펫 S/L을 먹는데... 밥은 또 잘 먹어요 식탐도 많아서 간식 달라고 쉬 하고 오고 응가하고 오고 변도 설사 없고 구토도 없어요. 하루에 세끼씩 28g으로 나눠 주고 있는데 것도 금방 금방 먹고 더 먹고 싶어해요. 저녁에 좀 자기 전에 조금이라도 주는 게 맞을까요? 너무 공복이면 또 안 좋다고해서요 ㅜㅜ 어떻게 해야하나요?,2026-09-19,강아지 과식,미상,,page,auto_feed,2026-09-28T14:07:53
naver_kin,https://kin.naver.com/qna/detail.naver?dirId=8050103&docId=495087222&answerNo=1,9aabf065ba0a2e4c,[시급]노령견 헥헥거림 및 울음,제가 저 자신보다 더 사랑하고 아끼는 강아지가 올해 8살이 됬습니다. 평소에 가족모두 바쁘고 특히 저는 예비 고3으로 학업적으로 너무 바빠서 산책을 잘 못 시켜줬어요. 저희 강아지는 산책을 너무 좋아하고요. 오늘 밥 먹을 때 설이(강아지이름)도 소고기 구워서 사료사이즈 만큼 잘라서 평소보다 조금 더 사료를 주긴 했지만 과식할 정도인지는 잘 모르겠어요 먹고 저녁에 간식도 고구마 오리고기 간식 두개 먹고 피싱도 먹었는데 밤11시가 넘어서 계속 헥헥거리고 끙끙대고 울어요.. 이런 적 처음인데 왜 그럴까요?ㅠ 너무 겁나고 무서워서 눈물만 나는데 혹시나 과식햇을까봐 배 만져주고 그랬는데 만져줄 때는 가만히 있고 또 안 만점주면 다시 헥헥거리고 울어요.. 지금은 밤 12시고요 창문열고 환기시키면서 선풍기만 틀어놨는데 에어컨도 켰어요. 혹시나 더워서 그럴까봐. 아까부터 계속 나가고싶어하는 눈인데 네이버 찾아보니까 헥헥거릴 때 나가는 게 별로 좋지는 않은 거 같아서 안 데꼬 나갔어요 .. 지금은 또 잠깐 잠잠해졌는데 언제 또 그럴지 모르겠어요.. 너무 신경쓰이고 걱정돼여 ㅠㅠ 방금 안방에서 거실로 나갔길래 쫒아갔는데 아빠 과자 먹는거 옆에서 앉아있어요.. 근데 뭔가 몸이 경직된 거 같아서 쓰담쓰담 해줬ㄴ느데 입 주변에 침이 조금 묻혀있어요.. 헥헥거리다가 흘린 거겠죠? 기독교분들 있으시면 저희 설이 건강하게 행복하게 사랑많이 받고 설이 스스로도 사랑이 넘칠정도로ㅠ많이 받고있다는 걸 알 수 있게 해주시고 저희 설이 오래오래 건강하고 행복하게 살수 있게 기도해주세요 ..,2026-09-09,강아지 과식,미상,,page,auto_feed,2026-09-28T14:07:53
naver_kin,https://kin.naver.com/qna/detail.naver?dirId=8050103&docId=495087222&answerNo=0,dcdc161852e94a48,[시급]노령견 헥헥거림 및 울음,제가 저 자신보다 더 사랑하고 아끼는 강아지가 올해 8살이 됬습니다. 평소에 가족모두 바쁘고 특히 저는 예비 고3으로 학업적으로 너무 바빠서 산책을 잘 못 시켜줬어요. 저희 강아지는 산책을 너무 좋아하고요. 오늘 밥 먹을 때 설이(강아지이름)도 소고기 구워서 사료사이즈 만큼 잘라서 평소보다 조금 더 사료를 주긴 했지만 과식할 정도인지는 잘 모르겠어요 먹고 저녁에 간식도 고구마 오리고기 간식 두개 먹고 피싱도 먹었는데 밤11시가 넘어서 계속 헥헥거리고 끙끙대고 울어요.. 이런 적 처음인데 왜 그럴까요?ㅠ 너무 겁나고 무서워서 눈물만 나는데 혹시나 과식햇을까봐 배 만져주고 그랬는데 만져줄 때는 가만히 있고 또 안 만점주면 다시 헥헥거리고 울어요.. 지금은 밤 12시고요 창문열고 환기시키면서 선풍기만 틀어놨는데 에어컨도 켰어요. 혹시나 더워서 그럴까봐. 아까부터 계속 나가고싶어하는 눈인데 네이버 찾아보니까 헥헥거릴 때 나가는 게 별로 좋지는 않은 거 같아서 안 데꼬 나갔어요 .. 지금은 또 잠깐 잠잠해졌는데 언제 또 그럴지 모르겠어요.. 너무 신경쓰이고 걱정돼여 ㅠㅠ 방금 안방에서 거실로 나갔길래 쫒아갔는데 아빠 과자 먹는거 옆에서 앉아있어요.. 근데 뭔가 몸이 경직된 거 같아서 쓰담쓰담 해줬ㄴ느데 입 주변에 침이 조금 묻혀있어요.. 헥헥거리다가 흘린 거겠죠? 기독교분들 있으시면 저희 설이 건강하게 행복하게 사랑많이 받고 설이 스스로도 사랑이 넘칠정도로ㅠ많이 받고있다는 걸 알 수 있게 해주시고 저희 설이 오래오래 건강하고 행복하게 살수 있게 기도해주세요 ..,2026-09-09,강아지 과식,미상,,page,auto_feed,2026-09-28T14:07:53
naver_kin,https://kin.naver.com/qna/detail.naver?dirId=1111&docId=495036676&answerNo=5,18799b0e107ae214,강아지 사주 보고싶어요,이름 김밥 생년월일 2026 01 13 잘부탁드립니다 ~~,2026-09-05,강아지 과식,미상,,page,auto_feed,2026-09-28T14:07:53
naver_kin,https://kin.naver.com/qna/detail.naver?dirId=80501&docId=494911610&answerNo=1,67948639127a13e6,트레더스 쿠키 강아지 가 먹었어요,트레더스에 파는 3가지 종류 쿠키를 강아지가 먹었어요 5키로 조금 넘는 비숑이고 쿠키는 화이트쿠키랑 초코쿠키를 먹은거같아요 두개 합쳐서 두입정도요.. 괜찮을까요..? 먹은지 1시간정도 됐는데 괜찮아보이고 비숑타임만 오고 평소처럼 신나서 공놀이 해요,2026-08-27,강아지 과식,미상,,page,auto_feed,2026-09-28T14:07:53
naver_kin,https://kin.naver.com/qna/detail.naver?dirId=8050105&docId=494863377&answerNo=2,322903cb186d3338,강아지 가 허니버터칩 한봉지를 다먹었어요,제발 3~4키로짜리 강아지가 허니버터칩 한봉지를 다먹었어요 어떡해요ㅠㅠㅠ 진짜어ㄸ·ㄱ해요,2026-08-24,강아지 과식,미상,,page,auto_feed,2026-09-28T14:07:53
naver_kin,https://kin.naver.com/qna/detail.naver?dirId=8050105&docId=494863377&answerNo=1,8d46a51c2bb37d21,강아지 가 허니버터칩 한봉지를 다먹었어요,제발 3~4키로짜리 강아지가 허니버터칩 한봉지를 다먹었어요 어떡해요ㅠㅠㅠ 진짜어ㄸ·ㄱ해요,2026-08-24,강아지 과식,미상,,page,auto_feed,2026-09-28T14:07:53
naver_kin,https://kin.naver.com/qna/detail.naver?dirId=8050105&docId=494790424&answerNo=1,741bbbb15539bb5f,강아지 가 산책하다 물먹고 이런토,공복토인가요?,2026-08-18,강아지 과식,미상,,page,auto_feed,2026-09-28T14:07:53
naver_kin,https://kin.naver.com/qna/detail.naver?dirId=8050104&docId=493710247&answerNo=2,3367d94af4be9271,3개월 폼스키 키우고있는데요 입질이 너무 심해요,3개월 폼스키 키우는중이거든요 근데 입질이 너무 심해서 스트레스예요 ㅜㅜ 유치라서 깨물려서 피도 나고 그렇거든요 깨물때 장난감을 물려줘도 조금 가지고 놀다가 다시 저를 물어요 지금 제가 키우는 상황이 혼자살고 직장인이다보니 하루 13시간 정도 집을 비워서 강아지 혼자 울타리안에 있거든요 울타리안에는 자동급식기 물 쿠션 쿨매트 배변패드 장난감 이렇게 넣어뒀구요 펫캠으로 수시로 확인하면 밥도 잘먹고 장난감 가지고 놀다가 대부분 잠자더라구요 아직 3차접종 전이라 산책은 못하고 있구요 퇴근하고 오면 노즈워크 매트로해서 사료 주고있어요 제가 간식 주면 사료 안먹을까봐 간식은 일체 안주고 있거든요 제가 쉬는날이나 퇴근하고 저랑 있을때마다 손가락 발가락 발목 옷 따라다니면서 물어요 안아프면 상관이 없는데 너무 아파서 스트레스 받더라구요 어떻게 방법이 없을까요?,2026-06-05,펫캠 급식기,미상,,page,auto_feed,2026-09-28T14:08:34
naver_kin,https://kin.naver.com/qna/detail.naver?dirId=8050104&docId=493710247&answerNo=1,baef03b358005bb0,3개월 폼스키 키우고있는데요 입질이 너무 심해요,3개월 폼스키 키우는중이거든요 근데 입질이 너무 심해서 스트레스예요 ㅜㅜ 유치라서 깨물려서 피도 나고 그렇거든요 깨물때 장난감을 물려줘도 조금 가지고 놀다가 다시 저를 물어요 지금 제가 키우는 상황이 혼자살고 직장인이다보니 하루 13시간 정도 집을 비워서 강아지 혼자 울타리안에 있거든요 울타리안에는 자동급식기 물 쿠션 쿨매트 배변패드 장난감 이렇게 넣어뒀구요 펫캠으로 수시로 확인하면 밥도 잘먹고 장난감 가지고 놀다가 대부분 잠자더라구요 아직 3차접종 전이라 산책은 못하고 있구요 퇴근하고 오면 노즈워크 매트로해서 사료 주고있어요 제가 간식 주면 사료 안먹을까봐 간식은 일체 안주고 있거든요 제가 쉬는날이나 퇴근하고 저랑 있을때마다 손가락 발가락 발목 옷 따라다니면서 물어요 안아프면 상관이 없는데 너무 아파서 스트레스 받더라구요 어떻게 방법이 없을까요?,2026-06-05,펫캠 급식기,미상,,page,auto_feed,2026-09-28T14:08:34
naver_kin,https://kin.naver.com/qna/detail.naver?dirId=3031003&docId=491858981&answerNo=1,2af9c3324001da83,온라인 강의만으로 강아지 수제간식 실력 늘까요?,직장인이라 따로 시간 내기 어려워서 온라인 강의로 강아지 수제간식 자격증 과정을 들으려고 하는데요. 직접 만들어보지 않고 화면만 보고도 실력이 늘지 걱정입니다. 혹시 온라인으로만 공부하고 자격증 따신 분들 계시면 실전 감각 익히는 데 어땠는지 궁금해요. 그리고 실제로 간식 만들 때 유용한 팁이나 주의사항도 강의에서 많이 배울 수 있었는지도요.,2026-02-09,수제간식 보관,미상,,page,vacuum,2026-09-28T14:08:54
naver_kin,https://kin.naver.com/qna/detail.naver?dirId=8050103&docId=490727059&answerNo=4,102b8cf5ca789962,강아지 사료에 대해 어떻게 생각하시나요?,어떤분 쇼츠를 보다가 사료이야기가 나왔는데 사료를 안좋게보고 생식을 좋게 보시더라고요 저는 12살 푸들 사료랑 고기 주고 있는데 그 유튜버가 생식을 권하는?것처럼 말해서 고민이네요 그리고 사료에 육분이 들어갔다고 하시던데 대부분 저가 사료 제외하고는 안들어가지 않나요?,2025-12-12,수제간식 보관,생식,,page,vacuum,2026-09-28T14:08:54
naver_kin,https://kin.naver.com/qna/detail.naver?dirId=80501&docId=490200489&answerNo=3,b16d7c8fd29bc46c,펫푸드 관련 자격증 취득하고 싶어요,"안녕하세요 강아지를 키우게 되면서 애견 수제 간식이나 화식 만드는 것에 관심이 생겨서 자격증 취득 과정 알아보고 있는데 제가 사는 지역에는 펫푸드 쪽 자격증 취득이 가능한 곳이 없는건지 아니면 제가 못 찾는건지 안 보이더라구요.. 1. 현재 저는 경주에 거주하고 있습니다. 혹시 경주에 펫푸드나 수제간식, 베이커리 등 관련 자격증 공부 할 수 있는 학원이나 기관에 대해 알고 계시다면 알려주세요 2. 없다면 제가 공부하고 자격증 취득할 수 있는 방법 알려주시면 감사합니다. 3. 혹시 자격증을 취득을 하셨거나 현업에 종사하시는 분께서 이걸 보신다면 제가 자격증반에서 말고 혼자서도 공부 할 수 있거나 해둬야하는 것이 있다면 알려주세요.. 예를 들어 영양학에 대해 알아두면 좋다 하시면 그거에 관련해서 보면 좋은 책이나 영상 등..! 이런 정보 부탁드립니다! 가끔 이런 질문 올리면 홍보차원에서 답변 주시는 분들 계시는데 경주에서 할 수 있는게 아니라면 굳이 저한테 홍보하실 필요가 있나 싶습니다. 하지말아주세요.",2025-11-15,수제간식 보관,화식,,page,vacuum,2026-09-28T14:08:54
naver_kin,https://kin.naver.com/qna/detail.naver?dirId=8050103&docId=490002008&answerNo=1,d823c09abf14b916,강아지 간식 클래스 어디서 배워야 할까요?,안녕하세요! 반려견을 키우다 보니 직접 간식을 만들어주고 싶어서 강아지간식클래스를 알아보고 있습니다. 예전에 혼자 만들어봤는데 영양 밸런스나 재료 선택이 어려워서요. 혹시 강아지간식클래스 중에서 실습 중심으로 배우기 좋은 곳이나 자격증까지 취득할 수 있는 곳이 있을까요?,2025-11-06,수제간식 보관,미상,,page,vacuum,2026-09-28T14:08:54
naver_kin,https://kin.naver.com/qna/detail.naver?dirId=50502&docId=493644492&answerNo=2,2f183a5bb2713a89,강아지 간식 이름 아시는분?,길에서 어떤 아주머니가 강아지가 너무 이쁘다면서 닭가슴살처럼 생긴 간식을 주셨는데 너무 잘먹어서 쟁여놓고 싶더라고요 진공포장 되어있었고 조그만 닭가슴살처럼 생긴 간식 이름 아시는분?,2026-06-01,진공포장기,미상,,page,vacuum,2026-09-28T14:10:22
naver_kin,https://kin.naver.com/qna/detail.naver?dirId=8050103&docId=490923143&answerNo=4,10ff91e8416d1a28,강아지 습식 사료 보관 법,로얄캐닌 미니 어덜트 파우치 (소형견용)를 건사료랑 함께 섞어서 주고 있는게 소형견이다 보니 한팩을 다 사용하지 않고 5-7g씩만 주다보니 남은 것들을 어떻게 보관해서 언제까지 먹이는 건지 잘 가늠하기 힘들더라구요 냉장보관 중인데 이 냉장보관 한 습식 사료는 언제까지 먹이는 게 좋을까요?,2025-12-22,사료 소분 보관,건사료,,page,vacuum,2026-09-28T14:14:44
naver_kin,https://kin.naver.com/qna/detail.naver?dirId=8050103&docId=490923143&answerNo=3,430a8b32874acd25,강아지 습식 사료 보관 법,로얄캐닌 미니 어덜트 파우치 (소형견용)를 건사료랑 함께 섞어서 주고 있는게 소형견이다 보니 한팩을 다 사용하지 않고 5-7g씩만 주다보니 남은 것들을 어떻게 보관해서 언제까지 먹이는 건지 잘 가늠하기 힘들더라구요 냉장보관 중인데 이 냉장보관 한 습식 사료는 언제까지 먹이는 게 좋을까요?,2025-12-22,사료 소분 보관,건사료,,page,vacuum,2026-09-28T14:14:44
naver_kin,https://kin.naver.com/qna/detail.naver?dirId=40702&docId=490100704&answerNo=6,1a22226f21290687,일반 음식점(술집)에 애견동반 시 업주가 처벌받나요?,"한 일반음식점(술집)에 알바하고있는 알바생입니다. 저희가게는 애견출입을 받지않고있으나 간혹 강아지를 강아지가방에 넣어 출입이 가능하냐는 질문을 받고있는데요 저희가게는 야외테라스가 없으며 애견전용 공간또한 없는 정말 일반 음식점(술집) 입니다. 질문요약 1. 애견동반 음식점이 아닌데 애견동반을 받으면 업주(업장)이 처벌받나요? 2. 강아지 가방에 넣어 완벽히 차단된 경우 3. 강아지 가방에 넣었으나 얼굴이나 몸통이 나오는 경우 4. 혹시 동반이 가능하다면 2,3번의 경우도 처벌을 받는지",2025-11-11,간식 진공 보관,미상,,page,vacuum,2026-09-28T14:16:34
naver_kin,https://kin.naver.com/qna/detail.naver?dirId=80510&docId=494223611&answerNo=2,b251a96e782e1e15,강아지 벌레?,강아지 눈물냄새가 너무 심해서 이발기로 눈밑 털을 한번 밀어냈는데 떨어진 털 주변에 저게 움직이고 있더라구요.. 혹시 강이지 털에서 사는 이?일까요?벼룩은 아닌거 같고.. 너무 급한데 혹시 아시는 분 계실까요..ㅠ 털에서 같이 떨어진 것 같은데 너무 걱정스럽네요.우선 비닐지퍼백에 넣어뒀습니다.ㅠ 사진은 확대한거라 크게 보이는데요 그냥 보면 작아요.,2026-07-09,사료 지퍼백,미상,,page,vacuum,2026-09-28T14:17:11
naver_kin,https://kin.naver.com/qna/detail.naver?dirId=80502&docId=493660107&answerNo=2,3d6b46161dea80f7,강아지 이거 혈변인가요??(똥사진있음주의),어제 밤에 매일우유 소화가잘되는락토프리우유저지방을 줬는데 아침에 이런 똥이 있네요... 혈변일까요??,2026-06-02,사료 지퍼백,미상,,page,vacuum,2026-09-28T14:17:11
naver_kin,https://kin.naver.com/qna/detail.naver?dirId=8040201&docId=493664527&answerNo=2,e2f3ba495f4b58e1,제주항공 반려견 동반 가방 관련 질문,"제주항공 반려견 동반 이용 하려고 항공권을 예매를 했어요 현재 가방 포함 9kg 인건 확인했는데요 [ 반려동물 + 운송용기 무게 합 9KG 이하인 경우 가로, 세로, 높이의 합이 100CM 이하이며, 가로 최대 37CM, 높이 23CM 이하인 용기] 이 운송요건에 맞고 강아지가 7키로 인점을 보면 대체 어떤 가방이 된다는걸까요? 아 그리고 그 높이는 28cm 도 소프트하면 가능하다고 답변 받았습니다만. 가로 길이는 37cm래요. ㅠㅠ 가방 추천 부탁드립니다!",2026-06-02,사료 지퍼백,미상,,page,vacuum,2026-09-28T14:17:11
naver_kin,https://kin.naver.com/qna/detail.naver?dirId=8050103&docId=493620691&answerNo=3,90eaa5cc8e45796b,강아지사료 유통기한 좀 봐주세요,저기 쓰인게 강아지사료 제조일자와 유통기한 맞나요? 사료가 2개인데 제조일자 유통기한이 언젠지 좀 봐주세요 감사합니다,2026-05-30,사료 지퍼백,미상,,page,vacuum,2026-09-28T14:17:11
naver_kin,https://kin.naver.com/qna/detail.naver?dirId=80201&docId=493624512&answerNo=1,eccf91acd3337c43,로얄캐닌 알러지 사료 에서 이런게나왔어요,왼쪽이 원래 사료 색상. 오른쪽이. 이상한 거 같은 사료입니다 강아지가 먹은 거 같아요 왜 저런 색상인지나 건강에 이상이 없을지 궁금합니다,2026-05-30,사료 지퍼백,건사료,,page,vacuum,2026-09-28T14:17:11
naver_kin,https://kin.naver.com/qna/detail.naver?dirId=8050103&docId=492915484&answerNo=1,72717606de30bf3b,강아지 사료 추천해주세요,푸들이고 나이는 2~3살이에요 기관지가 안좋고 소화기도 살짝 안좋은거 같아요 그리고 발사탕이 심해요 알러지나 가리는 음식은 없어요 사료 추천해주세용,2026-04-11,사료 지퍼백,미상,,page,vacuum,2026-09-28T14:17:11
naver_kin,https://kin.naver.com/qna/detail.naver?dirId=100508&docId=492124283&answerNo=1,e47e355b01de63c9,"애견과 함께 가평 캠핑장 첫 방문, 준비물 뭐가 필요할까요?","이번에 처음으로 애견과 함께 가평에 있는 캠핑장을 가보려고 계획 중이에요. 그런데 처음이라 그런지 뭘 준비해야 할지 전혀 감이 안 잡히네요. 특히 애견용품을 챙기는 게 중요할 것 같은데, 보통 어떤 것들을 꼭 챙겨가야 하나요? 그리고 그곳에서 특별히 주의해야 할 점이나 팁이 있다면 공유 부탁드려요. 처음이라 설레면서도 걱정이 앞서네요.",2026-02-23,사료 지퍼백,미상,,page,vacuum,2026-09-28T14:17:11
naver_kin,https://kin.naver.com/qna/detail.naver?dirId=8050103&docId=492017245&answerNo=1,f8c34603c51f86d1,강아지 간식 ..,간식이름은 모르겟고 지퍼백이 약간 열려있어가지고 간식이 딱딱해졌어요 원래 잘먹었는데 안먹네요 딱딱해서 잘게 자를려고해도 너무딱딱해가지고 잘리지도 않고 혹시 전자레인지 살짝 돌려도되나요,2026-02-17,사료 지퍼백,미상,,page,vacuum,2026-09-28T14:17:11
naver_kin,https://kin.naver.com/qna/detail.naver?dirId=8050103&docId=491106997&answerNo=1,0b949340aa9f8467,강아지 간식 추천,포메인데요! 3.4kg에요 오래 씹을 수 있는 간식 추천 해주세요!! 뼈간식 x (오리목뼈같은),2026-01-01,사료 지퍼백,미상,,page,vacuum,2026-09-28T14:17:11
naver_kin,https://kin.naver.com/qna/detail.naver?dirId=8050103&docId=490471304&answerNo=2,f6a6948ade41886e,강아지 수제간식 곰팡이,강아지 오리안심을 건조 후 열을 안빼고 지퍼백에 담아 냉동실에 넣었는데 저렇게 하얗게 올라 왔는데 곰팡이일까요??? 만든지는 5일안쪽입니다,2025-11-29,사료 지퍼백,미상,,page,vacuum,2026-09-28T14:17:11
naver_kin,https://kin.naver.com/qna/detail.naver?dirId=8050103&docId=494463389&answerNo=4,4f022d3eae43a295,어제 데려온 강아지 가 사료를 잘 안먹어요.,"어제 강아지를 데려왔는데 밥을 잘 안먹습니다. 12시간 간격으로 주고 있고, 뜨거운 물에 10분 정도 불리는데 애기가 먹다가 뱉거나, 잘 못씹습니다. 어떻게 해야할까요? 습식캔은 잘 먹긴 했습니다.",2026-07-26,소분 냉동,미상,,page,vacuum,2026-09-28T14:19:29
naver_kin,https://kin.naver.com/qna/detail.naver?dirId=80501&docId=489714048&answerNo=2,658d835dc8ba4d7f,강아지 닭가슴살 뭐가 좋나요,저는 원래 생 닭가슴살육을 사서 삶아줬거든요. 근데 부모님이 조리되어서 소포장되어있는 강아지 간식으로 파는 제품이 더 좋다고 그걸 사주라고 하더라고요. 근데 그런식으로 소포장해서 파는 제품들은 뭔가 미끌미끌하고... 안에 다른게 첨가되어있지 않나요? 보니까 원산지도 중국게 많도라고요 ㅡ.ㅡ 부모님은 그게 더 맛있고 영양가있게 조리되어서 나오는 거라는데 진짜 그런지 궁금합니다. 강아지 닭가슴살 25g정도로 포장돠어 나오는 것들 일반 닭가슴살이랑 다르게 영양성분이 다른가요? 안에 뭐...영양관련 따로 첨부된게 있나요? 생닭육 사다가 삶아서 사료에 섞어주는 거랑 25g씩 포장되어있는 강아지용 닭가슴살을 사서 사료에 섞어주는 것 중 뭐가 나은가요?,2025-10-23,소분 냉동,미상,,page,vacuum,2026-09-28T14:19:29
naver_kin,https://kin.naver.com/qna/detail.naver?dirId=80501&docId=495246751&answerNo=5,3ca0c3f05d3fdb0c,강아지 배에서 꼬르륵소리가 계속나요,제목 그대로 강아지 배에서 계속 꼬르륵 소리가나요… 뿌이익 꿔러럭 이런 큰 소리가 나는데 아파보이진 않아요. 평소처럼 잘 뛰어다니는데 아까 물똥?을 싸긴 했어요. 1시간정도 계속 이러니 걱정이네요 +똥이 마려워보이는데 안나오니 포기하네요.,2026-09-21,물 안 마시는 강아지,미상,,page,water,2026-09-28T14:20:16
naver_kin,https://kin.naver.com/qna/detail.naver?dirId=8050103&docId=495294095&answerNo=2,36a62029ea809555,강아지 물 안 마시고 며칠,제가 오늘 아침일찍 나와서 내일 늦은 오후에 집에 가는데 물을 안채워주고 나온거 같아요ㅠ 밥은 있는데 물은 조금 있을거에요ㅠ 최악으로 아예 없다 생각하면 많이 위험한가요?,2026-09-24,물 안 마시는 강아지,미상,,page,water,2026-09-28T14:20:16
naver_kin,https://kin.naver.com/qna/detail.naver?dirId=7010103&docId=495292803&answerNo=2,dd35d986b295070e,술 마시고 기절,원래 술을 잘 못하긴 하는데 그날 한 4잔 정도 빠르게 마시고 심장이 엄청 뛰길래 계속 물 마시면서 진정시켰어요 좀 쉬다가 강아지 보려고 쭈그려 앉았다가 일어나서 자리로 가려는데 자리 도착한 순간 토할 것 같더니 쓰러질 것처럼 앞이 안 보여서 바로 의자에 앉았는데 숨이 안 쉬어지고 계속 앞이 캄캄해지는 거예요 ㅠㅠ 좀 기다리니까 진정이 됐는데 기립성 저혈압이 술 취한 거랑 겹쳐서 그런 걸까요? 작년에도 되게 자주 쓰러져서 심장내과 진료도 보고 건강검진도 했는데 미주신경성 실신 같다고 하셨어용... 건강검진 결과는 서맥 소견 있었구용... 따로 진료는 안 봐도 괜찮나요?,2026-09-24,물 안 마시는 강아지,미상,,page,water,2026-09-28T14:20:16
naver_kin,https://kin.naver.com/qna/detail.naver?dirId=7010103&docId=495292803&answerNo=1,c36027fea019d069,술 마시고 기절,원래 술을 잘 못하긴 하는데 그날 한 4잔 정도 빠르게 마시고 심장이 엄청 뛰길래 계속 물 마시면서 진정시켰어요 좀 쉬다가 강아지 보려고 쭈그려 앉았다가 일어나서 자리로 가려는데 자리 도착한 순간 토할 것 같더니 쓰러질 것처럼 앞이 안 보여서 바로 의자에 앉았는데 숨이 안 쉬어지고 계속 앞이 캄캄해지는 거예요 ㅠㅠ 좀 기다리니까 진정이 됐는데 기립성 저혈압이 술 취한 거랑 겹쳐서 그런 걸까요? 작년에도 되게 자주 쓰러져서 심장내과 진료도 보고 건강검진도 했는데 미주신경성 실신 같다고 하셨어용... 건강검진 결과는 서맥 소견 있었구용... 따로 진료는 안 봐도 괜찮나요?,2026-09-24,물 안 마시는 강아지,미상,,page,water,2026-09-28T14:20:16
naver_kin,https://kin.naver.com/qna/detail.naver?dirId=8050103&docId=494826240&answerNo=6,78cb7ccda8ebc0e8,강아지 가 갑자기 밥을 많이 먹으려해요,원래 예가 사료를 많이 먹는편도 아니고 오히려 걸러가지고 사료를 잘 안먹거든요? 어무니가 오늘 저녁까먹었다고해도 정량에서 약간 많이 줬는데도 애가 자꾸 사료있는쪽으로 두리번거리면서 달라고해요 원래 않이러는데 애가 이상해용 식욕이 많긴해도 사료 많이 먹는편이 아니거든요 애가 절대로 사료주변두리번거리면서 사료달라고한적도 없는데 않그러건 애가 이러니까 어디 아픈가해서 좀 걱정돼요,2026-08-21,강아지 음수량,미상,,page,water,2026-09-28T14:20:36
naver_kin,https://kin.naver.com/qna/detail.naver?dirId=8050104&docId=494808892&answerNo=1,f94a4e287c61347f,강아지 실외배변,저희집 강아지는 2살 미니비숑(추정)입니다. 줄곳 실외배변을 해왔는데 어제부터 배변을 참지 못하고 실내에서 배변을 해요. 오줌만 눕니다.산책 패턴도 안바뀌었고 산책을 다녀와서도 배변을 합니다. 방광에 문제가 있는걸까요?,2026-08-19,강아지 음수량,미상,,page,water,2026-09-28T14:20:36
naver_kin,https://kin.naver.com/qna/detail.naver?dirId=8050103&docId=494763740&answerNo=4,01bde866576bf9d4,강아지 헥헥거림 식욕 증가,키우는 강아지가 쉴때도 헥헥 거리고 하루종일 헥헥 거려요 그리고 성견 하루 평균 식사량이 2끼라고 들었는데 요즘에 밥을 먹어도 배고프다고 짖거든요 하루에 3끼 넘게 먹을때도 있어요 무슨 문제가 있는걸까요?,2026-08-16,강아지 음수량,미상,,page,water,2026-09-28T14:20:36
naver_kin,https://kin.naver.com/qna/detail.naver?dirId=80501&docId=494773677&answerNo=1,e39e98cb8eef4ee6,강아지 가 토끼똥처럼 싸는데 괜찮나요?,요즘 강아지 변이 토끼똥처럼 자잘하고 딱딱하게 나와요 . 예전엔 안 그랬는데 갑자기 이러니까 뭔가 문제가 있는 건 아닌지 걱정돼서 글 남겨요..,2026-08-17,강아지 음수량,미상,,page,water,2026-09-28T14:20:36
naver_kin,https://kin.naver.com/qna/detail.naver?dirId=80501&docId=494879523&answerNo=2,ae066342d4128178,강아지 를 학대해도 가만히 있어야 할까요?,"남자친구를 통해 알게된 강아지 입니다. 남자친구의 친구라는 지민구라는 사람은 강아지에게 밥도 안주고 씻기지도 않고 방을 깨끗하게 치우지도 않습니다. 그래서 몇번이나 이야기를 해도 본인이 알아서 하겠다고 하고는 오히려 방치를 합니다. 말로는 강아지(미키)가 우선이라고 하면서도 편의점에 있는 후랑크 사서 데우지도 않고 하루에 한 두조각만 주고는 저에게 자랑을 하고, 미키를 방에만 두고 산책을 안 시킵니다. 심지어 창문도 다 막아놓고 환기도 안시켜서 방에 냄새나고 배변시트도 일주일에 한번 갈아서 오줌도 곳곳에 찌들어 있어요. 이것을 더이상 방관하고 싶지않아서 올려요. 이것은 강아지를 위한 것이 아니라고 생각합니다. 어떻게 강아지를 좋은 환경에서 살게 할 방법이 없을까요?",2026-08-25,강아지 물 갈아주기,미상,,page,water,2026-09-28T14:21:26
naver_kin,https://kin.naver.com/qna/detail.naver?dirId=80901&docId=494860483&answerNo=3,734bd4afa305b086,임산부고민2,"임신한지 이제 31주차고요 남편? 될 사람은 아직 그대로예요. 전 20살이고 남편은 29살 9살차이에요. 대충 할 수 있는 몸에 안 가는 집안일은 다 해놓거나 말 해주면 바로바로 하거나 힘들면 내일 하루만 미루고 미룬날엔 말 없어도 그냥 알아서 바로바로해요. 그런데 밥해달라고 하길래 처음에 으에? 하고 너가해주면 안되냐 했는데 맨날 자기가 했지 않냐며 이번엔 너가해 라고 하길래 그럼 설거지만 해달라 했는데 먹고나서 하겠다면서 너가 좀 하라며 화를 내더라구요? 그래서 저도 좀 거기서 기분이 상하고 이때까지 쌓인게 너무 생각이 나서 내가 요리를 하니까 너가 설거지해라 언제까지 너가 먹은거 내가 설거지 해야하고 나 혼자 다해야하냔 식으로 얘기하니까 저건 니가 먹은거잖아 하더라구요? 그래서 제가 먹은건 제가 설거지 하겠다 근데 다른건 좀 해달라 부탁했는데 ㅆx 더러워서 안 먹는다며 욕하고 하는게 니가 집에서 뭐가있냐면서 자기는 일갔다 오잖아 라며 그러더라구요…? 누가보면 대단한일 하고 월 500-1000 벌어오는 거 처럼 이야기 하면서 너도 일 해라 그러더니 담배피러 나가는 그 순간에도 욕하면서 나가고 나갔다 와서는 나도 이제 아무것도 안 할테니까 너도 아무것도 하지마라 ㅋㅋ… 원래 말해도 하지도 않았으면서 생활력도 없고 생각하는 지능도 저보다 어린거 같고 매일 얘기해줘도 모르고 달에 260-270벌어오는데 거기서 지 폰요금, 달마다 나가는 대출금, 월세, 공과금 등등 내면 달에 남는거 180정도고 거기서 매일은 아니지만 로또, 스포츠도박, 기름값 빠지면 달에 150-160정도 남는거 같네요. 저는 아무것도 안 하는거 같이 생각 하실 수도 있는데 임신 23주차까지는 일했습니다 월에 220정도 벌었고 그 돈은 다 남편한테 들어갔습니다. 매일 배달음식 시켜먹게 돈달라, 피씨방가게 돈달라, 강아지미용 16만원, 갑자기 차 뭐 갈아야한다며 이체해달라 하고 벌금내야하고 친구랑 놀아야하고 술먹어야하고 정작 70만원 빼놓은 돈마저 생활비에 기름값에 다나가고 돈이 모이지를 않았어요. 그러면서 너네집은 해주는거 아무것도 없냐니 추석에 자기집 가면 뭐라도 해줄거 같다 우리가족은 우리가족은 하면서 눈치주고 일마치고 오면 밥 안해주는걸로 계속 티격태격… 밥솥도 밥 4–5일 지난거 버리지도 않고 그대로 방치시켜서 버렸으면서 냉장고에도 저랑 같이 살기 전 (같이산지1년)음식이 그대로 있고 냉동실에도 유통기한 얼마 안 남고 심지어 지난 음식이 가득하더라구요. 그래서 냉동실꺼는 버리고 판도 씻었는데 도저히 냉장실은 못 건들일 거 같아서 치우라고 알겠다고 했으면서 그 말 한지도 2달이 넘었네요. 같이사는 집이라지만 그 썩은 음식물을 같이 치울 마음도 없고 조금은 도와주기야 하겠지만 할 생각이 없어보이네요. 그냥 생활력이 없고 쓰레기는 여기저기 모아두고 옷도 여기저기 벗어두고 치워놓으면 원상복구 안치우면 좀 치워라 진짜 같이 죽ㄱ싶을 정도로 너무 지치고 스트레스 받네요 정신은 못차리는거 진작 이제 알게 됐구요. 애는 아빠없는애로 자라게 하긴 싫어요… 저도 요새 잠도 많이 자고 하루종일 무기력하게 있고 집안일 비중이 줄어든건 맞지만 남편처럼 아예 안 하고 관심이 없진 않거든요… 일은 일이고 집은 집이잖아요? 그냥 아무것도 관심이 없는거 같아요 뱃속에 애기도 집안일도 그냥 겉멋만 들어서 자기는 이제 집안의 가장이다 생각 하는거 같아요 다른 임산부들도 이런 비슷한 고민하는 임산부 잇을까요? 임산부 남편 입장에서 보기엔 얘는 어떤거같나요? 따로있으면 여자 만날 거 같아서… 만난적도 있어서 떨어지기는 좀 그렇네요 제 잘못도 남편입장에선 많겠지만 말하는걸로 들어봤을땐 잠자는거, 집안일 말 해야 하는거, 일마치고 오면 밥 안 해주는거 이렇게 세개?정도네요… 밥은 근데 사귈때도 동거 갓시작 했을때도 안 해줬어요 대부분 배달음식 시켜먹자거나 시켜먹어서…",2026-08-23,강아지 물 갈아주기,미상,,page,water,2026-09-28T14:21:26
naver_kin,https://kin.naver.com/qna/detail.naver?dirId=80901&docId=494860483&answerNo=2,1f399f6079ec6999,임산부고민2,"임신한지 이제 31주차고요 남편? 될 사람은 아직 그대로예요. 전 20살이고 남편은 29살 9살차이에요. 대충 할 수 있는 몸에 안 가는 집안일은 다 해놓거나 말 해주면 바로바로 하거나 힘들면 내일 하루만 미루고 미룬날엔 말 없어도 그냥 알아서 바로바로해요. 그런데 밥해달라고 하길래 처음에 으에? 하고 너가해주면 안되냐 했는데 맨날 자기가 했지 않냐며 이번엔 너가해 라고 하길래 그럼 설거지만 해달라 했는데 먹고나서 하겠다면서 너가 좀 하라며 화를 내더라구요? 그래서 저도 좀 거기서 기분이 상하고 이때까지 쌓인게 너무 생각이 나서 내가 요리를 하니까 너가 설거지해라 언제까지 너가 먹은거 내가 설거지 해야하고 나 혼자 다해야하냔 식으로 얘기하니까 저건 니가 먹은거잖아 하더라구요? 그래서 제가 먹은건 제가 설거지 하겠다 근데 다른건 좀 해달라 부탁했는데 ㅆx 더러워서 안 먹는다며 욕하고 하는게 니가 집에서 뭐가있냐면서 자기는 일갔다 오잖아 라며 그러더라구요…? 누가보면 대단한일 하고 월 500-1000 벌어오는 거 처럼 이야기 하면서 너도 일 해라 그러더니 담배피러 나가는 그 순간에도 욕하면서 나가고 나갔다 와서는 나도 이제 아무것도 안 할테니까 너도 아무것도 하지마라 ㅋㅋ… 원래 말해도 하지도 않았으면서 생활력도 없고 생각하는 지능도 저보다 어린거 같고 매일 얘기해줘도 모르고 달에 260-270벌어오는데 거기서 지 폰요금, 달마다 나가는 대출금, 월세, 공과금 등등 내면 달에 남는거 180정도고 거기서 매일은 아니지만 로또, 스포츠도박, 기름값 빠지면 달에 150-160정도 남는거 같네요. 저는 아무것도 안 하는거 같이 생각 하실 수도 있는데 임신 23주차까지는 일했습니다 월에 220정도 벌었고 그 돈은 다 남편한테 들어갔습니다. 매일 배달음식 시켜먹게 돈달라, 피씨방가게 돈달라, 강아지미용 16만원, 갑자기 차 뭐 갈아야한다며 이체해달라 하고 벌금내야하고 친구랑 놀아야하고 술먹어야하고 정작 70만원 빼놓은 돈마저 생활비에 기름값에 다나가고 돈이 모이지를 않았어요. 그러면서 너네집은 해주는거 아무것도 없냐니 추석에 자기집 가면 뭐라도 해줄거 같다 우리가족은 우리가족은 하면서 눈치주고 일마치고 오면 밥 안해주는걸로 계속 티격태격… 밥솥도 밥 4–5일 지난거 버리지도 않고 그대로 방치시켜서 버렸으면서 냉장고에도 저랑 같이 살기 전 (같이산지1년)음식이 그대로 있고 냉동실에도 유통기한 얼마 안 남고 심지어 지난 음식이 가득하더라구요. 그래서 냉동실꺼는 버리고 판도 씻었는데 도저히 냉장실은 못 건들일 거 같아서 치우라고 알겠다고 했으면서 그 말 한지도 2달이 넘었네요. 같이사는 집이라지만 그 썩은 음식물을 같이 치울 마음도 없고 조금은 도와주기야 하겠지만 할 생각이 없어보이네요. 그냥 생활력이 없고 쓰레기는 여기저기 모아두고 옷도 여기저기 벗어두고 치워놓으면 원상복구 안치우면 좀 치워라 진짜 같이 죽ㄱ싶을 정도로 너무 지치고 스트레스 받네요 정신은 못차리는거 진작 이제 알게 됐구요. 애는 아빠없는애로 자라게 하긴 싫어요… 저도 요새 잠도 많이 자고 하루종일 무기력하게 있고 집안일 비중이 줄어든건 맞지만 남편처럼 아예 안 하고 관심이 없진 않거든요… 일은 일이고 집은 집이잖아요? 그냥 아무것도 관심이 없는거 같아요 뱃속에 애기도 집안일도 그냥 겉멋만 들어서 자기는 이제 집안의 가장이다 생각 하는거 같아요 다른 임산부들도 이런 비슷한 고민하는 임산부 잇을까요? 임산부 남편 입장에서 보기엔 얘는 어떤거같나요? 따로있으면 여자 만날 거 같아서… 만난적도 있어서 떨어지기는 좀 그렇네요 제 잘못도 남편입장에선 많겠지만 말하는걸로 들어봤을땐 잠자는거, 집안일 말 해야 하는거, 일마치고 오면 밥 안 해주는거 이렇게 세개?정도네요… 밥은 근데 사귈때도 동거 갓시작 했을때도 안 해줬어요 대부분 배달음식 시켜먹자거나 시켜먹어서…",2026-08-23,강아지 물 갈아주기,미상,,page,water,2026-09-28T14:21:26
naver_kin,https://kin.naver.com/qna/detail.naver?dirId=80901&docId=494860483&answerNo=1,cca6b70b49ae9727,임산부고민2,"임신한지 이제 31주차고요 남편? 될 사람은 아직 그대로예요. 전 20살이고 남편은 29살 9살차이에요. 대충 할 수 있는 몸에 안 가는 집안일은 다 해놓거나 말 해주면 바로바로 하거나 힘들면 내일 하루만 미루고 미룬날엔 말 없어도 그냥 알아서 바로바로해요. 그런데 밥해달라고 하길래 처음에 으에? 하고 너가해주면 안되냐 했는데 맨날 자기가 했지 않냐며 이번엔 너가해 라고 하길래 그럼 설거지만 해달라 했는데 먹고나서 하겠다면서 너가 좀 하라며 화를 내더라구요? 그래서 저도 좀 거기서 기분이 상하고 이때까지 쌓인게 너무 생각이 나서 내가 요리를 하니까 너가 설거지해라 언제까지 너가 먹은거 내가 설거지 해야하고 나 혼자 다해야하냔 식으로 얘기하니까 저건 니가 먹은거잖아 하더라구요? 그래서 제가 먹은건 제가 설거지 하겠다 근데 다른건 좀 해달라 부탁했는데 ㅆx 더러워서 안 먹는다며 욕하고 하는게 니가 집에서 뭐가있냐면서 자기는 일갔다 오잖아 라며 그러더라구요…? 누가보면 대단한일 하고 월 500-1000 벌어오는 거 처럼 이야기 하면서 너도 일 해라 그러더니 담배피러 나가는 그 순간에도 욕하면서 나가고 나갔다 와서는 나도 이제 아무것도 안 할테니까 너도 아무것도 하지마라 ㅋㅋ… 원래 말해도 하지도 않았으면서 생활력도 없고 생각하는 지능도 저보다 어린거 같고 매일 얘기해줘도 모르고 달에 260-270벌어오는데 거기서 지 폰요금, 달마다 나가는 대출금, 월세, 공과금 등등 내면 달에 남는거 180정도고 거기서 매일은 아니지만 로또, 스포츠도박, 기름값 빠지면 달에 150-160정도 남는거 같네요. 저는 아무것도 안 하는거 같이 생각 하실 수도 있는데 임신 23주차까지는 일했습니다 월에 220정도 벌었고 그 돈은 다 남편한테 들어갔습니다. 매일 배달음식 시켜먹게 돈달라, 피씨방가게 돈달라, 강아지미용 16만원, 갑자기 차 뭐 갈아야한다며 이체해달라 하고 벌금내야하고 친구랑 놀아야하고 술먹어야하고 정작 70만원 빼놓은 돈마저 생활비에 기름값에 다나가고 돈이 모이지를 않았어요. 그러면서 너네집은 해주는거 아무것도 없냐니 추석에 자기집 가면 뭐라도 해줄거 같다 우리가족은 우리가족은 하면서 눈치주고 일마치고 오면 밥 안해주는걸로 계속 티격태격… 밥솥도 밥 4–5일 지난거 버리지도 않고 그대로 방치시켜서 버렸으면서 냉장고에도 저랑 같이 살기 전 (같이산지1년)음식이 그대로 있고 냉동실에도 유통기한 얼마 안 남고 심지어 지난 음식이 가득하더라구요. 그래서 냉동실꺼는 버리고 판도 씻었는데 도저히 냉장실은 못 건들일 거 같아서 치우라고 알겠다고 했으면서 그 말 한지도 2달이 넘었네요. 같이사는 집이라지만 그 썩은 음식물을 같이 치울 마음도 없고 조금은 도와주기야 하겠지만 할 생각이 없어보이네요. 그냥 생활력이 없고 쓰레기는 여기저기 모아두고 옷도 여기저기 벗어두고 치워놓으면 원상복구 안치우면 좀 치워라 진짜 같이 죽ㄱ싶을 정도로 너무 지치고 스트레스 받네요 정신은 못차리는거 진작 이제 알게 됐구요. 애는 아빠없는애로 자라게 하긴 싫어요… 저도 요새 잠도 많이 자고 하루종일 무기력하게 있고 집안일 비중이 줄어든건 맞지만 남편처럼 아예 안 하고 관심이 없진 않거든요… 일은 일이고 집은 집이잖아요? 그냥 아무것도 관심이 없는거 같아요 뱃속에 애기도 집안일도 그냥 겉멋만 들어서 자기는 이제 집안의 가장이다 생각 하는거 같아요 다른 임산부들도 이런 비슷한 고민하는 임산부 잇을까요? 임산부 남편 입장에서 보기엔 얘는 어떤거같나요? 따로있으면 여자 만날 거 같아서… 만난적도 있어서 떨어지기는 좀 그렇네요 제 잘못도 남편입장에선 많겠지만 말하는걸로 들어봤을땐 잠자는거, 집안일 말 해야 하는거, 일마치고 오면 밥 안 해주는거 이렇게 세개?정도네요… 밥은 근데 사귈때도 동거 갓시작 했을때도 안 해줬어요 대부분 배달음식 시켜먹자거나 시켜먹어서…",2026-08-23,강아지 물 갈아주기,미상,,page,water,2026-09-28T14:21:26
naver_kin,https://kin.naver.com/qna/detail.naver?dirId=8050103&docId=495299604&answerNo=1,84d6a7ef59783271,2개월 강아지 사료 안씹음,2개월 강아지이고 이제 건사료로 바꾸려고 물에 5분만 불려서 주는데 자꾸 사료를 안씹고 다 삼켜버려요 어떻게해야하나요?,2026-09-25,강아지 물그릇,건사료,,page,water,2026-09-28T14:22:06
naver_kin,https://kin.naver.com/qna/detail.naver?dirId=80511&docId=495286460&answerNo=1,30d5f5a41116ba08,강아지 구토후 물섭취,5개월 애기 강아지 5차 예방 접종 맞은 후 사료를 많이 먹었는지 구토 2번 하고 전날 새벽 내내 헛구역질 해서  급체 한거같아 병원에서 구토 억제제 주사맞고 약 처방받았는데 아침에 잠만 자다가 저녘에 시저 티 스푼으로 한 스푼 먹이고 약 먹였더니  약이 너무 쓴지 흰색 거품 구토를 하였습니다. 구토 한지 2시간 정도 지난거같은데  지금 물을 너무 먹고 싶어 하는거 같아서 소량으로 물 섭취 해도 될까요?,2026-09-23,강아지 물그릇,미상,,page,water,2026-09-28T14:22:06
naver_kin,https://kin.naver.com/qna/detail.naver?dirId=8050104&docId=495276192&answerNo=2,c6e6863f88710651,강아지 가. 집을 절대 안들어가요 비가와도 눈이와도 아를어....,저희집 강아지 가 시골 믹스견 사랑이 입니다 젖떼고 부터 키웟는데 이상하게 집을 안들어가네요 폭우가쏟아져도. 그 비를 철철맞고. 서있고 바로옆에 아늑한 집이있는데 들어가질 않아요 방법이 있을까요? 병날까봐 걱정되요,2026-09-23,강아지 물그릇,미상,,page,water,2026-09-28T14:22:06
naver_kin,https://kin.naver.com/qna/detail.naver?dirId=80511&docId=495246723&answerNo=1,cc9191d067ef45f6,강아지 가 아픈건가요?,울타리에서 주로 있는데요 울타리 투명 플라스틱을 초기에 엄청 핥았어요 그리고 그안에 들어가면 발을 엄청 핥아요 꺼내서 침대에 놓으면 이불을 핥구요 제 손 팔 다핥아요 너무 핥아요. 그리고 산책할때 바닥 냄새 맡고 그러는데 거의 멈춰서 있어요 가자고 해도 안가요 조금 가다가 냄새맡고 조금 가다가 냄새맡고 한 30분 걷고 집에 와서 샤워호스로 씻겨주는데 목이 너무 마른지 바닥에 물을 계속 핥습니다. 물을 한그릇 다먹더라구요 밤에 산책하고 더운 날도 아니고 많이 걷지도 않았는데요. 5개월 되었구요 어디 아픈건지 모르겠어요,2026-09-21,강아지 물그릇,미상,,page,water,2026-09-28T14:22:06
naver_kin,https://kin.naver.com/qna/detail.naver?dirId=80511&docId=495246723&answerNo=0,99adfd6c47de00f4,강아지 가 아픈건가요?,울타리에서 주로 있는데요 울타리 투명 플라스틱을 초기에 엄청 핥았어요 그리고 그안에 들어가면 발을 엄청 핥아요 꺼내서 침대에 놓으면 이불을 핥구요 제 손 팔 다핥아요 너무 핥아요. 그리고 산책할때 바닥 냄새 맡고 그러는데 거의 멈춰서 있어요 가자고 해도 안가요 조금 가다가 냄새맡고 조금 가다가 냄새맡고 한 30분 걷고 집에 와서 샤워호스로 씻겨주는데 목이 너무 마른지 바닥에 물을 계속 핥습니다. 물을 한그릇 다먹더라구요 밤에 산책하고 더운 날도 아니고 많이 걷지도 않았는데요. 5개월 되었구요 어디 아픈건지 모르겠어요,2026-09-21,강아지 물그릇,미상,,page,water,2026-09-28T14:22:06
naver_kin,https://kin.naver.com/qna/detail.naver?dirId=31505&docId=495211557&answerNo=1,a987783bb8264ed6,추석 꿈 해몽,꿈에서 추석잉데 평소에 용돈도 안주시는 삼촌이 용돈을 줫어요 그리고 기족들이랑 같이 밤 주우러 산에 가서 일했죠(실제로 밤 농사함) 그리고나서 저희가 진덧개 키우는데 그 강아지가 절 보고싶어한다고 시그널? 그걸 버내서 제가 일하다가 알아차럈어요 그리고 강아지가 산까지 욋어요 절 보고 눈물을 흘리는데 그러다가 갑자기 구라래요 막 그러다가 저희집에 강아지 한마리가 더 있는데(얘도 진돗개) 걔가 그 강아지랑 사료가지고 좀 다툴라하길래 중재하고 꿈에서 깻어요 꿈 해몽 부탁드릴게요,2026-09-18,강아지 물그릇,미상,,page,water,2026-09-28T14:22:06
naver_kin,https://kin.naver.com/qna/detail.naver?dirId=8050103&docId=495211155&answerNo=1,691410f2361c1c32,강아지 유산균 먹이는법,유산균이 분말형태인데 안먹어서 락토프리 우유에 타서 줘도 되나요? 설명서에는 물에 타서 줘도 된다고 하는데 물을 잘 안먹어서요 우유에 타서 줬는데 잘먹어서요.,2026-09-18,강아지 물그릇,미상,,page,water,2026-09-28T14:22:06
naver_kin,https://kin.naver.com/qna/detail.naver?dirId=80509&docId=495210878&answerNo=0,fca01f3f45772522,크레스티드 게코,"안녕하세요 크레스티드 게코 키우게 됐는데 너무 초보라서 몇 가지 질문 드립니다..!! 4~5개월 게코 1. 주사기로 핸드피딩 중인데 어느 정도 급여해줘야 게코가 배부른지 모르겠습니다 밥 먹이면 조금 먹다가 좀 쉬었다가 딴짓했다가 다시 먹고.. 티나게 고개 돌려 피한다거나 뒷걸음질을 치지 않으면 배가 차지 않았다는 뜻일까요..? 2. 엊그제 밥 먹이고 있는데 갑자기 강아지처럼 고개를 막 털어서 사료를 털어냈습니다 배뷰른 행동인거요? 아님 스트레스 받은 건가요..? 아님 사레같은 거 들린 건가요? 3. 게코가 몇 시간 동안 계속 같은 자리에 가만히 있는데 정상적인 행동인가요? 반나절? 이상? 있었던 것 같습니다 4. 아침 저녁으로 하루 두번 분무해주고 있는데 물그릇, 혹은 가습기같은 거 필요할까요? 답변 주시면 감사하겠습니다!!",2026-09-18,강아지 물그릇,미상,,page,water,2026-09-28T14:22:06
naver_kin,https://kin.naver.com/qna/detail.naver?dirId=8050103&docId=495187081&answerNo=2,70029cd857a26dd1,강아지 화식 기존사료 섞어서,강아지 화식 기존사료 섞어서 줄때 양어떻게 계산해야하나요?,2026-09-16,강아지 물그릇,화식,,page,water,2026-09-28T14:22:06
naver_kin,https://kin.naver.com/qna/detail.naver?dirId=70109&docId=495177705&answerNo=3,c378c64487bf7215,뭐가 문제 인지 봐주세요,"40대입니다... 뭘 어디부터 설명해야할지 모르겠지만 도와주세요. 한날은 강아지가 눈뒤집혀 몸을 비틀고 활모양으로 거의 죽어가는 상황을 그저 바라보다 한참 처다보다 저를 불렀습니다. 상황을 듣고 왜 쳐다보고만 있냐 ..물으니 처음 겪는 일이라 그랬다고 해서 그냥 넘어갔습니다. 비슷한 상황이오면 저를 부르기보다 응급처치를 이렇게 해달라고 말했습니다. 그리고 얼마뒤 강아지가 아파서 수술한후 서로 번갈아가면서 병가까지 내며 케어를 해야했습니다. 제가 부재일때 저한테 전화를 걸어 죽었다고 했습니다. 당시 앞전상황과 비슷한 보였고 바로 저에게 전화를 했다고 했습니다. 통화하면서 얼마나 지났냐물어보니 죽은지 3분에서5분 됬다고 했습니다. 흔들어보고 마사지보라 했습니다. 제가 응급처치 뭐라도 해보라고 전화로 지시했고 바로 병원에 가라고 했습니다. 그러나 결국 강아지는 죽었고 장례치뤄주면서 물어봤습니다.뭐라도 해주지 그랬냐고 그랬냐며 하니 이리저리 뜸들이저니 인공호흡해줬다고 말을 합니다. 하지만 그사람은 강아지 인공호흡을 어떻게 하는지조차도 모릅니다. 그순간 뻔한 거짓말인줄 알면서 변명하는게 더 비참하게 느껴져서 그냥 말을 아꼇습니다. 한번은 제가 그릇을 들다 놓쳐 접시그릇이 바닥에 떨어졌었습니다.내용물이 사방팔방 튀었엇죠. 보통 그 모습을 보면 같이 치우던 해야하거나 다쳤냐 물어보는둥 도와야한다고 생각하는데 이사람은 그냥 뒤에서 우두커니 서서 계속 쳐다만보고 있더라구요. 그걸보고 제가 서있지말고 휴지던 뭐 좀 가져다주고 같이 치워주라 했고 그사람과 같이 뒷수습을 했습니다. 수습이 끝나고 왜 서서만 있냐고 하니 휴지줄까 하고 물어보려고 서 있었다고 했습니다. 한번은 제가 심하게 다쳐서 피가 철철나고 그런 상황이였습니다. 당장이라도 응급처치가 필요한상황이였고 병원이라도 가야할 정도였는데 전 너무 아파서 그상태에서 지혈을 하고 있었고 옆에서보더니 ""아파?""이러고 맙니다... 한번은 집에 전구가 나갈것처럼 불이 들어왔다 나갓다 그래서 말했더니 곧 전구가 나갈거 같다고 해 하니깐 ""그래?"" 이러더니 그뒤로 아무런 조취조차 하지 않습니다. 그저 집안일처리 드릴.망치질.조립같은것도 대소사가 전부 제 몫입니다. 하라고 시키면 할줄모른다고 버팁니다. 그래서 답답하니 그냥 제가 해버립니다. 가전제품이 망가져서 서비스센터에 전화하라고 하니 할줄 모른다고 안하려고 버티길래 그냥 하라고 했습니다. 전화해서 안내직원이 전화를 받았고 어떤일때문에 전화를 하셧냐 물으니 왜 전화했는지 말조차도 안하고 직원이 여보세요.여보세요 고객님 이러는데도 대답도 않하고 전화기들고 그저 저만 처다봅니다. 매번 이런식으로 누군가와 대화할때도 저를 그저 처다보고 대신 답변을 해줘야하거나 말을 트게끔 첫대화를 시작해줘야합니다. 그때마다 조금 이상하다 생각하지만 매번 똑같습니다. 처음 있는일이여서 어떻게 해야되는줄 몰라서 그랬다 라고요.. 또 한번은 사정이 안좋아서 폰 요금이 밀려서 발신전화가 끊긴다고 문자를 받자 그럼 전화해서 기간 연장을 해달라고 상황설명을 하라고 하니 마지못해 알겠다고 했습니다. 알아서 통화 하겠지하고 봤는데 전화를 걸고 상담 직원은 돈을 이때까지 못내니 이 날짜에 내시라 안그럼 발신 정지가 되십니다. 이러니깐 ""네""이러고 대답만 하고 전화를 끝는겁니다.. 상황설명을 해서 기간 연장을 해달라고 말을 해야하는데 납부를 언제까지 내야하죠? 네 . 단 두마디만 하고 이러고 말은겁니다.. 답답해서 제가 다시 전화해서 이날까지 돈을 낼 여유가 없으니 기간 연장을 해주시면 안될까요 하고 물었고 추가 연장 날짜를 받았습니다. 항상 이런식입니다. 그리고 집에서 밥먹을때마다 늘 말하는게 있습니다. 음식을 먹으면 꼭 거짓말 안보태고 그냥 입가에 묻은정도가 아니고 영유아를 이유식 먹일때 입가에 묻는 정도로.. 그정도면 느껴질텐데 ..제가 살아오면서 그렇게 먹는 사람 난생 처음봤습니다. 연애때는 같이 먹을일이 없어서 그런모습을 못봤습니다.좀 닦으면서 먹으라고 하니 이젠 저에게 화를 냅니다. 한번은 제가 정신과 약에 취해 제대로 걷지도 못할정도 였는데 똑바로 보행도 못하는 저를 운전하게 냅뒀습니다. 결국 사고가 났구요. 전 그때 약 부작용때문에 기억자체가 없고 행동 한 생각 안나는 블랙아웃상태였습니다. 제가 운전하게 그냥 왜 냅뒀냐 물으니 처음에 말렸지만 제가 그냥 하겠다고 말했다고 해서 ""그럼 나도 모른다"" 이러고 말았답니다. 그리고 제가 차사고후 상당한 비용이 나와서 말하니 ""돈이 없다. 도와주고 싶어도 방법이 없다""이말 뿐이였습니다. 상황판단을 해야하는데있어 뭔가 문제가 있다고 느껴질때가 한두번이 아닙니다. 상황이오면 회피하고 얼렁뚱땅 넘어가려고 합니다. 왜 아무것도 하지않냐 물으면 미안하다 합니다. 하지만 이젠 자기가 뭘 잘못했냐 따집니다. 그럼 저는 말합니다. 아무것도 하지않아서 문제가 되는걸 하는 말하지 않냐고.. 그래서 니가 미안하다고 사과를 한거고 .. 그러면 늘 그냥 대화도중 자리를 뜹니다. 저랑 대화를 하면 대화는 하지 않고 항상 하는말이 ""생각하고 있었다. 그럴려고 했었다""뿐입니다. 아무것도 하지 않으면서 항상 하는말은 자기 생각한것들만 말하며 변명하려합니다. 미안하다면서 자기가 왜 미안해해야되는지 이젠 모르겠답니다. 잘못한게 없데요. 행동을 해서 실천을 하지도 않고 말한마디 안해놓고 그저 생각이였다라고만 합니다.. 제가 이상한걸까요? 지나치다 싶은표현일지 모르지만 뭔가 뇌에 장애가 있는 사람처럼 느껴집니다. 남자로서 자기사람 보호해야한다는 의무.책임도 없고 그저 모든일들을 방관시키고 아무것도 실행하지 않으면서 했다고 잘못을 짚고 넘어가려면 그저 했다는 식으로 우기는데 들어보면..한게 아니고 생각만 했다는겁니다. 이걸 도데체 어떻게 받아들여야하나요? 매사 무슨일이던 단순하게 생각하며 문제가 생기면 더 생각해서 노력을 해보려거나 실천할 생각도 하지 않으며 왜 그렇게 해야할 이유자체도 생각할줄 모르는 사람으로 느껴집니다. 겉보기에 간단한 일상 생활하는데에는 문제가 없습니다. 근데 좀 이상합니다.. 상황을 맞이하면 나가아는 진전도 없고 아무것도 않하려합니다. 보통보면... 정상적인 사람이란게 생각하고 판단하고 행동하고 잘못되면 또 생각하고 반복을 하던 어떠한 결과물로 받아들이고 문제가 발생하면 재발되지 않도록 문제 되지 않도록 행하는게 맞다고 생각하는데..제가 지나치게 이상한건가요? 병원가서 검사라도 받게 해야하나요? 대체 뭐가 문제 인거죠?",2026-09-15,강아지 물그릇,미상,,page,water,2026-09-28T14:22:06
naver_kin,https://kin.naver.com/qna/detail.naver?dirId=602&docId=495229527&answerNo=1,537dea55968e5f61,이런법이 있나요?,안녕하세요 화가나서 글 써봅니다. 단독주택이고 수도가 공동배관입니다. 집에 강아지가 2마리가 있는데 집주인이 개키운다고 수도세를 더받고있는데.. 이게맞는건가요.? 제가 돈을 줘야되는지 궁금하고 법이 있는지 궁금합니다.,2026-09-19,강아지 급수기,미상,,page,water,2026-09-28T14:22:41
naver_kin,https://kin.naver.com/qna/detail.naver?dirId=8050101&docId=495050259&answerNo=0,dd8bc9b61dae680a,PETLIY 식기 어떻게 구입 하나요?,안녕하시오 PETLIY 급수기 일체형 강아지 식기 사진과 똑같은 것을 어떻게 구입 하나요?,2026-09-06,강아지 급수기,미상,,page,water,2026-09-28T14:22:41
naver_kin,https://kin.naver.com/qna/detail.naver?dirId=80511&docId=495020316&answerNo=1,d817c089768d4270,강아지 역재채기&물빨리마심,6살된 말티즈 강아지를 키우고있습니다. 최근들어서 물을 좀 급하게 마시는데 급하게 마신뒤에 물토(사료가 약간 섞여있음)를 하고 역재채기를 하는데 기관지 협착증?같은 질병증상인지 아니면 단순히 물을 빨리 마셔서 생기는 증상인지 궁금합니다ㅜㅜ,2026-09-03,강아지 급수기,미상,,page,water,2026-09-28T14:22:41
naver_kin,https://kin.naver.com/qna/detail.naver?dirId=80503&docId=494908568&answerNo=2,a939187d89758418,골든 햄스터 초보 집사 질문,"골든 햄스터를 키우려고 합니다!! 아직 모르는게 많아서 답변해주실 고수 집사님들 도와주새요ㅠㅠ 1.베타 영양제를 샀는데 나이 상관없이 바로 먹여도 되나요? 2.사료는 햄스터 가든 제품 샀는대 하나로 충분 한가요? 3.간식은 쁘띠두부랑 해씨 ㄷ정도 사려고 하는데 더 필요한가요? 4.다이소 강아지 간식에 있는 아르르 자색고구마팝 샀는데 먹여도 되나요? 5.간식,사료 등등은 나이 상관없이 먹여도 되나요? 6.온도계는 꼭 필요한가요? 7.급수기를 꼭 사야하나요 물통에 물 담아서 주면 안되나요 ㅠ",2026-08-27,강아지 급수기,미상,,page,water,2026-09-28T14:22:41
naver_kin,https://kin.naver.com/qna/detail.naver?dirId=8050105&docId=491202709&answerNo=4,4a4ba6555a16cc14,애견미용 창업 준비중인데 세탁기 건조기 설치,애견미용 창업을 준비중인데 애견미용샵에 세탁기 건조기 설치가 필수라는 규정이 있다고 하더라구요 근데 공간이 협소해서 그런데 로보락 m1 세탁건조기 일체형을 설치해놓으면 상관이 없을까요?,2026-01-06,강아지 급수기,미상,,page,water,2026-09-28T14:22:41
naver_kin,https://kin.naver.com/qna/detail.naver?dirId=80503&docId=494908568&answerNo=1,ec64e40af7342947,골든 햄스터 초보 집사 질문,"골든 햄스터를 키우려고 합니다!! 아직 모르는게 많아서 답변해주실 고수 집사님들 도와주새요ㅠㅠ 1.베타 영양제를 샀는데 나이 상관없이 바로 먹여도 되나요? 2.사료는 햄스터 가든 제품 샀는대 하나로 충분 한가요? 3.간식은 쁘띠두부랑 해씨 ㄷ정도 사려고 하는데 더 필요한가요? 4.다이소 강아지 간식에 있는 아르르 자색고구마팝 샀는데 먹여도 되나요? 5.간식,사료 등등은 나이 상관없이 먹여도 되나요? 6.온도계는 꼭 필요한가요? 7.급수기를 꼭 사야하나요 물통에 물 담아서 주면 안되나요 ㅠ",2026-08-27,강아지 급수기,미상,,page,water,2026-09-28T14:22:41
naver_kin,https://kin.naver.com/qna/detail.naver?dirId=6130105&docId=494795937&answerNo=4,c5321a712025a11a,오이도 해변 24시 인가요?,새벽이나 밤에 가도 을왕리처럼 환한지랑 강아지 데려가도 되너요?,2026-08-19,강아지 급수기,미상,,page,water,2026-09-28T14:22:41
naver_kin,https://kin.naver.com/qna/detail.naver?dirId=90101&docId=494404952&answerNo=1,d2af88b2a4a7781a,추석 연휴 강아지 집에 두려고 하는데,추석연휴에 최소 16시간 최대 18시간동안 강아지를 집에 혼자 있게 해야 하는데 물이랑 밥은 걱정 안 해도 되는데 오랫동안 집에 둬도 괜찮은지 궁금합니다. 다른 곳에 맡기기에는 믿음이 안 가서 집에 두려고 하는데 괜찮은 거 맞나요?,2026-07-22,강아지 급수기,미상,,page,water,2026-09-28T14:22:41
naver_kin,https://kin.naver.com/qna/detail.naver?dirId=80511&docId=493928850&answerNo=4,0965b237633653e1,강아지 가 물먹고 토해요,노견 푸들이에요. 사료를 먹거나 다른걸 먹고난 후에는 토를 안해요. 근데 물만 먹으면 토를 합니다. 급하게 먹어서 그런건지 아니면 다른 이유가 있는건지 안그러다가 한 2주 정도 됏는데 빨리 먹어서 그런건지 먹다가 중간에 못 먹게하고 다시 먹게해요. 그러면 좀 나은거 같기도 해요 먹고나서 토하려고 하면 다른걸로 주의를 분산시키면 또 괜찮아요. 최근에 사료 먹는 양도 좀 줄었어요. 병원을 가야할까요?,2026-06-18,강아지 급수기,미상,,page,water,2026-09-28T14:22:41
naver_kin,https://kin.naver.com/qna/detail.naver?dirId=8050104&docId=493724178&answerNo=5,4edaaa33b862c87b,강아지 가 물통에 대변을 싸요,5개월된 여자 아이를 키우고 있는데 울타리 생활중입니다 아직 배변훈련중이긴 하지만 배변 실수를 하긴 했어도 어느날 부터 울타리안에 놔둔 물통안에 대변을 보기 시작하는데 이것도 일종의 배변실수일까요 아니면 다른이유가 있는 걸까요 하고 많은 것중에 왜 물통안에 싸는건지… 다른 잘못된 이유가 있는건지 궁금합니다,2026-06-07,강아지 급수기,미상,,page,water,2026-09-28T14:22:41
naver_kin,https://kin.naver.com/qna/detail.naver?dirId=40101&docId=495279035&answerNo=3,1953488ff5b265e3,30대남자 질문,"강아지한마리와 같이 살고 있는 30대 미혼 남자입니다. 제가 고정지출 주거비용만 80만원 넘게 나오고(관리비,전기세전부포함) 보험료가 14.5만원정도 나옵니다.(종합건강+실손) 핸드폰 3만6천원(알뜰요금제,무제한) 렌탈료(공기청정기2대,정수기) 8만원 이것만해도 한달에 백만원조금넘게 나오는데 제가 집은 상당히 만족스럽거든요 일단 잠자는데 지장 1도 없고 소음도 없고 구조도 좋고 직장은 걸어서 12분정도. 집근처에 대형마트, 편의점, 헬스장, 병원 등 전부 도보 1~7분거리에 있어요 원래는 자차가 있었으나 이사한후 두세달동안 지하주차장에 썩고 타지도 않는차 돈이 너무아까워서 차가 필요 없어져서 팔고 평소에는 개인전동킥보드로 출퇴합니다. 제가 강아지 한마리와 같이 살고 있다보니 직장과 최대한 가깝고 조그만원룸보다는 반려견이 되는 조금 넓은 집을 선호했었어서 현재 4달쨰살고있는데 솔직히 집의 위치나 구조, 소음이 크게 없는게 너무 엄청 만족스럽거든요 근데 제가 아직 월세 살이다보니.. 그리고 제가 강아지한테 한달에 3~40만원정도쓰고 저축을 120만원정도합니다. 그럼 남는 금액이 70~80정도되는데요 돈을 더 모을려면 나중에 이사를 가는게 맞는걸까요 아니면 그냥 이집에 사는게 맞는걸까요 욕심인가요? 제가 전에 집에 두달살다가 층간소음이 너무너무 심했어서 두세번정도 민원넣고 하니 집주인분이 그래도 이사 조건없이 바로 뺴주셔서 진짜 힘들게 이집을 구한거긴 하거든요 특히 제가 반려견이 있어서 반려견때문에 집구하기가 힘들다보니까 그냥 만족하며 살아야 되나요?",2026-09-23,강아지 정수기,미상,,page,water,2026-09-28T14:23:12
naver_kin,https://kin.naver.com/qna/detail.naver?dirId=40101&docId=495279035&answerNo=1,0bf0d29cd0a01a24,30대남자 질문,"강아지한마리와 같이 살고 있는 30대 미혼 남자입니다. 제가 고정지출 주거비용만 80만원 넘게 나오고(관리비,전기세전부포함) 보험료가 14.5만원정도 나옵니다.(종합건강+실손) 핸드폰 3만6천원(알뜰요금제,무제한) 렌탈료(공기청정기2대,정수기) 8만원 이것만해도 한달에 백만원조금넘게 나오는데 제가 집은 상당히 만족스럽거든요 일단 잠자는데 지장 1도 없고 소음도 없고 구조도 좋고 직장은 걸어서 12분정도. 집근처에 대형마트, 편의점, 헬스장, 병원 등 전부 도보 1~7분거리에 있어요 원래는 자차가 있었으나 이사한후 두세달동안 지하주차장에 썩고 타지도 않는차 돈이 너무아까워서 차가 필요 없어져서 팔고 평소에는 개인전동킥보드로 출퇴합니다. 제가 강아지 한마리와 같이 살고 있다보니 직장과 최대한 가깝고 조그만원룸보다는 반려견이 되는 조금 넓은 집을 선호했었어서 현재 4달쨰살고있는데 솔직히 집의 위치나 구조, 소음이 크게 없는게 너무 엄청 만족스럽거든요 근데 제가 아직 월세 살이다보니.. 그리고 제가 강아지한테 한달에 3~40만원정도쓰고 저축을 120만원정도합니다. 그럼 남는 금액이 70~80정도되는데요 돈을 더 모을려면 나중에 이사를 가는게 맞는걸까요 아니면 그냥 이집에 사는게 맞는걸까요 욕심인가요? 제가 전에 집에 두달살다가 층간소음이 너무너무 심했어서 두세번정도 민원넣고 하니 집주인분이 그래도 이사 조건없이 바로 뺴주셔서 진짜 힘들게 이집을 구한거긴 하거든요 특히 제가 반려견이 있어서 반려견때문에 집구하기가 힘들다보니까 그냥 만족하며 살아야 되나요?",2026-09-23,강아지 정수기,미상,,page,water,2026-09-28T14:23:12
naver_kin,https://kin.naver.com/qna/detail.naver?dirId=60213&docId=495128352&answerNo=3,d9d43e4c48676b88,개물림 사고 법적 대응 당할꺼 같은데,"9/2 정수기 기사님 다리를 저희집 강아지가 물어서 (피x, 이빨자국 콩콩, 사진찍어감 물린직후 정수기 설치까지 하고 걸어가심) 물리자마자 예전 집에서도 물리고 병원비만 줄려해서 경찰소송가서 합의 받았다 아픈대 주사도 아픈데 병원비만 주더라 시전, 알겠으니까 병원부터 가라고 어머니가 말씀하심. 근데 궁시렁 같은 말 반복하셔서 병원비말고 뭘 더 원하시는지 말해라 근데 우선 아프면 병원이 먼저다라고 했는데 또 이런 일이 있엌ㅅ다고 말하는거다라고 함. 그렇게 말해서 당황스럽다 병원가시고 나중일은 나중에 하자 병원갓다가 연락주시고 내역달라( 보험처리해서 병원비랑 일 못하신 비용 처리할려함) 자기가 병원 갔다가 연락준다했는데 두절 -> 이와관련 녹음 내역이 있어요 딸인 제가 계약자라서 금욜날 이 내용을 알고 실수로 어제 일 얘기 들었는데 연락주셔라 했는데 연락없다가 9/9 수요일날 강아지 접종내역서 달라는 문자와 네이버 강아지 물림사고에 대한 민사,형사 소송 관련 캡처본을 보내서 엄마가 괜찮으시냐 보험처리 해드리겠다함 전화외서 못 받고 문자로 근무중이다라고 했고 그리고 또 연락없다가 9/11 엄마가 오늘 문자 남기셨는대 답장이 우리가 연락 안했다 시전 어떻게 해야하죠",2026-09-11,강아지 정수기,미상,,page,water,2026-09-28T14:23:12
naver_kin,https://kin.naver.com/qna/detail.naver?dirId=60213&docId=495128352&answerNo=2,460378fbd50b3ea9,개물림 사고 법적 대응 당할꺼 같은데,"9/2 정수기 기사님 다리를 저희집 강아지가 물어서 (피x, 이빨자국 콩콩, 사진찍어감 물린직후 정수기 설치까지 하고 걸어가심) 물리자마자 예전 집에서도 물리고 병원비만 줄려해서 경찰소송가서 합의 받았다 아픈대 주사도 아픈데 병원비만 주더라 시전, 알겠으니까 병원부터 가라고 어머니가 말씀하심. 근데 궁시렁 같은 말 반복하셔서 병원비말고 뭘 더 원하시는지 말해라 근데 우선 아프면 병원이 먼저다라고 했는데 또 이런 일이 있엌ㅅ다고 말하는거다라고 함. 그렇게 말해서 당황스럽다 병원가시고 나중일은 나중에 하자 병원갓다가 연락주시고 내역달라( 보험처리해서 병원비랑 일 못하신 비용 처리할려함) 자기가 병원 갔다가 연락준다했는데 두절 -> 이와관련 녹음 내역이 있어요 딸인 제가 계약자라서 금욜날 이 내용을 알고 실수로 어제 일 얘기 들었는데 연락주셔라 했는데 연락없다가 9/9 수요일날 강아지 접종내역서 달라는 문자와 네이버 강아지 물림사고에 대한 민사,형사 소송 관련 캡처본을 보내서 엄마가 괜찮으시냐 보험처리 해드리겠다함 전화외서 못 받고 문자로 근무중이다라고 했고 그리고 또 연락없다가 9/11 엄마가 오늘 문자 남기셨는대 답장이 우리가 연락 안했다 시전 어떻게 해야하죠",2026-09-11,강아지 정수기,미상,,page,water,2026-09-28T14:23:12
naver_kin,https://kin.naver.com/qna/detail.naver?dirId=60213&docId=495128352&answerNo=1,096c18a215c8f0c9,개물림 사고 법적 대응 당할꺼 같은데,"9/2 정수기 기사님 다리를 저희집 강아지가 물어서 (피x, 이빨자국 콩콩, 사진찍어감 물린직후 정수기 설치까지 하고 걸어가심) 물리자마자 예전 집에서도 물리고 병원비만 줄려해서 경찰소송가서 합의 받았다 아픈대 주사도 아픈데 병원비만 주더라 시전, 알겠으니까 병원부터 가라고 어머니가 말씀하심. 근데 궁시렁 같은 말 반복하셔서 병원비말고 뭘 더 원하시는지 말해라 근데 우선 아프면 병원이 먼저다라고 했는데 또 이런 일이 있엌ㅅ다고 말하는거다라고 함. 그렇게 말해서 당황스럽다 병원가시고 나중일은 나중에 하자 병원갓다가 연락주시고 내역달라( 보험처리해서 병원비랑 일 못하신 비용 처리할려함) 자기가 병원 갔다가 연락준다했는데 두절 -> 이와관련 녹음 내역이 있어요 딸인 제가 계약자라서 금욜날 이 내용을 알고 실수로 어제 일 얘기 들었는데 연락주셔라 했는데 연락없다가 9/9 수요일날 강아지 접종내역서 달라는 문자와 네이버 강아지 물림사고에 대한 민사,형사 소송 관련 캡처본을 보내서 엄마가 괜찮으시냐 보험처리 해드리겠다함 전화외서 못 받고 문자로 근무중이다라고 했고 그리고 또 연락없다가 9/11 엄마가 오늘 문자 남기셨는대 답장이 우리가 연락 안했다 시전 어떻게 해야하죠",2026-09-11,강아지 정수기,미상,,page,water,2026-09-28T14:23:12
naver_kin,https://kin.naver.com/qna/detail.naver?dirId=8050105&docId=495109969&answerNo=2,1dc71a4660f91fe8,강아지 눈물자국 계속 생기는데 어떻게 관리하시나요?,"저희 강아지가 흰색 털이라 그런지 강아지눈물자국이 조금만 생겨도 너무 잘 보여요ㅠㅠ 눈 밑 젖을 때마다 닦아주고 눈곱도 정리해주는데 며칠 지나면 또 비슷하게 생기더라고요. 사료도 바꿔봤는데 해결이 안되고, 병원 가보니까 병이 있는 것도 아니라 꾸준히 관리를 하라는데요.. 다들 평소에 어떻게 관리하시는지 궁금해요. 닦아주는 것 말고 따로 챙기는 방법이 있을까요?",2026-09-10,강아지 정수기,미상,,page,water,2026-09-28T14:23:12
naver_kin,https://kin.naver.com/qna/detail.naver?dirId=80801&docId=494557337&answerNo=1,4b91d868e9b661a7,Fcu 에어컨 인버터형 오피스텔 관리비,작년에 완공된 신축으로 이사가게 되었어요 기본관리비가 약 20정도 나오고 대단지 오피스텔이에요 거실에만 틀거고 평수는 약 25평인데 Fcu 에어컨이라고 하더라구요 26도로 틀거긴한데 얼마정도 나올까요..? 다른 사람들 이야기 들어보니까 40만원대 나온다 30만원대 나온다 등등 얘기가 각각 달라요ㅠ 강아지가 집에 있어서 안틀수도 없는 노릇이구요ㅠ 1. 관리비 얼마정도 나올까요?ㅠ 2. 제가 사용하지않아도 남들것꺼지 다내줘야하나요? 3. Fcu 절약방법이 잇늘까요?,2026-08-01,강아지 정수기,미상,,page,water,2026-09-28T14:23:12
naver_kin,https://kin.naver.com/qna/detail.naver?dirId=80511&docId=494404006&answerNo=4,dcc8f4c37cbeb3ef,강아지 노란 토 공복? 배변문제..?,저희 집 강아지가 밤이나 새벽만 되면 꿀렁꿀렁 거리면서 토해요..; 노란색이고 어떨땐 거품 낄때도 있고 어떨땐 거품만 없지 묽게 토해요 글고 자꾸 한곳에서 토하는게 아니라 여러곳으로 이동해서 토해요; 왜!!! 이동하면서 토하는지 진짜 모르겠어요… 토하고 나면 힘빠지는지 10분 누워있다가 걸어서 침대로 오고..검색해보니깐 공복 토라는 말이 많아서 저녁시간때에 밥도 맞춰주고 또; 시원한정수기물 아니면 안 마셔서 물도 다 버리고 시원하게 해서 주는데 지가 끌릴때 아니면 밥을 안 먹어요(보통6-8시 사이에 줘요) 그래서 생각해봤는데 똥오줌 못?안? 싸면 밥을 안 먹나요? 실외배변강아지는 아닌데(집에서도 싸고 밖에서도 산책가면 쌀때도있고 안쌀때도 있어요) 집에 가족이 있으면 똥오줌을 안싸요 왜이러는걸까요? 부끄러운 걸까요? 이미 배가 차있어서 밥을 안 먹는걸까요? 하……… 치우는건 치우면 되지만 밥도 안먹고 노란묽은토 하는게 넘 걱정돼서요. 강아지가 말 할 수 있으면 좋겠네요 왜 그러는걸까요? 밥먹으라 물 마셔라 해도 멀뚱멀뚱 아휴 강아지가 부모님께서 맞벌이에 밤늦게 들어오셔서 제가 집에 없으면 집에 오래 있는 편이여서 많이 스트레스가 쌓인걸까요? 노즈워크인가 그것도 사다 줬는데 바보가 알려줘도 못해먹구 간식에 눈 돌아서 이빨로 뜯어먹을라고해서 잠시 치워뒀는데 심심해서도 영향이 있는걸까요? 원래 자주 토 안했는데 자꾸 눈에 보이니깐 얘의 마음을 모르겠어요 솔직히 말 다 알아들을텐데………….. 왜 그러는 걸까요? 뭐가 문제인지 모르겠어요 토하고 나서도 안먹어요 물이든 밥이든(항상 채워져 있어요),2026-07-21,강아지 정수기,미상,,page,water,2026-09-28T14:23:12
naver_kin,https://kin.naver.com/qna/detail.naver?dirId=80511&docId=494404006&answerNo=3,2febb797bbb333e6,강아지 노란 토 공복? 배변문제..?,저희 집 강아지가 밤이나 새벽만 되면 꿀렁꿀렁 거리면서 토해요..; 노란색이고 어떨땐 거품 낄때도 있고 어떨땐 거품만 없지 묽게 토해요 글고 자꾸 한곳에서 토하는게 아니라 여러곳으로 이동해서 토해요; 왜!!! 이동하면서 토하는지 진짜 모르겠어요… 토하고 나면 힘빠지는지 10분 누워있다가 걸어서 침대로 오고..검색해보니깐 공복 토라는 말이 많아서 저녁시간때에 밥도 맞춰주고 또; 시원한정수기물 아니면 안 마셔서 물도 다 버리고 시원하게 해서 주는데 지가 끌릴때 아니면 밥을 안 먹어요(보통6-8시 사이에 줘요) 그래서 생각해봤는데 똥오줌 못?안? 싸면 밥을 안 먹나요? 실외배변강아지는 아닌데(집에서도 싸고 밖에서도 산책가면 쌀때도있고 안쌀때도 있어요) 집에 가족이 있으면 똥오줌을 안싸요 왜이러는걸까요? 부끄러운 걸까요? 이미 배가 차있어서 밥을 안 먹는걸까요? 하……… 치우는건 치우면 되지만 밥도 안먹고 노란묽은토 하는게 넘 걱정돼서요. 강아지가 말 할 수 있으면 좋겠네요 왜 그러는걸까요? 밥먹으라 물 마셔라 해도 멀뚱멀뚱 아휴 강아지가 부모님께서 맞벌이에 밤늦게 들어오셔서 제가 집에 없으면 집에 오래 있는 편이여서 많이 스트레스가 쌓인걸까요? 노즈워크인가 그것도 사다 줬는데 바보가 알려줘도 못해먹구 간식에 눈 돌아서 이빨로 뜯어먹을라고해서 잠시 치워뒀는데 심심해서도 영향이 있는걸까요? 원래 자주 토 안했는데 자꾸 눈에 보이니깐 얘의 마음을 모르겠어요 솔직히 말 다 알아들을텐데………….. 왜 그러는 걸까요? 뭐가 문제인지 모르겠어요 토하고 나서도 안먹어요 물이든 밥이든(항상 채워져 있어요),2026-07-21,강아지 정수기,미상,,page,water,2026-09-28T14:23:12
naver_kin,https://kin.naver.com/qna/detail.naver?dirId=9020603&docId=494307299&answerNo=1,184b5c89fda229a5,강아지 독채풀빌라 추천해주세요!,"저희가 가족 다같이 가는거라서 인원이 10명에 강아지 2마리인데요.(아이는 3명이고 나머지는 어른7명입니다.) 독채풀빌라 찾아보면 10명이상 갈 수 있는곳은 잘 없더라고요ㅠ 방 2개 이상, 화장실 2개 이상에 수영장 미온수되는곳에 완전 다른팀하고 안보이는 그런 독채로 찾고 있습니다! 강아지가 다른사람들이랑 다른강아지를 안좋아해서요ㅠㅠ 뛰어놀수있는 마당도 있으면 좋을거 같아요! 지역은 대전근처여도 괜찮고 아니면 차타고 몇시간 가는곳도 괜찮아요! 저희가 원래는 경주에 있는 독채를 자주 가서 황리단길 구경하다가 숙소에 갔었거든요! 그래서 숙소 근처에 둘러볼만한 곳이 있으면 더 좋을거 같아요! 지금까지는 가던곳이 한군데였는데 다른곳도 가보고싶어서 추천 부탁드립니다~!!",2026-07-14,강아지 정수기,미상,,page,water,2026-09-28T14:23:12
naver_kin,https://kin.naver.com/qna/detail.naver?dirId=80511&docId=495310463&answerNo=2,9fb574718db498d3,강아지 가 샤인머스캣을 뜯어먹었어요....,시골집에서 강아지 냅두고 잠깐 나갔다왔는데 얘가 다른 방에 있던 샤인머스캣 한 알을 한입 뜯어먹었어요.. 포도는 절대 주면 안된다고 해서 너무 걱정돼서 병원 가봐야되는거 아니냐고 했는데 가족들은 지금은 멀쩡하니까 지켜보자고 그래요... 어떡하면 좋을까요...??? 진짜 급해요...,2026-09-26,강아지 물 먹는 양,미상,,page,water,2026-09-28T14:23:50
naver_kin,https://kin.naver.com/qna/detail.naver?dirId=80501&docId=495276079&answerNo=2,cdc5c6ac2426cacf,강아지 혈뇨일까요?,5살 암컷 강아지 입니다 이게 혈뇨일까요? 무기력 하지도 않고 소변볼때 힘들어 하지도 않고 간식도 잘 먹습니다 중성화는 했습니다 첫번째 사진은 이틀전 이고 두번째 사진은 오늘 사진입니다,2026-09-23,강아지 물 먹는 양,미상,,page,water,2026-09-28T14:23:50
naver_kin,https://kin.naver.com/qna/detail.naver?dirId=70116&docId=495288893&answerNo=2,662c304474d1ca4a,의료 관련 있으신분들 빠른 딥변 부탁드립니다ㅠㅠ,"사촌동생이 철분제 빨간색 알 약 6개 가량 복용,가루로 된 철분제 8개정도 한번에 입에 넣고 복용 후 10분 후 아무 증상 없아 담배를 먹었고 심지어는 강아지용 치약 까지 복용했습니다 현재 119는 불렀지만 아무 증상 없고 자기는 정말 괜찮다 하는데 혹시라도 아주 혹시라도 사망 확률이 얼마나 될까요?ㅠㅠㅠ",2026-09-24,강아지 물 먹는 양,미상,,page,water,2026-09-28T14:23:50
naver_kin,https://kin.naver.com/qna/detail.naver?dirId=8050105&docId=495288078&answerNo=1,c7fb375e92ef8ea3,강아지 백내장 의심,저희 집 강아지 눈인데 백내장인가요? 눈이 조금 뿌옇게보여서.. 후레쉬터트리고 찍어서 그런건가 싶기도하고 긴가민가하네요 그리고 백내장 수술비용은 어느정도하나요?,2026-09-24,강아지 물 먹는 양,미상,,page,water,2026-09-28T14:23:50
naver_kin,https://kin.naver.com/qna/detail.naver?dirId=80511&docId=495257087&answerNo=1,91367f3d416319da,14살 강아지 사료 추천 부탁드립니다.,저희 강아지는 14살인데요 지금 D/L 이랑 D/C 던가? 먹이고 있거든요 근데 강아지가 이제 좀 물리는지 잘 안먹으려고 해요 삶은 계란 넣어줘도 잘 안먹으려고 하고 먹다가 좀 많이 남겨요 그래서 어떤 사료를 줘야 사료만 줘도 잘 먹을까 싶어서 고민입니다 현재 저희 강아지는 췌장수치가 좀 높고 신장에 혹이 있는 상태 입니다 대•소변은 잘 보고 대변 상태도 양호 해요 13살 이후로는 구토도 잘 안하고 거즘 건강한 상태나 다름없긴 합니다 근데 사료가 잘 안맞는지 안먹으려고 하고 .. 간식은 야무지게 잘먹고 과일 중에서 배도 잘 먹고 다른건 다 잘 먹는데 DL DC 저런 처방식 사료는 잘 안먹으려고 합니다 암튼 사료 추천 부탁드립니다!! 챗GPT답변은 사절입니다,2026-09-21,강아지 물 먹는 양,미상,,page,water,2026-09-28T14:23:50
naver_kin,https://kin.naver.com/qna/detail.naver?dirId=80511&docId=495254478&answerNo=2,490c04c300a63065,강아지 초코섭취 구토유발제,강아지가 초코칩쿠키 하나를 다 먹었는데 다행히 한 30분만에 병원에 갔어요 근데 가서 구토유발제를 맞았는데 한시간넘게 구토를 안 했어요 ㅜㅜ 혈액검사 했을 때 신장수치는 괜찮다는데 검사를 워낙 빨리 해서 그 이후로 나빠질 수도 있는 거 아닌가요..?ㅜ 일단 변으로 나오게 하는 물약 처방 받아와서 먹였긴 한데 괜찮을까요?? 참고로 쿠키는 서브웨이 쿠키예요,2026-09-21,강아지 물 먹는 양,미상,,page,water,2026-09-28T14:23:50
naver_kin,https://kin.naver.com/qna/detail.naver?dirId=80511&docId=495229955&answerNo=1,cf8622c6ffc5a5cb,만성신부전 강아지 어떻게 관리하면 좋을까요,"안녕하세요 저는 현재 고등학생이고 11살 말티즈를 키우고 있습니다 약 2주 전쯤에 강아지가 아파서 병원에 데려갔는데 자궁축농증이라고 하더라구요 그래서 그때 바로 수술 받고 퇴원했는데 그 뒤로 밥도 잘 안 먹고 토를 해서 다시 병원에 갔더니 신장 수치가 나쁘대서 또 입원하고 얼마 전 퇴원했습니다 저는 학교 학원 때문에 부모님과 병원에 같이 못 가서 정확히 의사 말을 듣진 못 했지만 피 검사를 2-3일 간격으로 두 번 했는데 수치가 안 떨어졌다고 하더라고요 그래서 수액 주사 가져와서 이제 집에서 치료를 해야 하는데 아빠는 별 거 아닌 거처럼 말하고 엄마는 심각하게 말해서 혼란스럽고 제가 아는 게 없어서 무섭고 두렵습니다 맘 같아서는 확률이 적더라도 최고의 치료를 해 주고 싶은데 저희 집 형편이 그렇게 되지도 않고 치료를 한다고 해도 무조건적으로 회복되는 게 아니래서 참 마음이 착잡합니다 수술 받고 퇴원 후에 애가 밥(사료)을 잘 안 먹어서 엄마가 닭가슴살이랑 육포랑 해서 약을 자주 맥였는데 혹시 그것 때문에 수치가 높게 나왔을 가능성은 없을까요? 퇴원한 4-5일 동안 제가 알기로 닭가슴살, 육포, 고구마말랭이, 베이컨 간식 말고는 먹은 게 없습니다 사료는 아예 안 먹었고 물은 잘 먹었어요 (이 부분을 부모님이 의사한테 얘기했는지 모르겠습니다) 제가 알아보니까 애들이 아파서 밥을 잘 안 먹거나 하면 신장 수치에 변동이 있을 수 있다고 하더라구요 그래서 보통 2주 정도 텀을 두고 검사를 진행한다고 합니다 그래서 저도 부모님한테 부탁해서 2주 정도 뒤에 한 번 더 병원에 가 보자고 얘기해보려 하는데 조언 부탁드립니다 또 겪어보진 분들이나 전문가분들 저희 애기 어떻게 관리하면 좋을지 뭐가 도움이 될지 현재 상태가 어떤지 뭐든 좋습니다 다 알려주세요 긴 글 읽어주셔서 감사합니다",2026-09-19,강아지 물 먹는 양,미상,,page,water,2026-09-28T14:23:50
naver_kin,https://kin.naver.com/qna/detail.naver?dirId=80511&docId=495228618&answerNo=1,bca084c2986329c6,7개월 강아지 첫 분양 해왔는데 밥도 안먹고 배소변도 안해....,7개월아이를 데리고 왔는데 접종은 종합백신만 되어있다고 그래서요 그건 그렇다고 해도 아이가 밥도 안먹고 배소변도 아예 안보고 있어요 어제 저녁부터요! 멀미를 할까봐 아이 사료도 안먹여서 보내주셧다고 하셧는데 사료를 안먹는 공복인 시간이 길어지면 안된다고 들어서 손으로 주면 몇알 먹고 안먹더라구요 중요한 배소변도 아예 보질 못하고 있어요 혹시 다른곳에 싸나 싶어 찾아봐도 없고 아예 흔적이 없어요 기침을 어제한번 오늘 한번 한벙 할때 5-6회정도 하는데 분양하신 곳에선 미니비숑은 기관지자체가 좁아 할수잇다고 안내 받앗엇는데 적응이 지금 안되서 배변도 그렇고 밥도 안먹는거라고 아이가 워낙 소심한아이라 짖지도 않는다고 하시는데 맞을까요?! 병원을 데리고 가보는게 좋을까요?,2026-09-19,강아지 물 먹는 양,미상,,page,water,2026-09-28T14:23:50
naver_kin,https://kin.naver.com/qna/detail.naver?dirId=80501&docId=495225975&answerNo=1,03c274d4f53162f9,강아지 가 노브랜드 바닐라 웨하스 ?,아이들을 풀어 놓고 잠들어는데 .아침에 눈뜨니깐 노브랜드 바닐라.웨하스를 먹은거 같아요 얼마나 먹어는지...는 잘 모르겠어요 지금보면 상테는 괜찬아 보이긴해요 .... 하 ..... 괜찬겠죠 얼마나 먹은지는 모르겠구 입에서 냄새 나긴 해요,2026-09-19,강아지 물 먹는 양,미상,,page,water,2026-09-28T14:23:50
naver_kin,https://kin.naver.com/qna/detail.naver?dirId=8050105&docId=495150783&answerNo=4,f17b76d497a6aeae,아기 강아지 쉬 하고 난 후 다리,아기 강아지들 쉬 하고 나면 뒷 다리가 누렇게 변하잖아요 어떻게 관리하면 좋을까요? 그리고 눈물 자국은 아직 없긴한데 난다하면 관리 할때 제품 추천 부탁 드립니다!! 밥 먹고 난 후 입도요!!! 그리고 3갤 강아진데 가끔 놀다가 흥분하거나 놀고싶은데 안 놀아주면 조금씩 짖더라고요 그럴땐 아예 무시하고 쳐다도 안 보고 있긴한데 잘 하고 있는걸까요? 마지막으로 배변패드로 자꾸 장난을 칩니다ㅠㅠ(이갈이 장난감 있음) 테이프로 네 면 다 붙여뒀긴한데 계속 장난 치네요 이럴땐 어떻게 해야하는지도 알려주세요!!!,2026-09-13,강아지 물 먹는 양,미상,,page,water,2026-09-28T14:23:50
naver_kin,https://kin.naver.com/qna/detail.naver?dirId=31505&docId=495316113&answerNo=1,2229acc38a3007fc,좋은 꿈 꾸는 법..,예전에 키우던 강아지가 몸이 아파서 하늘나라갔거든요. 근데 전 그 강아지 생각만해도 눈물나고 꿈에나오면 오열하면서 꿈에서 깨요… 근데 하늘나라 간 강아지가 꿈에 나올때마다 자꾸 아픈 몸인 상태로만 나와요.. 좀 건강한 상태로 꿈에 나올순없는건지..,2026-09-27,강아지 물 자주 마심,미상,,page,water,2026-09-28T14:24:32
naver_kin,https://kin.naver.com/qna/detail.naver?dirId=80511&docId=495241001&answerNo=1,f33a83cadd6a1350,강아지 가 쉬를 먹는데 단순스트레스 때문일까요?,주기적으로 배탈나서 좀 자세히 관찰해봤는데 쉬를 먹네요..똥은 안먹고 쉬요 쉬먹는강아지는 처음이라 좀 당황스럽습니다 자기꺼이외에도 밖 다른강아지의 마른쉬를먹어요 어케고쳐주죠? 무슨병일꺼요?,2026-09-20,강아지 물 자주 마심,미상,,page,water,2026-09-28T14:24:32
naver_kin,https://kin.naver.com/qna/detail.naver?dirId=80511&docId=495233289&answerNo=1,deca29dd35bc0f69,강아지 눈주변이 빨개요,왜그런걸까요??,2026-09-19,강아지 물 자주 마심,미상,,page,water,2026-09-28T14:24:32
naver_kin,https://kin.naver.com/qna/detail.naver?dirId=80511&docId=495210893&answerNo=1,68c07b6999b88e8f,강아지 가 심하게 헥헥거려요,2살된 셔틀랜드 쉽독을 키우는 중인데요 어제 새벽부터 애가 자꾸 헥헥거려요 몸도 한번씩 떨고요 저희집이 더운편도 아니고 에어컨도 자주 트는데 왜이러는걸까요..? 밥도 잘먹고 물도 잘 마셔요 똥오줌도 잘 싸고요 누워 있을때는 또 안 그래요.. 저한테 더 붙어있으려고하고 소파를 앞 발로 막 긁기도 해요.. 스트레스 받아서 그런걸까요? 뭐때문인지 모르겠어요ㅠㅠ 지금도 헥헥거려요.. 근데,2026-09-18,강아지 물 자주 마심,미상,,page,water,2026-09-28T14:24:32
naver_kin,https://kin.naver.com/qna/detail.naver?dirId=8050104&docId=495168119&answerNo=3,9ccd6dd4f6ce244a,강아지 배변실수,"안녕하세요. 강아지 배변 문제 때문에 상담드립니다. 저희 강아지는 **1살 정도 된 수컷 말티푸(약 2.6kg)**입니다. 평소에는 배변을 잘 가리는 편이었고 침대에 배변한 적이 거의 없었습니다. 그런데 최근 들어 갑자기 침대 위 이불에 오줌과 대변을 반복해서 보기 시작했습니다. 특히 이 침대는 강아지가 가끔 올라가는 곳이 아니라 평소 저와 강아지가 함께 자는 침대이고, 강아지도 평소 이 침대에서 잠을 자는 곳입니다. 그런데 최근에는 본인이 평소 잠을 자는 침대에 갑자기 오줌과 대변을 보는 상황이 반복되고 있습니다. 현재 상황 * 원래 침대에 배변하지 않았음 * 최근 갑자기 침대에서 배변하기 시작함 * 강아지가 평소에도 함께 자고 잠을 자는 침대임 * 오줌뿐만 아니라 대변도 같은 침대/이불에 보는 경우가 있음 * 특히 오줌 양이 굉장히 많은 경우가 있음 * 한 번 실수하고 끝나는 것이 아니라 최근 반복적으로 발생함 * 침대 외의 장소에서는 평소처럼 배변하는 경우도 있음 궁금한 점 강아지가 평소에 잠을 자는 침대에 갑자기 오줌과 대변을 보기 시작하는 경우에도 단순히 이불의 촉감이나 냄새 때문에 배변 장소로 인식하는 것인지 궁금합니다. 또한 자기가 평소에 자는 장소에 배변한다는 점에서 일반적인 배변 실수와 다른 원인이 있을 수 있는지, 스트레스나 불안, 생활환경 변화 등의 가능성도 알고 싶습니다. 특히 오줌 양이 상당히 많은 경우에는 단순한 훈련 문제가 아니라 건강상의 문제로 인해 배뇨량이 증가한 것일 수도 있는지 궁금합니다. 현재는 침대에 올라가지 못하게 하는 것이 맞는지, 아니면 계속 침대에 올라가게 하면서 배변하지 않았을 때 보상하는 방식으로 교정해야 하는지도 알려주시면 감사하겠습니다. 또 이미 배변했던 이불은 일반 세탁만 하면 되는지, 냄새 때문에 같은 장소에 반복하는 것을 막기 위해 효소 세정제 등을 사용하는 것이 좋은지도 궁금합니다. 원래 배변을 잘 가리던 강아지가 평소 본인이 자고 생활하는 침대에 갑자기 오줌과 대변을 반복해서 보는 상황이라 걱정됩니다. 행동 문제인지 건강 문제를 먼저 확인해야 하는 상황인지, 그리고 제가 집에서 가장 먼저 해야 할 조치가 무엇인지 조언 부탁드립니다.",2026-09-15,강아지 물 자주 마심,미상,,page,water,2026-09-28T14:24:32
naver_kin,https://kin.naver.com/qna/detail.naver?dirId=8050105&docId=495176655&answerNo=4,7328b25c0d0f7667,강아지 눈 영양제 어떤게 좋을까요?,저희 집 강아지가 눈물이 많은 편이라 요즘 강아지 눈 영양제 제품들 찾아보고 있어요 예전에 하나 사봤는데 냄새 맡고 안 먹어서 거의 그대로 버렸거든요ㅠㅠ 이번에는 기호성도 괜찮고 눈물자국 관리할 때 같이 챙기기 좋은 걸로 찾고 있습니다. 강아지 눈 영양제 추천 받아보신 것 중에 꾸준히 먹이기 괜찮았던 거 있을까요? 눈 밑은 매일 닦아주고 있는데 그것만 해서는 자꾸 반복되는 느낌이라 다른 관리도 같이 해보려고 해요. 오x글루 먹이다가 효과를 못봐서 다시 찾게 되네요 ㅠ,2026-09-15,강아지 물 자주 마심,미상,,page,water,2026-09-28T14:24:32
naver_kin,https://kin.naver.com/qna/detail.naver?dirId=8050104&docId=495168119&answerNo=1,7e5f656045d5d899,강아지 배변실수,"안녕하세요. 강아지 배변 문제 때문에 상담드립니다. 저희 강아지는 **1살 정도 된 수컷 말티푸(약 2.6kg)**입니다. 평소에는 배변을 잘 가리는 편이었고 침대에 배변한 적이 거의 없었습니다. 그런데 최근 들어 갑자기 침대 위 이불에 오줌과 대변을 반복해서 보기 시작했습니다. 특히 이 침대는 강아지가 가끔 올라가는 곳이 아니라 평소 저와 강아지가 함께 자는 침대이고, 강아지도 평소 이 침대에서 잠을 자는 곳입니다. 그런데 최근에는 본인이 평소 잠을 자는 침대에 갑자기 오줌과 대변을 보는 상황이 반복되고 있습니다. 현재 상황 * 원래 침대에 배변하지 않았음 * 최근 갑자기 침대에서 배변하기 시작함 * 강아지가 평소에도 함께 자고 잠을 자는 침대임 * 오줌뿐만 아니라 대변도 같은 침대/이불에 보는 경우가 있음 * 특히 오줌 양이 굉장히 많은 경우가 있음 * 한 번 실수하고 끝나는 것이 아니라 최근 반복적으로 발생함 * 침대 외의 장소에서는 평소처럼 배변하는 경우도 있음 궁금한 점 강아지가 평소에 잠을 자는 침대에 갑자기 오줌과 대변을 보기 시작하는 경우에도 단순히 이불의 촉감이나 냄새 때문에 배변 장소로 인식하는 것인지 궁금합니다. 또한 자기가 평소에 자는 장소에 배변한다는 점에서 일반적인 배변 실수와 다른 원인이 있을 수 있는지, 스트레스나 불안, 생활환경 변화 등의 가능성도 알고 싶습니다. 특히 오줌 양이 상당히 많은 경우에는 단순한 훈련 문제가 아니라 건강상의 문제로 인해 배뇨량이 증가한 것일 수도 있는지 궁금합니다. 현재는 침대에 올라가지 못하게 하는 것이 맞는지, 아니면 계속 침대에 올라가게 하면서 배변하지 않았을 때 보상하는 방식으로 교정해야 하는지도 알려주시면 감사하겠습니다. 또 이미 배변했던 이불은 일반 세탁만 하면 되는지, 냄새 때문에 같은 장소에 반복하는 것을 막기 위해 효소 세정제 등을 사용하는 것이 좋은지도 궁금합니다. 원래 배변을 잘 가리던 강아지가 평소 본인이 자고 생활하는 침대에 갑자기 오줌과 대변을 반복해서 보는 상황이라 걱정됩니다. 행동 문제인지 건강 문제를 먼저 확인해야 하는 상황인지, 그리고 제가 집에서 가장 먼저 해야 할 조치가 무엇인지 조언 부탁드립니다.",2026-09-15,강아지 물 자주 마심,미상,,page,water,2026-09-28T14:24:32
naver_kin,https://kin.naver.com/qna/detail.naver?dirId=80101&docId=495166696&answerNo=1,a34fb55ee9de2739,군인 남친 선물 추천,"곰신입니당 남친이 군대에 있을 때 첨 알게 되고 넘 서로 좋아해서 사귀었는데, 100일 선물로 뭘 줘야될지모르겟어요 커플링은 이미 맞췄는데 군번줄에 끼고 다닌대요 귀여운 걸 좋아하는 사람입니당 실용성있는 선물을 주는 게 나을까여 아니면 어떤게 좋을까요.. 넘 고민되어요 치이카와랑 시나모롤, 아니면 기여웅 강아지 고양이 좋아하는데 그 캐릭터들이랑 관련된 상품을 쥬는 게 나을까요 줫다가 군대에 잇으니까 별 쓸모 없다거 생각할까바 걱정돼요 ㅠㅠ",2026-09-14,강아지 물 자주 마심,미상,,page,water,2026-09-28T14:24:32
naver_kin,https://kin.naver.com/qna/detail.naver?dirId=8050103&docId=495135339&answerNo=1,ac57ad489deb9251,강아지 혀 낼름,강아지가 아침에 토 1번하고 산책 다녀온후에 토하고 계속 바닥을 핧아요 막 낼름거리고 그러다 토한번 더 했어요 병원에서 내시경 받으라는데 괜찮은걸까요?,2026-09-12,강아지 물 자주 마심,미상,,page,water,2026-09-28T14:24:32
naver_kin,https://kin.naver.com/qna/detail.naver?dirId=8050103&docId=495133709&answerNo=1,b3adf8b2f34e6ab1,강아지 가 요즘 들어 사람한테 유독 많이 앵겨서 고민이에요....,"원래도 사람을 좋아하고 애교가 있는 편이긴 한데, 최근에는 더 심해진 것 같아요. 소파에 올려놓으면 혼자서도 잘 쉬는데, 제가 다른 곳으로 이동하면 자기 인형을 물고 저를 따라와요. 그리고 제 옆에 와서는 몸을 최대한 밀착해서 누워있어요 요즘은 침대 밑에 들어가서 바닥을 파듯이 긁기도 하고, 가끔 낑낑거리기도 해요. 밥이나 활동량 같은 건 크게 이상한 것 같지는 않은데, 갑자기 이렇게 더 붙으니까 괜히 걱정되네요. 인터넷에서 강아지가 죽을 때가 되면 사람한테 더 많이 앵긴다는 이야기도 봐서 혹시 그런 건가 싶어 걱정돼요ㅠㅠ 그냥 애정 표현이나 안정감을 찾는 행동일까요? 비슷한 경험 있으신 분 계신가요?",2026-09-12,강아지 물 자주 마심,미상,,page,water,2026-09-28T14:24:32
naver_kin,https://kin.naver.com/qna/detail.naver?dirId=31505&docId=495319755&answerNo=10,ac0ed691253658ad,개한테 물리는 꿈,식당에서 닭강정을 먹다가 밖에 나갔는데 강아지 두마리가 싸우는 거에요 그래서 말리려고 다가갔는데 한 마리는 도망가고 한 마리는 저를 물려고 대치하던 상황이었습니다 중간에 장애물을 두고 이리저리 도망다니다가 이모가 강아지를 딱 잡고 식당에 들어기면서 강아지를 놔줬는데 강아지를 놔줄때 입이 제 손 쪽에 있어서 물렸습니다 물고 안놔서 입을 강제로 벌리고 밖으로 내보냈습니다 손에 피가 조금 났고 이빨 자국도 많았습니다 병원으로 갔더니 크고 흰 개인 보더콜리 같았는데 피부가 안좋아서 털이 다 빠진 개였어서 검사를하러 갔는데 개 피부가 너무 안좋아서 입원을 해야된다하고 꿈에서 깼습니다 이 꿈 해몽은 무엇인가요??,2026-09-27,강아지 물 안 먹어요,미상,,page,water,2026-09-28T14:25:38
naver_kin,https://kin.naver.com/qna/detail.naver?dirId=50503&docId=495320698&answerNo=1,3be6fc11efa78840,하반신 마비 강아지,"저희 애가 하반신 마비로 누워만 있습니다. 평소 불편하거나 원하는게 있으면 울었는데 오늘은 왜 우는지 모르겠네요. 기저귀도 갈아주고, 물도 줬습니다. 간식도 잘 먹어서 배가 아픈것도 아닌것같은데 계속 울어요. 안아줘도 안 아파하는데 어디 문제가 있을까요? 자꾸 울어서 어떻게 할지 모르겠어요..",2026-09-27,강아지 물 안 먹어요,미상,,page,water,2026-09-28T14:25:38
naver_kin,https://kin.naver.com/qna/detail.naver?dirId=31505&docId=495319755&answerNo=9,9a7cb1850219669c,개한테 물리는 꿈,식당에서 닭강정을 먹다가 밖에 나갔는데 강아지 두마리가 싸우는 거에요 그래서 말리려고 다가갔는데 한 마리는 도망가고 한 마리는 저를 물려고 대치하던 상황이었습니다 중간에 장애물을 두고 이리저리 도망다니다가 이모가 강아지를 딱 잡고 식당에 들어기면서 강아지를 놔줬는데 강아지를 놔줄때 입이 제 손 쪽에 있어서 물렸습니다 물고 안놔서 입을 강제로 벌리고 밖으로 내보냈습니다 손에 피가 조금 났고 이빨 자국도 많았습니다 병원으로 갔더니 크고 흰 개인 보더콜리 같았는데 피부가 안좋아서 털이 다 빠진 개였어서 검사를하러 갔는데 개 피부가 너무 안좋아서 입원을 해야된다하고 꿈에서 깼습니다 이 꿈 해몽은 무엇인가요??,2026-09-27,강아지 물 안 먹어요,미상,,page,water,2026-09-28T14:25:38
naver_kin,https://kin.naver.com/qna/detail.naver?dirId=31505&docId=495319755&answerNo=7,040509bc1b0c0f1a,개한테 물리는 꿈,식당에서 닭강정을 먹다가 밖에 나갔는데 강아지 두마리가 싸우는 거에요 그래서 말리려고 다가갔는데 한 마리는 도망가고 한 마리는 저를 물려고 대치하던 상황이었습니다 중간에 장애물을 두고 이리저리 도망다니다가 이모가 강아지를 딱 잡고 식당에 들어기면서 강아지를 놔줬는데 강아지를 놔줄때 입이 제 손 쪽에 있어서 물렸습니다 물고 안놔서 입을 강제로 벌리고 밖으로 내보냈습니다 손에 피가 조금 났고 이빨 자국도 많았습니다 병원으로 갔더니 크고 흰 개인 보더콜리 같았는데 피부가 안좋아서 털이 다 빠진 개였어서 검사를하러 갔는데 개 피부가 너무 안좋아서 입원을 해야된다하고 꿈에서 깼습니다 이 꿈 해몽은 무엇인가요??,2026-09-27,강아지 물 안 먹어요,미상,,page,water,2026-09-28T14:25:38
naver_kin,https://kin.naver.com/qna/detail.naver?dirId=31505&docId=495319755&answerNo=6,a6ceeffe30b6cb1b,개한테 물리는 꿈,식당에서 닭강정을 먹다가 밖에 나갔는데 강아지 두마리가 싸우는 거에요 그래서 말리려고 다가갔는데 한 마리는 도망가고 한 마리는 저를 물려고 대치하던 상황이었습니다 중간에 장애물을 두고 이리저리 도망다니다가 이모가 강아지를 딱 잡고 식당에 들어기면서 강아지를 놔줬는데 강아지를 놔줄때 입이 제 손 쪽에 있어서 물렸습니다 물고 안놔서 입을 강제로 벌리고 밖으로 내보냈습니다 손에 피가 조금 났고 이빨 자국도 많았습니다 병원으로 갔더니 크고 흰 개인 보더콜리 같았는데 피부가 안좋아서 털이 다 빠진 개였어서 검사를하러 갔는데 개 피부가 너무 안좋아서 입원을 해야된다하고 꿈에서 깼습니다 이 꿈 해몽은 무엇인가요??,2026-09-27,강아지 물 안 먹어요,미상,,page,water,2026-09-28T14:25:38
naver_kin,https://kin.naver.com/qna/detail.naver?dirId=31505&docId=495319755&answerNo=5,7560ddf27a230aad,개한테 물리는 꿈,식당에서 닭강정을 먹다가 밖에 나갔는데 강아지 두마리가 싸우는 거에요 그래서 말리려고 다가갔는데 한 마리는 도망가고 한 마리는 저를 물려고 대치하던 상황이었습니다 중간에 장애물을 두고 이리저리 도망다니다가 이모가 강아지를 딱 잡고 식당에 들어기면서 강아지를 놔줬는데 강아지를 놔줄때 입이 제 손 쪽에 있어서 물렸습니다 물고 안놔서 입을 강제로 벌리고 밖으로 내보냈습니다 손에 피가 조금 났고 이빨 자국도 많았습니다 병원으로 갔더니 크고 흰 개인 보더콜리 같았는데 피부가 안좋아서 털이 다 빠진 개였어서 검사를하러 갔는데 개 피부가 너무 안좋아서 입원을 해야된다하고 꿈에서 깼습니다 이 꿈 해몽은 무엇인가요??,2026-09-27,강아지 물 안 먹어요,미상,,page,water,2026-09-28T14:25:38
naver_kin,https://kin.naver.com/qna/detail.naver?dirId=31505&docId=495319755&answerNo=4,a106615300a4fa67,개한테 물리는 꿈,식당에서 닭강정을 먹다가 밖에 나갔는데 강아지 두마리가 싸우는 거에요 그래서 말리려고 다가갔는데 한 마리는 도망가고 한 마리는 저를 물려고 대치하던 상황이었습니다 중간에 장애물을 두고 이리저리 도망다니다가 이모가 강아지를 딱 잡고 식당에 들어기면서 강아지를 놔줬는데 강아지를 놔줄때 입이 제 손 쪽에 있어서 물렸습니다 물고 안놔서 입을 강제로 벌리고 밖으로 내보냈습니다 손에 피가 조금 났고 이빨 자국도 많았습니다 병원으로 갔더니 크고 흰 개인 보더콜리 같았는데 피부가 안좋아서 털이 다 빠진 개였어서 검사를하러 갔는데 개 피부가 너무 안좋아서 입원을 해야된다하고 꿈에서 깼습니다 이 꿈 해몽은 무엇인가요??,2026-09-27,강아지 물 안 먹어요,미상,,page,water,2026-09-28T14:25:38
naver_kin,https://kin.naver.com/qna/detail.naver?dirId=31505&docId=495319755&answerNo=3,a3bbe8ce2d7e8a94,개한테 물리는 꿈,식당에서 닭강정을 먹다가 밖에 나갔는데 강아지 두마리가 싸우는 거에요 그래서 말리려고 다가갔는데 한 마리는 도망가고 한 마리는 저를 물려고 대치하던 상황이었습니다 중간에 장애물을 두고 이리저리 도망다니다가 이모가 강아지를 딱 잡고 식당에 들어기면서 강아지를 놔줬는데 강아지를 놔줄때 입이 제 손 쪽에 있어서 물렸습니다 물고 안놔서 입을 강제로 벌리고 밖으로 내보냈습니다 손에 피가 조금 났고 이빨 자국도 많았습니다 병원으로 갔더니 크고 흰 개인 보더콜리 같았는데 피부가 안좋아서 털이 다 빠진 개였어서 검사를하러 갔는데 개 피부가 너무 안좋아서 입원을 해야된다하고 꿈에서 깼습니다 이 꿈 해몽은 무엇인가요??,2026-09-27,강아지 물 안 먹어요,미상,,page,water,2026-09-28T14:25:38
naver_kin,https://kin.naver.com/qna/detail.naver?dirId=31505&docId=495319755&answerNo=2,80f682c1c4508962,개한테 물리는 꿈,식당에서 닭강정을 먹다가 밖에 나갔는데 강아지 두마리가 싸우는 거에요 그래서 말리려고 다가갔는데 한 마리는 도망가고 한 마리는 저를 물려고 대치하던 상황이었습니다 중간에 장애물을 두고 이리저리 도망다니다가 이모가 강아지를 딱 잡고 식당에 들어기면서 강아지를 놔줬는데 강아지를 놔줄때 입이 제 손 쪽에 있어서 물렸습니다 물고 안놔서 입을 강제로 벌리고 밖으로 내보냈습니다 손에 피가 조금 났고 이빨 자국도 많았습니다 병원으로 갔더니 크고 흰 개인 보더콜리 같았는데 피부가 안좋아서 털이 다 빠진 개였어서 검사를하러 갔는데 개 피부가 너무 안좋아서 입원을 해야된다하고 꿈에서 깼습니다 이 꿈 해몽은 무엇인가요??,2026-09-27,강아지 물 안 먹어요,미상,,page,water,2026-09-28T14:25:38
naver_kin,https://kin.naver.com/qna/detail.naver?dirId=31505&docId=495319755&answerNo=1,06a390cdf353114a,개한테 물리는 꿈,식당에서 닭강정을 먹다가 밖에 나갔는데 강아지 두마리가 싸우는 거에요 그래서 말리려고 다가갔는데 한 마리는 도망가고 한 마리는 저를 물려고 대치하던 상황이었습니다 중간에 장애물을 두고 이리저리 도망다니다가 이모가 강아지를 딱 잡고 식당에 들어기면서 강아지를 놔줬는데 강아지를 놔줄때 입이 제 손 쪽에 있어서 물렸습니다 물고 안놔서 입을 강제로 벌리고 밖으로 내보냈습니다 손에 피가 조금 났고 이빨 자국도 많았습니다 병원으로 갔더니 크고 흰 개인 보더콜리 같았는데 피부가 안좋아서 털이 다 빠진 개였어서 검사를하러 갔는데 개 피부가 너무 안좋아서 입원을 해야된다하고 꿈에서 깼습니다 이 꿈 해몽은 무엇인가요??,2026-09-27,강아지 물 안 먹어요,미상,,page,water,2026-09-28T14:25:38
naver_kin,https://kin.naver.com/qna/detail.naver?dirId=80511&docId=495144667&answerNo=1,5f530ff6959bbfb4,강아지 다이어트 해야되는데 사료를 얼마나 줘야 할까요?,"3살 비숑 남아 입니다. 미니비숑인데 중성화 수술 후 살이 너무 쪄서 8.13kg 이에요. 방광결석이 있어서 로얄캐닌 독 유리너리 모더레이트 칼로리 (스몰독x,대형견용) 먹이고 있는데 하루 사료양을 얼마나 줘야 할까요? 원래 다른사료 120g 주다가 4개월에 거처 점점 줄여서 현재는 위 사료로 하루에 80g 나눠서 주고 있습니다. 간식 다 끊고 산책도 하루에 30분은 하는데 살이 오히려 쪘어요. 유리너리 사료가 고칼로리라는데 게다가 대형견용이라 얼마나 줘야할지 모르겠어요",2026-09-13,강아지 영양 계산,건사료,,page,nutrition,2026-09-28T14:28:15
naver_kin,https://kin.naver.com/qna/detail.naver?dirId=8050103&docId=495139936&answerNo=1,7db692fe24cd44ea,강아지 화식,강아지가 노령견에 신부전앓고있어서 밥을그냥안먹는데 매끼니마다 화식조금섞여서 줘도되나요?,2026-09-12,강아지 영양 계산,화식,,page,nutrition,2026-09-28T14:28:15
naver_kin,https://kin.naver.com/qna/detail.naver?dirId=8050105&docId=495136922&answerNo=1,0fdd7f6d9a7970e1,강아지 키우면 돈 한달 평균 얼마 드나요?,"강아지 키우고 싶은데 비용이 한달에 얼마 들까요? 일단 목욕·미용은 다 제가 해줄 예정이고요(자격증 따고있음) 사료, 간식, 장난감, 위생용품들 다 합해서 한달 평균 얼마 드는지 궁금해요 그리고 가능하면 인천 송도에서 가까운 곳에 믿을만한 무료분양 해주는 곳이나 가정분양 사이트같은것 있을까요?",2026-09-12,강아지 영양 계산,미상,,page,nutrition,2026-09-28T14:28:15
naver_kin,https://kin.naver.com/qna/detail.naver?dirId=80511&docId=495118844&answerNo=3,b60ae19e7d0dd202,강아지 사료,토이푸들 암컷 2.4kg 강아지를 키우고 있습니다. 나이는 9살이고 중성화는 했어요. 근데 쿠싱증후군과 갑상선 기능저하증이 있구요.. 담낭도 많이 안좋다고 하더라구요. 그럴때 고지방 고단백 사료는 안좋다고 들었는데 혹시 처방식을 먹여야 할까요? 로얄캐닌이나 힐스가 유명한거 같던데 어떤 사료를 먹여야 할까요?,2026-09-11,강아지 영양 계산,건사료,,page,nutrition,2026-09-28T14:28:15
naver_kin,https://kin.naver.com/qna/detail.naver?dirId=8050103&docId=494865368&answerNo=2,45814c295bac3f9c,강아지 사료 화식 자연식,안녕하세요 이번주에 강아지를 데려오려고 하는데 아는 게 아무것도 없어서요ㅜㅜ 물론 공부할 거긴 하지만.. 제가 어디서 봤는데 사료는 인간의 이기심과 편리함을 위해서 만든 거라고 사료만 급여하지 말라고 하더군요 화식은 어떻게 급여하는 거죠?? 건강하게 키우도록 알려주세요,2026-08-24,강아지 영양 계산,화식,,page,nutrition,2026-09-28T14:28:15
naver_kin,https://kin.naver.com/qna/detail.naver?dirId=8050103&docId=494893216&answerNo=1,7ec557996cd5c5f6,빠삐용 애기 강아지,안녕하게요 강아지 집사가 곧 되는데요! 빠삐용이고 26/6월생 아직 100일이 안된 아기 입니다 ㅎㅎ 빠삐용을 알아보니까 피부염이나 슬개골 조심해야 한다더라구요 그래서 슬개골과 피부염에 예방이 되는 사료 추천 질문을 합니다! 추천 많이 많이 해주세요 채택 해드립니다 무조건!!,2026-08-25,강아지 영양 계산,미상,,page,nutrition,2026-09-28T14:28:15
naver_kin,https://kin.naver.com/qna/detail.naver?dirId=80511&docId=494834708&answerNo=2,2b8cfa4cba21dfc4,강아지 가 말랐어요,2살이고 말티푸이고 되게 몸이 길고 좀 크거든요? 근데 말랐어요 뼈가 보이진 않지만 뼈가 만져지고 뱃살도 없어요 두 마리 키우는데 한마리는 작고 똥똥하거든요? 밥도 자율식이라 먹고 싶을 때 먹을 수 있고 간식도 주고 하는데 왜 마른 거죠? 애기 때부터 좀 마르긴 했었어요,2026-08-21,강아지 영양 계산,미상,,page,nutrition,2026-09-28T14:28:15
naver_kin,https://kin.naver.com/qna/detail.naver?dirId=80511&docId=494750634&answerNo=3,5a5a48c16138a1aa,보호소에서 4살까지 살던 5키로 강아지 기대수명,"보호소에서 4살까지 살던 5키로 강아지 믹스견이고 치아 상태는 4살 치고는 안 좋은 편이래요. 견종별 유전별 차이는 있겠지만, 치아상태가 건강에 중요하다는 걸 감안하면 평균적으로 기대수명을 어느정도로 생각해볼 수 있나요? 다음주에 스케일링 하고 나면 매일 이 닦을 거에요.",2026-08-15,강아지 영양 계산,미상,,page,nutrition,2026-09-28T14:28:15
naver_kin,https://kin.naver.com/qna/detail.naver?dirId=80501&docId=494750399&answerNo=3,7ae97e650ee20a36,강아지 영양 제 추천이요,강아지 영양제 추천해주세요 강아지가 어릴때 엄청 아파서 죽을 고비를 넘기면셔 병원에 입원해있는동안 스테로이드를 맞았는데 부작용으로 덩치도 커졌고 식탐도 많아졌고..폐도 안좋아져서 조금만 걸어도 엄청 헥헥 거려요 추천 영양제 없나요??,2026-08-15,강아지 영양 계산,미상,,page,nutrition,2026-09-28T14:28:15
naver_kin,https://kin.naver.com/qna/detail.naver?dirId=80501&docId=494751546&answerNo=1,d63b5d42d0c497ed,강아지 밥솥 화식,당근 파프리카 닭가슴살 방울토마토 애호박 밥솥에 넣어서 찜 모드로 화식 만들어주려고 하는데 영양성분 비율 괜찮을까요? 그리고 어느정도씩 넣으면 될까요? 또 닭가슴살은 그냥 하림 무항생제 제일 유명한 거 샀는데 이거 세척하고 넣어야하나요 아니면 그냥 넣어야하나요,2026-08-15,강아지 영양 계산,화식,,page,nutrition,2026-09-28T14:28:15
naver_kin,https://kin.naver.com/qna/detail.naver?dirId=8050103&docId=494718159&answerNo=4,f7ee65ea16d87b3d,4개월 돼가는 리트리버가 밥을 잘안먹어요 ㅠ,리트리버가 원래 식탐이 많다고 들었는데 저희집 리트리버는 사료를 잘 안먹어요. 성장기에는 필요한 영양분이 많다고 해서 로얄캐닌 맥시퍼피가 기호성도 좋고 가격 측면에서 타사 사료보다 좋은거 같아 나름 열심히 찾아보고 구매 했는데 잘 안먹네요ㅠ 원래 집에서 키우던 4키로 정도 되는 10살 강아지가 있는데 그 강아지 사료를 자꾸 탐내길래 아직 알갱이가 너무 큰가 싶어 알갱이 작은 사료도 사줘보고 물에 불려도 줘봤는데 여전히 잘 안먹네요. 10살 강아지 사료는 노령견꺼라 체중조절을 위해 체중이 잘 늘어나지 않도록 설계된 걸로 알고 있는데 그 사료를 먹이자니 병원에서도 조금 말랐다고 하고 걱정이 많이 됩니다. 가격부담 없는 성분 좋은 사료나 토핑같이 기존 사료에 뿌려주면 기호성을 높이는 좋은 아이템이 있다면 추천 부탁드립니다. (지금은 로얄캐닌 맥시퍼피 사료와 집에서 닭가슴살과 야채를 갈아 쪄서 만든 화식을 섞어서 먹이고 있습니다. 이렇게 해도 원래 먹어야 할 양보다 적게 먹고 있지만요 ㅠ),2026-08-13,강아지 영양 계산,건사료,,page,nutrition,2026-09-28T14:28:15
naver_kin,https://kin.naver.com/qna/detail.naver?dirId=8050103&docId=494702364&answerNo=5,0c233f6849c62140,강아지 화식은 어떻게 급여하나요?,"닭고기랑 당근을 삶아서 집에서 화식느낌으로 만들어보았는데요, 자율배식하는 강아지에요. 하루 2끼면 1끼는 사료 1끼는 사료+화식 아니면 둘다 사료+화식 섞어서 2끼급여하고싶은데 그래도 되나요? 화식만 먹일 생각은 없고 사료랑 섞어주고싶어요 (칼로리나 영양소 계산보단 원래 사료만 먹으면서 6년정도 컸는데 이제 6살도 됐겠다 그냥 사료보단 닭가슴살이나 당근 섞어주는게 더 낫고 맛있을거같아서 주는거에요)",2026-08-12,강아지 영양 계산,화식,,page,nutrition,2026-09-28T14:28:15
naver_kin,https://kin.naver.com/qna/detail.naver?dirId=8050103&docId=493339372&answerNo=3,79a43ca0e0e7cb7d,강아지 사료 추천,이제 6개월령 되는 포메입니다 사료 추첨 부탁드려요 이때까지 미니스타터 로얄캐닌 건사료 먹였는데 크기가 작은 건사료면 좋겟구 기호성 좋았으면 합니다 애기 입이 짧아서요ㅠㅠ,2026-05-10,강아지 생식 영양,건사료,,page,nutrition,2026-09-28T14:29:02
naver_kin,https://kin.naver.com/qna/detail.naver?dirId=50502&docId=493158663&answerNo=6,534db4b8d4d6124b,직접만든 강아지 수제사료 살많이 찌나요,닭가슴살 양배추 단호박 당근 브로콜리 호두기름 호두기름 아주조금 이렇게 들어가요 산책 도 매일 합니다 의사 선생님이 살찐다고 사료 먹이라고 하시는데 사료는 방부제가 들어가서 않좋을꺼 같아여,2026-04-28,강아지 생식 영양,미상,,page,nutrition,2026-09-28T14:29:02
naver_kin,https://kin.naver.com/qna/detail.naver?dirId=8050103&docId=492789474&answerNo=3,21dc267c5db942a3,강아지 사료 추천해주세요,2개월된 말티푸 데려오는데 어떤게 좋은지 모르겠어서 지식인에 남겨요 추천좀 해주세요,2026-04-03,강아지 생식 영양,미상,,page,nutrition,2026-09-28T14:29:02
naver_kin,https://kin.naver.com/qna/detail.naver?dirId=8050103&docId=492270017&answerNo=2,3c528a3cd94922a8,강아지 사료 성분 어떤가요,국산 사료 거르라는 말 많던데 이 사료 성분 어떤가요? 광고 말고 꼼꼼하게 봐주세요ㅜㅜ,2026-03-02,강아지 생식 영양,미상,,page,nutrition,2026-09-28T14:29:02
naver_kin,https://kin.naver.com/qna/detail.naver?dirId=8050105&docId=491274070&answerNo=5,2c24c98b9af324d2,아토피와 털 알레르기,안녕하세요. 저는 애기때부터 먹는 것 때문에 아토피가 발생하게 되었습니다. 그래서 성인이 된 지금도 음식 관리 못하고 막 먹다보면 아토피가 올라오는 경우가 있습니다. 혹시 음식 때문에 생긴 아토피가 강아지/고양이 털 때문에 올라오는 경우가 있을까요? 제가 강아지/고양이가 있는 카페를 갈 예정인데 갑자기 피부가 뒤집어질까봐 무섭습니다... 강아지/고양이 털 때문에 아토피가 다시 올라오거나 피부가 뒤집어 질 수 있을까요?? 답변 해주시면 정말 감사하겠습니다...,2026-01-10,강아지 생식 영양,미상,,page,nutrition,2026-09-28T14:29:02
naver_kin,https://kin.naver.com/qna/detail.naver?dirId=80511&docId=491161337&answerNo=1,a5e24fc9476e6bf0,안녕하세요 강아지 백내장 질문드립니다,저희집 강아지는 2014년생이고 푸들입니다 요즘들어 눈이 뿌연게 백내장처럼 보이는데 백내장 초기일까요 핵경화증일까요? 사진은 천등 바로 아래에서 촬영했습니다. 의사선생님께서 사진으로 봤을 때 어떤지 여쭙고 싶습니다… 저는 걱정이 되는데 식구들은 괜찮다고 그래서요 ㅠㅠ 아직 집 안에서 부딪히거나 하는 건 못봤는데 예전부터 눈을 비비는 습관은 있었습니다. 입을 닦는건지 눈을 비비는건지… 쇼파에 비비거나 손으로 비비더라구요. 만약 백내장 초기라면 영양제나 안약을 투여하는 게 좋을까요? 아니더라도 이제 나이가 있으니 관리를 해주는 편이 좋을까요? 밥은 오리고기 생식과 직접 만든 야채큐브 급여중이고 따로 영양제는 먹이지 않고 있습니다. 제가 병원에 데려가기 힘든 상황이라… 지식인 이용해 문의드립니다. 감사합니다.,2026-01-04,강아지 생식 영양,생식,,page,nutrition,2026-09-28T14:29:02
naver_kin,https://kin.naver.com/qna/detail.naver?dirId=8050101&docId=490833349&answerNo=2,226c6a61ced5e6e1,강아지 10살인데 임신 가능한가요?,안녕하세요~ 저는 10살 요크셔테리어 여아를 키우는 맘입니다. 어제부터 꽃도장을 찍던데 벌써 10살이 되었더라구요 ㅠ 갑자기 저아이가 없으면 어쩌나 싶은 맘에 급우울해졌어요.. 교배를 시켜도 되는지 임신이 되는지 궁금합니다. 물론 출산은 제왕절개로 진행할거에요. 다만 착상이 될런지... 건강상태는 양호하고 얼굴도 굉장히 동안입니다~~^^,2025-12-17,강아지 생식 영양,미상,,page,nutrition,2026-09-28T14:29:02
naver_kin,https://kin.naver.com/qna/detail.naver?dirId=8050103&docId=490727059&answerNo=2,94ff162c409ed6fc,강아지 사료에 대해 어떻게 생각하시나요?,어떤분 쇼츠를 보다가 사료이야기가 나왔는데 사료를 안좋게보고 생식을 좋게 보시더라고요 저는 12살 푸들 사료랑 고기 주고 있는데 그 유튜버가 생식을 권하는?것처럼 말해서 고민이네요 그리고 사료에 육분이 들어갔다고 하시던데 대부분 저가 사료 제외하고는 안들어가지 않나요?,2025-12-12,강아지 생식 영양,생식,,page,nutrition,2026-09-28T14:29:02
naver_kin,https://kin.naver.com/qna/detail.naver?dirId=8050103&docId=490475374&answerNo=1,cb082f1db8b77ff1,강아지 생식,강아지 생식을 시작해볼려고 하는데요 펠 어플의 도움을 받아 두 레시피를 짜봤는데 바꿔야 하는점이나 추가해야하는점 있을까요? 처음 만들고 처음 시도해본지라 혹시 몰라 여쭤봅니다. 하루 필요 칼로리 336이에요,2025-11-29,강아지 생식 영양,생식,,page,nutrition,2026-09-28T14:29:02
naver_kin,https://kin.naver.com/qna/detail.naver?dirId=8050103&docId=490368571&answerNo=4,bb10904d306a11da,강아지 생식 화식 질문입니다,8개월 애기강쥐를 키우고 있는 견주입니다 믹스견 3키로고 알아보다 보니 사료보단 생식 화식이 좋다하여 알레르기 검사 후 주고 싶어서 알아보는 중에 정말 하나도 모르겠어서 물어봐요 ㅠ 영양밸런스를 잘 맞춰줘야 한다는데 수의사와 상담해 보는 게 좋을까요 ㅠㅠ 하루에 몇 그램을 급여해야 하는지 조차 모르겠습니다 ㅠㅠ,2025-11-24,강아지 생식 영양,혼합,,page,nutrition,2026-09-28T14:29:02
naver_kin,https://kin.naver.com/qna/detail.naver?dirId=8050103&docId=490368571&answerNo=3,7d1c5ca6b2614346,강아지 생식 화식 질문입니다,8개월 애기강쥐를 키우고 있는 견주입니다 믹스견 3키로고 알아보다 보니 사료보단 생식 화식이 좋다하여 알레르기 검사 후 주고 싶어서 알아보는 중에 정말 하나도 모르겠어서 물어봐요 ㅠ 영양밸런스를 잘 맞춰줘야 한다는데 수의사와 상담해 보는 게 좋을까요 ㅠㅠ 하루에 몇 그램을 급여해야 하는지 조차 모르겠습니다 ㅠㅠ,2025-11-24,강아지 생식 영양,혼합,,page,nutrition,2026-09-28T14:29:02
naver_kin,https://kin.naver.com/qna/detail.naver?dirId=8050103&docId=490368571&answerNo=2,a9f083c7f16fc30e,강아지 생식 화식 질문입니다,8개월 애기강쥐를 키우고 있는 견주입니다 믹스견 3키로고 알아보다 보니 사료보단 생식 화식이 좋다하여 알레르기 검사 후 주고 싶어서 알아보는 중에 정말 하나도 모르겠어서 물어봐요 ㅠ 영양밸런스를 잘 맞춰줘야 한다는데 수의사와 상담해 보는 게 좋을까요 ㅠㅠ 하루에 몇 그램을 급여해야 하는지 조차 모르겠습니다 ㅠㅠ,2025-11-24,강아지 생식 영양,혼합,,page,nutrition,2026-09-28T14:29:02
naver_kin,https://kin.naver.com/qna/detail.naver?dirId=80501&docId=494751546&answerNo=4,56970ed644d5d2ec,강아지 밥솥 화식,당근 파프리카 닭가슴살 방울토마토 애호박 밥솥에 넣어서 찜 모드로 화식 만들어주려고 하는데 영양성분 비율 괜찮을까요? 그리고 어느정도씩 넣으면 될까요? 또 닭가슴살은 그냥 하림 무항생제 제일 유명한 거 샀는데 이거 세척하고 넣어야하나요 아니면 그냥 넣어야하나요,2026-08-15,화식 레시피 영양,화식,,page,nutrition,2026-09-28T14:32:43
naver_kin,https://kin.naver.com/qna/detail.naver?dirId=8050105&docId=493051330&answerNo=3,d1eab65739ca71c6,15살 소형유기견 키우는대 도움 될만한 점 알려주세요!,"한달 전 부터 유기견강아지를 키우게 되었는데 얼마전에 15살이라는걸 알게됬어요! 그전에는 일반 강아지 사료를 주었었는데 강아지한테 화식이 좋다는걸 알고 레시피랑 좋은 음식을 알게 되었는데 어떻게 활용하면 좋은지 어떤걸 추천 하는지 알려주세요!! 저희 강아지는 이빨이 빠지고 부러진게 많은편이라 최대한 이에 부담안가고 슬개골이랑 강아지 백내장, 기관지에 도움이 되는 영양제나 식품 추천 받고 싶습니다!",2026-04-20,화식 레시피 영양,화식,,page,nutrition,2026-09-28T14:32:43
naver_kin,https://kin.naver.com/qna/detail.naver?dirId=80501&docId=490200489&answerNo=4,2585b85e5aa46a42,펫푸드 관련 자격증 취득하고 싶어요,"안녕하세요 강아지를 키우게 되면서 애견 수제 간식이나 화식 만드는 것에 관심이 생겨서 자격증 취득 과정 알아보고 있는데 제가 사는 지역에는 펫푸드 쪽 자격증 취득이 가능한 곳이 없는건지 아니면 제가 못 찾는건지 안 보이더라구요.. 1. 현재 저는 경주에 거주하고 있습니다. 혹시 경주에 펫푸드나 수제간식, 베이커리 등 관련 자격증 공부 할 수 있는 학원이나 기관에 대해 알고 계시다면 알려주세요 2. 없다면 제가 공부하고 자격증 취득할 수 있는 방법 알려주시면 감사합니다. 3. 혹시 자격증을 취득을 하셨거나 현업에 종사하시는 분께서 이걸 보신다면 제가 자격증반에서 말고 혼자서도 공부 할 수 있거나 해둬야하는 것이 있다면 알려주세요.. 예를 들어 영양학에 대해 알아두면 좋다 하시면 그거에 관련해서 보면 좋은 책이나 영상 등..! 이런 정보 부탁드립니다! 가끔 이런 질문 올리면 홍보차원에서 답변 주시는 분들 계시는데 경주에서 할 수 있는게 아니라면 굳이 저한테 홍보하실 필요가 있나 싶습니다. 하지말아주세요.",2025-11-15,화식 레시피 영양,화식,,page,nutrition,2026-09-28T14:32:43
naver_kin,https://kin.naver.com/qna/detail.naver?dirId=8050103&docId=490593502&answerNo=2,a2c8c7bcc148307d,강아지 화식 봐주세용,영양가 잘 맞는지 봐주세요!! 사료 없이 단독 화식 줄거고 2.6키로 강아지에요 입이 짧아서 하루 100g주려구요 추가로 간식도 먹기도 하고 ㅎㅎ 한달(30일) 재료에요 닭가슴살: 1100g 소고기: 550g <총 1650g> 미니양배추: 120 g 당근: 200 g 고구마: 200 g 단호박: 150 g 화이트콜리: 78 g <총 748g> +한끼(50g)에 파우더 추가 소간파우더: 0.4g 계란껍질파우더: 0.3g 해조파우더: 0.2g 오메가3(조공): 하루에 1알,2025-12-05,화식 레시피 영양,화식,,page,nutrition,2026-09-28T14:32:43
naver_kin,https://kin.naver.com/qna/detail.naver?dirId=8050103&docId=495103892&answerNo=5,d3fa00b883e8aeae,강아지 시판화식은 칼슘 안 먹여도 되나요?,시판화식 먹일 땐 칼슘 안 먹여도 된다고 하시는 분들을 봤는데 정말인가요? 집에서 만들어 먹이기도 하고 사서 먹이기도 하는데 직접 만들어 먹이려고 할 때만 급여하면 될까요? 아니면 시판화식 고를 때 칼슘이 충분히 있는지 확인할 수 있는 방법 있으면 알려주십쇼!!,2026-09-10,강아지 칼슘 인 비율,화식,,page,nutrition,2026-09-28T14:33:23
naver_kin,https://kin.naver.com/qna/detail.naver?dirId=8050103&docId=495103892&answerNo=3,eddb2c535d023d48,강아지 시판화식은 칼슘 안 먹여도 되나요?,시판화식 먹일 땐 칼슘 안 먹여도 된다고 하시는 분들을 봤는데 정말인가요? 집에서 만들어 먹이기도 하고 사서 먹이기도 하는데 직접 만들어 먹이려고 할 때만 급여하면 될까요? 아니면 시판화식 고를 때 칼슘이 충분히 있는지 확인할 수 있는 방법 있으면 알려주십쇼!!,2026-09-10,강아지 칼슘 인 비율,화식,,page,nutrition,2026-09-28T14:33:23
naver_kin,https://kin.naver.com/qna/detail.naver?dirId=8050103&docId=495103892&answerNo=2,6c4fc421956504d9,강아지 시판화식은 칼슘 안 먹여도 되나요?,시판화식 먹일 땐 칼슘 안 먹여도 된다고 하시는 분들을 봤는데 정말인가요? 집에서 만들어 먹이기도 하고 사서 먹이기도 하는데 직접 만들어 먹이려고 할 때만 급여하면 될까요? 아니면 시판화식 고를 때 칼슘이 충분히 있는지 확인할 수 있는 방법 있으면 알려주십쇼!!,2026-09-10,강아지 칼슘 인 비율,화식,,page,nutrition,2026-09-28T14:33:23
naver_kin,https://kin.naver.com/qna/detail.naver?dirId=8050103&docId=495016465&answerNo=5,1c01284a4480854c,아기 강아지 사료,1개월 조금 넘는 아기 강아지 데려올 건데 집에 원래 키우던 강아지 사료가 라비앙독 제품이 있긴 한데 1개월 아기가 먹어도 될까요? 전연령 섭취 가능하긴 한데... 그 사료 안 되면 영양가 좋고 가성비 있는 제품 추천해 주세요!!,2026-09-03,강아지 칼슘 인 비율,미상,,page,nutrition,2026-09-28T14:33:23
naver_kin,https://kin.naver.com/qna/detail.naver?dirId=8050103&docId=494722224&answerNo=2,eaddaa7f9fcb3ece,강아지 사료,"이 사료 어떤가요 브리젠 강아지 홀리스틱 등급 어덜트독 인섹트치킨 사료, 식욕회복(저알러지)",2026-08-13,강아지 칼슘 인 비율,미상,,page,nutrition,2026-09-28T14:33:23
naver_kin,https://kin.naver.com/qna/detail.naver?dirId=80511&docId=491633823&answerNo=4,c348d6b26b78846c,강아지 췌장염 증상일까요?,지금 2년 6개월 된 요키 + 말티즈 로 몰티즈 견종이구요 갑자기 산책하다가 기지개 펴는 자세를 걷다가 두번 반복하더니 갑자기 집에가자고 집문앞으로 가더라구요 그러고는 3일정도 지나고 새벽에 4시 5시 쯤 점액질 있는 응가를 보고 부터 기지개 펴는 자세를 계속 해서 안자고 계속 지켜봤는데 기지개펴다가 방구를 뽁 끼기도 했습니다 그날 점심까지 금식하다가 닭안심살 삶아서 소량주고 또 시간 지나서 원래 먹던 사료 3분1 정도 주고 하니 기지개 펴는 자세가 좀 줄어들었어요 배가 아픈가 하고 마사지도 해줬는데 마사지해주면 편한듯 잠을 자더라구요 그러고 그날 저녁부턴 기지개펴는게 거의 없어졌고 밥도 물도 장난도 잘치고 활기도 있는데 잠을 평소보다 좀 깊게 잔다는 느낌이 들어요 일단 지금 현재는 소량으로 사료만 주고 있는데 원래 먹던거에서 적게 줘서 인지 응가를 안싸고 있어요 거의 하루반지났는데도 응가를 안싸네요;; 췌장염인가 싶다가도 아닌가 싶어서... 일단 이렇게 도움을 얻고자 남겨봅니다ㅠㅠ 정리하자면 점액질 응가를 보고 나서 기지개 펴는 자세를 하루정도 했고 기지개 펴는 자세 할때 배 마사지를 해주면 편안해보이는것처럼 잠이 들었습니다 원래 먹던 것 보다 소량으로 줘서 인지 하루반정도 동안 응가를 안싸는중입니다 현재는 장난도 치고 밥도 잘먹고 물도 잘마시고 있습니다,2026-01-28,강아지 칼슘 인 비율,미상,,page,nutrition,2026-09-28T14:33:23
naver_kin,https://kin.naver.com/qna/detail.naver?dirId=8050103&docId=490215065&answerNo=2,1b8305fea430ae82,강아지 췌장염,16살 포메 췌장염 수치낮춘다고 입원 후 집에서 관리좀 해주려는데 화식 만들여 먹여도될까여 되면 어떤 재료로 해주는게 좋울까요,2025-11-16,강아지 칼슘 인 비율,화식,,page,nutrition,2026-09-28T14:33:23
naver_kin,https://kin.naver.com/qna/detail.naver?dirId=71104&docId=493949943&answerNo=2,e93107a788e1698c,퍼피 사료,"안녕하세요 말티푸 2마리 키우고 있는데요. 둘이 한 달 차이 나지만 두 마리 다 만 6개월 차입니다. 사료는 현재 로얄캐닌 미니인도어 퍼피를 먹이고 있는데요. 사료를 조금 바꾸고 싶은데 워낙 강아지마다 다르니.. 추천 받고 싶어서요~~ 현재 나우, 오리젠, 화이트 도그 알아보고 있는데 이 외에도 추천할 만한 제품이 있을까요?? 눈물 사료나 영양제 추천 해주세요! 그리고 둘 다 뛰어다니고 활동량이 좋아서 슬개골도 예방되었음 해서 영양제나 유산균 추천도 받고 싶습니다!",2026-06-22,강아지 칼슘 인 비율,건사료,,page,nutrition,2026-09-28T14:33:23
naver_kin,https://kin.naver.com/qna/detail.naver?dirId=8050103&docId=493936552&answerNo=2,5bd692a6e1ae8e0c,4개월 강아지 말티푸,이거 먹어도 될까요?? 지금 딱 사료만 먹을수 있는데 먹여도되겟죵?? 두번째 사진꺼는 말티즈꺼도 잇어요!! 만약 줄수잇다면 어케 줘야하나용??,2026-06-21,강아지 칼슘 인 비율,미상,,page,nutrition,2026-09-28T14:33:23
naver_kin,https://kin.naver.com/qna/detail.naver?dirId=8050103&docId=493962992&answerNo=1,096237dafcdc635e,강아지 대해 잘 아시는분 사료질문드려요,80일된 토이푸들인데요 로얄캐닌미니스타터가 안맞아서요 간식도안먹여 다른 강아지랑 접촉도없고 집에 디퓨저도 없구요 사료알러지밖에 없어서요 눈물때문에요 아주가끔이지만 몸도긁는데 이것도 사료알러지 때문이라도도 하시더라고요 연어사료 히어로독이라고 보면 4개월부터 급여라고 되어잇는데 절대 먹이면 안되나요? 상관없다는분들이 많아서 물에 불려서 조금줬는데 엄청 잘먹긴하거든요..,2026-06-20,강아지 칼슘 인 비율,건사료,,page,nutrition,2026-09-28T14:33:23
naver_kin,https://kin.naver.com/qna/detail.naver?dirId=70117&docId=493903048&answerNo=3,8747345f444bdd19,강아지 일일 영양성분 2336,"크기별 상세 주의사항 1. 소형견 (Miniature / Small) 산책: 다리가 짧고 활동량이 아주 많지는 않아서 오랜 시간 걷는 것보다는 하루에 짧게 두 번 나누어 나가는 것이 스트레스 해소와 배변에 좋습니다. 슬개골 탈구(무릎 관절이 빠지는 증상)가 흔하므로 경사가 가파른 곳이나 계단은 피하는 게 안전합니다. 영양: 몸집은 작아도 체중당 에너지 소모율은 대형견보다 훨씬 높습니다. 알갱이가 작고 기호성이 좋으면서도 열량 밀도가 높은 사료가 적합합니다. 2. 중형견 (Medium) 산책: 활동량이 본격적으로 늘어나는 구간입니다. 단순한 산책 외에도 냄새를 맡는 노즈워크나 가벼운 뛰기 등으로 에너지를 소모해 주어야 집안 물건을 뜯는 등의 문제 행동을 예방할 수 있습니다. 영양: 식탐이 많은 견종(예: 웰시코기, 비글 등)이 포진해 있어 비만이 되기 쉽습니다. L-카르니틴(체지방 연소를 돕는 성분)이나 식이섬유가 풍부해 포만감을 주는 사료를 고르는 것이 좋습니다. 3. 대형견 (Large / Giant) 산책: 체력이 워낙 좋기 때문에 최소 1시간 이상의 밀도 높은 산책이 필요합니다. 다만, 생후 1년 미만의 성장기 대형견은 뼈가 아직 굳지 않았으므로 너무 무리한 점프나 달리기는 관절에 무리를 줍니다. 영양: 어릴 때 너무 빨리 자라면 뼈와 관절이 몸무게를 버티지 못해 대형견 특유의 관절 질환(고관절 이형성증 등)이 생깁니다. 따라서 대형견 전용 사료는 성장 속도를 조절하기 위해 칼슘과 인의 비율을 엄격하게 제한하여 만듭니다. 관절 영양 성분인 글루코사민과 콘드로이친은 필수입니다. 공통 팁: 사료를 고르실 때는 포장지 뒷면에 **'소형견용(Small Breed)', '대형견용(Large Breed)'**이 명시된 것을 고르는 것이 가장 안전하고 편리합니다. 알갱이(키블) 크기도 강아지 구강 구조에 맞춰져 있어 씹어 먹기 좋습니다.",2026-06-17,강아지 칼슘 인 비율,건사료,,page,nutrition,2026-09-28T14:33:23
naver_kin,https://kin.naver.com/qna/detail.naver?dirId=70117&docId=493903048&answerNo=2,fdf1fd5d0022b903,강아지 일일 영양성분 2336,"크기별 상세 주의사항 1. 소형견 (Miniature / Small) 산책: 다리가 짧고 활동량이 아주 많지는 않아서 오랜 시간 걷는 것보다는 하루에 짧게 두 번 나누어 나가는 것이 스트레스 해소와 배변에 좋습니다. 슬개골 탈구(무릎 관절이 빠지는 증상)가 흔하므로 경사가 가파른 곳이나 계단은 피하는 게 안전합니다. 영양: 몸집은 작아도 체중당 에너지 소모율은 대형견보다 훨씬 높습니다. 알갱이가 작고 기호성이 좋으면서도 열량 밀도가 높은 사료가 적합합니다. 2. 중형견 (Medium) 산책: 활동량이 본격적으로 늘어나는 구간입니다. 단순한 산책 외에도 냄새를 맡는 노즈워크나 가벼운 뛰기 등으로 에너지를 소모해 주어야 집안 물건을 뜯는 등의 문제 행동을 예방할 수 있습니다. 영양: 식탐이 많은 견종(예: 웰시코기, 비글 등)이 포진해 있어 비만이 되기 쉽습니다. L-카르니틴(체지방 연소를 돕는 성분)이나 식이섬유가 풍부해 포만감을 주는 사료를 고르는 것이 좋습니다. 3. 대형견 (Large / Giant) 산책: 체력이 워낙 좋기 때문에 최소 1시간 이상의 밀도 높은 산책이 필요합니다. 다만, 생후 1년 미만의 성장기 대형견은 뼈가 아직 굳지 않았으므로 너무 무리한 점프나 달리기는 관절에 무리를 줍니다. 영양: 어릴 때 너무 빨리 자라면 뼈와 관절이 몸무게를 버티지 못해 대형견 특유의 관절 질환(고관절 이형성증 등)이 생깁니다. 따라서 대형견 전용 사료는 성장 속도를 조절하기 위해 칼슘과 인의 비율을 엄격하게 제한하여 만듭니다. 관절 영양 성분인 글루코사민과 콘드로이친은 필수입니다. 공통 팁: 사료를 고르실 때는 포장지 뒷면에 **'소형견용(Small Breed)', '대형견용(Large Breed)'**이 명시된 것을 고르는 것이 가장 안전하고 편리합니다. 알갱이(키블) 크기도 강아지 구강 구조에 맞춰져 있어 씹어 먹기 좋습니다.",2026-06-17,강아지 칼슘 인 비율,건사료,,page,nutrition,2026-09-28T14:33:23
naver_kin,https://kin.naver.com/qna/detail.naver?dirId=8010501&docId=495143297&answerNo=7,795a45c681e325b6,부모님이 맞는건지 제가 맞는건지 모르겠습니다,안녕하세요 올해 20살 된 대학생입니다 얼마전부터 반수를 시작했는데요 아침 8시~밤 10시까지 의무자습인 재수학원을 다니고 있습니다 다만 고민인 것은 엄마랑 마찰이 너무 잦다는 것입니다 저는 16살?에 아이폰을 사면서 엄마가 스크린타임을 걸어놓는다는 이유로 계정 나이를 10살정도로 설정해놔서 반수를 시작할 당시에도 스크린타임으로 폰을 얼마나 언제쓰는지 다 알 수 있었는데요 처음 반수룰 시작할 때는 학원 끛나고 집에 오면 1시정도까지 핸드폰보면서 시간을 보냈습니다… 그걸 본 엄마가 기숙학원에 집어넣니 폰을 정지시키니 어쩌니 하셨는데 제가 반대해서 스크린타임 걸고 관리하는 걸로 끝났습니다.. 근데 그 정도가 너무 과하다고 느껴지는데 뭐가 맞는 건지 모르겠습니다 앞서 말씀드렸다시피 학원은 8시~10시끼지 다니구요 핸드폰은 제출해놔야합니다 패드도 볼수이ㅛ긴하지만 와이파이로 인스타 카톡 같은 것은 막아둬서 학원 있는 동안은 다른짓 못합니다.. 부모님께서는 밤 10시반~ 8시까지 다운타임 걸어놓으셨고 정확한 시간은 모르겠지만 낮에도 패드든 폰이든 공부하는 앱 제외 10분정도 보면 잠기게 해놓으셨습니다 사파리도 제가 게임이나 다른짓 한다는 이유로 15분 보면 잠기게 하셨고요 그런데 제가 매일은 아니라도 이틀에 한번정도는 사파리로 인강을 기본적으로 1시간 이상 듣는데 15분 보면 사파리가 잠겨버립니다.. 그 시간이 지나면 15분마다 부모님한테 허용해달라는 걸 보내야하구요. 그럼 그럴때마다 너무 스트레스 받고 잡생각 들어서 오히려 공부가 더 안됩니다 부모님 생각이 이해가 안되는건 아니지만 반수생이면 친구관계 다 끊고 공부만 해야하나 싶기도 하고 저를 그냥 대학발사대 정도로 보시는 거 같아서 힘듭니다. 얼마전에 앞에 말씀드렸던 문제로 말싸움을 좀 하다가 제가 “고려대 갈 성적인데 뭐가 걱정이냐“라고 하니까 아까까지 진지하게 화내던 엄마가 활짝 엇으면서 그래~?? 하더라고요.. 그때 너무 엄마한테 정이 털린거같고 저를 아들쯤으로도 안보는거같다는 생각만 들고 그러네요 글 쓰다보니 하소연하는 느낌이 돼서 더 써보자면 저희 부모님께서는 사이가 안좋습니다 매일 싸우는 수준이 아니고 그냥 말씀을 안하십니다 애정표현은 기대도 안하고 기본적인 대화를 안하세요. 둘이 교육관이나 육아관도 엄청 다르셔서 아빠는 자유롭게 풀어놓는 스타일이고 엄마는.. 앞서 말씀드린것과 똑같습니다. 그래서 누구 장단에 맞춰할지모르겠고 저 수능 끝나면 이혼할거라고 거의 확정된 상태인거같습니다 .. 저는 모르겠고 어린나이에 힘든 일 겪어야하는 제 초5된 동생이 너무 불쌍합니다 저도 대학가서 빨리 독립해서 이꼴 좀 그만보고 싶기도 하고요 그럼 저는 뭘 보고 공부를 해야할까요? 수능 끝나면 부모님 이혼하시고 다 뿔뿔히 흩어질텐데… 애초에 가족에 정뗀지 오래되긴했는데 초등학생부터 13년정도 길렀고 유일하게 이집에서 의지하던 강아지가 있는데 이 아이도 얼마전에 무지개 다리를 건넜습니다. 이제 집에 의지할 사람도 없는거같고 그러네요 얘기가 좀 다른 길로 샌것같은데 20살 먹고 부모님한테 스크린타임 풀어달라 찡찡거리는 것도 부끄럽고 지금 이상태로 계속 지내는것도 좀 그런것 같습니다 제가 너무 과민반응 하는걸까요? 어제까지는 대학다닐때 쓰던 노트북으로 디엠이나 카톡 유튜브 같은걸 봤었는데 어제는 노트북도 압수해가지더라고요 압수해갈때 표정이 무슨 정신병 걸려서 집착하는 환자같고 너무 무서웠습니다 어떻게 해야할까요?,2026-09-13,강아지 영양제,미상,,page,nutrition,2026-09-28T14:33:59
naver_kin,https://kin.naver.com/qna/detail.naver?dirId=8050105&docId=495313869&answerNo=1,c8aa58b5922d6e10,강아지 피부염 도와주세요,거의 5년 살았고 증상은 부위를 자주 햛고 이빨로 살짝 몸을 뭅니다 저희 강아지가 밖에서 키우는 강아지라 진드기가 많았는데 어느순간 앞다리가 저렇게 됐어요... 다른 부위도 빨갛고 귀도 빨개요 약간 냄새도 이상한 냄새가 나요 원래 냄새하나도 안났는데..요새 몸도 약간 둔해진 것 같아요 이건 정확히 무슨 피부염일까요? 제가 수험생이라 당장 병원에 갈 수도 없습니다... 영양제나 연고를 사서 바를려고 하는데 도와주세요,2026-09-26,강아지 영양제,미상,,page,nutrition,2026-09-28T14:33:59
naver_kin,https://kin.naver.com/qna/detail.naver?dirId=8050104&docId=495304356&answerNo=1,4ebb7891ebac23e6,강아지 치매,"9살 강아지를 키우고 있습니다. 고등학생때부터 키우던 강아지인데 요즘 불꺼진 방에 문이 열려있는데 그 문을 막 들어갔다 다시 나오고 반복적으로 왔다갔다거리고 보리야~하고 부르면 잘 알아듣는건지, 그냥 소리가 나서 보는건지 이름도 조금 까먹은 것 같고 아침에 꽤 자고 저녁에 활동해요 치매인걸까요? 치매면 어떡해야할까요… 치매면 오래 못살까요?",2026-09-25,강아지 영양제,미상,,page,nutrition,2026-09-28T14:33:59
naver_kin,https://kin.naver.com/qna/detail.naver?dirId=80511&docId=495288390&answerNo=1,df61eaccb330812e,"17살 노견, 갈비뼈 쪽에 암이 있다고 합니다. 어떻게 해야 덜 ....","안녕하세요. 17살 강아지를 키우고 있는 보호자입니다. 너무 걱정되는 마음에 수의사 선생님들의 조언을 구하고 싶어 글을 올립니다. 긴 글이지만 제발ㅜㅜㅜ 도와주세요 간절합니다.. 저희 강아지는 나이가 많아 예전부터 다리 힘이 약하고 걷는 것도 느렸으며, 배도 많이 나온 편이었습니다. 그런데 최근 갑자기 화장실에 가지 못하고 그 자리에서 대소변을 보는 일이 많아졌고, 혼자 일어나거나 움직이는 것도 많이 힘들어합니다. 그래서 기저귀를 채우고 있습니다. 그러던 중 갈비뼈 쪽에 멍처럼 검게 보이는 부분이 생겼고, 엉덩이 쪽에서 피가 나온 것 같아 병원에 데려갔습니다. 병원에서는 갈비뼈 쪽에 암이 있다고 하셨는데, 정확히 어떤 암인지는 검사를 하지 않았습니다. 17살이고 현재 상태를 봤을 때 검사를 하더라도 치료해도 오래 살기 어렵기 때문에 굳이 검사하지 않아도 된다고 하셨다고 합니다. 제가 직접 병원에 함께 가지 못해서 자세한 설명은 듣지 못한 상태입니다. 전에도 병원을 많이 갔었는데 그때마다 건강하다고 더 오래살거라 하셨었는데..갑자기 이러니까 마음이 떨립니다….. 궁금한 점은, 1. 정확한 검사를 하지 않았는데도 암이라고 판단할 수 있는 건가요? 다른 질환일 가능성은 없을까요? 아직 짖기도 잘 짖고 먹기도 엄청 잘먹는데ㅜㅜ 잘 믿기지 않습니다.. 2. 17살 노견이라면 암 치료보다는 통증을 최대한 줄여주고 편하게 지내게 해주는 것이 나을까요? 3. 지금처럼 잘 일어나지 못하는 것이 암으로 인한 통증 때문일 수도 있을까요? 통증을 줄여줄 수 있는 방법이 궁금합니다. 4. 암 검사 하지말고 그냥 갈때까지 행복하게 지내게 해주는게 좋을까요..? 아이에게 남은 시간이 얼마나 되든 최대한 아프지 않고 편안하게 해주고 싶습니다. 치료를 하는 것이 오히려 아이를 더 힘들게 하는 건 아닐지도 너무 걱정됩니다…..솔직히 마음 같아선 건강하게 제 걑에 더 오래살았으면 좋겠지만….. 수의사 선생님들께서 보시기에 어떤 선택을 먼저 고려해보는 것이 좋을지 조언 부탁드립니다. 제발요..정말 간절합니다.",2026-09-24,강아지 영양제,미상,,page,nutrition,2026-09-28T14:33:59
naver_kin,https://kin.naver.com/qna/detail.naver?dirId=8050103&docId=495256331&answerNo=2,193c938e1dbd6145,강아지 켁켁거림,우리 강아지 포메 6살인데요.. 포메가 기관지가 약해서 켁켁거린다는건 알고있었는데 요즘 너무 심하게 기침 하는 거 같아서 걱정돼요ㅠㅠ 약간 목에 뭐가 걸린 것 처럼 켁켁거리고 힘들게 기침하고 어제는 산책하다가 토하고 비틀거렸어요ㅠ 어디 아픈건가요..??,2026-09-21,강아지 영양제,미상,,page,nutrition,2026-09-28T14:33:59
naver_kin,https://kin.naver.com/qna/detail.naver?dirId=8050105&docId=495220599&answerNo=0,68246058779c89d2,런어게인 강아지영양제 전성분 궁금합니다,강아지가 알러지가 심해서 전성분을 보고 먹여야하는데 어디에도 전성분이 없어서 혹시먹이고 계신분 있으신가요? 약안에 종이 같은거에 써있는건지 겉표지에는 간단히 적혀있어서 구매 못하고있어요 도와주세요,2026-09-18,강아지 영양제,미상,,page,nutrition,2026-09-28T14:33:59
naver_kin,https://kin.naver.com/qna/detail.naver?dirId=8050105&docId=495177179&answerNo=4,2047d594542580e5,푸들 눈물자국 해결법 뭐가 제일 괜찮았나요?,"4살 푸들 키우고 있는데 눈 밑이 계속 젖어서 요즘 푸들 눈물자국 해결법 찾아보고 있어요ㅠㅠ 닦아주면 그때는 괜찮은데 며칠 지나면 다시 붉게 올라오고, 사진 찍을 때도 눈 밑이 너무 보여서 은근 스트레스네요. 푸들 눈물자국 해결법 찾아보면 사료 바꾸라는 얘기도 있고 영양제 먹이라는 얘기도 있어서 뭐부터 해야 할지 모르겠습니다. 실제로 푸들 키우시는 분들 중에 눈물자국 때문에 이것저것 해보신 분 계시면 뭐가 괜찮았는지 알려주세요!",2026-09-15,강아지 영양제,미상,,page,nutrition,2026-09-28T14:33:59
naver_kin,https://kin.naver.com/qna/detail.naver?dirId=50801&docId=495160344&answerNo=5,4a1543e96331a77e,강아지 눈 영양제 뭐가 좋을까요 포메라니안 눈물자국,"3살 포메라니안 키우고 있는데 눈물이 많은 편이라 눈 밑 털이 자꾸 젖습니다ㅠㅠ 원래도 조금 있긴 했는데 요즘 포메라니안 눈물자국이 더 잘 보이는 것 같아서 신경 쓰입니다. 매일 눈 주변은 닦아주고 있는데 계속 반복되니까 강아지 눈 영양제도 같이 먹여볼까 생각 중입니다. 강아지 눈 영양제 처음 사보는 거라 어떤 걸 봐야 하는지도 모르겠고, 눈물자국 관리할 때 같이 해주면 좋은 것도 궁금합니다.",2026-09-14,강아지 영양제,미상,,page,nutrition,2026-09-28T14:33:59
naver_kin,https://kin.naver.com/qna/detail.naver?dirId=80511&docId=494216612&answerNo=7,404fbf6957001914,9살 강아지 고관절 슬개골 탈구 수술 (엑스레이 첨부),안녕하세요 9살 강아지 건강검진을 했는데 슬개골이랑 고관절이 많이 안좋은편이라고 하셔서요 병원 방문 후 안티놀 래피드 영양제 사서 먹이고 있는데 나이가 어리지는 않아서 수술하고 회복하는거나 여러모로 걱정이 됩니다 엑스레이 사진 상 심각한 지 빠른 시일 내 수술을 해야 좋을 지 궁금해요 건강검진 받은 병원에서는 뼈수술은 하지 않아 다른 병원에 상담을 한번 받아보라고 하셔서 질문드립니다,2026-07-08,강아지 영양제,미상,,page,nutrition,2026-09-28T14:33:59
naver_kin,https://kin.naver.com/qna/detail.naver?dirId=8050103&docId=494029607&answerNo=10,459bdab1594e82b2,강아지영양제,강아지를 처음 키워요 10개월이고 비숑 몸무게는 2.4키로입니다 확실히 무슨알러지는 모르겠지만 자꾸 긁어서 로얄캐닌알러지 사료 먹이고있고 유산균이랑 오매가3 먹이려고 하는데 뭐가 좋은건지 모르겠어요 가격상관없으니 좋은거 알려주세요,2026-06-25,강아지 영양제,건사료,,page,nutrition,2026-09-28T14:33:59
naver_kin,https://kin.naver.com/qna/detail.naver?dirId=80511&docId=494995598&answerNo=3,7edbbe6245726d2b,강아지 혈뇨 때문에 병원에 갔는데,"방광, 담낭, 간 다 괜찮고 결석도 없는데 초음파상 콩팥이 좀 안 좋다고 했어요 경계선이 뚜렷하지 않고 안개낀 것처럼 흐릿하다고 했나? 일단 혈뇨는 질염이나 다른 문제일 수도 있으니까 항생제 먹여보자고 했고 콩팥은 다음에 와서 제대로 검사해보자고 했는데 그냥 오늘도 콩팥도 같이 검사하고 싶다는 말은 못한게 후회되네요ㅠ 수의사 입장에선 아직 심각한 건 아니니까 혈뇨 원인을 잡고 검사해보자고 한걸까요? 신장이 안 좋아도 혈뇨를 볼 수도 있다고 해서 걱정돼요 다른 병원에도 가봐야할지도 고민되네요.. 소변량 증가했다는 것도 얘기 못했고 그냥 좀 여러모로 답답하네요 일단 처방받은 항생제는 다 먹이고 콩팥 검사해보는게 좋을까요",2026-09-02,강아지 영양제,미상,,page,nutrition,2026-09-28T14:33:59
naver_kin,https://kin.naver.com/qna/detail.naver?dirId=80511&docId=495194915&answerNo=1,7a16662baa01b523,데리고 온지 하루된 강아지 가 토를해요,"1. 2개월된 포메라이언 강아지를 9월 14일날 강아지 판매업자가 대전에서 구입하여 대구로 데려와 1차 예방 접종을 시킴 2. 9월 15일날 오전에 사료먹는걸 확인하고 구충약을 먹임 3. 9월 15일날 오후에 저희가 강아지를 구매하여 가까운 동물병원에서 종합검사를 한 뒤 집으로 데려왔음 (주행거리 1시간 30분) 4. 9월 15일 저녁 아이가 밥을 안먹음, 집에 4개월된 포메라이언이랑 잘놀고 똥도 잘싸고 쉬도 잘함 5. 9월 16일 오전 여전히 밥을 안먹음, 잘놀고 똥도 잘싸고 쉬도 잘함 6. 9월 16일 오후 강아지에게 물을 조금주니 허겁지겁 먹고 물만 나오는 토를 시작 7. 9월 16일 오후 강아지에게 사료를 물에 불려 울타리안에 넣어줌 다녀오니 여기저기 토흔적이 많이 보임 8. 9월 16일 저녁 강아지가 검은 토를 시작함 9. 동물병원으로 달려가 확인하니 예방접종을 맞은지 얼마되지않아 아이상태를 확인하기 힘들다고 전해듣고 토억제제와 영양제 주사를 맞고 집으로옴 10. 2시간뒤 물을 조금 줘보래서 줬더니 30분정도 뒤 다시 토를함... 우리 강아지 어디가 아픈지 아시는분 계실까요? 도와주세요ㅜㅜ",2026-09-16,강아지 영양제,미상,,page,nutrition,2026-09-28T14:33:59
naver_kin,https://kin.naver.com/qna/detail.naver?dirId=80511&docId=495241001&answerNo=2,cb6f8ee73fe8fafe,강아지 가 쉬를 먹는데 단순스트레스 때문일까요?,주기적으로 배탈나서 좀 자세히 관찰해봤는데 쉬를 먹네요..똥은 안먹고 쉬요 쉬먹는강아지는 처음이라 좀 당황스럽습니다 자기꺼이외에도 밖 다른강아지의 마른쉬를먹어요 어케고쳐주죠? 무슨병일꺼요?,2026-09-20,강아지 영양 불균형,미상,,page,nutrition,2026-09-28T14:34:38
naver_kin,https://kin.naver.com/qna/detail.naver?dirId=8050104&docId=495216119&answerNo=2,f6ec31362e654f33,아기 강아지 배변 문제,안녕하세요~ 이제 3개월 접어든 여자아이 말티푸 키우고 있는데요 자기가 싼 똥을 먹거나 똥을 잘게 분해하는데 이유가 뭔지 궁금해요,2026-09-18,강아지 영양 불균형,미상,,page,nutrition,2026-09-28T14:34:38
naver_kin,https://kin.naver.com/qna/detail.naver?dirId=8050103&docId=494865368&answerNo=3,f8e67d2ba02305f7,강아지 사료 화식 자연식,안녕하세요 이번주에 강아지를 데려오려고 하는데 아는 게 아무것도 없어서요ㅜㅜ 물론 공부할 거긴 하지만.. 제가 어디서 봤는데 사료는 인간의 이기심과 편리함을 위해서 만든 거라고 사료만 급여하지 말라고 하더군요 화식은 어떻게 급여하는 거죠?? 건강하게 키우도록 알려주세요,2026-08-24,강아지 영양 불균형,화식,,page,nutrition,2026-09-28T14:34:38
naver_kin,https://kin.naver.com/qna/detail.naver?dirId=8050104&docId=494944237&answerNo=3,87bb86b84be47b9d,강아지 식분증,4개월정도 된 똥갠데 자꾸 집에서 배변패드에 싸놓은 똥을 먹어요ㅜㅜ 누가보고있으면 안먹고 잠깐 집에 아무도 없을때 먹어요 근데 집에 누가 계속 있을수 있는 상황이 아니어서 똥 싸고나면 간식주고 그러는데 안보면 계속 먹어요ㅜㅜ 어떡하죠…….,2026-08-29,강아지 영양 불균형,미상,,page,nutrition,2026-09-28T14:34:38
naver_kin,https://kin.naver.com/qna/detail.naver?dirId=8050104&docId=494845572&answerNo=5,a0bb2c9d0380f33a,강아지 똥 먹는거 고치는법,이제 거의 2살이 되어가는 말티푸를 키우고있는데요 애기때부터 계속 똥을누고 먹어요 조금 자라면 안그런다고 들었는데 똥을 누고 바로 입으로물어서 가져가서 먹어요 집에 없을때도 들어오면 먹은흔적이 보이고 똥을 눈 바로 다음에 칭찬을 해주시라고 들었는데 이미 해봤어요ㅠㅠ 패드에 잘 누는데 누고 바로 물어가서ㅠ 이러는 이유랑 고치는법좀 알려주세요,2026-08-22,강아지 영양 불균형,미상,,page,nutrition,2026-09-28T14:34:38
naver_kin,https://kin.naver.com/qna/detail.naver?dirId=8050103&docId=494822130&answerNo=1,990663a98b9b06ec,강아지 가 오래된 변을 먹는 이유,2살 된 푸들 강아지를 키우고 있습니다. 하루에 아침 저녁 1시간30분씩 산책하고 산책 후에는 집에서 공놀이도 할 정도로 활동량이 좋은 아이입니다. 다만 산책하는 도중에 조금 오래돼서 시간이 좀 지난 다른 강아지의 굳은 대변을 자꾸 먹어요 ㅠ 저희 강아지는 실외배변견이라 무조건 아침저녁으로 산책도 하고 공놀이도 실컷 시켜주고 하는데 도대체 왜 이런 건가요ㅠ? 묽은 대변이나 갓 싼 대변은 안 먹어요 무조건 시간이 좀 지난 굳은 대변만 먹어요 ㅠㅠ 알러지가 심해서 사료랑 간식에 고기 사료는 없고 연어나 처방식 곤충 사료가 있는 게 연관이 있을까요?,2026-08-20,강아지 영양 불균형,미상,,page,nutrition,2026-09-28T14:34:38
naver_kin,https://kin.naver.com/qna/detail.naver?dirId=80511&docId=494775597&answerNo=2,416b8397493921a7,강아지 사람음식,저희 할머니가 키우셨던 강아지가 요크셔테리어 였는데 들어보니 엄청 오래 살았더라구요 제가 태어나고도 8년9년 더 살고가서 20년 넘게 살았다는데 나이가 들고나서는 아파서 떠났다고 알고있는데 사람 음식 다 먹이고 살았다는데 20년이나 살았다고 하니 신기해서용 강아지는 사람음식 먹이면 안된다는데 그래도 오래사나봐요,2026-08-17,강아지 영양 불균형,미상,,page,nutrition,2026-09-28T14:34:38
naver_kin,https://kin.naver.com/qna/detail.naver?dirId=8050103&docId=494763900&answerNo=5,1a48165108e6bcb3,3살 푸들 강아지 사료 추천,3살된 푸들 강아지 사료추천해주세요 너무 말라가지고 ㅠ 살 찔수있는 사료면 좋겠어요,2026-08-16,강아지 영양 불균형,미상,,page,nutrition,2026-09-28T14:34:38
naver_kin,https://kin.naver.com/qna/detail.naver?dirId=8050103&docId=494762022&answerNo=2,af89c367df3e15cd,강아지 는 고양이 간식 먹어도 되나요??,강아지는 고양이 간식 먹어도 되나요?? 고양이와 강아지를 같이 키우다보니 자꾸 강아지가 고양이 간시을 먹어요 괜찮을까요??,2026-08-16,강아지 영양 불균형,미상,,page,nutrition,2026-09-28T14:34:38
naver_kin,https://kin.naver.com/qna/detail.naver?dirId=80511&docId=494714268&answerNo=2,17cd1e9088c8a499,안녕하세요 저희 강아지 백내장인가요?,오늘 플래쉬로 잠깐 비춰봤는데 백내장 같은게 좀 있는거 같아서 확인해주시면 감사드리겠습니다,2026-08-12,강아지 영양 불균형,미상,,page,nutrition,2026-09-28T14:34:38
naver_kin,https://kin.naver.com/qna/detail.naver?dirId=8050105&docId=494723646&answerNo=1,008754b71f5f71b8,강아지 몸에 각질,저희집 강아지 몸에 갑자기 각질같이 때가 나와요 최근에 목욕도 시켰는데 진짜 갑자기 생겨서 어떻게 해결해야 할지 모르겠어요 이게 각질인지도 잘 모르겠네요 대체 뭘까요?? 해결은 어떻게 해야할까요ㅠㅠ 사진에 하얀 털 같은 게 털이 아니고 문지르면 때같이 나와요,2026-08-13,강아지 영양 불균형,미상,,page,nutrition,2026-09-28T14:34:38
naver_kin,https://kin.naver.com/qna/detail.naver?dirId=8050103&docId=494700522&answerNo=4,f151024661816e82,강아지 눈물 사료추천,"안녕하세요 2월26일생 포메 키우고 있어요 눈물자국이 너무 심해서 걱정이에요 ㅠㅠ 초반에는 안그랬는데 요즘엔 밥도 단호박이나 닭가슴살 얹어줘야 먹고 사료만 주면 잘 안먹어요ㅠㅠ 이때까지 사료는 대즐,플래티넘 퍼피치킨 소프트 반습식,더텐 소프트 연어 이렇게 3가지 줘 봤어요 눈물자국에 좋은 사료 좀 추천 해주세요 ㅠㅠ",2026-08-12,강아지 영양 불균형,미상,,page,nutrition,2026-09-28T14:34:38
naver_kin,https://kin.naver.com/qna/detail.naver?dirId=80501&docId=495294266&answerNo=1,6aa96816c86276d0,강아지 수제간식 멸치.황태채,멸치랑 황태채 염분빼고 말려서 주는데 멸치랑 황태채 효능 비슷 한것 같은데 다른효능은 어떤효능있나용,2026-09-24,강아지 단백질,미상,,page,nutrition,2026-09-28T14:37:48
naver_kin,https://kin.naver.com/qna/detail.naver?dirId=8050103&docId=495211155&answerNo=6,6ff6e70bb8d50e82,강아지 유산균 먹이는법,유산균이 분말형태인데 안먹어서 락토프리 우유에 타서 줘도 되나요? 설명서에는 물에 타서 줘도 된다고 하는데 물을 잘 안먹어서요 우유에 타서 줬는데 잘먹어서요.,2026-09-18,강아지 단백질,미상,,page,nutrition,2026-09-28T14:37:48
naver_kin,https://kin.naver.com/qna/detail.naver?dirId=8050105&docId=495132687&answerNo=3,8e81903027c20bfa,강아지 치약,저희집 강아지가 피부 알러지가 있어서 아무 간식이나 못 먹는 아이인데 치약을 뭘 사야할지 모르겠어요 입샘내가 심해요,2026-09-12,강아지 단백질,미상,,page,nutrition,2026-09-28T14:37:48
naver_kin,https://kin.naver.com/qna/detail.naver?dirId=8050103&docId=495230925&answerNo=2,aa0a7c88fbaf3d24,강아지 구토 사진 한번만 봐주세요ㅠㅠㅠㅠ,강아지가 사료를 교체한뒤로 토를 하는데 사료를 섞어서 교체하는것을 한 4일정도밖에 못했습니다 사료는 닥터도비 사료에서 웰츠독 다이어트 사료로 변경한거고요 단백질함량이 높아서 그런건가요? 지금 사료를 조금씩 주면서 사료를 불려서 주는데 괜찮을까요? 활동량이나 소변 대변은 활발합니다,2026-09-19,강아지 단백질,미상,,page,nutrition,2026-09-28T14:37:48
naver_kin,https://kin.naver.com/qna/detail.naver?dirId=8050103&docId=495230925&answerNo=1,66d69e710bc18b1a,강아지 구토 사진 한번만 봐주세요ㅠㅠㅠㅠ,강아지가 사료를 교체한뒤로 토를 하는데 사료를 섞어서 교체하는것을 한 4일정도밖에 못했습니다 사료는 닥터도비 사료에서 웰츠독 다이어트 사료로 변경한거고요 단백질함량이 높아서 그런건가요? 지금 사료를 조금씩 주면서 사료를 불려서 주는데 괜찮을까요? 활동량이나 소변 대변은 활발합니다,2026-09-19,강아지 단백질,미상,,page,nutrition,2026-09-28T14:37:48
naver_kin,https://kin.naver.com/qna/detail.naver?dirId=80511&docId=495215414&answerNo=1,804cc9eeb6bc843b,노견 강아지 사료나 화식 추천 부탁드립니다.,강아지 한마리를 키우고 있습니다. 나이는 22살 입니다. 금일 동물병원에 가보니 콩팥이 나이에 비해 좋으나 좋지 않다고 합니다. 나머지는 나이에 비해 건강하고요.그리고 체중이 늘어야 좋다고 하고 현재 체중이 2.5kg 이라고 합니다. 그래서 체중을 찌우려면 어떤 사료나 화식을 먹어야 하는지 물어봅니다.,2026-09-18,강아지 단백질,화식,,page,nutrition,2026-09-28T14:37:48
naver_kin,https://kin.naver.com/qna/detail.naver?dirId=8050105&docId=495177101&answerNo=4,528afbec7f4844ae,강아지 눈물 영양제 뭐가 있을까요,4살 푸들 키우고 있는데 요즘 눈물이 많아져서 눈 밑 털이 계속 젖어 있어요ㅠㅠ 닦아줘도 금방 다시 젖고 털 색도 점점 붉어지는 것 같아서 이번에는 강아지 눈물영양제도 같이 챙겨보려고 합니다. 강아지 눈물영양제 먹여보신 분들은 어떤 제품으로 시작하셨나요? 광고가 너무 많아서 실제로 꾸준히 먹이기 괜찮았던 제품 있으면 추천 부탁드려요ㅠㅠ,2026-09-15,강아지 단백질,미상,,page,nutrition,2026-09-28T14:37:48
naver_kin,https://kin.naver.com/qna/detail.naver?dirId=8050105&docId=495177179&answerNo=3,f195b4820fc2c3cd,푸들 눈물자국 해결법 뭐가 제일 괜찮았나요?,"4살 푸들 키우고 있는데 눈 밑이 계속 젖어서 요즘 푸들 눈물자국 해결법 찾아보고 있어요ㅠㅠ 닦아주면 그때는 괜찮은데 며칠 지나면 다시 붉게 올라오고, 사진 찍을 때도 눈 밑이 너무 보여서 은근 스트레스네요. 푸들 눈물자국 해결법 찾아보면 사료 바꾸라는 얘기도 있고 영양제 먹이라는 얘기도 있어서 뭐부터 해야 할지 모르겠습니다. 실제로 푸들 키우시는 분들 중에 눈물자국 때문에 이것저것 해보신 분 계시면 뭐가 괜찮았는지 알려주세요!",2026-09-15,강아지 단백질,미상,,page,nutrition,2026-09-28T14:37:48
naver_kin,https://kin.naver.com/qna/detail.naver?dirId=8050101&docId=492615290&answerNo=5,c85dba54ec5879db,강아지 나 고양이 입양하고싶은데...,제가 비염에다가 털 알레르기가 있어서 털 별로 안 날리는 종이 있을까요?? 순한 종이면 더 좋겟어여,2026-03-23,강아지 단백질,미상,,page,nutrition,2026-09-28T14:37:48
naver_kin,https://kin.naver.com/qna/detail.naver?dirId=8050105&docId=495176575&answerNo=1,c925664ab6af0c2c,강아지 눈 영양제 추천 좀 해주세요 ㅠㅠ,강아지 눈 영양제 괜찮은 것 있을까요? 전에 주원료가 오리였나 먹이니까 알러지 반응와서 고생이 많았네요 ㅠㅠ; 가수분해원료 사용한 강아지 눈 영양제 있으면 추천 부탁드립니다. 그리고 눈물자국이 너무 많이 나는데 관리방식이 있다면 알려주세요 ㅠㅠㅠㅠㅠㅠ,2026-09-15,강아지 단백질,미상,,page,nutrition,2026-09-28T14:37:48
naver_kin,https://kin.naver.com/qna/detail.naver?dirId=8050103&docId=495140351&answerNo=6,c14b53ff57106395,강아지 돼지고기 먹여도 괜찮겠죠,저희집 강아지가 14살이라서 엄마아빠가 오늘 돼지고기 간 안한거 구워서 적당히 잘라서 줬거든요 평소에 매일 양배추나 상추를 먹어서 이제 노견이라고 이런거 먹여도 된다고 하는데 저도 물론 노견이니까 먹고싶은거 다 먹게 해주려고 하는데 막상 그러려니까 아플까봐 너무 불안해서 못주겠어요 지금은 14살 치고 건강한편이에요 돼지고기 간 안한거 구워서 먹여도 괜찮은거갰죠???ㅠㅠ,2026-09-12,강아지 단백질,미상,,page,nutrition,2026-09-28T14:37:48
naver_kin,https://kin.naver.com/qna/detail.naver?dirId=8050103&docId=495139936&answerNo=4,1452c553206603a7,강아지 화식,강아지가 노령견에 신부전앓고있어서 밥을그냥안먹는데 매끼니마다 화식조금섞여서 줘도되나요?,2026-09-12,강아지 단백질,화식,,page,nutrition,2026-09-28T14:37:48
naver_kin,https://kin.naver.com/qna/detail.naver?dirId=8050103&docId=495297823&answerNo=1,a6872001945c6177,강아지 화식 양,강아지가 하루에 77g 3끼나눠서 먹고있는데 건식75:화식25 로 비율 나누면 각 몇g씩 주면 되나요?,2026-09-25,강아지 칼로리 계산,화식,,page,nutrition,2026-09-28T14:38:28
naver_kin,https://kin.naver.com/qna/detail.naver?dirId=8050103&docId=495154720&answerNo=2,fae5f0a64a8d3083,포메2개월 사료양,종이컵으로 어느정도 주는게적당할까요 그램수말고 종이컵 분량으로알려주세요ㅠㅠ,2026-09-14,강아지 칼로리 계산,미상,,page,nutrition,2026-09-28T14:38:28
naver_kin,https://kin.naver.com/qna/detail.naver?dirId=8050103&docId=493638803&answerNo=5,317d8e0a612265a9,7kg 강아지 하루2끼 한끼 밥 비율,하루 2끼 주고있고 한끼에 anf사료로 60g씩 주고있는데 트러스티푸드 동결건조 소고기패티 닥터맘마 촉촉사료 섞여서 먹일려고합니다 7kg강아지한테 비율 몇으로 몇그람씩 주면 좋을까요?,2026-05-31,강아지 칼로리 계산,미상,,page,nutrition,2026-09-28T14:38:28
naver_kin,https://kin.naver.com/qna/detail.naver?dirId=8050103&docId=494702364&answerNo=4,434b318390efe9b7,강아지 화식은 어떻게 급여하나요?,"닭고기랑 당근을 삶아서 집에서 화식느낌으로 만들어보았는데요, 자율배식하는 강아지에요. 하루 2끼면 1끼는 사료 1끼는 사료+화식 아니면 둘다 사료+화식 섞어서 2끼급여하고싶은데 그래도 되나요? 화식만 먹일 생각은 없고 사료랑 섞어주고싶어요 (칼로리나 영양소 계산보단 원래 사료만 먹으면서 6년정도 컸는데 이제 6살도 됐겠다 그냥 사료보단 닭가슴살이나 당근 섞어주는게 더 낫고 맛있을거같아서 주는거에요)",2026-08-12,강아지 칼로리 계산,화식,,page,nutrition,2026-09-28T14:38:28
naver_kin,https://kin.naver.com/qna/detail.naver?dirId=8050103&docId=494702364&answerNo=3,32b9545e422a3f5b,강아지 화식은 어떻게 급여하나요?,"닭고기랑 당근을 삶아서 집에서 화식느낌으로 만들어보았는데요, 자율배식하는 강아지에요. 하루 2끼면 1끼는 사료 1끼는 사료+화식 아니면 둘다 사료+화식 섞어서 2끼급여하고싶은데 그래도 되나요? 화식만 먹일 생각은 없고 사료랑 섞어주고싶어요 (칼로리나 영양소 계산보단 원래 사료만 먹으면서 6년정도 컸는데 이제 6살도 됐겠다 그냥 사료보단 닭가슴살이나 당근 섞어주는게 더 낫고 맛있을거같아서 주는거에요)",2026-08-12,강아지 칼로리 계산,화식,,page,nutrition,2026-09-28T14:38:28
naver_kin,https://kin.naver.com/qna/detail.naver?dirId=8050103&docId=494702364&answerNo=1,e02c090b8c72e178,강아지 화식은 어떻게 급여하나요?,"닭고기랑 당근을 삶아서 집에서 화식느낌으로 만들어보았는데요, 자율배식하는 강아지에요. 하루 2끼면 1끼는 사료 1끼는 사료+화식 아니면 둘다 사료+화식 섞어서 2끼급여하고싶은데 그래도 되나요? 화식만 먹일 생각은 없고 사료랑 섞어주고싶어요 (칼로리나 영양소 계산보단 원래 사료만 먹으면서 6년정도 컸는데 이제 6살도 됐겠다 그냥 사료보단 닭가슴살이나 당근 섞어주는게 더 낫고 맛있을거같아서 주는거에요)",2026-08-12,강아지 칼로리 계산,화식,,page,nutrition,2026-09-28T14:38:28
naver_kin,https://kin.naver.com/qna/detail.naver?dirId=8050103&docId=493638803&answerNo=4,c54b298bde9d22fc,7kg 강아지 하루2끼 한끼 밥 비율,하루 2끼 주고있고 한끼에 anf사료로 60g씩 주고있는데 트러스티푸드 동결건조 소고기패티 닥터맘마 촉촉사료 섞여서 먹일려고합니다 7kg강아지한테 비율 몇으로 몇그람씩 주면 좋을까요?,2026-05-31,강아지 칼로리 계산,미상,,page,nutrition,2026-09-28T14:38:28
naver_kin,https://kin.naver.com/qna/detail.naver?dirId=80501&docId=494647821&answerNo=5,75bad27ca7e60cc6,강아지 가 살이 너무 많이 찌면 어떻게 되나요?,"안녕하세요 포메 (암컷) 3살 키우도 있는데요 제가 간식을 너무 많이 줘서 그런지 살이 엄청 찐 상태 인것 같습니다.. 한 3-4kg 사이..될것 같음… 외출할때 강아지가 심심할까봐 간식을 거의 매일? 주고 외출 한것 같은데.. 산책은 여름이어서 자주 못하고, 방금 하고.. 일주일에 3-4번은 하는것 같습니다 15-20분 사이.. (1) 강아지가 살이 너무 많이 찐것 같아서 그렇다고 간식을 안 줄수도 없고.. 살이 안찌는 간식? 사료 추천 부탁드립니다… 기호성 좋은… 살이 너무 많이 찔 경우 어떻게 되는지.. 사람도 비만이 되면 각종 병이 따를수 잇듯이… (2) 아직 중성화를 하지 못한 상태 입니다.. 최소 3-4개월 뒤에마 할것 같습니다… 중성화를 언제까지 해야 한다는 규칙? 같은게 잇는가요..? 참고로 강아지 사료 & 먹는 간식 올립니다.. 답변 부탁드립니다…",2026-08-08,강아지 칼로리 계산,미상,,page,nutrition,2026-09-28T14:38:28
naver_kin,https://kin.naver.com/qna/detail.naver?dirId=8050103&docId=494593852&answerNo=4,d822bc676ee9e111,강아지 가 밥시간이 아닌데 밥 먹고 싶어하는 것 같아요,제가 지금 한 10개월? 정도 된 강아지가 있는데 제가 2개월 땨 봤던 영상에서 밥 시간은 6시간 간격으로 줘야한다고 했어요 그래서 계속 그렇게 줬는데 그게 새끼 강아지일 때만 그런 거고 6-12개월부터는 12시간에 한 번이래요ㅠㅠㅠㅠㅠㅠㅠㅠ 그래서 어제부터 그렇개 주는데 강아지가 지금 6시간 지나니까 막 밥 ㅣ그릇핥고 사료봉투 바라보고 막 그러는데 저히 집 강아지 이러다가 돼지되면 어떡해요ㅠㅜㅜㅠ???,2026-08-04,강아지 칼로리 계산,미상,,page,nutrition,2026-09-28T14:38:28
naver_kin,https://kin.naver.com/qna/detail.naver?dirId=8050103&docId=493204613&answerNo=10,93a4816a2fb57c7d,강아지 기호성 좋은 사료나 간식,강아지 훈련하는데 사료로는 애가 안 움직여서 간식을 주면서 훈련 했었는데 아무래도 간식은 칼로리도 높고 강아지가 점점 더 살 찌는 것 같아서 기호성 좋은 사료 추천해주세요ㅠㅠ 기호성 좋으면서 성분 좋은 사료면 좋겠어요!! 모르시겠다면 성분 좋으면서 훈련할 때 쓰기 좋은 부드러운 간식 추천해주세요ㅠㅠ,2026-04-30,강아지 칼로리 계산,미상,,page,nutrition,2026-09-28T14:38:28
naver_kin,https://kin.naver.com/qna/detail.naver?dirId=8050103&docId=494569931&answerNo=6,ca04ea510e8cb17f,강아지 포메,9살이고 아침저녁 한주먹정도 주는데 너무 적게주는건가요?,2026-08-03,강아지 칼로리 계산,미상,,page,nutrition,2026-09-28T14:38:28
naver_kin,https://kin.naver.com/qna/detail.naver?dirId=8050103&docId=494537577&answerNo=6,8a311b71b4235330,7살 강아지 시니어 사료 먹여도 괜찮은가요?,"저희 집 강아지가 지금 7살 정도인데 살이 쪄서 다이어트를 해야하는 상황이에요. 평소 나우 사료를 먹이는데, 나우 스몰브리드 어덜트vs나우 스몰브리드 시니어 살빼려면 시니어를 먹이는게 맞나요? 나이가 아직 시니어가 아닌데 먹여도 괜찮은가요",2026-07-31,강아지 칼로리 계산,건사료,,page,nutrition,2026-09-28T14:38:28
naver_kin,https://kin.naver.com/qna/detail.naver?dirId=50502&docId=494120789&answerNo=2,56160213db8d906d,14살 강아지 건강식,최근에 자궁축농증 수술을 받은 14살 말티즈 아가입니다 신장 수치가 안좋아 병원에서 처방받은 사료만 급여중인데 간이 안된 계란이나 닭가슴살 • 고구마 등 삶아서 급여해주면 안돼는걸까요? 직접 건강식도 만들어주려 하는데 뭐가 좋을까요? 전문가분들 많은 의견 부탁드려요 ㅠㅠ 건강식 만들어 보신 분들 후기도 궁금합니다ㅎㅎ,2026-07-01,수제 사료 레시피,미상,,page,nutrition,2026-09-28T14:40:09
naver_kin,https://kin.naver.com/qna/detail.naver?dirId=50502&docId=493158663&answerNo=5,ce9402904c05df99,직접만든 강아지 수제사료 살많이 찌나요,닭가슴살 양배추 단호박 당근 브로콜리 호두기름 호두기름 아주조금 이렇게 들어가요 산책 도 매일 합니다 의사 선생님이 살찐다고 사료 먹이라고 하시는데 사료는 방부제가 들어가서 않좋을꺼 같아여,2026-04-28,수제 사료 레시피,미상,,page,nutrition,2026-09-28T14:40:09
naver_kin,https://kin.naver.com/qna/detail.naver?dirId=80501&docId=492584363&answerNo=2,56016149a58bb712,강아지 알러지 사료,"강아지가 눈물이랑 몸 긁는게 너무 심해서 알러지 검사를 진행 했는대 거의 뭐 알러지 괴물이더라구요.. 섭취 금지: 염소,메추라기,타조,칠면조,오리 , 굴,장어,키위,배,파인애플,크렌베리,복숭아,바나나,수박,귀리,녹두,밀가루,흰강낭콩,왕두콩,참깨,밤 ,아몬드,마카다미아,해바라기씨,버섯,배추,케일,무,치커리,고추,파프리카,알로에베라, 계란,우유,카제인,산양유,버터,꿀,맥주효모,설탕 이렇게 섭취 금지라 먹을 수 있는 사료를 찾고 있습니다 ㅜㅜ 도와주세요! 일단 z/d,us/f 먹였었는대 z/d는 변비가 너무 심하고 유에스 에프는 먹으면 바로 구토를 하더라구요ㅜㅜ 그래서 다른 사료를 바꾸려고 찾는대 쉽지 않아요 일단 지금 찾은 사료는 지위픽 벨칸도 뱃액티브 허즈 브릿 지그니쳐 아투 인섹트도그 네츄럴발란스 몬지 파미나 카르나4 오리젠 아카나 화이트도그 맥아듬스 퓨리나 나우 로얄캐닌 힐메딕스 입니다  전부 다 섭취 불가 입니다 ㅜㅜ 사료 좀 알려주세요! 앗 그리고 또 하나 혹시 눈물 진료 잘 잡는 병원 추천 받을 수 있을까요 지역은 경기도 하남시 입니다",2026-03-21,수제 사료 레시피,건사료,,page,nutrition,2026-09-28T14:40:09
naver_kin,https://kin.naver.com/qna/detail.naver?dirId=8050103&docId=492276945&answerNo=5,56ca362e0b32efbc,강아지 사료 추천 질문드려요,"일단 강아지 두마리 5살, 6살 여아 중성화 완료 종은 믹스 시고르자브종이에요 한마리는 체구는 작은데 중성화 하고서 살이 1kg 찐 상태 산책은 하루 1회 일주일에 5번 이상은 해줍니다 제가 직장인이라 너무 피곤해도 최대한 해주려고 합니다.. 알러지 검사는 안 해봤으나 탐사라는 회사의 닭 들어간 사료 먹으면 귀 염증 눈물 터지는 편이었고 한마리는 귓병 재발해 병원 자주 내원했었습니다 그래서 원인을 찾고자 간식을 수제로 바꿨고(캥거루 꼬리, 소 간 육포) 사료도 가수분해가 좋다 하여 퓨어네이쳐(양과 고구마) 사료로 교체해 급여했는데 잘 먹긴 하지만 국산 사료이고 성분 별로라는 답변 받았습니다 사료 5kg 구매하면 한달 가까이 먹긴 하는데 한달까지는 못 먹어서 5kg에 10만원 미만이면 좋겠어요 사료 추천은 다이어트용이랑 데일리로 먹기 좋은 거 두가지로 한번 추천 부탁드립니다! 참고로 울애기 쌩쌩이라는 영양제랑 동물병원에서 구매한 유산균 잠깐 먹이고 요즘에는 먹이고 있는 영양제 없습니다",2026-03-03,수제 사료 레시피,미상,,page,nutrition,2026-09-28T14:40:09
naver_kin,https://kin.naver.com/qna/detail.naver?dirId=8050103&docId=492276945&answerNo=3,ba5180d4bbf451f0,강아지 사료 추천 질문드려요,"일단 강아지 두마리 5살, 6살 여아 중성화 완료 종은 믹스 시고르자브종이에요 한마리는 체구는 작은데 중성화 하고서 살이 1kg 찐 상태 산책은 하루 1회 일주일에 5번 이상은 해줍니다 제가 직장인이라 너무 피곤해도 최대한 해주려고 합니다.. 알러지 검사는 안 해봤으나 탐사라는 회사의 닭 들어간 사료 먹으면 귀 염증 눈물 터지는 편이었고 한마리는 귓병 재발해 병원 자주 내원했었습니다 그래서 원인을 찾고자 간식을 수제로 바꿨고(캥거루 꼬리, 소 간 육포) 사료도 가수분해가 좋다 하여 퓨어네이쳐(양과 고구마) 사료로 교체해 급여했는데 잘 먹긴 하지만 국산 사료이고 성분 별로라는 답변 받았습니다 사료 5kg 구매하면 한달 가까이 먹긴 하는데 한달까지는 못 먹어서 5kg에 10만원 미만이면 좋겠어요 사료 추천은 다이어트용이랑 데일리로 먹기 좋은 거 두가지로 한번 추천 부탁드립니다! 참고로 울애기 쌩쌩이라는 영양제랑 동물병원에서 구매한 유산균 잠깐 먹이고 요즘에는 먹이고 있는 영양제 없습니다",2026-03-03,수제 사료 레시피,미상,,page,nutrition,2026-09-28T14:40:09
naver_kin,https://kin.naver.com/qna/detail.naver?dirId=8050103&docId=491988960&answerNo=1,d328ab2796f08c28,강아지 사료,강아지 7개월인데 원래 로얄캐닌먹다가 이제 중성화 시키면 살 더 찐다길래 가수분해사료로 바꾸려는데 추천해주세요!,2026-02-15,수제 사료 레시피,건사료,,page,nutrition,2026-09-28T14:40:09
naver_kin,https://kin.naver.com/qna/detail.naver?dirId=71105&docId=491250771&answerNo=1,9f5c1392920c0967,반려견 영양학 공부,"저희 집 반려견이 장이 예민한 친구인지 묽은변을 자주보고 어쩔땐 형태가 아예 없는 설사를 하기도합니다 병원 가서 건강검진도 받아봤지만 다행히도 문제는 없었습니다. 먹는것이 문제인가 싶어서 영양쪽으로 공부를 해보고싶은데... 어디서부터 시작을 해야할지 사실 잘모르겠습니다 ㅠㅠ 혹시 추천해주실만한 책이나, 유튜브 있으시다면 추천 부탁드리겠습니다! 사람음식은 고구마, 닭가슴살외에는 주지않았습니당",2026-01-09,수제 사료 레시피,미상,,page,nutrition,2026-09-28T14:40:09
naver_kin,https://kin.naver.com/qna/detail.naver?dirId=8050103&docId=489785661&answerNo=3,15c0e4f017cff9d3,강아지 수제 간식,"안녕하세요 푸들견주입니다 수제로 간식을 만들어보고 싶어서 질문 남겨요 건조기,오븐,에프 있는데 고구마 이런거 말고 어떤걸 만들수있을까요?강아지가 먹을수 있는 동물뼈도 알려주세요 귀찮은 과정도 좋으니 강아지가 먹기 좋은 간식 정보 알려주심 감사하겠습니다!!",2025-10-26,수제 사료 레시피,미상,,page,nutrition,2026-09-28T14:40:09
