source,url,url_hash,title,body,date,keyword,feed_type,rating,body_from,query_group,collected_at
youtube,https://www.youtube.com/watch?v=1ZU98aRxDzo&lc=UgxYhXpwlmz0eEDXEip4AaABAg,689d436081aa67c4,"📍밥 안먹는 강아지 밥먹이기, 강급하기📍동물병원에서 밥 먹이는 방법 | 동물병원이 알려주는 간호이야기","6주된 아기 푸들을 어제 입양했는데 밥을 안먹네요 
혹시 주사 방법으로 먹여도 될까요?",2026-09-26,강아지 밥 챙기기 힘들다,미상,,page,explore,2026-09-28T10:53:55
youtube,https://www.youtube.com/watch?v=1ZU98aRxDzo&lc=UgxooX45ZgS7hIs_-6x4AaABAg,59684247b2ac7a37,"📍밥 안먹는 강아지 밥먹이기, 강급하기📍동물병원에서 밥 먹이는 방법 | 동물병원이 알려주는 간호이야기",주사기에 안 빨려 나오는 건 더 묽게 해야겠죠?? ㅠㅠ,2026-09-20,강아지 밥 챙기기 힘들다,미상,,page,explore,2026-09-28T10:53:55
youtube,https://www.youtube.com/watch?v=1ZU98aRxDzo&lc=UgwlVM_EqSBvevnYYVF4AaABAg,6d623ae2fb913df4,"📍밥 안먹는 강아지 밥먹이기, 강급하기📍동물병원에서 밥 먹이는 방법 | 동물병원이 알려주는 간호이야기","췌장염환자입니다
화식을줘도먹지않아서
약보호용영양제를조금
화식에묻혀서공급하고있는데약효보호용영양제를많이섭취해도되는지걱정이되어서문의드립니다",2026-09-18,강아지 밥 챙기기 힘들다,화식,,page,explore,2026-09-28T10:53:55
youtube,https://www.youtube.com/watch?v=1ZU98aRxDzo&lc=Ugx1fJbkGOTWxojJLjt4AaABAg,276b3210085c7f56,"📍밥 안먹는 강아지 밥먹이기, 강급하기📍동물병원에서 밥 먹이는 방법 | 동물병원이 알려주는 간호이야기",다리에힘이없어 누워있는경우 어떻게먹여야할까요,2026-08-23,강아지 밥 챙기기 힘들다,미상,,page,explore,2026-09-28T10:53:55
youtube,https://www.youtube.com/watch?v=UeQc6pK2q5I&lc=UgxRBa2nIJV3rav6_Qh4AaABAg,aa0254179cb5bdc9,화식을 먹어야하는이유#강아지 #강아지화식#강아지자연식,"그래도 사료는 영양분이 맞춰져서 나오니까요..
그래서 사료랑 화식 섞어주고 있어요!!",2026-09-23,강아지 생식 시작 고민,화식,,page,explore,2026-09-28T10:53:59
youtube,https://www.youtube.com/watch?v=UeQc6pK2q5I&lc=Ugz9XJhMtmu12fFtdc94AaABAg,9607bbabea52c70d,화식을 먹어야하는이유#강아지 #강아지화식#강아지자연식,손이많이가서  요즘화식했는데 아토피가줄었어요  야채를같이먹으니깐,2026-09-21,강아지 생식 시작 고민,화식,,page,explore,2026-09-28T10:53:59
youtube,https://www.youtube.com/watch?v=UeQc6pK2q5I&lc=UgxCps-2aEujJGlsAuB4AaABAg,7c94e949224fc936,화식을 먹어야하는이유#강아지 #강아지화식#강아지자연식,"사료나 뭐가 좋겠어요
사람 편차고 하는거지
제발 양심있는 수의사들 사료만주라고 좀 하지마시길",2026-09-14,강아지 생식 시작 고민,화식,,page,explore,2026-09-28T10:53:59
youtube,https://www.youtube.com/watch?v=UeQc6pK2q5I&lc=UgwyCJ5xCTUSBfK60el4AaABAg,e2f1e144ec23e8cd,화식을 먹어야하는이유#강아지 #강아지화식#강아지자연식,내밥 챙기기도 힘듬,2026-09-12,강아지 생식 시작 고민,화식,,page,explore,2026-09-28T10:53:59
youtube,https://www.youtube.com/watch?v=LUEFpaGbm2k&lc=Ugytitjx6d28d7XRK4F4AaABAg,fc9da0dda6616bc2,수의사들이 🐶내새끼 평민 사료 먹이는 이유. 사료 등급표 저거 맞아❓ #강아지사료 #강아지 #강아지일상 #고양이집사 #수의사 #티어리스트,"밥이보약 비싸기만 하고 잘 안먹음...길냥이들은 평소에 굶주리니까 먹지만 집냥이들은 잘 안먹음, 우리나라 사료 회사들 그냥 대충 만들어도 되는줄 아는데 망하는길만 남았음.",2026-09-22,강아지 사료 고민,미상,,page,explore,2026-09-28T10:54:02
youtube,https://www.youtube.com/watch?v=LUEFpaGbm2k&lc=UgxOWtrlUSE3BHEhvbR4AaABAg,0846afbb0f91df20,수의사들이 🐶내새끼 평민 사료 먹이는 이유. 사료 등급표 저거 맞아❓ #강아지사료 #강아지 #강아지일상 #고양이집사 #수의사 #티어리스트,저희집 고양이 두마리는 아카나 밖에 안먹어요 한마리는 14살 한마리는 4살 아카나 먹이면서 피모상태도 좋아지고 똥도 좋아요 ㅎㅎㅎ,2026-09-22,강아지 사료 고민,미상,,page,explore,2026-09-28T10:54:02
youtube,https://www.youtube.com/watch?v=ilVF0VAPDeg&lc=Ugwa5frvCFjmJrtIPLF4AaABAg,4754867bdbd938a0,"강아지 밥 퀄리티 무엇,, 푸짐하게 개 밥 차려주기 1시간 모음집 l 토킹ver l 강아지 외식 영상 모음집",진짜 강아지들 주인 잘 만났네..,2026-05-31,강아지 밥 챙기기,미상,,page,explore,2026-09-28T11:34:52
youtube,https://www.youtube.com/watch?v=ilVF0VAPDeg&lc=Ugzhiqg8T50yJmOntSF4AaABAg,b6b33f0b7befcb12,"강아지 밥 퀄리티 무엇,, 푸짐하게 개 밥 차려주기 1시간 모음집 l 토킹ver l 강아지 외식 영상 모음집",더빙 없는 버전 시급•••,2026-04-23,강아지 밥 챙기기,미상,,page,explore,2026-09-28T11:34:52
youtube,https://www.youtube.com/watch?v=ilVF0VAPDeg&lc=Ugyj6Ls4fuOLPYkbaIp4AaABAg,6c889b600fdeb680,"강아지 밥 퀄리티 무엇,, 푸짐하게 개 밥 차려주기 1시간 모음집 l 토킹ver l 강아지 외식 영상 모음집","보기만해도 마음이 풍성해집니다.
저도 강아지를 3마리 키우고 떠나보냈지만
님처럼은 진짜 다시 키운다고해도..힘들듯
대리만족으로 별 백만개 드리고싶어요
지금은강아지가 없이 고양이집사가 되었지만.님 영상은 꼬박꼬박 챙겨보게되네여😊",2026-03-28,강아지 밥 챙기기,미상,,page,explore,2026-09-28T11:34:52
youtube,https://www.youtube.com/watch?v=ilVF0VAPDeg&lc=Ugxv1PHAuPcy38gkkrt4AaABAg,7f330e9c22d2130e,"강아지 밥 퀄리티 무엇,, 푸짐하게 개 밥 차려주기 1시간 모음집 l 토킹ver l 강아지 외식 영상 모음집",달루카 먹방 완전 제 밥친구예요...너무 잘 보고 있어요 집사님두 달루카두 건강하고 행복하세요^^,2026-03-16,강아지 밥 챙기기,미상,,page,explore,2026-09-28T11:34:52
youtube,https://www.youtube.com/watch?v=ilVF0VAPDeg&lc=UgxjqLI89_cmOkhpCwt4AaABAg,0d39ac7e1c95ff01,"강아지 밥 퀄리티 무엇,, 푸짐하게 개 밥 차려주기 1시간 모음집 l 토킹ver l 강아지 외식 영상 모음집",달루카 보호자님 혹시 영양식 공부같은 건 어떻게 하셨어요? 학원을 다니신건가요?? 저도 저희집 강아지 저렇게 맛있게 주고싶은데 어디서부터 공부해야 되는지 모르겠어요😢 여기저기 검색해봐도 공부 방법에 대한 내용은 없네요😭😭,2026-03-13,강아지 밥 챙기기,미상,,page,explore,2026-09-28T11:34:52
youtube,https://www.youtube.com/watch?v=ilVF0VAPDeg&lc=Ugw7U_b91SjWgFZJy414AaABAg,49cf14ccb1c48c18,"강아지 밥 퀄리티 무엇,, 푸짐하게 개 밥 차려주기 1시간 모음집 l 토킹ver l 강아지 외식 영상 모음집",넘 조아요..!!,2026-03-09,강아지 밥 챙기기,미상,,page,explore,2026-09-28T11:34:52
youtube,https://www.youtube.com/watch?v=UeQc6pK2q5I&lc=UgzaGzt1_D88qu6H3-J4AaABAg,b5aa587f4983b4f0,화식을 먹어야하는이유#강아지 #강아지화식#강아지자연식,화식 (단백질1종류+야채4종류)줘요.,2026-09-02,강아지 생식 시작 고민,화식,,page,explore,2026-09-28T11:34:56
youtube,https://www.youtube.com/watch?v=UeQc6pK2q5I&lc=UgzJFZCraXPB9Sp0aPd4AaABAg,df2dccac89eb8c6c,화식을 먹어야하는이유#강아지 #강아지화식#강아지자연식,"화식5+사료5 
아침, 저녁화식 다르게 해서 줘요.",2026-09-02,강아지 생식 시작 고민,화식,,page,explore,2026-09-28T11:34:56
youtube,https://www.youtube.com/watch?v=LUEFpaGbm2k&lc=UgzmgNvfZusluK5_yeh4AaABAg,4ec03b7d8a1e6a84,수의사들이 🐶내새끼 평민 사료 먹이는 이유. 사료 등급표 저거 맞아❓ #강아지사료 #강아지 #강아지일상 #고양이집사 #수의사 #티어리스트,"길냥 시절에 오리젠 네발 믹스해서 먹얏다고 쭉 그러래서 십냔째 먹이고 잇는데 잘한
ㄴ걸까 아직 아픈덴 없어요",2026-09-22,강아지 사료 고민,건사료,,page,explore,2026-09-28T11:35:00
youtube,https://www.youtube.com/watch?v=LUEFpaGbm2k&lc=UgxflyTvzHxiVBBru0V4AaABAg,ae6ad801a87d2a89,수의사들이 🐶내새끼 평민 사료 먹이는 이유. 사료 등급표 저거 맞아❓ #강아지사료 #강아지 #강아지일상 #고양이집사 #수의사 #티어리스트,결국 잘 먹는게 좋은거다..,2026-09-20,강아지 사료 고민,미상,,page,explore,2026-09-28T11:35:00
youtube,https://www.youtube.com/watch?v=LUEFpaGbm2k&lc=UgwuWUigiWBMia95O1x4AaABAg,3757238108816a7a,수의사들이 🐶내새끼 평민 사료 먹이는 이유. 사료 등급표 저거 맞아❓ #강아지사료 #강아지 #강아지일상 #고양이집사 #수의사 #티어리스트,"성분이 어쩌고 저쩌고 해도 냥님이 로캐밖에 안먹어요
이것저것 시도한 사료값만 생각하면.. ㅜㅜ",2026-09-20,강아지 사료 고민,미상,,page,explore,2026-09-28T11:35:00
youtube,https://www.youtube.com/watch?v=LUEFpaGbm2k&lc=UgyTgbWfC2l42leO_kB4AaABAg,7554679ade16c997,수의사들이 🐶내새끼 평민 사료 먹이는 이유. 사료 등급표 저거 맞아❓ #강아지사료 #강아지 #강아지일상 #고양이집사 #수의사 #티어리스트,네팔이 평민?? ㅋㅋㅋㅋㅋ,2026-09-12,강아지 사료 고민,미상,,page,explore,2026-09-28T11:35:00
youtube,https://www.youtube.com/watch?v=GyuEci2X44M&lc=UgyZw390AAnGyXCxswx4AaABAg,5d4384e339441bb8,사료 안먹는 강아지 사료 잘먹게 하는 방법. 강아지 밥 잘 먹게 하기,얘가 다리를 7개월때 십자인대 끊어져서 수술을 했는데 그 다리를 못써요 통증 때문인가 싶다가도 간식은 겁나 잘먹거든요 ㅡㅜ😢,2026-09-12,반려견 식사 관리 어려움,미상,,page,explore,2026-09-28T11:35:04
youtube,https://www.youtube.com/watch?v=GyuEci2X44M&lc=UgyS-VoM6FSrmCz1bk94AaABAg,0d926e0ac9294c90,사료 안먹는 강아지 사료 잘먹게 하는 방법. 강아지 밥 잘 먹게 하기,사료는 잘 안먹는데 간식은 계속 먹으려하고 간식만 잘 먹는건 어떻게해야할까요...?ㅜ,2026-09-11,반려견 식사 관리 어려움,미상,,page,explore,2026-09-28T11:35:04
youtube,https://www.youtube.com/watch?v=GyuEci2X44M&lc=UgzdulrYSVrPGNQQAAZ4AaABAg,8ca54ca7a8e93b7f,사료 안먹는 강아지 사료 잘먹게 하는 방법. 강아지 밥 잘 먹게 하기,너무 부족하니까 똥을 먹어버려요 ㅜㅜ,2026-07-27,반려견 식사 관리 어려움,미상,,page,explore,2026-09-28T11:35:04
youtube,https://www.youtube.com/watch?v=GyuEci2X44M&lc=Ugw6JeI_9Dfjg3gZIDB4AaABAg,2753cb172686cc25,사료 안먹는 강아지 사료 잘먹게 하는 방법. 강아지 밥 잘 먹게 하기,"2:00 부터 보세요 서두를 2분씩이나,,,",2026-07-25,반려견 식사 관리 어려움,미상,,page,explore,2026-09-28T11:35:04
youtube,https://www.youtube.com/watch?v=GyuEci2X44M&lc=UgxJfYWSpDZYiwOTv214AaABAg,0ff5d4dbdf9a917d,사료 안먹는 강아지 사료 잘먹게 하는 방법. 강아지 밥 잘 먹게 하기,말푸 6개월 너무 안먹어요. 지금 사료한달째 안먹고있는대. 방법좀 알려주셔요. 고기도. 둘번은 안먹고. 모두두번은. 안먹고  하루하루다름고기. 굶기면. 공복토. 자주하고.  마음이아파서.  여러방법동원해도. 안돼는대.  어찌할까요. 나뿐마음이들어요. 할머니. 할아버지둘이키운는대.  답을주세요,2026-07-03,반려견 식사 관리 어려움,미상,,page,explore,2026-09-28T11:35:04
youtube,https://www.youtube.com/watch?v=GyuEci2X44M&lc=Ugxuqm2hN21pVAkpWQN4AaABAg,bf8a49cc280ebe5e,사료 안먹는 강아지 사료 잘먹게 하는 방법. 강아지 밥 잘 먹게 하기,우리집에는 .강아지가 .두마리있어요.그런대.통사료을.안먹어요.간식으로주는대.이프료보고.이젠.간식주지말고.영상대로.해보겠습니다.감사합니다.좋은정보주심에감사 .드림입다건강하세요,2026-06-18,반려견 식사 관리 어려움,미상,,page,explore,2026-09-28T11:35:04
youtube,https://www.youtube.com/watch?v=vPkp81YKswo&lc=Ugw_h3Mzj1_uFiAwbCB4AaABAg,d28cdd6f96043218,매일 12시간..야근까지해도 괜찮아요! 강아지 혼자 둘 때 출근 전 필수 행동 4가지,"우리 강아지 9년 더 튼튼하게 걷게 하는 ,26년차 집사 필수템
▶https://youtu.be/FBv6ci3OiI0",2025-11-23,강아지 혼자 두고 출근,미상,,page,explore,2026-09-28T11:35:09
youtube,https://www.youtube.com/watch?v=vPkp81YKswo&lc=UgyJSzk4Zqar-RxJcUF4AaABAg,365b261e7449085c,매일 12시간..야근까지해도 괜찮아요! 강아지 혼자 둘 때 출근 전 필수 행동 4가지,"여행은 그래도 출근은 해야죠ㅠㅠㅠㅠ
그래도 안키워서 패션이나 와 번식장 가거나 유기 되는 것보다 출근해서 강아지 밥도 주고 조금 외로워도 됩니다",2026-09-26,강아지 혼자 두고 출근,미상,,page,explore,2026-09-28T11:35:09
youtube,https://www.youtube.com/watch?v=vPkp81YKswo&lc=Ugwo1kypcxiQJ4kLGOp4AaABAg,fd37e1d79ad29130,매일 12시간..야근까지해도 괜찮아요! 강아지 혼자 둘 때 출근 전 필수 행동 4가지,"이 동영상보고 제 개는 분리불안이 없다는 걸 다시한번 확인했어요 ㅎㅎㅎ
항상 완전 숙면하다 나오는 모습이예요 ㅎㅎㅎ
혼자서 늘 푹 쉬는 거같더라고요
물론 일 외에는 거의 혼자 외출을 않하고 일도 6시간만 해서 일수도 있지만요
이건 제 생각인데 나가기 전 간식
돌아와서 간식을 주는거도 도움이 되는거같아요",2026-09-13,강아지 혼자 두고 출근,미상,,page,explore,2026-09-28T11:35:09
youtube,https://www.youtube.com/watch?v=vPkp81YKswo&lc=UgyCrhEETzY85iLH9WN4AaABAg,3eb58eb45d368e8e,매일 12시간..야근까지해도 괜찮아요! 강아지 혼자 둘 때 출근 전 필수 행동 4가지,늘 항상 함께하고싶어요 ㅜㅜ 혹시 출근전 산책은 괜찮을까요?,2026-08-22,강아지 혼자 두고 출근,미상,,page,explore,2026-09-28T11:35:09
youtube,https://www.youtube.com/watch?v=vPkp81YKswo&lc=UgwTQK3MLbgAY1_REfR4AaABAg,b241ec9e6599c849,매일 12시간..야근까지해도 괜찮아요! 강아지 혼자 둘 때 출근 전 필수 행동 4가지,맞아용!!!저희 포메 2기 판정받고 1년 넘게 나빠지지 않았고 이정도면 관리 잘 하는거라고 했어용!!!몇 기 얘기들으면 걱정되시겠지만 한곳만 가지말고 두세군데 진료 받아보시는게 좋아용..!!!,2026-06-20,강아지 혼자 두고 출근,미상,,page,explore,2026-09-28T11:35:09
youtube,https://www.youtube.com/watch?v=vPkp81YKswo&lc=Ugy9JjhkhWoAtsLGyKx4AaABAg,b05f7374da92a6c3,매일 12시간..야근까지해도 괜찮아요! 강아지 혼자 둘 때 출근 전 필수 행동 4가지,"5살됐고 이사오고 곧 결혼이라, 신혼집에 적응시키며 서로 출근해야돼서 혼자냅두는순간하루종일짖어요...밑에층에서 벌써 민원이..",2026-03-27,강아지 혼자 두고 출근,미상,,page,explore,2026-09-28T11:35:09
youtube,https://www.youtube.com/watch?v=zMsf6-ZwWX4&lc=UgwvrrKdNWbCtcKU-894AaABAg,46b5d69db3301782,"식탐 제로 강아지, 이렇게 하면 됩니다! 🐷l 1문 1답 Q&A l 설채현 행동학 수의사","요즘 정말..정말 큰 고민이라 이렇게 댓 남겨봅니다
항상 3.3~3.4kg 정도 유지하는 살 안 찌는 체형의 아이였고, 식욕도 엄청 많아서 사료도 늘 잘 먹었는데 요즘 정말 한 알도 입에 대지를 않네요
식욕이 원래 좋았고, 뚱뚱하지 않은 아이의 경우에는 어떻게 해야하나요?
순환급식을 하기에는 피부병이 심해서 사료는 10년째 같은 걸로 먹이고 있습니다...간식도 아예 못 먹이구요ㅠㅠ이제 13살 정도 되었는데 정말 너무 고민이라서요 밥을 다른 것과 섞어줄 수도 없고 사료를 바꿀 수도 없고 제한급식을 시킬 수도 없고 제발 도와주세요,,,,요즘 아기 생각 때문에 일상생활이 안되네요",2026-09-16,강아지 편식,미상,,page,explore,2026-09-28T11:35:17
youtube,https://www.youtube.com/watch?v=zMsf6-ZwWX4&lc=UgyCeRZt4p4J1VkZ_Fh4AaABAg,6be94d38f144ba59,"식탐 제로 강아지, 이렇게 하면 됩니다! 🐷l 1문 1답 Q&A l 설채현 행동학 수의사",입에다 억지로 사료 한알 넣어줬다 뱉엍다가 반복하면 그재야 몇알 먹어요 하 ... 돌아버리겠어요 진짜 굶기면 공복토하고 힘들어하고 돌아버리겠어요 😢 제한급식 해봤는데 진짜 너무너무 안먹어요 에휴 ... 사료를 진짜 엄청 많아 바꿨는데도 안먹어요 ㅠㅠ 에휴 ...,2026-09-11,강아지 편식,미상,,page,explore,2026-09-28T11:35:17
youtube,https://www.youtube.com/watch?v=zMsf6-ZwWX4&lc=Ugw4FuBR6vbDJKiJozt4AaABAg,b6074ae4e358acc2,"식탐 제로 강아지, 이렇게 하면 됩니다! 🐷l 1문 1답 Q&A l 설채현 행동학 수의사",사료안먹어서 토핑올려서 먹이는데 그것마저 같은토핑 이틀먹으면 안먹어버림 ㅡㅡ이것저것먹이기엔 알러지도심하고ㅜㅜ,2026-07-07,강아지 편식,미상,,page,explore,2026-09-28T11:35:17
youtube,https://www.youtube.com/watch?v=zMsf6-ZwWX4&lc=UgwGUCK5VeXPQ3yQ0Th4AaABAg,7e610b8af5a6675d,"식탐 제로 강아지, 이렇게 하면 됩니다! 🐷l 1문 1답 Q&A l 설채현 행동학 수의사","습식사료도 안먹고 노래춤추면서 사료 이리저리 던지며 먹게하는것도 지치고 순살소고기 익혀서 주는것도 2번이면 땡이고~굶기니 공복토하고 ᆢ이뻐서 화내고 때려줄수도 없고 ᆢ며칠씩 굶기는건 큰용기가 필요할것 같아요
울애기는 비숑프리제 3킬로 ᆢ거기다 애기때 여기저기 파양된 아이라;;;;사랑 듬뿍 주면 키우고 싶은데 뜻대로 안되네요",2026-06-18,강아지 편식,화식,,page,explore,2026-09-28T11:35:17
youtube,https://www.youtube.com/watch?v=zMsf6-ZwWX4&lc=Ugx56Q8M-ht5dc2tv854AaABAg,faa84e26461515cf,"식탐 제로 강아지, 이렇게 하면 됩니다! 🐷l 1문 1답 Q&A l 설채현 행동학 수의사",다 먹여봐도 안먹으면요?… 그리고 알러지가 심해서 제외하고 나면 몇개 없는데 습식 건식 반건식 호ㅓ식 생식 다 안되면 어떡해요?????,2026-06-09,강아지 편식,생식,,page,explore,2026-09-28T11:35:17
youtube,https://www.youtube.com/watch?v=zMsf6-ZwWX4&lc=Ugx8qTcaAuY83JXZUAV4AaABAg,3de11c8a148660a6,"식탐 제로 강아지, 이렇게 하면 됩니다! 🐷l 1문 1답 Q&A l 설채현 행동학 수의사",울집상전은..소고기도 안먹는..사료계의 에르메스라 불리는 사료도 줘도 뱉어버림..이틀굶겼더니 토하고 울남편이 못견딤..결국 찾아낸게 닭가슴살 바싹건조한거..첨가물1도 안들어간거라 사료값은 비교가안됨..과일도 감.배 만먹음.사과뱉어버림.종합비타민이랑 오메가3랑 기관지영양제는 또먹음..피검자주하는수밖에..울아들식단만큼 얘신경써야함..,2026-02-02,강아지 편식,미상,,page,explore,2026-09-28T11:35:17
youtube,https://www.youtube.com/watch?v=LUEFpaGbm2k&lc=UgzPYdPwROQ1mFI69-F4AaABAg,ce7c6b1c8c12b708,수의사들이 🐶내새끼 평민 사료 먹이는 이유. 사료 등급표 저거 맞아❓ #강아지사료 #강아지 #강아지일상 #고양이집사 #수의사 #티어리스트,하림 안먹던데... ㅠㅠ,2026-09-10,강아지 사료 바꾸기,미상,,page,explore,2026-09-28T11:35:23
youtube,https://www.youtube.com/watch?v=LUEFpaGbm2k&lc=Ugwqz0OElfw46IYOeV94AaABAg,24950826b4be161d,수의사들이 🐶내새끼 평민 사료 먹이는 이유. 사료 등급표 저거 맞아❓ #강아지사료 #강아지 #강아지일상 #고양이집사 #수의사 #티어리스트,4냥이 키우는데 로얄캐닌은 턱드름 폭팔이었고 힐스는 한마리가 계속 설사 파티해서 ㅠㅠ비싼게 좋은것만은 아니구나 느꼈음,2026-09-07,강아지 사료 바꾸기,건사료,,page,explore,2026-09-28T11:35:23
youtube,https://www.youtube.com/watch?v=LUEFpaGbm2k&lc=Ugzimd3UjcK7urUNtNl4AaABAg,a19f1df468dbf403,수의사들이 🐶내새끼 평민 사료 먹이는 이유. 사료 등급표 저거 맞아❓ #강아지사료 #강아지 #강아지일상 #고양이집사 #수의사 #티어리스트,나도 네발 먹이는데 영상 보다가 수의사님이 저거 먹이신다고 하셔서 마음이 편해졌음,2026-09-05,강아지 사료 바꾸기,미상,,page,explore,2026-09-28T11:35:23
youtube,https://www.youtube.com/watch?v=LUEFpaGbm2k&lc=UgzJ9op2gjFDFQ_H2eZ4AaABAg,e627c09ccbe16164,수의사들이 🐶내새끼 평민 사료 먹이는 이유. 사료 등급표 저거 맞아❓ #강아지사료 #강아지 #강아지일상 #고양이집사 #수의사 #티어리스트,"협회에서 안 보호해준다
평가질하다 사료 형님들 눈에 띄면 줄소송이다",2026-09-02,강아지 사료 바꾸기,미상,,page,explore,2026-09-28T11:35:23
youtube,https://www.youtube.com/watch?v=LUEFpaGbm2k&lc=Ugx5K303w0Gr9Axv1Lp4AaABAg,cd7e3f6d55df90c3,수의사들이 🐶내새끼 평민 사료 먹이는 이유. 사료 등급표 저거 맞아❓ #강아지사료 #강아지 #강아지일상 #고양이집사 #수의사 #티어리스트,"고양이, 강아지 키우는데, 사료 유목민으로 전전하다 결국은 모두 파미나에 정착함",2026-08-23,강아지 사료 바꾸기,미상,,page,explore,2026-09-28T11:35:23
youtube,https://www.youtube.com/watch?v=LUEFpaGbm2k&lc=UgweYWZc9QmKKtYAJBt4AaABAg,41a8867e976b3562,수의사들이 🐶내새끼 평민 사료 먹이는 이유. 사료 등급표 저거 맞아❓ #강아지사료 #강아지 #강아지일상 #고양이집사 #수의사 #티어리스트,저는 돌고돌아 결국은 로얄캐닌. 노예급이래도 로얄캐닌 먹일때가 제일 컨디션이 좋아요 ㅠㅠ,2026-08-22,강아지 사료 바꾸기,건사료,,page,explore,2026-09-28T11:35:23
youtube,https://www.youtube.com/watch?v=PYgc8hnDCtw&lc=UgwOX2IlMPc9JDFncZ94AaABAg,d2b88a2485417487,수의사가 알려주는 올바른 사료 보관법 강아지 고양이,개잘생겻네,2026-08-25,사료 보관 눅눅,미상,,page,storage,2026-09-28T11:35:36
youtube,https://www.youtube.com/watch?v=PYgc8hnDCtw&lc=UgworS1qSqit8fLr0ft4AaABAg,9dc8127eaa351c96,수의사가 알려주는 올바른 사료 보관법 강아지 고양이,결국 진공통에 봉지채 보관함...,2026-08-22,사료 보관 눅눅,미상,,page,storage,2026-09-28T11:35:36
youtube,https://www.youtube.com/watch?v=PYgc8hnDCtw&lc=UgzYf6w91GzREWWcXWd4AaABAg,28ffeef671f740c3,수의사가 알려주는 올바른 사료 보관법 강아지 고양이,냉장고는 사막보다 건조한곳인데;;,2026-08-01,사료 보관 눅눅,미상,,page,storage,2026-09-28T11:35:36
youtube,https://www.youtube.com/watch?v=PYgc8hnDCtw&lc=UgxY5RNcRnvcVnWAWrd4AaABAg,ca0cfb990b72442d,수의사가 알려주는 올바른 사료 보관법 강아지 고양이,진공 쌀통에 습기제거제 넣어서 보관해요. 여름에는 꼭..,2026-07-26,사료 보관 눅눅,미상,,page,storage,2026-09-28T11:35:36
youtube,https://www.youtube.com/watch?v=PYgc8hnDCtw&lc=Ugxpu1n7PP1c04-UBOJ4AaABAg,8fd083a13d199124,수의사가 알려주는 올바른 사료 보관법 강아지 고양이,"홈 메이드 레시피 영상도 
부탁드려요🎉",2026-06-22,사료 산패,미상,,page,storage,2026-09-28T11:35:41
youtube,https://www.youtube.com/watch?v=PYgc8hnDCtw&lc=Ugyux6ZuAq2reRxeRTh4AaABAg,7ff0e852536940ea,수의사가 알려주는 올바른 사료 보관법 강아지 고양이,육포는요?,2026-06-02,사료 산패,미상,,page,storage,2026-09-28T11:35:41
youtube,https://www.youtube.com/watch?v=PYgc8hnDCtw&lc=UgzSKojvlTpeRfDGVHV4AaABAg,00a79f1ec33ba850,수의사가 알려주는 올바른 사료 보관법 강아지 고양이,헉 하면서 왔는데 정상적으로 보관하고 있었군,2026-05-22,사료 산패,미상,,page,storage,2026-09-28T11:35:41
youtube,https://www.youtube.com/watch?v=PYgc8hnDCtw&lc=Ugzw0uZ2tH_vNUSuFTN4AaABAg,4d8b6563175c28df,수의사가 알려주는 올바른 사료 보관법 강아지 고양이,아. 다른통 옮겨담았는데 헉,2026-05-17,사료 산패,미상,,page,storage,2026-09-28T11:35:41
youtube,https://www.youtube.com/watch?v=Vl9xvuRCLy4&lc=UgwROnIV-LIo1NuRdKh4AaABAg,faa98dab431dfd82,7일 동안 개 사료만 먹으면 생기는 일,ㅁ멍멍망~~••~•~,2026-09-01,사료 벌레,미상,,page,storage,2026-09-28T11:35:46
youtube,https://www.youtube.com/watch?v=Vl9xvuRCLy4&lc=UgwOHZba2pRSEi33bnl4AaABAg,f7f9a59ac9f3905e,7일 동안 개 사료만 먹으면 생기는 일,우리 강아지들 지위픽 눈돌아가서 환장하는뎈ㅋㅋ개 ㅈ같다고 하니까 좀 신기하넹,2026-08-30,사료 벌레,미상,,page,storage,2026-09-28T11:35:46
youtube,https://www.youtube.com/watch?v=Vl9xvuRCLy4&lc=UgxU0E5usKH0LY1_odV4AaABAg,efe6200fc2b970f6,7일 동안 개 사료만 먹으면 생기는 일,개사료랑 개밥그릇인데 우유 말아서 왜 숟가락으러 드세요?? ㅋㅋㅋㅋㅋㅋㅋㅋㅋㅋㅋㅋㅋㅋ,2026-08-23,사료 벌레,미상,,page,storage,2026-09-28T11:35:46
youtube,https://www.youtube.com/watch?v=Vl9xvuRCLy4&lc=Ugw2-u6AruxrNmDA7Sp4AaABAg,96804c33141f2cd0,7일 동안 개 사료만 먹으면 생기는 일,개밥을 인간이 먹으면 개같은밥이 된다,2026-08-17,사료 벌레,미상,,page,storage,2026-09-28T11:35:46
youtube,https://www.youtube.com/watch?v=UeQc6pK2q5I&lc=Ugxq1glzmJYTuSToL8p4AaABAg,3f91cd7f583a4f20,화식을 먹어야하는이유#강아지 #강아지화식#강아지자연식,"수의사중에는 사료가 충분하다고 하는 분들도 있음.
그냥 지 하고 픈대로 먹이면 됌. 화식먹는애들은 비만인 경우가 많아서 그런듯.",2026-08-22,생식 냉동 보관,화식,,page,storage,2026-09-28T11:35:50
youtube,https://www.youtube.com/watch?v=UeQc6pK2q5I&lc=Ugz74lcdz9h4sXdalLd4AaABAg,d963c941a7a6ab2c,화식을 먹어야하는이유#강아지 #강아지화식#강아지자연식,"화식이 건강에 더 좋은건 맞지만.. 어줍잖게 해서 주면 사료보다 못함 사료는 최소한 영양학적으로 포뮬러를 짜서 만들기라도 하지(제대로 만들어진 사료한해서) 그걸 일반인이 필요영양분을 넘치지도, 부족하지도 않게 맞춰서 주는게 가능은 함?",2026-08-21,생식 냉동 보관,화식,,page,storage,2026-09-28T11:35:50
youtube,https://www.youtube.com/watch?v=UeQc6pK2q5I&lc=UgzFs0lZpqDpkMxvJDx4AaABAg,ac81a89811769822,화식을 먹어야하는이유#강아지 #강아지화식#강아지자연식,사료를 꾸준하게 광고를 해야 동물병원이 살아남지요..아픈애들이 계속 올테니깐요,2026-08-17,생식 냉동 보관,화식,,page,storage,2026-09-28T11:35:50
youtube,https://www.youtube.com/watch?v=UeQc6pK2q5I&lc=Ugxi4SPgE2Za5pO-tFx4AaABAg,be4cee9b67263127,화식을 먹어야하는이유#강아지 #강아지화식#강아지자연식,이런 지식을 좀더 일찍알았으면 좋았을걸 애기때부터 사료 비싸고 좋은 프리미엄들만 찾아서 먹였는데 맛없는지 잘먹지도않았는데 최근에 여러 안좋은 병있어서 수술도하고 치료로 몇달동안 병원비 천만원 가까이 들었는데 이젠 아예 사료를 안먹어서 화식을 알게되서 먹였는데 잘먹고 기운도 차리고 건강해졌음 물론 닭가슴살이나 영양제도 따로 챙겨먹이긴하는데 일단 잘먹어서 너무 좋아요 일찍알았으면하고 후회중,2026-08-14,생식 냉동 보관,화식,,page,storage,2026-09-28T11:35:50
youtube,https://www.youtube.com/watch?v=ueDhQ-Q3AWo&lc=Ugw0bGdkA2i_ttn6C2R4AaABAg,4fbd57813145e74e,강아지 화식 만들기 🦮🐶🍗 #강아지화식 #화식 #homemadedogfood #dogfoodrecipe #견생일기 #강아지먹방,판매안하시나용,2026-08-23,생식 해동,화식,,page,storage,2026-09-28T11:35:55
youtube,https://www.youtube.com/watch?v=ueDhQ-Q3AWo&lc=UgzAak8v6itKCacF2Np4AaABAg,15ca53541daa8738,강아지 화식 만들기 🦮🐶🍗 #강아지화식 #화식 #homemadedogfood #dogfoodrecipe #견생일기 #강아지먹방,사료에 섞어주시나요?,2026-07-25,생식 해동,화식,,page,storage,2026-09-28T11:35:55
youtube,https://www.youtube.com/watch?v=ueDhQ-Q3AWo&lc=UgyYXzWavkJh-yZAAFJ4AaABAg,e03c7d964cedef6c,강아지 화식 만들기 🦮🐶🍗 #강아지화식 #화식 #homemadedogfood #dogfoodrecipe #견생일기 #강아지먹방,사람도 간해서 아침마다 한덩어리씩 먹으면 되겠다,2026-07-09,생식 해동,화식,,page,storage,2026-09-28T11:35:55
youtube,https://www.youtube.com/watch?v=ueDhQ-Q3AWo&lc=UgwpBZtv5c8g0hMb0iZ4AaABAg,7e6944eefd43bf6c,강아지 화식 만들기 🦮🐶🍗 #강아지화식 #화식 #homemadedogfood #dogfoodrecipe #견생일기 #강아지먹방,화식하고 간수치올라서 혼나고 왔어요. 이유를 모르겠네요.,2026-06-20,생식 해동,화식,,page,storage,2026-09-28T11:35:55
youtube,https://www.youtube.com/watch?v=UeQc6pK2q5I&lc=Ugx9UgcbvxWU4OGcYdB4AaABAg,4d9c7b21de13422e,화식을 먹어야하는이유#강아지 #강아지화식#강아지자연식,저희 아이한테 습식캔을 주기 시작했는데 눈꼽이 끼더라구요~ 그래도 응아상태는 좋아서 섞어주곤 있어요 화식+습식+사료 이렇게 줍니당,2026-07-31,화식 보관 기간,화식,,page,storage,2026-09-28T11:36:03
youtube,https://www.youtube.com/watch?v=UeQc6pK2q5I&lc=Ugy_fy207f2nxhKsBXh4AaABAg,9ba774f82ec6d242,화식을 먹어야하는이유#강아지 #강아지화식#강아지자연식,"사람들이 먹는 음식에 자극 적인 것과 간이 될 것 같은 음식만만  빼면 됩니다. 나의 어머니가 매일 그렇게 해 주고 먹이고 키웠더니, 올해로 26살인데 정말 노령견 인데도 불구하고 아무련 탈도 일어 나지 않았습니다.  매번 산책을 나갈 때 마다 사뭇 다른 강아지들이 뭇지 않게 정말 활기차게 잘 뛰어 다녀요..   한번씩 사람들이 마주칠때 마다 몇살이냐고 물어 보시는 데 26살이라고 하자 믿지를 않아요.. 오래전에 사료는 주어 봤지만 거들 떠 보지를 않고 그래서 습식 사료를 주어 봤는 데 반에 반만 먹고는 더 이상 먹지를 않더군요.. 강아지를 무척이나 좋아라 하시는 어머니는 외출을 하실 때 어버지와 나의 밥을 챙겨 주지는 않지만 강아지의 밥은 정말 철저하게 잘 챙겨 주시고 나가세요.. 그럴 때 마다 좀 그렇지만 하지만, 저의 가족이 모두 좋아라 하기에 그려러니 하고 넘어가요.. 그래서 엄마가 하는 말이 사람은 밥을 알아서 찾아 먹을 수 있지만 강아지는 주인이 챙겨 줘야 한다고.. 이따금 한번씩 병원에 건강 정검을 받으려 가면 의사 선생님도 놀라고 해요.. 그렇게도 노령견인데도 불구 하고 아무련 탈도 없이 이토록 건강하다는 것을요... 의사선생도 그 비법이 무엇 인지를 알려 달라고 물어 봅니다. 비법이라고 할 것도 없이 그냥 밥을 먹인다는 것 밖에는..",2026-07-30,화식 보관 기간,화식,,page,storage,2026-09-28T11:36:03
youtube,https://www.youtube.com/watch?v=UeQc6pK2q5I&lc=UgwVzbGm56gDXiJWx294AaABAg,36eaaf3258eda2f0,화식을 먹어야하는이유#강아지 #강아지화식#강아지자연식,맞는 말인데 얘는 자꾸 주사이모처럼 훈련사가 월권을 함 ㅋㅋ 영양학 수의사인줄 알겠노 ㅋㅋ 안락사나 약물치료 언급도 그렇고 훈련사는 훈련사 영역에 있어야지 영양학 수의사들 화식 컨설팅 보면 저렇게 쉽게 화식먹이라고 못한다 ㅋㅋ 해외 영양학 수의사들도 아직은 보수적으로 접근하는 게 생식이고 화식도 전문가랑 같이 해야한다고 그렇게 강조하는데,2026-07-24,화식 보관 기간,화식,,page,storage,2026-09-28T11:36:03
youtube,https://www.youtube.com/watch?v=UeQc6pK2q5I&lc=UgyW8-fhjD4QH9WjOUd4AaABAg,b29b2ce198f28c84,화식을 먹어야하는이유#강아지 #강아지화식#강아지자연식,반건조 사료도 사료죠..?ㅜ,2026-07-23,화식 보관 기간,화식,,page,storage,2026-09-28T11:36:03
youtube,https://www.youtube.com/watch?v=AeDC6hdGW48&lc=UgyVDL-FuZL1EecEbkB4AaABAg,3b125aa0ca34a585,강아지 사료 불릴 때 이렇게하면 실패안해요!,약간 띠뜻한게 좋을걸요,2026-03-20,자동급식기 사료 걸림,미상,,page,auto_feed,2026-09-28T11:36:26
youtube,https://www.youtube.com/watch?v=AeDC6hdGW48&lc=Ugz4D7iVxmj2HV-tc3V4AaABAg,d703d956a50882af,강아지 사료 불릴 때 이렇게하면 실패안해요!,넘 불리면 나중 치아문제 있을수 있ㅇ요,2026-03-20,자동급식기 사료 걸림,미상,,page,auto_feed,2026-09-28T11:36:26
youtube,https://www.youtube.com/watch?v=PYgc8hnDCtw&lc=UgxkrtLhnY3_ZvyKOi54AaABAg,e924c4b0a0d87254,수의사가 알려주는 올바른 사료 보관법 강아지 고양이,니 친구에게 말하냐? 반말로 영상 만드는 것들은 비호감임.,2026-03-19,습식 자동급식,미상,,page,auto_feed,2026-09-28T11:36:30
youtube,https://www.youtube.com/watch?v=PYgc8hnDCtw&lc=Ugx8fALTPPk8-ICUNYt4AaABAg,5b1137f720101542,수의사가 알려주는 올바른 사료 보관법 강아지 고양이,다른통 습기제거제 하는데 안좋을게 뭔가요?,2026-02-06,습식 자동급식,미상,,page,auto_feed,2026-09-28T11:36:30
youtube,https://www.youtube.com/watch?v=PYgc8hnDCtw&lc=Ugz-gqxsfFfoX6C8fXN4AaABAg,3ebcc1d9750336a9,수의사가 알려주는 올바른 사료 보관법 강아지 고양이,유통기간있나요,2026-02-03,습식 자동급식,미상,,page,auto_feed,2026-09-28T11:36:30
youtube,https://www.youtube.com/watch?v=PYgc8hnDCtw&lc=Ugz8-vmomL5q_ZJDR8B4AaABAg,7852cdf9aba7d06e,수의사가 알려주는 올바른 사료 보관법 강아지 고양이,그냥 실내보관해요 😅,2026-01-18,습식 자동급식,미상,,page,auto_feed,2026-09-28T11:36:30
youtube,https://www.youtube.com/watch?v=d8lu1YmAFHI&lc=Ugxgf2ANjQvrfF8Q87N4AaABAg,43f497c238d27748,강아지 밥 하루 몇번?,우리개는 말티즈인데 하루 한끼먹음 아침에 한끼주는데  안먹다가 점심즘 조금 저녁쯤 다먹음  4살인데 아직 3킬로 그램임,2026-08-10,출근 강아지 밥,미상,,page,auto_feed,2026-09-28T11:36:35
youtube,https://www.youtube.com/watch?v=d8lu1YmAFHI&lc=Ugw3Bvzu8O60hZNTAJR4AaABAg,40b75a0e17e10633,강아지 밥 하루 몇번?,개도 개마다 달라요.,2026-08-08,출근 강아지 밥,미상,,page,auto_feed,2026-09-28T11:36:35
youtube,https://www.youtube.com/watch?v=d8lu1YmAFHI&lc=Ugy7LKthK1InrHpk0zZ4AaABAg,a8173814bf400576,강아지 밥 하루 몇번?,하루 두번이 딱 좋다!!.,2026-07-04,출근 강아지 밥,미상,,page,auto_feed,2026-09-28T11:36:35
youtube,https://www.youtube.com/watch?v=d8lu1YmAFHI&lc=Ugy8X4R89fqcXbBpb3F4AaABAg,f92ea559105e41ae,강아지 밥 하루 몇번?,3번먹고 장수하는 개도 있어요,2026-06-30,출근 강아지 밥,미상,,page,auto_feed,2026-09-28T11:36:35
youtube,https://www.youtube.com/watch?v=aC4Mzx6Lyo4&lc=UgxZwxS6Ixu6P2593c54AaABAg,03360e2fbaf14f22,상다리 부러지게 강아지 밥차려주기,바삭거리는 식감 ㄴㅁ좋다…,2026-07-22,여행 강아지 밥 챙기기,미상,,page,auto_feed,2026-09-28T11:36:41
youtube,https://www.youtube.com/watch?v=aC4Mzx6Lyo4&lc=Ugwy7psNGYJ7Wr4ySxN4AaABAg,44fa456556a6947a,상다리 부러지게 강아지 밥차려주기,"열빙어 소리가 원래 이렇게 바삭하면서 좋았나요?저희 강쥐는 한입 꿀꺽이여서 소리를 못 들었네요😅
얼음 왤케 기여워!
루카 기여움1000000
달이 기여움 10000000
얼음 기여움 100000
식기 기여움1000
헐..기여움 왤케 많죠",2026-07-18,여행 강아지 밥 챙기기,미상,,page,auto_feed,2026-09-28T11:36:41
youtube,https://www.youtube.com/watch?v=aC4Mzx6Lyo4&lc=UgwmpXzjZEZAYzf6xuh4AaABAg,0cd66d48851be59c,상다리 부러지게 강아지 밥차려주기,이 슬로우 피더 또 사용해 주세용!!,2026-07-10,여행 강아지 밥 챙기기,미상,,page,auto_feed,2026-09-28T11:36:41
youtube,https://www.youtube.com/watch?v=aC4Mzx6Lyo4&lc=UgzTsh4VgOAnw_39VwB4AaABAg,0aa100fcf9956faf,상다리 부러지게 강아지 밥차려주기,햄버거패티류,2026-06-04,여행 강아지 밥 챙기기,미상,,page,auto_feed,2026-09-28T11:36:41
youtube,https://www.youtube.com/watch?v=0D4Vr2rfz28&lc=UgzjxkZsLmvjbEnZNYR4AaABAg,ef7e0dc2b1afaa91,강아지 고양이 올바른 사료 급여 횟수&방법 총정리! (자율급여? 제한급여? 하루 몇번?),말소리가 너무 울리고 빨라서 듣기가 힘드네요.,2026-03-07,강아지 급여 시간 규칙,미상,,page,auto_feed,2026-09-28T11:36:48
youtube,https://www.youtube.com/watch?v=YoEQk2MD0ys&lc=UgyPbrS2GQhnUvbZqM94AaABAg,aa47f833581e7ec9,강아지 밥주기 하루 2번이 위험한 이유 | 시간·양·횟수 완벽 가이드 | 강아지 사료양,"우리개가 요새 한끼만 먹어서 저는 걱정되던데.... 오후 5시즘 한번먹고,  밤엔 영양제간식 2가지만 먹고 잡니다.  아침되면  밥줘도 안먹어요..  그래서 영양간식만 조금줍니다. 요즘 보통 오후 5시에서 7시안에 첫끼를 먹습니다.. 1년 넘으니 마음이 변한건가 ~~",2026-07-02,강아지 급여 시간 규칙,미상,,page,auto_feed,2026-09-28T11:36:48
youtube,https://www.youtube.com/watch?v=YoEQk2MD0ys&lc=Ugzg2NLWo48YRV3VeJx4AaABAg,f897c3d75d97aa08,강아지 밥주기 하루 2번이 위험한 이유 | 시간·양·횟수 완벽 가이드 | 강아지 사료양,우리 아이에게 좋은 지식 감사합니다.,2026-03-07,강아지 급여 시간 규칙,미상,,page,auto_feed,2026-09-28T11:36:48
youtube,https://www.youtube.com/watch?v=TZnD0DGKHyo&lc=UgzEGExGS7WEZ4Zj3ch4AaABAg,ed4d4bcb4e811631,"반려견 사료와 간식의 급여 적정량, 아주 쉽게 판단하는 법ㅣ계산할 필요 없어요~😎","3개월 된 1kg 중성화 안 한 아기 강아지
RER100, DER200이 나오는데 맞게 계산한 걸까요?
맞다면 Kcal는 그램(g)으로는 어떻게 계산 하나요? 사료를 저울에 올려서 적정량을 맞춰주고 싶은데….",2026-07-26,강아지 급여량 계산,미상,,page,auto_feed,2026-09-28T11:36:58
youtube,https://www.youtube.com/watch?v=TZnD0DGKHyo&lc=UgyKei1a8-04UPn923x4AaABAg,d3e05d317f2e704a,"반려견 사료와 간식의 급여 적정량, 아주 쉽게 판단하는 법ㅣ계산할 필요 없어요~😎",이게 쉽게 계산한거냐?,2025-10-30,강아지 급여량 계산,미상,,page,auto_feed,2026-09-28T11:36:58
youtube,https://www.youtube.com/watch?v=zEq0rDngT_Q&lc=Ugy8rZGqd44oVY5yELZ4AaABAg,552db8fb297f6de5,사료양 종이컵 안되는 이유 | 강아지 고양이 사료 급여량 계산 저울 사료량 재는법,의도는 알겠는데유 덜 먹이는것 보다는 더 먹이는게 좋아요,2026-05-25,강아지 급여량 계산,미상,,page,auto_feed,2026-09-28T11:36:58
youtube,https://www.youtube.com/watch?v=zEq0rDngT_Q&lc=UgyiZ0E1mAGfzFSLkYd4AaABAg,14d0ecf05bdb236b,사료양 종이컵 안되는 이유 | 강아지 고양이 사료 급여량 계산 저울 사료량 재는법,늬미 ㅡㅡㅡ,2026-02-18,강아지 급여량 계산,미상,,page,auto_feed,2026-09-28T11:36:58
youtube,https://www.youtube.com/watch?v=tdjqQ0nb2zQ&lc=UgzX1DLQ3jUGPi5YSKV4AaABAg,0e53a6882227def1,16살 신부전 강아지 집 밥 만들어주는 영상,"➰동결건조 쭈꾸미 프로필링크에 13%OFF 오픈🐙
➰여행 다닐 때 좋은 바잇미 실리콘 팟과 각종 밥꾸간식 최저가 10/9 -ing
➰달루카먹는 제품들은 프로필 링크
또는 달루카곳간 에서 만나보실 수 있습니다",2025-10-06,생식 진공포장,미상,,page,vacuum,2026-09-28T11:37:03
youtube,https://www.youtube.com/watch?v=tdjqQ0nb2zQ&lc=Ugx5f1rFXbM3rQ5eBqh4AaABAg,192cfd90e1e66570,16살 신부전 강아지 집 밥 만들어주는 영상,여지껏 본 영상중에 정성 최고네요,2026-09-09,생식 진공포장,미상,,page,vacuum,2026-09-28T11:37:03
youtube,https://www.youtube.com/watch?v=tdjqQ0nb2zQ&lc=UgwlGCdbRU-arqBLlJ14AaABAg,e49248fb8183cc71,16살 신부전 강아지 집 밥 만들어주는 영상,"팔시면 사고 싶을 정도로 대단하시네요ㅠ
계획은 없으신가요?",2026-09-07,생식 진공포장,미상,,page,vacuum,2026-09-28T11:37:03
youtube,https://www.youtube.com/watch?v=tdjqQ0nb2zQ&lc=UgynaBGcw-HQlo_gh5h4AaABAg,eb7dc464874ef2cc,16살 신부전 강아지 집 밥 만들어주는 영상,저 삶는 저 기구 알려주실수없나요?,2026-08-29,생식 진공포장,미상,,page,vacuum,2026-09-28T11:37:03
youtube,https://www.youtube.com/watch?v=tdjqQ0nb2zQ&lc=Ugz2sD6DnzI9sh3rkKh4AaABAg,43f02e986acdbba8,16살 신부전 강아지 집 밥 만들어주는 영상,신부전 강아지 오리고기 괜찮나바요 메모메모,2026-08-28,생식 진공포장,미상,,page,vacuum,2026-09-28T11:37:03
youtube,https://www.youtube.com/watch?v=PYgc8hnDCtw&lc=Ugxfqh1JWx2MisVHrqN4AaABAg,fb6ef3ef121d0cc1,수의사가 알려주는 올바른 사료 보관법 강아지 고양이,그냥 먹이자,2025-12-17,사료 소분 진공,미상,,page,vacuum,2026-09-28T11:37:09
youtube,https://www.youtube.com/watch?v=PYgc8hnDCtw&lc=UgwV497XrN3RQPlxad14AaABAg,8afeba438f528e46,수의사가 알려주는 올바른 사료 보관법 강아지 고양이,"진공쌀통 사서 사료전용으로 사용중입니다 괜찮을까요?
습도조절도해주는데",2025-11-18,사료 소분 진공,미상,,page,vacuum,2026-09-28T11:37:09
youtube,https://www.youtube.com/watch?v=PYgc8hnDCtw&lc=UgxHHEaNKey3vH-mzrJ4AaABAg,ebab6b95900352a7,수의사가 알려주는 올바른 사료 보관법 강아지 고양이,이분은 왜 수의사가 되었나요?,2025-11-03,사료 소분 진공,미상,,page,vacuum,2026-09-28T11:37:09
youtube,https://www.youtube.com/watch?v=PYgc8hnDCtw&lc=Ugz9_IKqaKBONHubUxR4AaABAg,ed3b699fbb706e95,수의사가 알려주는 올바른 사료 보관법 강아지 고양이,"여름에는 냉장고  보관해야 되요
벌래들어가거나  장마철 곰팡이 생겨요",2025-10-27,사료 소분 진공,미상,,page,vacuum,2026-09-28T11:37:09
youtube,https://www.youtube.com/watch?v=PYgc8hnDCtw&lc=UgzUuLUZ5CcqLuErlpF4AaABAg,462e46c792cd8ace,수의사가 알려주는 올바른 사료 보관법 강아지 고양이,형 잘생겨서 얼굴만 보여요,2025-10-15,사료 소분 진공,미상,,page,vacuum,2026-09-28T11:37:09
youtube,https://www.youtube.com/watch?v=DaZDmojL6E4&lc=UgzZOJjlgB9bLq40UQF4AaABAg,520f8aaea31aa77d,"물그릇 첨벙거리는 강아지, 불만 있는 건가요?｜강형욱의 소소한 Q&A","저희집 가나디는 물놀이 가도 별로 안 신나하고 물을 안조아하는데 ,, 물그릇은 만만해(?)보여서 그런가 계~속 손으로 첨벙첨벙 거려요 앞발 다 젖고 물을 못주겠어여 한번 세숫대야에 물 담아서 놔줘볼게요 😂💕",2026-07-15,물그릇 엎음,미상,,page,water,2026-09-28T11:37:46
youtube,https://www.youtube.com/watch?v=JX0PUW8gpsg&lc=UgwHXOqhUlCfkoOeXIh4AaABAg,41cb5fc32d52da71,"강아지 물 잘 안 마실 때, 음수량 늘리는 꿀팁 3가지!","우리강아지도 얼음좋아하는데
물을자주바꿔줘야겠어요",2026-02-06,물 안 마시는 강아지,미상,,page,water,2026-09-28T11:37:55
youtube,https://www.youtube.com/watch?v=JX0PUW8gpsg&lc=Ugwf653gJg-xyNi1GYV4AaABAg,bdc2c78c842f5a2e,"강아지 물 잘 안 마실 때, 음수량 늘리는 꿀팁 3가지!",1살 강아지  하루 물 용량 얼마 먹여야 될가요  감사합니다😂,2026-01-09,물 안 마시는 강아지,미상,,page,water,2026-09-28T11:37:55
youtube,https://www.youtube.com/watch?v=JX0PUW8gpsg&lc=UgwzUMte-FRotFYUvcp4AaABAg,1b5dce8ced1e001a,"강아지 물 잘 안 마실 때, 음수량 늘리는 꿀팁 3가지!",살이 넘찌면  어쩌나요,2026-01-09,물 안 마시는 강아지,미상,,page,water,2026-09-28T11:37:55
youtube,https://www.youtube.com/watch?v=JX0PUW8gpsg&lc=Ugw7z9JvbPx5HWluq1h4AaABAg,eb63386f977e05fa,"강아지 물 잘 안 마실 때, 음수량 늘리는 꿀팁 3가지!",물 온도를 빼면 상상도 못했어요…,2025-12-12,물 안 마시는 강아지,미상,,page,water,2026-09-28T11:37:55
youtube,https://www.youtube.com/watch?v=CI5RrY-s0Lg&lc=UgwMs9lbwzNMIqkRF2B4AaABAg,2694bfd6f17a9bd4,"여름 더위 식히는 방법, 음수량 꿀팁 (물에 이걸 넣으면 강아지가 건강해져요 ) | 멍터뷰 ep.93",영상에 오류가 있어 재업로드 했습니다! 더운 여름철 강아지 음수량 꼭 채워주세요🙋‍♂️🐶,2026-07-08,강아지 음수량,미상,,page,water,2026-09-28T11:38:02
youtube,https://www.youtube.com/watch?v=CI5RrY-s0Lg&lc=UgyCrCsdlc9334bCqwR4AaABAg,d1e2433b9589c04e,"여름 더위 식히는 방법, 음수량 꿀팁 (물에 이걸 넣으면 강아지가 건강해져요 ) | 멍터뷰 ep.93","곡물 알러지있는 강쥐인데, 보리차 안괜찮겠죠!?",2026-08-09,강아지 음수량,미상,,page,water,2026-09-28T11:38:02
youtube,https://www.youtube.com/watch?v=CI5RrY-s0Lg&lc=UgxcvrfM9-3jJzTZKcl4AaABAg,491cbb2551eccc95,"여름 더위 식히는 방법, 음수량 꿀팁 (물에 이걸 넣으면 강아지가 건강해져요 ) | 멍터뷰 ep.93",물그릇에 채워져 있어도 너무 더워서 그런지 저희 먹는 컵에 찬물 핥아 먹더라고요ㅋㅋㅋ 어떻게 조절해야 할지 고민은 되네요ㅜ,2026-08-04,강아지 음수량,미상,,page,water,2026-09-28T11:38:02
youtube,https://www.youtube.com/watch?v=CI5RrY-s0Lg&lc=Ugx7_2rBPXlKE1p4uwp4AaABAg,b48fd883660c2473,"여름 더위 식히는 방법, 음수량 꿀팁 (물에 이걸 넣으면 강아지가 건강해져요 ) | 멍터뷰 ep.93",좋은 정보 감사합니다. 제 강아지가 밖에서 절대로 물을 안 마시는데 설명 듣고 안심 됐어요. ❤,2026-07-30,강아지 음수량,미상,,page,water,2026-09-28T11:38:02
youtube,https://www.youtube.com/watch?v=CI5RrY-s0Lg&lc=UgyyZZKQVF-TGdZ87Vp4AaABAg,2c60809b4dcb8834,"여름 더위 식히는 방법, 음수량 꿀팁 (물에 이걸 넣으면 강아지가 건강해져요 ) | 멍터뷰 ep.93","애기때는 많이 먹더니 산책 다녀와서도 물을 안먹더라구
1년동안 바빠서 아침 저녁으로만  사료와 화식에 물 타서 급여했는데 음수량이 부족했는지 4살때 건강검진으로 작은 돌이 발견되서 약먹고 처방사료와 음수량 늘리고 3주뒤에 초음파 받고 없어졌더라구요 
음수량 정말 중요 ㅠ
하루 3~4번 물추가해서 줍니다...2번정도는 사료에 물이나 사람먹는 락토프리 우유주고 있어요
스스로 안먹는 아이는 어쩔수가 없어요ㅠ",2026-07-21,강아지 음수량,화식,,page,water,2026-09-28T11:38:02
youtube,https://www.youtube.com/watch?v=nNGGb9I5V0w&lc=UgwV5NA3COmaKLZtV2t4AaABAg,2b32efdca7565e7a,강아지 정수기 물 급여가 과연 최선일까요? 🤔🚰 l 1문 1답 Q&A l 설채현 행동학 수의사,그냥  제발 유난 쳐떨지말고..아무거나 맥여라...그냥 수돗물 맥여라,2026-09-12,강아지 정수기 세척,미상,,page,water,2026-09-28T11:38:09
youtube,https://www.youtube.com/watch?v=nNGGb9I5V0w&lc=UgxDuv2TLAOuBwpr_ZV4AaABAg,8876bce583bc26d2,강아지 정수기 물 급여가 과연 최선일까요? 🤔🚰 l 1문 1답 Q&A l 설채현 행동학 수의사,3년째 생수먹이다가 문득 궁금해서 생수랑 수돗물을 동시에 놓아봤더니 수돗물만 먹네요,2026-07-24,강아지 정수기 세척,미상,,page,water,2026-09-28T11:38:09
youtube,https://www.youtube.com/watch?v=nNGGb9I5V0w&lc=UgyFiw6aIOPTXYBqap54AaABAg,24047cfe9b0f802f,강아지 정수기 물 급여가 과연 최선일까요? 🤔🚰 l 1문 1답 Q&A l 설채현 행동학 수의사,안티몬은 보통 플라스틱생수에서 나올듯.,2026-06-16,강아지 정수기 세척,미상,,page,water,2026-09-28T11:38:09
youtube,https://www.youtube.com/watch?v=AmMJ6jqKuOY&lc=Ugy4vkRlMVr6h8mHQYN4AaABAg,b55af179fca72e2d,대부분 모르는 강아지 물그릇 잘 고르는 방법,우리 강아지 비숑인데 어떤거사주지 ㅜ,2026-08-14,물그릇 물때,미상,,page,water,2026-09-28T11:38:14
youtube,https://www.youtube.com/watch?v=AmMJ6jqKuOY&lc=UgyCqulikHz7eRGvVbx4AaABAg,d3c3b26d26c3d156,대부분 모르는 강아지 물그릇 잘 고르는 방법,강쥐 밥그릇,2026-08-11,물그릇 물때,미상,,page,water,2026-09-28T11:38:14
youtube,https://www.youtube.com/watch?v=AmMJ6jqKuOY&lc=Ugxrttgq3myOEnZBtZd4AaABAg,25b2a4f3fbadd187,대부분 모르는 강아지 물그릇 잘 고르는 방법,높이 조절 되는 밥그릇이면 비케몰 강아지밥그릇 싸고 괜찮습니다 그릇도 커요,2026-08-11,물그릇 물때,미상,,page,water,2026-09-28T11:38:14
youtube,https://www.youtube.com/watch?v=AmMJ6jqKuOY&lc=UgyOf4xUOasUqfrwdV54AaABAg,7af8c5c471f2e9e0,대부분 모르는 강아지 물그릇 잘 고르는 방법,물그릇구매하고픈데요  견종은포메예요,2025-12-29,물그릇 물때,미상,,page,water,2026-09-28T11:38:14
youtube,https://www.youtube.com/watch?v=AmMJ6jqKuOY&lc=UgzysNRF7aTmvpNakpt4AaABAg,c034c7202d4aabf2,대부분 모르는 강아지 물그릇 잘 고르는 방법,"미니비숑은요오???ㅠㅠ 첫 멍뭉이라 도와주세요오
이제막 3개월 넘었어요오",2025-11-08,물그릇 물때,미상,,page,water,2026-09-28T11:38:14
youtube,https://www.youtube.com/watch?v=ilVF0VAPDeg&lc=UgxbMGbAjouE_3GgTJV4AaABAg,00c7af91ca7213d8,"강아지 밥 퀄리티 무엇,, 푸짐하게 개 밥 차려주기 1시간 모음집 l 토킹ver l 강아지 외식 영상 모음집",1시간 모음집만 기다려요ㅠㅠ 요즘 제 작업친구네요,2026-03-09,강아지 밥 챙기기,미상,,page,explore,2026-09-28T14:40:19
youtube,https://www.youtube.com/watch?v=ilVF0VAPDeg&lc=UgwlAcSVpz40rXLmhUB4AaABAg,a22f7ff96efb6a78,"강아지 밥 퀄리티 무엇,, 푸짐하게 개 밥 차려주기 1시간 모음집 l 토킹ver l 강아지 외식 영상 모음집",와 너무 사랑해요 항상 감사합니다,2026-03-08,강아지 밥 챙기기,미상,,page,explore,2026-09-28T14:40:19
youtube,https://www.youtube.com/watch?v=ilVF0VAPDeg&lc=UgyU_V9ArfBRPHn6Jkx4AaABAg,940e6b3481cad8ed,"강아지 밥 퀄리티 무엇,, 푸짐하게 개 밥 차려주기 1시간 모음집 l 토킹ver l 강아지 외식 영상 모음집","1시간 정말 감사해요🥹 밥먹을때마다 이쁜 달루카 보면서 시간 순삭…
25:08 갠적으로 그라나타 캔 질감이 정말 최애🤤🤤",2026-03-07,강아지 밥 챙기기,미상,,page,explore,2026-09-28T14:40:19
youtube,https://www.youtube.com/watch?v=ilVF0VAPDeg&lc=Ugwh7Dax5lSZFqb_zGZ4AaABAg,2308e0c6ee7a4e4d,"강아지 밥 퀄리티 무엇,, 푸짐하게 개 밥 차려주기 1시간 모음집 l 토킹ver l 강아지 외식 영상 모음집",한시간 모음집....너무 조아용❤,2026-03-07,강아지 밥 챙기기,미상,,page,explore,2026-09-28T14:40:19
youtube,https://www.youtube.com/watch?v=ilVF0VAPDeg&lc=UgyESUSXS1WnNdqzzz54AaABAg,4eed192ed3191fd0,"강아지 밥 퀄리티 무엇,, 푸짐하게 개 밥 차려주기 1시간 모음집 l 토킹ver l 강아지 외식 영상 모음집",기다렸던 한시간모음집 ..! 감사합니다!,2026-03-07,강아지 밥 챙기기,미상,,page,explore,2026-09-28T14:40:19
youtube,https://www.youtube.com/watch?v=ilVF0VAPDeg&lc=Ugwio5VCu8Ze1Kueohl4AaABAg,9dbecd6449a96088,"강아지 밥 퀄리티 무엇,, 푸짐하게 개 밥 차려주기 1시간 모음집 l 토킹ver l 강아지 외식 영상 모음집",헐 모음집 너무 기다렸어요... 조만간 롱폼도..😉😉,2026-03-07,강아지 밥 챙기기,미상,,page,explore,2026-09-28T14:40:19
youtube,https://www.youtube.com/watch?v=ilVF0VAPDeg&lc=Ugy4U2VaNc4HRkCh6K14AaABAg,a23caed1fee7d671,"강아지 밥 퀄리티 무엇,, 푸짐하게 개 밥 차려주기 1시간 모음집 l 토킹ver l 강아지 외식 영상 모음집",드디어 드디어 드디어!!! 1시간짜리 영상을 정말 기대했는데 또 다른 잠친구가 생겨서 너무 좋아요... 이번 영상도 nn회 돌리기 필수! 정말 감사합니다 ㅠㅠ!,2026-03-07,강아지 밥 챙기기,미상,,page,explore,2026-09-28T14:40:19
youtube,https://www.youtube.com/watch?v=ilVF0VAPDeg&lc=Ugw7ZpuFC8gA7te9yiZ4AaABAg,094252b94879ef8c,"강아지 밥 퀄리티 무엇,, 푸짐하게 개 밥 차려주기 1시간 모음집 l 토킹ver l 강아지 외식 영상 모음집","쇼츠 볼 때마다 귀찮았는데, 누워서 멍때라고ㅜ보기 너무 좋아요",2026-03-07,강아지 밥 챙기기,미상,,page,explore,2026-09-28T14:40:19
youtube,https://www.youtube.com/watch?v=ilVF0VAPDeg&lc=UgzdyqIEVDuWbEPdNBZ4AaABAg,a10ddccb7e8d46b0,"강아지 밥 퀄리티 무엇,, 푸짐하게 개 밥 차려주기 1시간 모음집 l 토킹ver l 강아지 외식 영상 모음집","달이 너무 귀욥다...
선생님 목소리 너무 듣기 좋아서 매일 자기전에 밥먹을 때 영상 보고있어요ㅠㅠ 이전 영상 마르고 닳도록 보고있었는데 뉴 모음집 넘나 감사합니다ㅜ",2026-03-06,강아지 밥 챙기기,미상,,page,explore,2026-09-28T14:40:19
youtube,https://www.youtube.com/watch?v=ilVF0VAPDeg&lc=UgwZCK5WlENjb2pKmIx4AaABAg,cc0bbf23209aca31,"강아지 밥 퀄리티 무엇,, 푸짐하게 개 밥 차려주기 1시간 모음집 l 토킹ver l 강아지 외식 영상 모음집",강아지 밥인데 맛있어 보임ㅜㅜ,2026-03-06,강아지 밥 챙기기,미상,,page,explore,2026-09-28T14:40:19
youtube,https://www.youtube.com/watch?v=ilVF0VAPDeg&lc=UgzDF-8Ft4cbqR0YOVF4AaABAg,cfe981d183cb99e9,"강아지 밥 퀄리티 무엇,, 푸짐하게 개 밥 차려주기 1시간 모음집 l 토킹ver l 강아지 외식 영상 모음집",오늘의 잠친구는 이 영상이닷!❤,2026-03-06,강아지 밥 챙기기,미상,,page,explore,2026-09-28T14:40:19
youtube,https://www.youtube.com/watch?v=ilVF0VAPDeg&lc=UgxGu6Oi4OY06V35uU94AaABAg,1c95fb62e7253f24,"강아지 밥 퀄리티 무엇,, 푸짐하게 개 밥 차려주기 1시간 모음집 l 토킹ver l 강아지 외식 영상 모음집",3빠 개 따끈하다아!! ㄹㅇ 깡아들 깨물어주고 싶음ㅠㅠ,2026-03-06,강아지 밥 챙기기,미상,,page,explore,2026-09-28T14:40:19
youtube,https://www.youtube.com/watch?v=ilVF0VAPDeg&lc=Ugxq3gwVx9BUYH_xgwx4AaABAg,c2577d102a53e22f,"강아지 밥 퀄리티 무엇,, 푸짐하게 개 밥 차려주기 1시간 모음집 l 토킹ver l 강아지 외식 영상 모음집",2빠..!! 강아지들 넘 귀여워여..!!,2026-03-06,강아지 밥 챙기기,미상,,page,explore,2026-09-28T14:40:19
youtube,https://www.youtube.com/watch?v=ilVF0VAPDeg&lc=UgwWU5D4AxAdM55dtqh4AaABAg,6490fbb29ee1659e,"강아지 밥 퀄리티 무엇,, 푸짐하게 개 밥 차려주기 1시간 모음집 l 토킹ver l 강아지 외식 영상 모음집",1빠!! 항상 잘보고 있어요!!!,2026-03-06,강아지 밥 챙기기,미상,,page,explore,2026-09-28T14:40:19
youtube,https://www.youtube.com/watch?v=xBal79fFsCI&lc=UgzghXyhqwNTpbRiV814AaABAg,0e9ce90dc1b80c2b,[#고독한훈련사] 이제 개밥도 먹는 개통령🤤 강아지 밥 보면서 침 흘리긴 처음이야💦 황태굴국밥이 최애인 소피의 자연식,강아지 화식책나옴좋겠네요,2026-07-12,강아지 밥 챙기기,화식,,page,explore,2026-09-28T14:40:19
youtube,https://www.youtube.com/watch?v=s_onRp5kbQg&lc=Ugy3SfgNVmhMHs5xNE54AaABAg,4a16ec3a169004cf,"개통령은 뭘 먹일까? 24년 만에 완성한 반려견 식단. 싹 다 공개합니다.[철저한내돈내산,무료광고,육해공맛집,나보다잘먹음]",음..나보다 건강하게 잘먹는당ㅋㅋㅋㅋ,2026-09-21,강아지 밥 챙기기,미상,,page,explore,2026-09-28T14:40:19
youtube,https://www.youtube.com/watch?v=s_onRp5kbQg&lc=UgxnzHrIBWZYe9uv0fR4AaABAg,7f5f577685bec9ef,"개통령은 뭘 먹일까? 24년 만에 완성한 반려견 식단. 싹 다 공개합니다.[철저한내돈내산,무료광고,육해공맛집,나보다잘먹음]",혹시 제가 소형인으로 들어갈 수는 없을가요,2026-09-06,강아지 밥 챙기기,미상,,page,explore,2026-09-28T14:40:19
youtube,https://www.youtube.com/watch?v=s_onRp5kbQg&lc=UgxQjjmrVC3sIpP4D494AaABAg,6a5cb688e163f118,"개통령은 뭘 먹일까? 24년 만에 완성한 반려견 식단. 싹 다 공개합니다.[철저한내돈내산,무료광고,육해공맛집,나보다잘먹음]",2026년 판 부탁드려요~🙏,2026-08-29,강아지 밥 챙기기,미상,,page,explore,2026-09-28T14:40:19
youtube,https://www.youtube.com/watch?v=s_onRp5kbQg&lc=UgzVlBkbtetzcK1Jadh4AaABAg,33693c7d77dcd3f4,"개통령은 뭘 먹일까? 24년 만에 완성한 반려견 식단. 싹 다 공개합니다.[철저한내돈내산,무료광고,육해공맛집,나보다잘먹음]",내 식비가 100이 안되는데 예?? 300이요?? ㅎㄷㄷㄷ,2026-08-27,강아지 밥 챙기기,미상,,page,explore,2026-09-28T14:40:19
youtube,https://www.youtube.com/watch?v=s_onRp5kbQg&lc=UgzFzAx0y3qA2ok_LI54AaABAg,d734abb63f79c8e4,"개통령은 뭘 먹일까? 24년 만에 완성한 반려견 식단. 싹 다 공개합니다.[철저한내돈내산,무료광고,육해공맛집,나보다잘먹음]",여조 문제 있는 영상들 터진거 보니까 자리를 뺏기신거였더라구요ㅜ,2026-08-24,강아지 밥 챙기기,미상,,page,explore,2026-09-28T14:40:19
youtube,https://www.youtube.com/watch?v=s_onRp5kbQg&lc=UgzwcoVXKhAEnVe5xXN4AaABAg,0e59c5aa38b5200f,"개통령은 뭘 먹일까? 24년 만에 완성한 반려견 식단. 싹 다 공개합니다.[철저한내돈내산,무료광고,육해공맛집,나보다잘먹음]",오 광고아닌광고 감사합니다 😮 좋은 정보 얻어 갑니다😊,2026-08-23,강아지 밥 챙기기,미상,,page,explore,2026-09-28T14:40:19
youtube,https://www.youtube.com/watch?v=s_onRp5kbQg&lc=UgxPuB0Vcpztd1AivzN4AaABAg,d432177a01646bcf,"개통령은 뭘 먹일까? 24년 만에 완성한 반려견 식단. 싹 다 공개합니다.[철저한내돈내산,무료광고,육해공맛집,나보다잘먹음]",강아지로 태어나도 좋은 세상 ❤,2026-08-23,강아지 밥 챙기기,미상,,page,explore,2026-09-28T14:40:19
youtube,https://www.youtube.com/watch?v=s_onRp5kbQg&lc=UgxShkEbGCS5hdtGUNl4AaABAg,7d365f6339601572,"개통령은 뭘 먹일까? 24년 만에 완성한 반려견 식단. 싹 다 공개합니다.[철저한내돈내산,무료광고,육해공맛집,나보다잘먹음]",내 식비는 한달 30만원인데...,2026-08-23,강아지 밥 챙기기,미상,,page,explore,2026-09-28T14:40:19
youtube,https://www.youtube.com/watch?v=s_onRp5kbQg&lc=UgwJ9J-xXjs1njLr80x4AaABAg,bd7d581dedf68647,"개통령은 뭘 먹일까? 24년 만에 완성한 반려견 식단. 싹 다 공개합니다.[철저한내돈내산,무료광고,육해공맛집,나보다잘먹음]",우와 인간보다 식비가 많이 들어가네요.,2026-08-19,강아지 밥 챙기기,미상,,page,explore,2026-09-28T14:40:19
youtube,https://www.youtube.com/watch?v=s_onRp5kbQg&lc=UgxgZRqjU1ZAmA31-2Z4AaABAg,08f9ebaa9d8f364a,"개통령은 뭘 먹일까? 24년 만에 완성한 반려견 식단. 싹 다 공개합니다.[철저한내돈내산,무료광고,육해공맛집,나보다잘먹음]","광고에 현혹 되지  마세요  
소신껏  적당한 사료와    자연식 골고루 섞어서   제철 음식 먹이면  됩니다     지들도  본능적으로  시른거  않먹고  좋은건   잘먹고   스스로  취향 입맛이   각각  있어요  
고런거  참작해서  조금 씩  주세요",2026-08-17,강아지 밥 챙기기,화식,,page,explore,2026-09-28T14:40:19
youtube,https://www.youtube.com/watch?v=s_onRp5kbQg&lc=Ugw_8gGpIvK0ShEy0Qx4AaABAg,e239f717e025634e,"개통령은 뭘 먹일까? 24년 만에 완성한 반려견 식단. 싹 다 공개합니다.[철저한내돈내산,무료광고,육해공맛집,나보다잘먹음]",이 형님도 훈련사이기전에 그저 강아지를 너무 너무 사랑하는 한명의 보호자일뿐...,2026-08-14,강아지 밥 챙기기,미상,,page,explore,2026-09-28T14:40:19
youtube,https://www.youtube.com/watch?v=s_onRp5kbQg&lc=UgzK01YelIVy1HHokVZ4AaABAg,7841a7afd007cf58,"개통령은 뭘 먹일까? 24년 만에 완성한 반려견 식단. 싹 다 공개합니다.[철저한내돈내산,무료광고,육해공맛집,나보다잘먹음]",우리 엄마가 나한테 주는 것보다 밥 훨씬 잘줌 ㄹㅇ,2026-08-09,강아지 밥 챙기기,미상,,page,explore,2026-09-28T14:40:19
youtube,https://www.youtube.com/watch?v=s_onRp5kbQg&lc=UgySPaL6S76qOZysIoR4AaABAg,d7727a9c285cb129,"개통령은 뭘 먹일까? 24년 만에 완성한 반려견 식단. 싹 다 공개합니다.[철저한내돈내산,무료광고,육해공맛집,나보다잘먹음]",난 한달에 20만원어치 먹는데.. 나보다 더 좋은거 먹어... 형욱님네 개들이..,2026-08-08,강아지 밥 챙기기,미상,,page,explore,2026-09-28T14:40:19
youtube,https://www.youtube.com/watch?v=s_onRp5kbQg&lc=UgxDmGtGH_nLx8GB8Jp4AaABAg,28a3e63877fa2e42,"개통령은 뭘 먹일까? 24년 만에 완성한 반려견 식단. 싹 다 공개합니다.[철저한내돈내산,무료광고,육해공맛집,나보다잘먹음]",7:36 여기 너무 당연하다는 듯 ···? 네! 이러는게 너무웃김 진짜 볼때마다,2026-08-06,강아지 밥 챙기기,미상,,page,explore,2026-09-28T14:40:19
youtube,https://www.youtube.com/watch?v=s_onRp5kbQg&lc=UgyQkdAb3pi4MS2egCN4AaABAg,a9cb54e5e78419b3,"개통령은 뭘 먹일까? 24년 만에 완성한 반려견 식단. 싹 다 공개합니다.[철저한내돈내산,무료광고,육해공맛집,나보다잘먹음]",최근 밥꾸 현황 보고싶다...,2026-08-04,강아지 밥 챙기기,미상,,page,explore,2026-09-28T14:40:19
youtube,https://www.youtube.com/watch?v=s_onRp5kbQg&lc=UgzMJ2MVxjNnAq4YLLl4AaABAg,1bfc69b7be8dad7a,"개통령은 뭘 먹일까? 24년 만에 완성한 반려견 식단. 싹 다 공개합니다.[철저한내돈내산,무료광고,육해공맛집,나보다잘먹음]",우리 아가가 밍크 만큼만 건강하면 좋겠다!! 배우고 갑니닷!,2026-08-03,강아지 밥 챙기기,미상,,page,explore,2026-09-28T14:40:19
youtube,https://www.youtube.com/watch?v=s_onRp5kbQg&lc=UgySNv6Jp8tgM62qQ2J4AaABAg,8966059fe996008f,"개통령은 뭘 먹일까? 24년 만에 완성한 반려견 식단. 싹 다 공개합니다.[철저한내돈내산,무료광고,육해공맛집,나보다잘먹음]",다음생엔 강형욱 강아지로 태어나야지..,2026-07-25,강아지 밥 챙기기,미상,,page,explore,2026-09-28T14:40:19
youtube,https://www.youtube.com/watch?v=s_onRp5kbQg&lc=Ugyv4rR02JgKK2HN_xB4AaABAg,e975ac0ce266f852,"개통령은 뭘 먹일까? 24년 만에 완성한 반려견 식단. 싹 다 공개합니다.[철저한내돈내산,무료광고,육해공맛집,나보다잘먹음]",금액부터 차이가.. 너무 나는데…,2026-07-23,강아지 밥 챙기기,미상,,page,explore,2026-09-28T14:40:19
youtube,https://www.youtube.com/watch?v=s_onRp5kbQg&lc=Ugz8TAV8imKM1C6ke3Z4AaABAg,7ca570398f494587,"개통령은 뭘 먹일까? 24년 만에 완성한 반려견 식단. 싹 다 공개합니다.[철저한내돈내산,무료광고,육해공맛집,나보다잘먹음]",잘 줘도 너무 잘주십니다,2026-07-21,강아지 밥 챙기기,미상,,page,explore,2026-09-28T14:40:19
youtube,https://www.youtube.com/watch?v=s_onRp5kbQg&lc=Ugz1pW1QinMNkGetFIx4AaABAg,b0aa541f100921f8,"개통령은 뭘 먹일까? 24년 만에 완성한 반려견 식단. 싹 다 공개합니다.[철저한내돈내산,무료광고,육해공맛집,나보다잘먹음]",사료통 너무 탐나는데 어디꺼에요?,2026-07-20,강아지 밥 챙기기,미상,,page,explore,2026-09-28T14:40:19
youtube,https://www.youtube.com/watch?v=s_onRp5kbQg&lc=Ugx0pRoGOosbvJ_K6T14AaABAg,586b953cf475fbaf,"개통령은 뭘 먹일까? 24년 만에 완성한 반려견 식단. 싹 다 공개합니다.[철저한내돈내산,무료광고,육해공맛집,나보다잘먹음]",우리애는 신장이 안좋아서 저런식단 주고싶어도 못주는 ㅠㅠ,2026-07-14,강아지 밥 챙기기,미상,,page,explore,2026-09-28T14:40:19
youtube,https://www.youtube.com/watch?v=s_onRp5kbQg&lc=UgxLh1BQnlZl5_rib354AaABAg,710d7e743b4fe9aa,"개통령은 뭘 먹일까? 24년 만에 완성한 반려견 식단. 싹 다 공개합니다.[철저한내돈내산,무료광고,육해공맛집,나보다잘먹음]","말못해도 맘편하겠다
 상태가 어떤지 주인이 다 알아주잖아?
멍멍이 팔자도 주인을 누구만나냐에 따라
다르네",2026-07-12,강아지 밥 챙기기,미상,,page,explore,2026-09-28T14:40:19
youtube,https://www.youtube.com/watch?v=s_onRp5kbQg&lc=Ugys3XHO608s4GtrPlx4AaABAg,5ebb258f376536e0,"개통령은 뭘 먹일까? 24년 만에 완성한 반려견 식단. 싹 다 공개합니다.[철저한내돈내산,무료광고,육해공맛집,나보다잘먹음]",잘먹네 오래살겠다 ㅎㅎ,2026-07-12,강아지 밥 챙기기,미상,,page,explore,2026-09-28T14:40:19
youtube,https://www.youtube.com/watch?v=s_onRp5kbQg&lc=UgxPtfVWyVyUUm-XiGd4AaABAg,b3167a6e5ea5aa9f,"개통령은 뭘 먹일까? 24년 만에 완성한 반려견 식단. 싹 다 공개합니다.[철저한내돈내산,무료광고,육해공맛집,나보다잘먹음]","저렇게 고담백식사는
한끼도 충분해",2026-07-11,강아지 밥 챙기기,미상,,page,explore,2026-09-28T14:40:19
youtube,https://www.youtube.com/watch?v=s_onRp5kbQg&lc=UgzE1GktmCLR0MayrQ54AaABAg,b436d51dcb229732,"개통령은 뭘 먹일까? 24년 만에 완성한 반려견 식단. 싹 다 공개합니다.[철저한내돈내산,무료광고,육해공맛집,나보다잘먹음]",다 무지 비싸내ㅠ,2026-07-11,강아지 밥 챙기기,미상,,page,explore,2026-09-28T14:40:19
youtube,https://www.youtube.com/watch?v=s_onRp5kbQg&lc=Ugy8bQherxmm8tQ7Uyx4AaABAg,0d2686d29ec42582,"개통령은 뭘 먹일까? 24년 만에 완성한 반려견 식단. 싹 다 공개합니다.[철저한내돈내산,무료광고,육해공맛집,나보다잘먹음]",역시 좋은것만주내,2026-07-11,강아지 밥 챙기기,미상,,page,explore,2026-09-28T14:40:19
youtube,https://www.youtube.com/watch?v=s_onRp5kbQg&lc=Ugyb1NBi_1lkAhlCDTF4AaABAg,bd4513ed8eced771,"개통령은 뭘 먹일까? 24년 만에 완성한 반려견 식단. 싹 다 공개합니다.[철저한내돈내산,무료광고,육해공맛집,나보다잘먹음]","아니왜
개대통령에게
협찬을 안해주냐",2026-07-11,강아지 밥 챙기기,미상,,page,explore,2026-09-28T14:40:19
youtube,https://www.youtube.com/watch?v=s_onRp5kbQg&lc=UgwEOB8flriF2BBbmgB4AaABAg,a86387fcd15c7aa3,"개통령은 뭘 먹일까? 24년 만에 완성한 반려견 식단. 싹 다 공개합니다.[철저한내돈내산,무료광고,육해공맛집,나보다잘먹음]","우와 지극정성
저많은것들을 매끼마다",2026-07-11,강아지 밥 챙기기,미상,,page,explore,2026-09-28T14:40:19
youtube,https://www.youtube.com/watch?v=s_onRp5kbQg&lc=Ugwau-WXjxoW2zr3ttR4AaABAg,2c5d271b0b62f251,"개통령은 뭘 먹일까? 24년 만에 완성한 반려견 식단. 싹 다 공개합니다.[철저한내돈내산,무료광고,육해공맛집,나보다잘먹음]",사료 협찬좀 해줘요,2026-07-11,강아지 밥 챙기기,미상,,page,explore,2026-09-28T14:40:19
youtube,https://www.youtube.com/watch?v=s_onRp5kbQg&lc=UgwS_tYEESoqoUB13hR4AaABAg,f7d2f00f33de14fd,"개통령은 뭘 먹일까? 24년 만에 완성한 반려견 식단. 싹 다 공개합니다.[철저한내돈내산,무료광고,육해공맛집,나보다잘먹음]",제 일주일 식사비와 날라 하루치 식사비가 같네요…,2026-07-11,강아지 밥 챙기기,미상,,page,explore,2026-09-28T14:40:19
youtube,https://www.youtube.com/watch?v=s_onRp5kbQg&lc=Ugzq5CjhezjYhBEGr1x4AaABAg,e9ab8acbb1bb8a2f,"개통령은 뭘 먹일까? 24년 만에 완성한 반려견 식단. 싹 다 공개합니다.[철저한내돈내산,무료광고,육해공맛집,나보다잘먹음]","10:19  ?  
우리 강아지들 미안해...",2026-06-25,강아지 밥 챙기기,미상,,page,explore,2026-09-28T14:40:19
youtube,https://www.youtube.com/watch?v=s_onRp5kbQg&lc=UgyMoRWCHrDMxP0W0Tx4AaABAg,9a1a9cfa663ebe0b,"개통령은 뭘 먹일까? 24년 만에 완성한 반려견 식단. 싹 다 공개합니다.[철저한내돈내산,무료광고,육해공맛집,나보다잘먹음]",3번째 돌려봅니다 강형욱님 정말 팬이에요 강아지키우면서 좋은거 잘배워갑니다,2026-06-19,강아지 밥 챙기기,미상,,page,explore,2026-09-28T14:40:19
youtube,https://www.youtube.com/watch?v=s_onRp5kbQg&lc=UgznUScm-OkkvLfG0qx4AaABAg,358ade0324e16f53,"개통령은 뭘 먹일까? 24년 만에 완성한 반려견 식단. 싹 다 공개합니다.[철저한내돈내산,무료광고,육해공맛집,나보다잘먹음]",마이펫미트 너무 좋다….우리 태식이 덕분에 호강합니다..,2026-06-16,강아지 밥 챙기기,미상,,page,explore,2026-09-28T14:40:19
youtube,https://www.youtube.com/watch?v=1BymdOxMDjw&lc=UgyZTmHvpxPo5h0cH3d4AaABAg,9e25862d8811759c,⚠️ “자연식이라 믿었죠? 강아지 생식의 숨겨진 위험” 🚫 “사람은 익혀 먹으면서 왜 강아지는 생으로 줘요?” #강아지생식 #강아지자연식 #강아지화식,스테이크 레어로 먹는것은 무슨 이유입니까 바짝익히지않지요 생식이 더 소화흡수가 잘된다고 생각이되는데요 아집이 심하신것 같네요 과거의기억? 연구결과? 과학? 미국사람들은 아직도 덜익혀먹는데요??개들이 사람음식먹은 역사가 사람보다 깁니까?,2026-08-06,강아지 생식 시작 고민,혼합,,page,explore,2026-09-28T14:40:41
youtube,https://www.youtube.com/watch?v=1BymdOxMDjw&lc=UgwH1RzjtteVEMpmnDd4AaABAg,0de3e7fdb5e6a161,⚠️ “자연식이라 믿었죠? 강아지 생식의 숨겨진 위험” 🚫 “사람은 익혀 먹으면서 왜 강아지는 생으로 줘요?” #강아지생식 #강아지자연식 #강아지화식,"육포는 어떤가요
요즘 수제간식들이 소고기.닭고기를 생거를 말려서 육포로 팔던데 근건 문제없나요",2026-06-03,강아지 생식 시작 고민,혼합,,page,explore,2026-09-28T14:40:41
youtube,https://www.youtube.com/watch?v=1BymdOxMDjw&lc=UgygVcKH1_p46F4sWIJ4AaABAg,4337f2f1cc88758b,⚠️ “자연식이라 믿었죠? 강아지 생식의 숨겨진 위험” 🚫 “사람은 익혀 먹으면서 왜 강아지는 생으로 줘요?” #강아지생식 #강아지자연식 #강아지화식,감사합니다,2025-12-19,강아지 생식 시작 고민,혼합,,page,explore,2026-09-28T14:40:41
youtube,https://www.youtube.com/watch?v=1BymdOxMDjw&lc=UgxbJ3TOVqPDUdwDhoN4AaABAg,4f5973f03dfa47d5,⚠️ “자연식이라 믿었죠? 강아지 생식의 숨겨진 위험” 🚫 “사람은 익혀 먹으면서 왜 강아지는 생으로 줘요?” #강아지생식 #강아지자연식 #강아지화식,개한테 작약이 좋나봐요,2025-11-30,강아지 생식 시작 고민,혼합,,page,explore,2026-09-28T14:40:41
youtube,https://www.youtube.com/watch?v=1BymdOxMDjw&lc=Ugzm3M1mDi-vK9HzxlB4AaABAg,ac1fb288b38eac31,⚠️ “자연식이라 믿었죠? 강아지 생식의 숨겨진 위험” 🚫 “사람은 익혀 먹으면서 왜 강아지는 생으로 줘요?” #강아지생식 #강아지자연식 #강아지화식,울프독도 화식으로 해결해야 할까요,2025-11-30,강아지 생식 시작 고민,화식,,page,explore,2026-09-28T14:40:41
youtube,https://www.youtube.com/watch?v=1BymdOxMDjw&lc=UgyTlvGJhT7n6LJKLW54AaABAg,bfc63e20926866d5,⚠️ “자연식이라 믿었죠? 강아지 생식의 숨겨진 위험” 🚫 “사람은 익혀 먹으면서 왜 강아지는 생으로 줘요?” #강아지생식 #강아지자연식 #강아지화식,"고맙습니다!
잘 배웠습니다!
늘 건강하시길 바랍니다",2025-11-11,강아지 생식 시작 고민,혼합,,page,explore,2026-09-28T14:40:41
youtube,https://www.youtube.com/watch?v=1BymdOxMDjw&lc=UgyCibkdaSAp-CREMvp4AaABAg,84770b26fa2f5252,⚠️ “자연식이라 믿었죠? 강아지 생식의 숨겨진 위험” 🚫 “사람은 익혀 먹으면서 왜 강아지는 생으로 줘요?” #강아지생식 #강아지자연식 #강아지화식,"고기를 익히는 방법 중 삶는 것, 찌는 것은 문제가 없을것 같은데 가정에서 흔히 프라이팬에 구워서 줄 경우 식물성 기름을 팬에 둘러서 굽는것이 탈이 없을까요?",2025-11-11,강아지 생식 시작 고민,혼합,,page,explore,2026-09-28T14:40:41
youtube,https://www.youtube.com/watch?v=1BymdOxMDjw&lc=UgxUVRrGMSb0af480Jh4AaABAg,8318dd401e26ffa1,⚠️ “자연식이라 믿었죠? 강아지 생식의 숨겨진 위험” 🚫 “사람은 익혀 먹으면서 왜 강아지는 생으로 줘요?” #강아지생식 #강아지자연식 #강아지화식,맴버십도안한 일개 구독자지만 궁금한것이있어 여쭈어봅니다 저희 강아지가 진도개가 6~7개월 됬는데 자꾸 발이나 손 다리를 깨무는데 공격하려고깨무는건아닌것같은데 너무따갑고 아픕니다 이런거에관한 영상이 우개연채널에찾이봐도 보이질않아서 면목없지만 맨입으로 여쭈어봅니다 용돈받으면 맴버쉽가입할예정입ㄴ다 한번만 도와주세요 자꾸 따라다니며 깨무는 퍼피강아지에게 어떻게 대처하면 좋을까요ㅠㅠ,2025-11-08,강아지 생식 시작 고민,혼합,,page,explore,2026-09-28T14:40:41
youtube,https://www.youtube.com/watch?v=1BymdOxMDjw&lc=Ugw3taGmJsjVqUPw7Dp4AaABAg,b40a01ad0710748d,⚠️ “자연식이라 믿었죠? 강아지 생식의 숨겨진 위험” 🚫 “사람은 익혀 먹으면서 왜 강아지는 생으로 줘요?” #강아지생식 #강아지자연식 #강아지화식,감사합니다 소장님~건강하세요❤,2025-11-08,강아지 생식 시작 고민,혼합,,page,explore,2026-09-28T14:40:41
youtube,https://www.youtube.com/watch?v=1BymdOxMDjw&lc=UgwLAFi3bpvFoHuncrd4AaABAg,360d98afb09c15a9,⚠️ “자연식이라 믿었죠? 강아지 생식의 숨겨진 위험” 🚫 “사람은 익혀 먹으면서 왜 강아지는 생으로 줘요?” #강아지생식 #강아지자연식 #강아지화식,"저도 궁금했던 부분인데 선생님 영상으로 보게 되어서 궁금증이
풀렸습니다 익히고 익히겠습니다🙏🏼👍👍",2025-11-07,강아지 생식 시작 고민,혼합,,page,explore,2026-09-28T14:40:41
youtube,https://www.youtube.com/watch?v=1BymdOxMDjw&lc=UgwfFum7RADovSWipmZ4AaABAg,50d2ad14d6721b9c,⚠️ “자연식이라 믿었죠? 강아지 생식의 숨겨진 위험” 🚫 “사람은 익혀 먹으면서 왜 강아지는 생으로 줘요?” #강아지생식 #강아지자연식 #강아지화식,우리애는 하도 익혀줘서 당일도축 육사 먹여볼라고 젓가락으로 내밀었더니 상종도 안하고 침대로 가버림....뻘쭘해서 남편이랑 둘이먹음....,2025-11-06,강아지 생식 시작 고민,혼합,,page,explore,2026-09-28T14:40:41
youtube,https://www.youtube.com/watch?v=1BymdOxMDjw&lc=UgxnH2zU_qSxHKcSp-l4AaABAg,fb3376d68c66ad46,⚠️ “자연식이라 믿었죠? 강아지 생식의 숨겨진 위험” 🚫 “사람은 익혀 먹으면서 왜 강아지는 생으로 줘요?” #강아지생식 #강아지자연식 #강아지화식,자세한 설명 감사합니다,2025-11-05,강아지 생식 시작 고민,혼합,,page,explore,2026-09-28T14:40:41
youtube,https://www.youtube.com/watch?v=1BymdOxMDjw&lc=UgzIIYd9M0gX7dHlxKh4AaABAg,ae1aff757e01531c,⚠️ “자연식이라 믿었죠? 강아지 생식의 숨겨진 위험” 🚫 “사람은 익혀 먹으면서 왜 강아지는 생으로 줘요?” #강아지생식 #강아지자연식 #강아지화식,소장님  감사드립니다❤,2025-11-05,강아지 생식 시작 고민,혼합,,page,explore,2026-09-28T14:40:41
youtube,https://www.youtube.com/watch?v=1BymdOxMDjw&lc=UgxxWjgfmFeeFoy1XEV4AaABAg,ce66bfb8dfa525db,⚠️ “자연식이라 믿었죠? 강아지 생식의 숨겨진 위험” 🚫 “사람은 익혀 먹으면서 왜 강아지는 생으로 줘요?” #강아지생식 #강아지자연식 #강아지화식,박사님   감사합니다,2025-11-05,강아지 생식 시작 고민,혼합,,page,explore,2026-09-28T14:40:41
youtube,https://www.youtube.com/watch?v=1BymdOxMDjw&lc=Ugzkj4S1XO3BaUomM9x4AaABAg,6f60a1f7f2a61f37,⚠️ “자연식이라 믿었죠? 강아지 생식의 숨겨진 위험” 🚫 “사람은 익혀 먹으면서 왜 강아지는 생으로 줘요?” #강아지생식 #강아지자연식 #강아지화식,"결석이 있는  강아지는 결석 사료만 먹여야 할까요? 병원에서는 결석사료만 주라는데 믿을 수가 없어서 고민이고 어떻게 해야 할지..
어떻게 사료만 주라하는지..이미 세상의 맛을 아는 아이인데요
방광영양제도 먹이는 중인데 효과가 있기는 할지.. 
마음이 무겁습니다.
식탐이 너무 많고 .. 답변을 부탁드려도 될까요",2025-11-04,강아지 생식 시작 고민,혼합,,page,explore,2026-09-28T14:40:41
youtube,https://www.youtube.com/watch?v=1BymdOxMDjw&lc=UgxLo63jcD0qss39ewl4AaABAg,8b4fd9d6bb30f347,⚠️ “자연식이라 믿었죠? 강아지 생식의 숨겨진 위험” 🚫 “사람은 익혀 먹으면서 왜 강아지는 생으로 줘요?” #강아지생식 #강아지자연식 #강아지화식,영상마지막에 질문 올려보라하셔서 실례를 무릅쓰고 여쭤봐도 괜찮을까요. 요즘 노령견에게 단백질량을 제한해야 한다 vs아니다 수의사마다 의견이 갈리더라구요. 한쪽은 고기에 인 섭취인한 신부전 염려와 소화기능이 떨어져 고단백식이가 부담이된다 그래서 시니어 사료가 중저단백이 많은거다. 반대편에선 개와 늑대의 유사성을 보고 고단백 시기를 주장하고 노령견은 근육이 빠지면 안되기 때문에 오히려 고품질의 단백질을 더 많이 급여해야한다고 주장하구요.ㅠㅠ 왜 수의사마다 말이 다른지...단백질과 노령견 신부전의 상관관계 정말 궁금합니다😅,2025-11-04,강아지 생식 시작 고민,혼합,,page,explore,2026-09-28T14:40:41
youtube,https://www.youtube.com/watch?v=1BymdOxMDjw&lc=UgzpmQPSdn9pJEa8wvR4AaABAg,29e2ab5998b870f1,⚠️ “자연식이라 믿었죠? 강아지 생식의 숨겨진 위험” 🚫 “사람은 익혀 먹으면서 왜 강아지는 생으로 줘요?” #강아지생식 #강아지자연식 #강아지화식,"오늘도 좋은영상 감사합니다,
항상 옳으신말씀 감사합니다,
힘내시고 홧팅하십시요",2025-11-04,강아지 생식 시작 고민,혼합,,page,explore,2026-09-28T14:40:41
youtube,https://www.youtube.com/watch?v=1BymdOxMDjw&lc=Ugy26akaa3ZsfCNQ3W54AaABAg,62bd8fc7f62cbdc5,⚠️ “자연식이라 믿었죠? 강아지 생식의 숨겨진 위험” 🚫 “사람은 익혀 먹으면서 왜 강아지는 생으로 줘요?” #강아지생식 #강아지자연식 #강아지화식,3:12 과학적인 얘기해서 막 신뢰도가 올라가던 찰나에 광고넣으니까 신뢰도 급하락 해버리노 ㅋㅋ,2025-11-04,강아지 생식 시작 고민,혼합,,page,explore,2026-09-28T14:40:41
youtube,https://www.youtube.com/watch?v=1BymdOxMDjw&lc=UgzM6p0RpaQFcjmsgOl4AaABAg,0ecd88dd0857c6aa,⚠️ “자연식이라 믿었죠? 강아지 생식의 숨겨진 위험” 🚫 “사람은 익혀 먹으면서 왜 강아지는 생으로 줘요?” #강아지생식 #강아지자연식 #강아지화식,"안전은 늘 밥보다 우선이다~오늘 영상에서 해주신 말씀 잊지않고 꼭 명심하겠습니다^^
항상 감사드립니다😊",2025-11-04,강아지 생식 시작 고민,혼합,,page,explore,2026-09-28T14:40:41
youtube,https://www.youtube.com/watch?v=1BymdOxMDjw&lc=Ugx-NaM860BA95tsx_t4AaABAg,4119020632eb39da,⚠️ “자연식이라 믿었죠? 강아지 생식의 숨겨진 위험” 🚫 “사람은 익혀 먹으면서 왜 강아지는 생으로 줘요?” #강아지생식 #강아지자연식 #강아지화식,궁금했던 내용을  해결해주셔서 고맙습니다.😊,2025-11-04,강아지 생식 시작 고민,혼합,,page,explore,2026-09-28T14:40:41
youtube,https://www.youtube.com/watch?v=1BymdOxMDjw&lc=Ugy8WDPkJpcjWt6oGLJ4AaABAg,f786ea69917dea1c,⚠️ “자연식이라 믿었죠? 강아지 생식의 숨겨진 위험” 🚫 “사람은 익혀 먹으면서 왜 강아지는 생으로 줘요?” #강아지생식 #강아지자연식 #강아지화식,"와… 명언 폭발. 듣는 내내 감탄했어요 넘 멋져버려요~
오늘도 감사합니다🩷",2025-11-04,강아지 생식 시작 고민,혼합,,page,explore,2026-09-28T14:40:41
youtube,https://www.youtube.com/watch?v=1BymdOxMDjw&lc=UgyA_s-pS0mytak8H3B4AaABAg,f832ad89901e08a6,⚠️ “자연식이라 믿었죠? 강아지 생식의 숨겨진 위험” 🚫 “사람은 익혀 먹으면서 왜 강아지는 생으로 줘요?” #강아지생식 #강아지자연식 #강아지화식,생식은 감염 위험이 너무 높죠... 제 기준에선 사료 안먹이자고 목숨거는 수준이에요... 화식이 제일 좋다고 생각해요~^^,2025-11-04,강아지 생식 시작 고민,혼합,,page,explore,2026-09-28T14:40:41
youtube,https://www.youtube.com/watch?v=1BymdOxMDjw&lc=UgyfcaSpWlT5Q0XkcsR4AaABAg,eda34a205fa8d9f0,⚠️ “자연식이라 믿었죠? 강아지 생식의 숨겨진 위험” 🚫 “사람은 익혀 먹으면서 왜 강아지는 생으로 줘요?” #강아지생식 #강아지자연식 #강아지화식,영상 감사합니다,2025-11-04,강아지 생식 시작 고민,혼합,,page,explore,2026-09-28T14:40:41
youtube,https://www.youtube.com/watch?v=1BymdOxMDjw&lc=UgwMxzdORLKs7bylZ7N4AaABAg,709291b4cd640c42,⚠️ “자연식이라 믿었죠? 강아지 생식의 숨겨진 위험” 🚫 “사람은 익혀 먹으면서 왜 강아지는 생으로 줘요?” #강아지생식 #강아지자연식 #강아지화식,"저는 샤모예드와 호구 진돗개를 키우고 있는데, 아이들에게 돼지 등뼈를 하루 한 번 간식으로 급여하고 있습니다.  익혀서 주면 뼈가 억세져서 장기를 찌른다고 해서 생식으로 급여하고 있는데, 익혀서 주면 뼈가 문제가 안 되나요?",2025-11-04,강아지 생식 시작 고민,혼합,,page,explore,2026-09-28T14:40:41
youtube,https://www.youtube.com/watch?v=1BymdOxMDjw&lc=Ugy2uxFsxKow4ocy4tF4AaABAg,f9cc04b14f1b22e9,⚠️ “자연식이라 믿었죠? 강아지 생식의 숨겨진 위험” 🚫 “사람은 익혀 먹으면서 왜 강아지는 생으로 줘요?” #강아지생식 #강아지자연식 #강아지화식,우리개는 다행이 덜익어도 안먹어요^^::: 삼겹살 소고기전부 잘 익혀야 먹네요,2025-11-04,강아지 생식 시작 고민,혼합,,page,explore,2026-09-28T14:40:41
youtube,https://www.youtube.com/watch?v=1BymdOxMDjw&lc=Ugzw7ZEJmd75Hf7ydtN4AaABAg,0cf930d059324a5c,⚠️ “자연식이라 믿었죠? 강아지 생식의 숨겨진 위험” 🚫 “사람은 익혀 먹으면서 왜 강아지는 생으로 줘요?” #강아지생식 #강아지자연식 #강아지화식,"저도 너무 궁금했어요. 고온 요리음식이 아이들에게 좋지 않다고 말하면서 지금 미국에서도 냉동 생고기음식과 생야채 음식 광고를 보게됩니다. 저도 아이에게 좋은 단백질 음식을 먹이고 싶어서 정말 괜찮을까 궁금했어요. 
고맙습니다.",2025-11-04,강아지 생식 시작 고민,혼합,,page,explore,2026-09-28T14:40:41
youtube,https://www.youtube.com/watch?v=1BymdOxMDjw&lc=UgyhBd-8oj5Um5TKiIl4AaABAg,f622d594f7435b06,⚠️ “자연식이라 믿었죠? 강아지 생식의 숨겨진 위험” 🚫 “사람은 익혀 먹으면서 왜 강아지는 생으로 줘요?” #강아지생식 #강아지자연식 #강아지화식,"대장님~
제가 올해 넘어져서 무릎을 크게 다치는 사고가 있었는데 아주 예전에 올려주셨던 동영상 내용이 기억나서 큰병원에서 겁박하듯 강요하는 수술은 하지 않고 깁스 치료로 잘 회복해서 무탈하게 다시 걸을 수 있게 되었습니다.
이모든건 생명을 소중히 여기시는 대장님의 강의 덕분입니다.
평생 잊지 않겠습니다.
감사합니다 😀",2025-11-04,강아지 생식 시작 고민,혼합,,page,explore,2026-09-28T14:40:41
youtube,https://www.youtube.com/watch?v=1BymdOxMDjw&lc=Ugwqui0BHkQ8dPTWlvx4AaABAg,144f591d6f94b9a5,⚠️ “자연식이라 믿었죠? 강아지 생식의 숨겨진 위험” 🚫 “사람은 익혀 먹으면서 왜 강아지는 생으로 줘요?” #강아지생식 #강아지자연식 #강아지화식,좀 듣고 보고 하자 애들아,2025-11-04,강아지 생식 시작 고민,혼합,,page,explore,2026-09-28T14:40:41
youtube,https://www.youtube.com/watch?v=1BymdOxMDjw&lc=UgwNobbXffEvZFmKR8t4AaABAg,927d671395f82df9,⚠️ “자연식이라 믿었죠? 강아지 생식의 숨겨진 위험” 🚫 “사람은 익혀 먹으면서 왜 강아지는 생으로 줘요?” #강아지생식 #강아지자연식 #강아지화식,아르헨티나에서도 최근 부쩍 생식을 주는 보호자들이 늘어나는 추세입니다.  기생충 이슈 때문에 회를 꺼리는 저로서는 항상 의문이어서 생식을 고려하지 않은게 정밀 다행이군요. 소장님의 철저한 고증과 연구기반의 자세하고 진실된 가르침에 오늘도 좀 더 나은 보호자가 되는 길에 동참합니다. 감사합니다,2025-11-04,강아지 생식 시작 고민,혼합,,page,explore,2026-09-28T14:40:41
youtube,https://www.youtube.com/watch?v=1BymdOxMDjw&lc=UgwLNR-gnjjH7gwUHWN4AaABAg,5314a278302c015d,⚠️ “자연식이라 믿었죠? 강아지 생식의 숨겨진 위험” 🚫 “사람은 익혀 먹으면서 왜 강아지는 생으로 줘요?” #강아지생식 #강아지자연식 #강아지화식,진짜 생식해야한다는 인식을 뭐 훈련사가 심은뒤부터 주변사람들이 왜 생식안시키냐 물어보고.. 생식하는걸 자랑스레 말하는 보호자도 늘고... 다들  얼마나 리스크가있는건지 알아보고 생식을 시키는건지 의문이였는데 ㅠㅠ 영상보고 역시나 생식은  리스크가 더 많다는거 알고 역시나 하고갑니다! 오늘도 귀한영상 감사합니다~,2025-11-04,강아지 생식 시작 고민,생식,,page,explore,2026-09-28T14:40:41
youtube,https://www.youtube.com/watch?v=1BymdOxMDjw&lc=Ugzq7ZdnHBijg4_i4994AaABAg,10ef52f5c5ad42e3,⚠️ “자연식이라 믿었죠? 강아지 생식의 숨겨진 위험” 🚫 “사람은 익혀 먹으면서 왜 강아지는 생으로 줘요?” #강아지생식 #강아지자연식 #강아지화식,"핏불테리어와 아메리칸 불독과 함께 살고 있는 구독자입니다.
오늘 영상을 보고 지난 10년간 귀찮음에도 손질해서 삶고 말리고해서 먹였던 일이 참 잘했다는 생각이 들었습니다.
그래서 오늘도 삶고 말리고 있습니다.
좋은 영상 감사합니다.",2025-11-04,강아지 생식 시작 고민,혼합,,page,explore,2026-09-28T14:40:41
youtube,https://www.youtube.com/watch?v=1BymdOxMDjw&lc=UgxxqtikGowGU-jQw4F4AaABAg,101ffe703c309018,⚠️ “자연식이라 믿었죠? 강아지 생식의 숨겨진 위험” 🚫 “사람은 익혀 먹으면서 왜 강아지는 생으로 줘요?” #강아지생식 #강아지자연식 #강아지화식,소장님 중요한 말씀 너무 감사합니다.,2025-11-04,강아지 생식 시작 고민,혼합,,page,explore,2026-09-28T14:40:41
youtube,https://www.youtube.com/watch?v=M-eH6y0rJMI&lc=Ugz0gaevi7ZDJ6bDy0Z4AaABAg,f6465e61dade506b,강아지 생식 먹여도 되나요? 강형욱 훈련사가 알려주는 생식의 장점👀 #행복하개 #웰시코기 #대중소,"짐승이 생식이 주식인데 생식 먹어도 되나요는 뭐냐 ㅋㅋㅋㅋ
사람이야 조리음식 먹으며 진화해서 몸에 안좋다만 ㅋㅋㅋㅋㅋ",2026-07-22,강아지 생식 시작 고민,생식,,page,explore,2026-09-28T14:40:41
youtube,https://www.youtube.com/watch?v=LHT7nFbcnXM&lc=UgwIL4GdxKv1GB2dlwJ4AaABAg,dc243cc92ca602f2,강아지 생식해야 더 오래 사나요?,"미국도마찬가지 수의사들이 공식적으로 생식을 인정하지않는 이유는 ,  자기들 밥그릇 때문 입니다..사료가 활성화 되야 컨설팅 자문이든 일이 많아집니다.",2026-07-20,강아지 생식 시작 고민,생식,,page,explore,2026-09-28T14:40:41
youtube,https://www.youtube.com/watch?v=LHT7nFbcnXM&lc=UgylGWKCdxGzKswmVPh4AaABAg,598c13fe784f1d74,강아지 생식해야 더 오래 사나요?,사료를 안먹으니 그렇죠,2025-12-01,강아지 생식 시작 고민,생식,,page,explore,2026-09-28T14:40:41
youtube,https://www.youtube.com/watch?v=mUBzE8Gl6hk&lc=UgyiD1jeVUVp0C5TZlx4AaABAg,9a3750a5f26cb6ff,생식 1kg 매일 먹는 대형개의 식단 🍽️ RAW DIET,닭발은 손톱 강아지에게 해롭지않나요?,2026-09-27,강아지 생식 시작 고민,생식,,page,explore,2026-09-28T14:40:41
youtube,https://www.youtube.com/watch?v=mUBzE8Gl6hk&lc=UgyE2hDghLQMaayst3h4AaABAg,7bb03c9226f6e073,생식 1kg 매일 먹는 대형개의 식단 🍽️ RAW DIET,이정도는 해야 강아지 키우는구나... 평생 못 키우겠다..,2026-08-27,강아지 생식 시작 고민,생식,,page,explore,2026-09-28T14:40:41
youtube,https://www.youtube.com/watch?v=mUBzE8Gl6hk&lc=UgzBPM9KbjBhLxA_IcB4AaABAg,9b46b3052661f565,생식 1kg 매일 먹는 대형개의 식단 🍽️ RAW DIET,헉 하트(좋아요)누르면ㅁ강아지 된당,2026-07-09,강아지 생식 시작 고민,생식,,page,explore,2026-09-28T14:40:41
youtube,https://www.youtube.com/watch?v=mUBzE8Gl6hk&lc=UgzPdJn1exickT8aviJ4AaABAg,92ab68fc7e5c3af5,생식 1kg 매일 먹는 대형개의 식단 🍽️ RAW DIET,"와 개밥은 진짜 아무거나 섞어서 주는구나
그래서 섞어서 죽된 음식을 개밥이라 하는듯",2026-06-27,강아지 생식 시작 고민,생식,,page,explore,2026-09-28T14:40:41
youtube,https://www.youtube.com/watch?v=mUBzE8Gl6hk&lc=UgxkOiXiHIHLe965gKR4AaABAg,e6937b85e6aa2871,생식 1kg 매일 먹는 대형개의 식단 🍽️ RAW DIET,개밥이네,2026-06-27,강아지 생식 시작 고민,생식,,page,explore,2026-09-28T14:40:41
youtube,https://www.youtube.com/watch?v=mUBzE8Gl6hk&lc=UgzMrvL9j2u8UVX9vf94AaABAg,004bd2e61b6cfbf6,생식 1kg 매일 먹는 대형개의 식단 🍽️ RAW DIET,논문보니까 보호자 소득수준과 강아지수명이 비례라고 나왔다… 참 더러운 세상,2026-06-20,강아지 생식 시작 고민,생식,,page,explore,2026-09-28T14:40:41
youtube,https://www.youtube.com/watch?v=mUBzE8Gl6hk&lc=Ugx_cRRx3oNqhpVeXIt4AaABAg,3153a9c043573061,생식 1kg 매일 먹는 대형개의 식단 🍽️ RAW DIET,와 강아지 호강하네,2026-06-05,강아지 생식 시작 고민,생식,,page,explore,2026-09-28T14:40:41
youtube,https://www.youtube.com/watch?v=mUBzE8Gl6hk&lc=UgwpKNmxka4QikXx_Ft4AaABAg,06c48061368df6d5,생식 1kg 매일 먹는 대형개의 식단 🍽️ RAW DIET,"천박하게 먹으면 우리 강아지 나한테 혼남
근데 이 강아지는 천박하게 안먹네",2026-05-25,강아지 생식 시작 고민,생식,,page,explore,2026-09-28T14:40:41
youtube,https://www.youtube.com/watch?v=mUBzE8Gl6hk&lc=UgxiGrwC0YPAnfmnwA54AaABAg,67ad294e982431d9,생식 1kg 매일 먹는 대형개의 식단 🍽️ RAW DIET,"개 정말 주인 잘맜났다❤❤❤❤❤
강아지한테 좋은환경과 먹이를 주신 견주분 정말 감사드립니다❤❤❤",2026-04-30,강아지 생식 시작 고민,생식,,page,explore,2026-09-28T14:40:41
youtube,https://www.youtube.com/watch?v=mUBzE8Gl6hk&lc=UgyfzaRe8MVGEdoouXJ4AaABAg,e87a99757978b91d,생식 1kg 매일 먹는 대형개의 식단 🍽️ RAW DIET,개밥이 내가차려 먹는 밥상보다 훌륭하네...개는 훌륭하다,2026-04-20,강아지 생식 시작 고민,생식,,page,explore,2026-09-28T14:40:41
youtube,https://www.youtube.com/watch?v=UeQc6pK2q5I&lc=UgwWDeNfVElQOO0ymYh4AaABAg,9dfb7e9a9871c8f6,화식을 먹어야하는이유#강아지 #강아지화식#강아지자연식,인간도 계속 시리얼만 먹는 거랑 같은 이치 😢,2026-07-19,강아지 생식 시작 고민,화식,,page,explore,2026-09-28T14:40:41
youtube,https://www.youtube.com/watch?v=UeQc6pK2q5I&lc=UgzQ7S0R60-weosOrtd4AaABAg,6d685bf0a5028f52,화식을 먹어야하는이유#강아지 #강아지화식#강아지자연식,사료는 사람으로치면 라면같은 인스턴트 음식인게지,2026-07-16,강아지 생식 시작 고민,화식,,page,explore,2026-09-28T14:40:41
youtube,https://www.youtube.com/watch?v=UeQc6pK2q5I&lc=UgyilYIw9APRQ9uHf5V4AaABAg,034baa328f67cc5f,화식을 먹어야하는이유#강아지 #강아지화식#강아지자연식,"사람이  편의를위해   만들어진 사료
당신들에게  평생 사료만  먹고  살라고하면   어떤생각이 드나요?   이아이들도  사람과  똑같아요  맛있는거  다  느끼고  원해요  사료는  절대  건강한  음식이  아닙니다",2026-07-14,강아지 생식 시작 고민,화식,,page,explore,2026-09-28T14:40:41
youtube,https://www.youtube.com/watch?v=LUEFpaGbm2k&lc=UgyPDU4W8Lvb1-_X2fZ4AaABAg,4e4edb5fabdb9828,수의사들이 🐶내새끼 평민 사료 먹이는 이유. 사료 등급표 저거 맞아❓ #강아지사료 #강아지 #강아지일상 #고양이집사 #수의사 #티어리스트,인섹트도그는 별로인가요?,2026-08-21,강아지 사료 고민,미상,,page,explore,2026-09-28T14:40:45
youtube,https://www.youtube.com/watch?v=LUEFpaGbm2k&lc=UgxyqlfwWgwZzXz72EZ4AaABAg,0c78849abda9738a,수의사들이 🐶내새끼 평민 사료 먹이는 이유. 사료 등급표 저거 맞아❓ #강아지사료 #강아지 #강아지일상 #고양이집사 #수의사 #티어리스트,노예급이라는 로얄캐닌 사료 아주 잘먹고 건강하게 잘 지내는중인데 ㅋㅋㅋ,2026-08-21,강아지 사료 고민,건사료,,page,explore,2026-09-28T14:40:45
youtube,https://www.youtube.com/watch?v=LUEFpaGbm2k&lc=Ugx6hNwb4QoxZN8eMex4AaABAg,7706c8ca4c4f15ba,수의사들이 🐶내새끼 평민 사료 먹이는 이유. 사료 등급표 저거 맞아❓ #강아지사료 #강아지 #강아지일상 #고양이집사 #수의사 #티어리스트,금동사료 어떤지 궁금해용,2026-08-19,강아지 사료 고민,미상,,page,explore,2026-09-28T14:40:45
youtube,https://www.youtube.com/watch?v=LUEFpaGbm2k&lc=UgxvWTn8YB_E9-PVluh4AaABAg,b1d048e3d8d06361,수의사들이 🐶내새끼 평민 사료 먹이는 이유. 사료 등급표 저거 맞아❓ #강아지사료 #강아지 #강아지일상 #고양이집사 #수의사 #티어리스트,사료 안먹는 애들 부럽다 우리애는 4키로 짜리가 소처럼 먹어서 힘든뎅 😂,2026-08-19,강아지 사료 고민,미상,,page,explore,2026-09-28T14:40:45
youtube,https://www.youtube.com/watch?v=LUEFpaGbm2k&lc=UgzwjNRra9cxmlU7ast4AaABAg,e53cd40a0e0492e0,수의사들이 🐶내새끼 평민 사료 먹이는 이유. 사료 등급표 저거 맞아❓ #강아지사료 #강아지 #강아지일상 #고양이집사 #수의사 #티어리스트,로얄캐닌 3키로에 7만원주고 사서 먹이는디..,2026-08-02,강아지 사료 고민,건사료,,page,explore,2026-09-28T14:40:45
youtube,https://www.youtube.com/watch?v=LUEFpaGbm2k&lc=Ugzsfz9HIZFW8hR70UV4AaABAg,7dbab964351b040e,수의사들이 🐶내새끼 평민 사료 먹이는 이유. 사료 등급표 저거 맞아❓ #강아지사료 #강아지 #강아지일상 #고양이집사 #수의사 #티어리스트,"로얄캐닌 가격대비 성분이 아쉽지만 솔직히 오래 먹여보니 제일 무난한것같아요 그와중에도 처방식은 잘안먹어요ㅠㅜㅠㅠ
힐스는 도대체 뭘 얼마나 맛없게 만들었길래 좋아하는 애들이 단하나도 없다는😢😢",2026-08-01,강아지 사료 고민,건사료,,page,explore,2026-09-28T14:40:45
youtube,https://www.youtube.com/watch?v=LUEFpaGbm2k&lc=UgzMlaOKvGYNudwcDWB4AaABAg,6af2fe11c2802933,수의사들이 🐶내새끼 평민 사료 먹이는 이유. 사료 등급표 저거 맞아❓ #강아지사료 #강아지 #강아지일상 #고양이집사 #수의사 #티어리스트,울집애는 알러지때문에 로얄캐닌 알러지용으로밖에 못먹임...ㅎㅎ,2026-07-26,강아지 사료 고민,건사료,,page,explore,2026-09-28T14:40:45
youtube,https://www.youtube.com/watch?v=LUEFpaGbm2k&lc=Ugxmv9gRTfQKY4babAR4AaABAg,c5594c9771998c98,수의사들이 🐶내새끼 평민 사료 먹이는 이유. 사료 등급표 저거 맞아❓ #강아지사료 #강아지 #강아지일상 #고양이집사 #수의사 #티어리스트,저도 옛날에 소문듣고 로얄캐닌 안먹인다 욕했다가 결국 돌고돌아 찾은 건 로얄캐닌 ㅜ,2026-07-22,강아지 사료 고민,건사료,,page,explore,2026-09-28T14:40:45
youtube,https://www.youtube.com/watch?v=LUEFpaGbm2k&lc=UgybEJqQ0I6qvi8YX0l4AaABAg,eb618f70534e2d4a,수의사들이 🐶내새끼 평민 사료 먹이는 이유. 사료 등급표 저거 맞아❓ #강아지사료 #강아지 #강아지일상 #고양이집사 #수의사 #티어리스트,"저 표 다 가짜 바이럴이에요. 사료 회사들이 만들어서 지들이 뿌리고, 또 다른 브랜드에서 자기네거 위에 넣고 다시 뿌리고....",2026-06-28,강아지 사료 고민,미상,,page,explore,2026-09-28T14:40:45
youtube,https://www.youtube.com/watch?v=LUEFpaGbm2k&lc=UgzJ3-BGPkBxG1FwMjJ4AaABAg,7f883e43d7f8f053,수의사들이 🐶내새끼 평민 사료 먹이는 이유. 사료 등급표 저거 맞아❓ #강아지사료 #강아지 #강아지일상 #고양이집사 #수의사 #티어리스트,강아지 키우는데 사료는 몸에 좋은것도 중요한데 가장 중요한건 애가 잘 먹어야한다는거... 진짜 안 먹을땐 안 먹어서 그나마 잘 먹는걸로 먹입니다...,2026-06-17,강아지 사료 고민,미상,,page,explore,2026-09-28T14:40:45
youtube,https://www.youtube.com/watch?v=LUEFpaGbm2k&lc=UgxjlK6s8W9nrXWG4wB4AaABAg,62ecd221b45c59e9,수의사들이 🐶내새끼 평민 사료 먹이는 이유. 사료 등급표 저거 맞아❓ #강아지사료 #강아지 #강아지일상 #고양이집사 #수의사 #티어리스트,기호성이 안좋음..,2026-06-16,강아지 사료 고민,미상,,page,explore,2026-09-28T14:40:45
youtube,https://www.youtube.com/watch?v=LUEFpaGbm2k&lc=UgwmqA2yKqit0-tquBB4AaABAg,8328c26a4834dd7f,수의사들이 🐶내새끼 평민 사료 먹이는 이유. 사료 등급표 저거 맞아❓ #강아지사료 #강아지 #강아지일상 #고양이집사 #수의사 #티어리스트,로얄캐닌 빼고 다맥여봄 ㅋㅋㅋㅋ,2026-06-13,강아지 사료 고민,건사료,,page,explore,2026-09-28T14:40:45
youtube,https://www.youtube.com/watch?v=LUEFpaGbm2k&lc=Ugzh6HcosouzS6240TF4AaABAg,baa5b9ea1bf072a3,수의사들이 🐶내새끼 평민 사료 먹이는 이유. 사료 등급표 저거 맞아❓ #강아지사료 #강아지 #강아지일상 #고양이집사 #수의사 #티어리스트,"저희 애들은 넷인데 다 다른 사료 먹어요,, 몬지,힐스두종류,벨큐어..",2026-06-12,강아지 사료 고민,미상,,page,explore,2026-09-28T14:40:45
youtube,https://www.youtube.com/watch?v=LUEFpaGbm2k&lc=Ugy2mtxl9aV7iWMNNGB4AaABAg,ff8a9386e77e7ac3,수의사들이 🐶내새끼 평민 사료 먹이는 이유. 사료 등급표 저거 맞아❓ #강아지사료 #강아지 #강아지일상 #고양이집사 #수의사 #티어리스트,다른거 다 줘도 안먹고 오로지 로얄캐닌만 먹음...ㅠㅠ,2026-06-12,강아지 사료 고민,건사료,,page,explore,2026-09-28T14:40:45
youtube,https://www.youtube.com/watch?v=LUEFpaGbm2k&lc=UgxwFxIgHWPhpGEDFON4AaABAg,dc80d4825bb8b6e2,수의사들이 🐶내새끼 평민 사료 먹이는 이유. 사료 등급표 저거 맞아❓ #강아지사료 #강아지 #강아지일상 #고양이집사 #수의사 #티어리스트,비싼거사줘도 하림밥이보약이랑 로얄캐닌 잘먹음 ㅋㅋㅋㅋㅋ 비싼거중에 잘먹었던게 하림에서 밥이보약말고 더비싼거있는데 이름생각안나는데 암튼 하림꺼 .. 잘먹었음 하림꺼 닭고기랑 생선 필렛들도 잘먹고 츄르같은것도 하림거 다잘먹고 하림이 맛있게잘만드는거같음,2026-06-11,강아지 사료 고민,건사료,,page,explore,2026-09-28T14:40:45
youtube,https://www.youtube.com/watch?v=LUEFpaGbm2k&lc=UgxkOVUw3mUeg_5l5r94AaABAg,17ccc4c0092abb66,수의사들이 🐶내새끼 평민 사료 먹이는 이유. 사료 등급표 저거 맞아❓ #강아지사료 #강아지 #강아지일상 #고양이집사 #수의사 #티어리스트,"잦은 방광염으로 오리젠 먹이고 별 난리를 쳐도 계속 재발하다가, 로얄캐닌 유리너리케어 먹이니 재발 안하고 8년 넘게 잘 지냄.
건강한 고양이가 먹으면 좋은 사료와, 질병이 있던 고양이가 먹으면 좋은 사료는 다르다고 생각합니다.
사람도 똑같죠.. 건강에 좋은 음식이라고 모든 질병에 다 좋을거라고 생각하면 오산이죠",2026-06-11,강아지 사료 고민,건사료,,page,explore,2026-09-28T14:40:45
youtube,https://www.youtube.com/watch?v=LUEFpaGbm2k&lc=Ugzr_ZwTs4Hb1ct4nkN4AaABAg,5333d7af41bb6529,수의사들이 🐶내새끼 평민 사료 먹이는 이유. 사료 등급표 저거 맞아❓ #강아지사료 #강아지 #강아지일상 #고양이집사 #수의사 #티어리스트,"결국엔 로얄,힐스로 처방식 먹다가 강제급여까지 가고 끝나더라 .",2026-06-09,강아지 사료 고민,미상,,page,explore,2026-09-28T14:40:45
youtube,https://www.youtube.com/watch?v=LUEFpaGbm2k&lc=UgxqQiRgxV9T64N-5AV4AaABAg,b9c39be7e9eeb06c,수의사들이 🐶내새끼 평민 사료 먹이는 이유. 사료 등급표 저거 맞아❓ #강아지사료 #강아지 #강아지일상 #고양이집사 #수의사 #티어리스트,"우리집 고양이는 서브제로 먹임. 오리젠은 설사, 로얄과 하림, 레오나르도는 알레르기 증상, 나우는 팽~... 알레르기가 있고, 장이 예민하며, 입이 짧은 애들은 진짜 사료 고르기가 너무 힘듦. ㅜㅜ",2026-06-07,강아지 사료 고민,건사료,,page,explore,2026-09-28T14:40:45
youtube,https://www.youtube.com/watch?v=LUEFpaGbm2k&lc=UgyvYE6T9iaP-A8rI0J4AaABAg,71e0dc10f0c27cb9,수의사들이 🐶내새끼 평민 사료 먹이는 이유. 사료 등급표 저거 맞아❓ #강아지사료 #강아지 #강아지일상 #고양이집사 #수의사 #티어리스트,좋은 등급이고 뭐고 먹어야…,2026-06-05,강아지 사료 고민,미상,,page,explore,2026-09-28T14:40:45
youtube,https://www.youtube.com/watch?v=LUEFpaGbm2k&lc=UgyjyNZPtv64bzHXf1B4AaABAg,7fc2c3dee46b27c7,수의사들이 🐶내새끼 평민 사료 먹이는 이유. 사료 등급표 저거 맞아❓ #강아지사료 #강아지 #강아지일상 #고양이집사 #수의사 #티어리스트,하림은 아직까지는 그래도 인정함. 뭔가 아직 이슈는 없음.,2026-06-04,강아지 사료 고민,미상,,page,explore,2026-09-28T14:40:45
youtube,https://www.youtube.com/watch?v=LUEFpaGbm2k&lc=UgwN0lqNjM4dLYbgPGF4AaABAg,a7eda557c36abe7b,수의사들이 🐶내새끼 평민 사료 먹이는 이유. 사료 등급표 저거 맞아❓ #강아지사료 #강아지 #강아지일상 #고양이집사 #수의사 #티어리스트,울냥이는 같은 사료 계속 주면 질려하며 안먹어서 계속 바꿔주는데 로캐는 안먹이고 싶어도 기호성이 너무 좋음,2026-06-03,강아지 사료 고민,미상,,page,explore,2026-09-28T14:40:45
youtube,https://www.youtube.com/watch?v=LUEFpaGbm2k&lc=UgzdHwNMB3pIyEpy0MV4AaABAg,9111219009191cb1,수의사들이 🐶내새끼 평민 사료 먹이는 이유. 사료 등급표 저거 맞아❓ #강아지사료 #강아지 #강아지일상 #고양이집사 #수의사 #티어리스트,잘먹는게 제일좋은거임,2026-05-29,강아지 사료 고민,미상,,page,explore,2026-09-28T14:40:45
youtube,https://www.youtube.com/watch?v=LUEFpaGbm2k&lc=UgyfcYn78Bnk3_CmPvR4AaABAg,5cdee2def7205fa7,수의사들이 🐶내새끼 평민 사료 먹이는 이유. 사료 등급표 저거 맞아❓ #강아지사료 #강아지 #강아지일상 #고양이집사 #수의사 #티어리스트,스몰배치는 어떤가요?,2026-05-28,강아지 사료 고민,미상,,page,explore,2026-09-28T14:40:45
youtube,https://www.youtube.com/watch?v=LUEFpaGbm2k&lc=UgzViJKFX19enSLFb194AaABAg,5eece96a3816fb88,수의사들이 🐶내새끼 평민 사료 먹이는 이유. 사료 등급표 저거 맞아❓ #강아지사료 #강아지 #강아지일상 #고양이집사 #수의사 #티어리스트,우리 애는 오리젠 먹였는데 턱드림에 사료도 잘 안 먹어서 후새껄로 다시 바꿈요 입 짧은 냥인데도 너무 잘먹어요~~,2026-05-28,강아지 사료 고민,건사료,,page,explore,2026-09-28T14:40:45
youtube,https://www.youtube.com/watch?v=LUEFpaGbm2k&lc=Ugwf3CSvBFXV9tb_8mt4AaABAg,5fdc14cf26b7b39a,수의사들이 🐶내새끼 평민 사료 먹이는 이유. 사료 등급표 저거 맞아❓ #강아지사료 #강아지 #강아지일상 #고양이집사 #수의사 #티어리스트,울애들2살7살9살 나름 이름있는 사료 먹여봤는데 기호성낮고 조금조금씩문제가 있어서 현재췌장도안좋고 알러지있다보니 로얄캐닌 처방건사료 힐스처방습식사료 먹여요 이게 젤 탈이안나서..,2026-05-28,강아지 사료 고민,건사료,,page,explore,2026-09-28T14:40:45
youtube,https://www.youtube.com/watch?v=LUEFpaGbm2k&lc=UgziMb_Gq9vbkYLtwKB4AaABAg,49a8ea95e7de94d7,수의사들이 🐶내새끼 평민 사료 먹이는 이유. 사료 등급표 저거 맞아❓ #강아지사료 #강아지 #강아지일상 #고양이집사 #수의사 #티어리스트,너무 고단백 사료 먹이지 마세요 알러지 있는 친구들 특히 좋다는 사료는 다 먹여도 안됐는데 평민 레벨에있는 사료브랜드 먹고 빨간눈물 고쳤어요,2026-05-27,강아지 사료 고민,미상,,page,explore,2026-09-28T14:40:45
youtube,https://www.youtube.com/watch?v=LUEFpaGbm2k&lc=UgyH-gGAfHZgTjUb1I14AaABAg,76874043a9427f8a,수의사들이 🐶내새끼 평민 사료 먹이는 이유. 사료 등급표 저거 맞아❓ #강아지사료 #강아지 #강아지일상 #고양이집사 #수의사 #티어리스트,"저런 전문지식도, 면허도 없는 일반인이 만든 등급표 먹였다가 병납니다ㅡ 단백질 높은거 안맞는애들 태반이고- 가수분해라도 다 안전한거 아니고.. 
일반인들이 자기들이 만든 사료 등급 ㅋㅋㅋㅋㅋㅋ 아나키 같음 ㅋㅋㅋ가끔보면ㅋㅋㅋ 의사보가 자기들이 ✌️만랩 집사✌️라며 자기들이 더 전문가인냥 그러는데...전문가도 뭐도아닌 그냥 고양이 키우는 의사면허없는 일반인 ㅋㅋㅋㅋ",2026-05-27,강아지 사료 고민,미상,,page,explore,2026-09-28T14:40:45
youtube,https://www.youtube.com/watch?v=LUEFpaGbm2k&lc=UgyqsVhNo_ymI6NqZUl4AaABAg,9f57adced042c5c5,수의사들이 🐶내새끼 평민 사료 먹이는 이유. 사료 등급표 저거 맞아❓ #강아지사료 #강아지 #강아지일상 #고양이집사 #수의사 #티어리스트,"잘모르시는분들 사료는 비싼재료 넣어서 비싸다고 좋은게아닙니다. 고양이 평균수명 12년동안 꾸준히 급여했을때 몸에 부담이 없는사료, 즉 오랜시간동안 검증된 사료가 좋은겁니다. 그래서 외국에서는 힐스, 로얄캐닌이 압도적으로 많이먹이는 이유입니다.",2026-05-27,강아지 사료 고민,건사료,,page,explore,2026-09-28T14:40:45
youtube,https://www.youtube.com/watch?v=LUEFpaGbm2k&lc=UgwQmEPq3QlFgWIpFad4AaABAg,36533065dc11df18,수의사들이 🐶내새끼 평민 사료 먹이는 이유. 사료 등급표 저거 맞아❓ #강아지사료 #강아지 #강아지일상 #고양이집사 #수의사 #티어리스트,"저거 벨칸도, 플래티넘 수입사에서 만든거임 ㅋㅋ 들어온지 얼마안돼서 바로 강사모에 퍼졌더라.",2026-05-22,강아지 사료 고민,미상,,page,explore,2026-09-28T14:40:45
youtube,https://www.youtube.com/watch?v=LUEFpaGbm2k&lc=UgwkO5fvB2mOfIBxxWJ4AaABAg,ef03f48395522970,수의사들이 🐶내새끼 평민 사료 먹이는 이유. 사료 등급표 저거 맞아❓ #강아지사료 #강아지 #강아지일상 #고양이집사 #수의사 #티어리스트,"내 소견으로는..  회사이름 볼것이 아니라 뭐가 드갔냐가 중요한거 같아요
난다긴다하는 회사꺼도 계육분.박류.육분 이런게 들어가면 
안먹이고 싶더라구요.
평민. 고급  뭐 이런거 따져서 무엇하리오~  
다 이름값이지뭐ㅋ",2026-05-17,강아지 사료 고민,미상,,page,explore,2026-09-28T14:40:45
youtube,https://www.youtube.com/watch?v=LUEFpaGbm2k&lc=UgzizoUVIWJjiJx6qd54AaABAg,bbe1437a79d1d493,수의사들이 🐶내새끼 평민 사료 먹이는 이유. 사료 등급표 저거 맞아❓ #강아지사료 #강아지 #강아지일상 #고양이집사 #수의사 #티어리스트,시니어 나우사료,2026-05-16,강아지 사료 고민,미상,,page,explore,2026-09-28T14:40:45
youtube,https://www.youtube.com/watch?v=LUEFpaGbm2k&lc=UgxrLjRniO2Sh8gJz8x4AaABAg,d6325f9c51b08e8e,수의사들이 🐶내새끼 평민 사료 먹이는 이유. 사료 등급표 저거 맞아❓ #강아지사료 #강아지 #강아지일상 #고양이집사 #수의사 #티어리스트,"로얄캐닌 먹이다가 소형견한텐 너무 커서 다른걸로 바꿧더니 더 안먹네..ㅠㅠ
오리젠, 힐스, 네투럴발란스 좋을까나요ㅠ 
처방식 사료 먹여야하는 노견인데",2026-05-08,강아지 사료 고민,건사료,,page,explore,2026-09-28T14:40:45
youtube,https://www.youtube.com/watch?v=LUEFpaGbm2k&lc=UgyVDMOPTmieSQpWV4Z4AaABAg,eba984e22728771b,수의사들이 🐶내새끼 평민 사료 먹이는 이유. 사료 등급표 저거 맞아❓ #강아지사료 #강아지 #강아지일상 #고양이집사 #수의사 #티어리스트,하림이 네발 나우 위야 ? ㅋㅋㅋㅋ,2026-05-04,강아지 사료 고민,미상,,page,explore,2026-09-28T14:40:45
youtube,https://www.youtube.com/watch?v=LUEFpaGbm2k&lc=UgwD8x2FKBjr07KJ19x4AaABAg,a0c622506ea4a19e,수의사들이 🐶내새끼 평민 사료 먹이는 이유. 사료 등급표 저거 맞아❓ #강아지사료 #강아지 #강아지일상 #고양이집사 #수의사 #티어리스트,오리진 설사한다 ..,2026-05-04,강아지 사료 고민,미상,,page,explore,2026-09-28T14:40:45
youtube,https://www.youtube.com/watch?v=LUEFpaGbm2k&lc=UgxK8-_FJnRKQlalhyt4AaABAg,cd0f18bbc0c0aa55,수의사들이 🐶내새끼 평민 사료 먹이는 이유. 사료 등급표 저거 맞아❓ #강아지사료 #강아지 #강아지일상 #고양이집사 #수의사 #티어리스트,힐스최고,2026-04-24,강아지 사료 고민,미상,,page,explore,2026-09-28T14:40:45
youtube,https://www.youtube.com/watch?v=LUEFpaGbm2k&lc=UgzyvL4HzlXGaj0PtAV4AaABAg,cb8b725e12b01e5c,수의사들이 🐶내새끼 평민 사료 먹이는 이유. 사료 등급표 저거 맞아❓ #강아지사료 #강아지 #강아지일상 #고양이집사 #수의사 #티어리스트,원래 로캐절대안먹이다가 결국 노묘되시고 로캐먹임...,2026-03-28,강아지 사료 고민,미상,,page,explore,2026-09-28T14:40:45
youtube,https://www.youtube.com/watch?v=LUEFpaGbm2k&lc=UgyrFZFOugrPsg03MbZ4AaABAg,59faeddbf770bdd7,수의사들이 🐶내새끼 평민 사료 먹이는 이유. 사료 등급표 저거 맞아❓ #강아지사료 #강아지 #강아지일상 #고양이집사 #수의사 #티어리스트,누가 의사들 아니랄까봐 싸가지없이 등급 매기기는...  노예등급 먹이는 집사들 보면 기분좋은 영상이겠냐,2026-02-14,강아지 사료 고민,미상,,page,explore,2026-09-28T14:40:45
youtube,https://www.youtube.com/watch?v=LUEFpaGbm2k&lc=UgwFS7hPu0BbW5LdirZ4AaABAg,ce89929211865221,수의사들이 🐶내새끼 평민 사료 먹이는 이유. 사료 등급표 저거 맞아❓ #강아지사료 #강아지 #강아지일상 #고양이집사 #수의사 #티어리스트,나도 노령묘 로얄캐닌먹이는데 육분이라.. 하림꺼로  바꿀까 심히 고민입니다. 어떻게생각하세요.,2026-02-11,강아지 사료 고민,건사료,,page,explore,2026-09-28T14:40:45
youtube,https://www.youtube.com/watch?v=LUEFpaGbm2k&lc=UgwxxWoIzBtQIalNkoR4AaABAg,fa7fd5f5c7fc83b8,수의사들이 🐶내새끼 평민 사료 먹이는 이유. 사료 등급표 저거 맞아❓ #강아지사료 #강아지 #강아지일상 #고양이집사 #수의사 #티어리스트,로얄캐닌 귀지 폭발 심해요,2026-02-07,강아지 사료 고민,건사료,,page,explore,2026-09-28T14:40:45
youtube,https://www.youtube.com/watch?v=LUEFpaGbm2k&lc=UgwrAntJOLkWRgSjEIJ4AaABAg,fc3abf171744db2b,수의사들이 🐶내새끼 평민 사료 먹이는 이유. 사료 등급표 저거 맞아❓ #강아지사료 #강아지 #강아지일상 #고양이집사 #수의사 #티어리스트,입맛 까칠한 애들 키워보면 저 느낌 알지... 그때부터는 좋은 사료 문제가 아님...,2026-01-29,강아지 사료 고민,미상,,page,explore,2026-09-28T14:40:45
youtube,https://www.youtube.com/watch?v=LUEFpaGbm2k&lc=UgyhHPz4c09Jt2uIQ1d4AaABAg,5f6485310f25e99e,수의사들이 🐶내새끼 평민 사료 먹이는 이유. 사료 등급표 저거 맞아❓ #강아지사료 #강아지 #강아지일상 #고양이집사 #수의사 #티어리스트,하루에 몇십 킬로미터씩 산을 타는 사냥개도 15킬로그램에 2만7000원에 파는 특수견 사료로 충분합니다,2026-01-21,강아지 사료 고민,미상,,page,explore,2026-09-28T14:40:45
youtube,https://www.youtube.com/watch?v=LUEFpaGbm2k&lc=UgzywPwqi_ZyfEDsgB14AaABAg,28adc63b9343e055,수의사들이 🐶내새끼 평민 사료 먹이는 이유. 사료 등급표 저거 맞아❓ #강아지사료 #강아지 #강아지일상 #고양이집사 #수의사 #티어리스트,내추럴 발란스 먹이는 데 기호성도 좋고 크기도 적당 아이들이 몇년 먹었어도 지금까지 아무 문제 없이 건강하게 잘 지내고 있음,2026-01-18,강아지 사료 고민,미상,,page,explore,2026-09-28T14:40:45
youtube,https://www.youtube.com/watch?v=LUEFpaGbm2k&lc=Ugxhp1EHu6i8khX6YaF4AaABAg,b321a28a27c01b50,수의사들이 🐶내새끼 평민 사료 먹이는 이유. 사료 등급표 저거 맞아❓ #강아지사료 #강아지 #강아지일상 #고양이집사 #수의사 #티어리스트,드릅겤ㅋㅋㅋㅋ,2026-01-11,강아지 사료 고민,미상,,page,explore,2026-09-28T14:40:45
youtube,https://www.youtube.com/watch?v=LUEFpaGbm2k&lc=Ugw3pfIbsM-WzYQI9JR4AaABAg,6e3a1c38512d9e20,수의사들이 🐶내새끼 평민 사료 먹이는 이유. 사료 등급표 저거 맞아❓ #강아지사료 #강아지 #강아지일상 #고양이집사 #수의사 #티어리스트,로얄캐닌 가격대비 성분은 상당히 아쉬운게 사실.. 국산은 이즈칸 웰츠만 먹입니다.,2026-01-10,강아지 사료 고민,건사료,,page,explore,2026-09-28T14:40:45
youtube,https://www.youtube.com/watch?v=LUEFpaGbm2k&lc=UgyCGXxRxl2V9spE-MJ4AaABAg,4a81db442cb46c9a,수의사들이 🐶내새끼 평민 사료 먹이는 이유. 사료 등급표 저거 맞아❓ #강아지사료 #강아지 #강아지일상 #고양이집사 #수의사 #티어리스트,수의사가 이렇게 얘기하면 꼭 내가 우리애들땜에 공부해서 아는데 하며 성분분석 하며 토달고 수의사들 리베이트 얘기하는 사람들 꼭 있음,2026-01-07,강아지 사료 고민,미상,,page,explore,2026-09-28T14:40:45
youtube,https://www.youtube.com/watch?v=LUEFpaGbm2k&lc=UgxVELJ1s5CfEq4Lmhx4AaABAg,c25f124841f14758,수의사들이 🐶내새끼 평민 사료 먹이는 이유. 사료 등급표 저거 맞아❓ #강아지사료 #강아지 #강아지일상 #고양이집사 #수의사 #티어리스트,우리집 강아지들은 믿고 먹일 수 있는 ANF❤,2025-12-28,강아지 사료 고민,미상,,page,explore,2026-09-28T14:40:45
youtube,https://www.youtube.com/watch?v=LUEFpaGbm2k&lc=UgxMm5Ti9ywku5BIv3B4AaABAg,d9f5b1fe06c2513c,수의사들이 🐶내새끼 평민 사료 먹이는 이유. 사료 등급표 저거 맞아❓ #강아지사료 #강아지 #강아지일상 #고양이집사 #수의사 #티어리스트,좋은재료만 다 때려넣는다고 좋은사료가 되진 않는다는 예,2025-12-12,강아지 사료 고민,미상,,page,explore,2026-09-28T14:40:45
youtube,https://www.youtube.com/watch?v=LUEFpaGbm2k&lc=UgwpJ0lfFFYBATXNedh4AaABAg,909755da4eaa8d2b,수의사들이 🐶내새끼 평민 사료 먹이는 이유. 사료 등급표 저거 맞아❓ #강아지사료 #강아지 #강아지일상 #고양이집사 #수의사 #티어리스트,인스팅트가 왜 귀족이야? 증상별 맞는 걸 먹어야지 어처구니 없네 ㅋ,2025-12-05,강아지 사료 고민,미상,,page,explore,2026-09-28T14:40:45
youtube,https://www.youtube.com/watch?v=GyuEci2X44M&lc=UgwPXjlXA1GkwW8iKWR4AaABAg,5069dd04f68693aa,사료 안먹는 강아지 사료 잘먹게 하는 방법. 강아지 밥 잘 먹게 하기,"작은 말티즈(3세) 인데 사료를 안먹어도 너무 안먹어요 하루 1끼 조금 먹을까말까이고 그마저도 먹여줘야만 먹어요(먹기라도하면다행) 근데 또 고기,간식은 엄청 좋아해요 ㅠ 바로 시행해도 될까요? 소형견이고 워낙 말라서 걱정되네요",2026-06-10,반려견 식사 관리 어려움,미상,,page,explore,2026-09-28T14:40:51
youtube,https://www.youtube.com/watch?v=GyuEci2X44M&lc=UgynTvGRDvHvELuqNDZ4AaABAg,00f8a2a42249f1b7,사료 안먹는 강아지 사료 잘먹게 하는 방법. 강아지 밥 잘 먹게 하기,"우리집 개는 못 먹어서   날리예요. 많이 고치긴 헸는데 안 씹고 삼키는지 근방 밥이 살아져요.  4셰월 들어가는 8키로 개요. 
배만 뽈록  😂😂😂😂",2026-05-08,반려견 식사 관리 어려움,미상,,page,explore,2026-09-28T14:40:51
youtube,https://www.youtube.com/watch?v=GyuEci2X44M&lc=UgxNfjQD-2DrCbh4JRB4AaABAg,c868d332a2c3213e,사료 안먹는 강아지 사료 잘먹게 하는 방법. 강아지 밥 잘 먹게 하기,"네.노견이라 거의 안 먹어요,죽을까봐 걱정 되 죽겠어요!",2026-04-30,반려견 식사 관리 어려움,미상,,page,explore,2026-09-28T14:40:51
youtube,https://www.youtube.com/watch?v=GyuEci2X44M&lc=UgybVd0QN9qJqg9PSll4AaABAg,636e6284e7ebce18,사료 안먹는 강아지 사료 잘먹게 하는 방법. 강아지 밥 잘 먹게 하기,사료 근처도 안와요  별짖을 다해도  간식보면 환장을 하고 사료주면 오다 다시돌가는데 미치지요,2026-04-04,반려견 식사 관리 어려움,미상,,page,explore,2026-09-28T14:40:51
youtube,https://www.youtube.com/watch?v=GyuEci2X44M&lc=UgzYdGD2y6eMkQEC5cB4AaABAg,f550a6a249f37faa,사료 안먹는 강아지 사료 잘먹게 하는 방법. 강아지 밥 잘 먹게 하기,"제일 중요한게 사료의 질이다 썩은사료 먹이면 먹겠냐 사료안에 뭐가 들어간지 글만보고 믿어지냐 그나마 괜찮은 사료를 줘야지 진돗개사료같은 대형견 사료 어디서 만든건지 어떤게 들어간건지 알지 못하는 사료는 절대 안먹게 됨 사람먹는고기도 하루이틀 지나면 맛이 가는데 야채든 고기든 생선이든 강아지사료에 갈려서 들어가는 제품들이 싱싱한사료인지 어떻게 알수있나 여름에는 일반식당에서도 음식이 변한다 강아지 먹는사료가 항상 신선한 사료가 들어갈확률이 낮다고 본다 그나마 믿을만한 회사의 사료가 조금 비싸더라도 최소 2,3회사의 서너가지 사료를 사서 섞여서 먹여라",2026-03-09,반려견 식사 관리 어려움,미상,,page,explore,2026-09-28T14:40:51
youtube,https://www.youtube.com/watch?v=GyuEci2X44M&lc=Ugy3jWj-jGUvljkogKJ4AaABAg,e539f229be84e171,사료 안먹는 강아지 사료 잘먹게 하는 방법. 강아지 밥 잘 먹게 하기,"제 시간에 사료주고 그다음 식사시간까지 그냥 냅두세요.
배고프면 먹을거고 먹기싫음 안먹을거고 ..  사료주면 허겁지겁 바로 먹어야된다는 법있음?
삼일만 굶으면 인간이든 동물이든 아무거나 먹게됨",2026-03-08,반려견 식사 관리 어려움,미상,,page,explore,2026-09-28T14:40:51
youtube,https://www.youtube.com/watch?v=GyuEci2X44M&lc=UgwkBEUWP2W13fUIZTN4AaABAg,21ddabe2c10768f3,사료 안먹는 강아지 사료 잘먹게 하는 방법. 강아지 밥 잘 먹게 하기,사료 어찌믿어요..더럽게 만들고 인간이 시리얼만 먹고 사는 거랑 뭐가 틀릴까 싶네요,2026-02-18,반려견 식사 관리 어려움,미상,,page,explore,2026-09-28T14:40:51
youtube,https://www.youtube.com/watch?v=GyuEci2X44M&lc=UgyjZoLoTWiPVfxKKCp4AaABAg,d67eed65901f38d5,사료 안먹는 강아지 사료 잘먹게 하는 방법. 강아지 밥 잘 먹게 하기,"일단 초소형강아지론 비추긴합니다만, 너무안먹다싶으면 이방법이 베스트이긴한데 작은아이들은 사료 먹어야하니 넘안먹다싶으면 3-4일째 고구마 비벼줬고 두끼이상줘야해서 한끼는 잘먹었고 세끼도 먹여봤으나 빠르게 먹으려고해서 사료 목에 걸려서 체함 병원가니 살은 쪄있고😂 한끼정도 많이 먹으면 두세끼는 포기하거나 적게먹어도 그러려니하고 영양제로 비벼주기도했습니다.. 주인이 잘 캐치하는게 중요..",2026-02-08,반려견 식사 관리 어려움,미상,,page,explore,2026-09-28T14:40:51
youtube,https://www.youtube.com/watch?v=GyuEci2X44M&lc=UgwTqxM-MF2r1loIent4AaABAg,b1f9428d3a957ca9,사료 안먹는 강아지 사료 잘먹게 하는 방법. 강아지 밥 잘 먹게 하기,솔직  그냥옥상올라가,2026-01-24,반려견 식사 관리 어려움,미상,,page,explore,2026-09-28T14:40:51
youtube,https://www.youtube.com/watch?v=GyuEci2X44M&lc=UgwlB8kfqAU5x5flirJ4AaABAg,6ba88865737a9446,사료 안먹는 강아지 사료 잘먹게 하는 방법. 강아지 밥 잘 먹게 하기,비밀아닌데 ㅎㅎ,2025-12-13,반려견 식사 관리 어려움,미상,,page,explore,2026-09-28T14:40:51
youtube,https://www.youtube.com/watch?v=GyuEci2X44M&lc=Ugx2kTRoT_1274DbnuB4AaABAg,521d75dc9201bf09,사료 안먹는 강아지 사료 잘먹게 하는 방법. 강아지 밥 잘 먹게 하기,겁나게 이쁘다😂,2025-12-10,반려견 식사 관리 어려움,미상,,page,explore,2026-09-28T14:40:51
youtube,https://www.youtube.com/watch?v=GyuEci2X44M&lc=UgyexN2mIafyGsEdCv94AaABAg,44a16c453896ec47,사료 안먹는 강아지 사료 잘먹게 하는 방법. 강아지 밥 잘 먹게 하기,제발 울 댕댕이 두마리 사료좀 먹었으면 해요 첫째 아기는 너무잘먹으면서 18년살다가 무지개다리 건넛는데 지금14년 5년생은 할미를 아주 만만히 보고 간식 고기 아니면 사료 안먹어서 불려서 떠먹여주면 먹어요 스스로 사료 먹도록 해보려고 시도몇일씩 해보았지만 아예 안먹어요   다시한번 시도해보아야겠습니다  ^^이쁜댕댕이들 응원 짝짝짝😂❤🎉,2025-11-24,반려견 식사 관리 어려움,미상,,page,explore,2026-09-28T14:40:51
youtube,https://www.youtube.com/watch?v=GyuEci2X44M&lc=UgzxTK74yBiPmmIIFxd4AaABAg,f7be1b4749be343d,사료 안먹는 강아지 사료 잘먹게 하는 방법. 강아지 밥 잘 먹게 하기,배고프고 죽기싫어면  가만히놔두면 자연히 먹는디,2025-11-12,반려견 식사 관리 어려움,미상,,page,explore,2026-09-28T14:40:51
youtube,https://www.youtube.com/watch?v=GyuEci2X44M&lc=Ugwq67_pEHXFNnY6b5x4AaABAg,73d3bfbbf2bc6529,사료 안먹는 강아지 사료 잘먹게 하는 방법. 강아지 밥 잘 먹게 하기,일주일굶기고도 장판은 뜯어먹을지언정 사료는 안먹는다던 강아지 생각나네..,2025-11-06,반려견 식사 관리 어려움,미상,,page,explore,2026-09-28T14:40:51
youtube,https://www.youtube.com/watch?v=GyuEci2X44M&lc=Ugyv_1Q8PTCBUI-jlXp4AaABAg,5ba0e2f1a6e0e43f,사료 안먹는 강아지 사료 잘먹게 하는 방법. 강아지 밥 잘 먹게 하기,시도 해 봤는데 한끼 굶기고 내 마음이 너무 힘들어 결국엔 제가 졌네요 어디 교육해 주는 곳 없을까요?,2025-11-03,반려견 식사 관리 어려움,미상,,page,explore,2026-09-28T14:40:51
youtube,https://www.youtube.com/watch?v=GyuEci2X44M&lc=UgyrWRbQWiKomcOI9-54AaABAg,fa69e89c9c4fd944,사료 안먹는 강아지 사료 잘먹게 하는 방법. 강아지 밥 잘 먹게 하기,사료는. 안 먹는데. 사람 먹는건 환장하고 먹는다,2025-10-29,반려견 식사 관리 어려움,미상,,page,explore,2026-09-28T14:40:51
youtube,https://www.youtube.com/watch?v=GyuEci2X44M&lc=Ugwi8PPqkrK2H59I1nV4AaABAg,2af71f921972a2fb,사료 안먹는 강아지 사료 잘먹게 하는 방법. 강아지 밥 잘 먹게 하기,영상에나오는방법  다안먹어요,2025-10-27,반려견 식사 관리 어려움,미상,,page,explore,2026-09-28T14:40:51
youtube,https://www.youtube.com/watch?v=GyuEci2X44M&lc=UgzakXPdflFXKWjPUBp4AaABAg,62898c0ea7a6103a,사료 안먹는 강아지 사료 잘먹게 하는 방법. 강아지 밥 잘 먹게 하기,"안녕 하세요.  해봤습니다
꼬리를 내리고 밥먹을안 하고.
그냥. 가요. 돌아버립니다 
병원도 다녀오고요
3 일 아무것도 먹지 않고.
힘도 없 고 요. 
답답 합니다. 이건 뭐
내가 뭐 한다고 이걸 키우는지 모르겠습니다.
나보다  잘 돌봐주실분
 할생각도 몇 번 했습니다.
그놈에 정때 문에. 또 걱정
  두번 다시는. 동물 키우면 
 ㅇㅇ입니다. 
  요즘은. 내가. 모한다고 
자청 해서. 이고생 하는지 
ㅎㅎ. 부모님 강이지 한것 ㅇㅇ 만했서도. ㅇㅇ소리 ㅎㅎ.",2025-10-25,반려견 식사 관리 어려움,미상,,page,explore,2026-09-28T14:40:51
youtube,https://www.youtube.com/watch?v=GyuEci2X44M&lc=UgwgtdkNMITn5KOUi1t4AaABAg,cbeede8c8d4e92e5,사료 안먹는 강아지 사료 잘먹게 하는 방법. 강아지 밥 잘 먹게 하기,"물도말아주고 전자렌지도 돌려도줘보고 밥도바꿔주고 별짓을 다햇지만 
굶기는게 최고입니다
2년을 고생하다 딱2틀 밥줄때 안먹음 바로치웟더니 2틀후부턴 걸신들린개마냥 3초 푸파순삭입니다.
독하게 2틀만버티세요",2025-10-24,반려견 식사 관리 어려움,미상,,page,explore,2026-09-28T14:40:51
youtube,https://www.youtube.com/watch?v=GyuEci2X44M&lc=UgyNHSKa4POHTMJZFfF4AaABAg,39a29c5d9acddee4,사료 안먹는 강아지 사료 잘먹게 하는 방법. 강아지 밥 잘 먹게 하기,왜 강아지들이 다 케이지에  들어가 있나요 ?,2025-10-13,반려견 식사 관리 어려움,미상,,page,explore,2026-09-28T14:40:51
youtube,https://www.youtube.com/watch?v=GyuEci2X44M&lc=UgxFIhde2GOn90AtWoh4AaABAg,6342b0d6b9ecbd5d,사료 안먹는 강아지 사료 잘먹게 하는 방법. 강아지 밥 잘 먹게 하기,"난 아프면 식욕이 더 땡기던데요.
아픈건 아니던데 사료 안먹어도 쌩쌩 다녀요.",2025-10-11,반려견 식사 관리 어려움,미상,,page,explore,2026-09-28T14:40:51
youtube,https://www.youtube.com/watch?v=GyuEci2X44M&lc=UgwD6IxV9zDsUaj7Nbh4AaABAg,600e828a8b4653cc,사료 안먹는 강아지 사료 잘먹게 하는 방법. 강아지 밥 잘 먹게 하기,9개월 2.3kg강아지인데 이방법 써봐도 될까요? 사료를 너무 안먹어서 화식만들어주고있는데 눈물이 많이나 처방사료 먹어야하는데 입에도 안대고있어요ㅠㅠ,2025-09-28,반려견 식사 관리 어려움,화식,,page,explore,2026-09-28T14:40:51
youtube,https://www.youtube.com/watch?v=pIzLZXXz0so&lc=UgznRsY6rMV1sw3NFKN4AaABAg,3799ace679386ce8,확실한 강아지 배변교육 #shorts,넘 가격해😂,2026-09-27,반려견 식사 관리 어려움,미상,,page,explore,2026-09-28T14:40:51
youtube,https://www.youtube.com/watch?v=pIzLZXXz0so&lc=Ugylu5eO-7d62UCzfsF4AaABAg,7e5a73c6f146d6ce,확실한 강아지 배변교육 #shorts,돔황쳐~~~,2026-09-23,반려견 식사 관리 어려움,미상,,page,explore,2026-09-28T14:40:51
youtube,https://www.youtube.com/watch?v=pIzLZXXz0so&lc=UgwqOH640F2RGv5mTUR4AaABAg,6ebfed9f2448eb8d,확실한 강아지 배변교육 #shorts,ㅋㅋㅋㅋㅋㅋ😂😂,2026-09-18,반려견 식사 관리 어려움,미상,,page,explore,2026-09-28T14:40:51
youtube,https://www.youtube.com/watch?v=pIzLZXXz0so&lc=Ugz0YNrAwS4xirgt7KR4AaABAg,bfb882c68e5a904c,확실한 강아지 배변교육 #shorts,"이거 효과 있더라   나참. . ㅋㅋㅋㅋㅋ
애가 하도짖어서   저런식으로 했더니   안짖고  끙 끙 거림  ㅎㅎㅎㅎㅎ",2026-09-11,반려견 식사 관리 어려움,미상,,page,explore,2026-09-28T14:40:51
youtube,https://www.youtube.com/watch?v=pIzLZXXz0so&lc=Ugy6kuxveAv9dK8-brB4AaABAg,adfb11f47804a6e9,확실한 강아지 배변교육 #shorts,AI,2026-09-07,반려견 식사 관리 어려움,미상,,page,explore,2026-09-28T14:40:51
youtube,https://www.youtube.com/watch?v=pIzLZXXz0so&lc=UgwZokkDVK73DTT2TfV4AaABAg,fb31e3df8dc92ead,확실한 강아지 배변교육 #shorts,중국이네,2026-09-01,반려견 식사 관리 어려움,미상,,page,explore,2026-09-28T14:40:51
youtube,https://www.youtube.com/watch?v=pIzLZXXz0so&lc=UgzeNcNE9pZ8XWuKgwd4AaABAg,8fc393dd4ee84da6,확실한 강아지 배변교육 #shorts,"너무 인형을 무식하게
미친것  할질없어 ㅉ",2026-08-27,반려견 식사 관리 어려움,미상,,page,explore,2026-09-28T14:40:51
youtube,https://www.youtube.com/watch?v=pIzLZXXz0so&lc=UgwVyANWVwurVzP9-Gl4AaABAg,43249cfec285f148,확실한 강아지 배변교육 #shorts,강아지들 : 집사 당신은 길거리에서 오줌싸고 똥도 싸잖아요;;,2026-08-22,반려견 식사 관리 어려움,미상,,page,explore,2026-09-28T14:40:51
youtube,https://www.youtube.com/watch?v=pIzLZXXz0so&lc=UgwLnsXk_YXTVayQ96x4AaABAg,a761d380375b0ada,확실한 강아지 배변교육 #shorts,이런 무식한놈.,2026-08-17,반려견 식사 관리 어려움,미상,,page,explore,2026-09-28T14:40:51
youtube,https://www.youtube.com/watch?v=pIzLZXXz0so&lc=UgyEC-_x8DqFr4uE5314AaABAg,a827643a644d6939,확실한 강아지 배변교육 #shorts,한국말인데 영어로 아이디 오바 하다 이런 뜻 있긴해요. 오버하다. Over.,2026-08-15,반려견 식사 관리 어려움,미상,,page,explore,2026-09-28T14:40:51
youtube,https://www.youtube.com/watch?v=pIzLZXXz0so&lc=UgxJadqqDlooGJ3zkN14AaABAg,5d0e60f6cc6f7df5,확실한 강아지 배변교육 #shorts,중국영상 임?,2026-08-07,반려견 식사 관리 어려움,미상,,page,explore,2026-09-28T14:40:51
youtube,https://www.youtube.com/watch?v=pIzLZXXz0so&lc=UgwojiIItgbracH4ksl4AaABAg,60880bb1b79fda1b,확실한 강아지 배변교육 #shorts,검색창에 강아지 땅땅땅땅치면 나오네 ㅋㅋㅋㅋㅋㅋ,2026-08-03,반려견 식사 관리 어려움,미상,,page,explore,2026-09-28T14:40:51
youtube,https://www.youtube.com/watch?v=pIzLZXXz0so&lc=Ugzshab7IeeIxKEMDvt4AaABAg,404303ede61f7c0f,확실한 강아지 배변교육 #shorts,"저 강아지들 도망가면서
오줌 다 지렸을듯ㅋㅋㅋㅋㅋㅋ",2026-08-03,반려견 식사 관리 어려움,미상,,page,explore,2026-09-28T14:40:51
youtube,https://www.youtube.com/watch?v=pIzLZXXz0so&lc=UgxRxnW-2JSf0JqepcN4AaABAg,bdbd1740ede0d32c,확실한 강아지 배변교육 #shorts,😅😅😅,2026-07-29,반려견 식사 관리 어려움,미상,,page,explore,2026-09-28T14:40:51
youtube,https://www.youtube.com/watch?v=pIzLZXXz0so&lc=UgxM2959SutEuhXcLXh4AaABAg,34f06c5384638199,확실한 강아지 배변교육 #shorts,"으악~~~ㅋㅋㅋㅋㅋ ㅋㅋㅋㅋㅋ 
👏 👏 👏 👏 👏 👏 대~박",2026-06-27,반려견 식사 관리 어려움,미상,,page,explore,2026-09-28T14:40:51
youtube,https://www.youtube.com/watch?v=pIzLZXXz0so&lc=UgyX9DD31mwx04f164F4AaABAg,db055e33292556e1,확실한 강아지 배변교육 #shorts,강아지 생각 : 오른쪽 발 들고 싸면 뒤지는구나,2026-06-23,반려견 식사 관리 어려움,미상,,page,explore,2026-09-28T14:40:51
youtube,https://www.youtube.com/watch?v=pIzLZXXz0so&lc=UgwGXiAJY6bPM8TELpN4AaABAg,f7a67de1d0d12208,확실한 강아지 배변교육 #shorts,ㅈㄴ웃기네 ㅅㅂ ㅋㅋㅋㅋㅋㅋ 일열로 서있다가 도망가는거 ㅋㅋㅋㅋㅋㅋㅋㅋㅋ,2026-06-21,반려견 식사 관리 어려움,미상,,page,explore,2026-09-28T14:40:51
youtube,https://www.youtube.com/watch?v=pIzLZXXz0so&lc=Ugy-p5M3j2C65ZSX7mR4AaABAg,9e3b9058a51b9cc5,확실한 강아지 배변교육 #shorts,요즘 중국인들 영상 왜케 많이 올라옴……,2026-06-21,반려견 식사 관리 어려움,미상,,page,explore,2026-09-28T14:40:51
youtube,https://www.youtube.com/watch?v=pIzLZXXz0so&lc=Ugz9J5bPajVtDSUy42R4AaABAg,9a09c9ec0e6f525d,확실한 강아지 배변교육 #shorts,"오른쪽에서 두번째 강쥐  맹하게 쳐다보더니 도망도 젤 늦게가ㅎㅎ
진짜 순하것다",2026-06-15,반려견 식사 관리 어려움,미상,,page,explore,2026-09-28T14:40:51
youtube,https://www.youtube.com/watch?v=pIzLZXXz0so&lc=UgxgbKFMNJ1tXZnd0Rp4AaABAg,e5bd908ba547d1fb,확실한 강아지 배변교육 #shorts,무식해...,2026-06-11,반려견 식사 관리 어려움,미상,,page,explore,2026-09-28T14:40:51
youtube,https://www.youtube.com/watch?v=pIzLZXXz0so&lc=UgzyhJC3N204HXsnxW94AaABAg,0f2993e3e43f809d,확실한 강아지 배변교육 #shorts,미친놈~ㅋㅋ😂,2026-06-05,반려견 식사 관리 어려움,미상,,page,explore,2026-09-28T14:40:51
youtube,https://www.youtube.com/watch?v=pIzLZXXz0so&lc=Ugxu5ECOINEmjtyEAXB4AaABAg,ccba962768027fbf,확실한 강아지 배변교육 #shorts,완벽한 교육이다. 역시 대국 하하,2026-05-29,반려견 식사 관리 어려움,미상,,page,explore,2026-09-28T14:40:51
youtube,https://www.youtube.com/watch?v=pIzLZXXz0so&lc=UgwSur0HtMm61ObzV6p4AaABAg,f7096c2ea8f09179,확실한 강아지 배변교육 #shorts,이쨍케가,2026-05-17,반려견 식사 관리 어려움,미상,,page,explore,2026-09-28T14:40:51
youtube,https://www.youtube.com/watch?v=pIzLZXXz0so&lc=UgzY3bGEJkg5VNpy45h4AaABAg,4530fced16190c51,확실한 강아지 배변교육 #shorts,중국영상이네.,2026-05-10,반려견 식사 관리 어려움,미상,,page,explore,2026-09-28T14:40:51
youtube,https://www.youtube.com/watch?v=pIzLZXXz0so&lc=UgwM3foJwQ-hX1pem714AaABAg,5b5c25b6f60f68c7,확실한 강아지 배변교육 #shorts,"개웃기네..! 개새끼는 마당있는 시골에서 키워라.
다커면 잡아먹고..!",2026-05-09,반려견 식사 관리 어려움,미상,,page,explore,2026-09-28T14:40:51
youtube,https://www.youtube.com/watch?v=pIzLZXXz0so&lc=UgyV7jHipO8wztVCvoR4AaABAg,854a185bbc2840ff,확실한 강아지 배변교육 #shorts,❤❤❤❤❤❤❤,2026-05-05,반려견 식사 관리 어려움,미상,,page,explore,2026-09-28T14:40:51
youtube,https://www.youtube.com/watch?v=vPkp81YKswo&lc=UgytoPzEeyjPQOMX37N4AaABAg,fb96daa7949b0c16,매일 12시간..야근까지해도 괜찮아요! 강아지 혼자 둘 때 출근 전 필수 행동 4가지,이걸 배우지도 않았는데 내가 하고있었다는게 신기하네요 ㅎ,2026-03-22,강아지 혼자 두고 출근,미상,,page,explore,2026-09-28T14:41:10
youtube,https://www.youtube.com/watch?v=vPkp81YKswo&lc=Ugyb2VT--mA6y5YPyC54AaABAg,df5dda9530fe93b6,매일 12시간..야근까지해도 괜찮아요! 강아지 혼자 둘 때 출근 전 필수 행동 4가지,베리 굿 땡큐❤,2026-02-20,강아지 혼자 두고 출근,미상,,page,explore,2026-09-28T14:41:10
youtube,https://www.youtube.com/watch?v=vPkp81YKswo&lc=UgwMWg-1UR0wP4neUmF4AaABAg,e56411ae986def54,매일 12시간..야근까지해도 괜찮아요! 강아지 혼자 둘 때 출근 전 필수 행동 4가지,실외배면만 하는 강아지 실내배변 훈련법도 올려주세요!!,2026-02-10,강아지 혼자 두고 출근,미상,,page,explore,2026-09-28T14:41:10
youtube,https://www.youtube.com/watch?v=vPkp81YKswo&lc=UgzbLGvZUkrCjlnWQhx4AaABAg,c3e6db33521acd54,매일 12시간..야근까지해도 괜찮아요! 강아지 혼자 둘 때 출근 전 필수 행동 4가지,오늘 영상 잘보았습니다~ 많은 도움이될거입니다 감사합니다 ❤️❤️❤️🫶,2026-01-24,강아지 혼자 두고 출근,미상,,page,explore,2026-09-28T14:41:10
youtube,https://www.youtube.com/watch?v=vPkp81YKswo&lc=UgyKpB7vJ2XOpGhRl4d4AaABAg,22afe98b8259ecc0,매일 12시간..야근까지해도 괜찮아요! 강아지 혼자 둘 때 출근 전 필수 행동 4가지,"우리집 댕댕이를 위해 재택 근무 가능한 곳으로 이직했어요.. 
실외배변만 해서...하루 4번 산책 하는데 동네 사람들이 백수인줄 알아요..
그리고 알고보니 분리불안은 우리집 댕댕이가 아니라 나였다는거.. ㅋㅋㅋㅋ
내가 강아지 에게 분리불안이.. ㅋㅋㅋ",2026-01-20,강아지 혼자 두고 출근,미상,,page,explore,2026-09-28T14:41:10
youtube,https://www.youtube.com/watch?v=vPkp81YKswo&lc=Ugy3e6RgBP4BM-C5pv54AaABAg,7dbf9494b4f1819c,매일 12시간..야근까지해도 괜찮아요! 강아지 혼자 둘 때 출근 전 필수 행동 4가지,"3가지 필수 루틴이네요.
특히, 개껌은 진짜 조심. 개껌이 췌장염을 유발할 수도 있어요. 저희 아이가 ㅠㅠ
1가지 루틴에 더하자면, 음악이 좋아요.
음악 노출 시 심박변이도 지표가 증가 → 자율신경계에서 부교감신경 활성화가 증가 → 편안한 상태로 해석 가능하다는 연구 결과가 있어요.",2026-01-19,강아지 혼자 두고 출근,미상,,page,explore,2026-09-28T14:41:10
youtube,https://www.youtube.com/watch?v=vPkp81YKswo&lc=Ugzl5q2MppPnVGVzFo94AaABAg,ab8ad3061b384f3d,매일 12시간..야근까지해도 괜찮아요! 강아지 혼자 둘 때 출근 전 필수 행동 4가지,"목소리 완전 차분하고 좋다
선생님 출신인가요
무튼 좋아요 구독 완료^😂^",2026-01-17,강아지 혼자 두고 출근,미상,,page,explore,2026-09-28T14:41:10
youtube,https://www.youtube.com/watch?v=vPkp81YKswo&lc=UgwqjIxyznjhhqqbdfB4AaABAg,5b286f3d88eeb648,매일 12시간..야근까지해도 괜찮아요! 강아지 혼자 둘 때 출근 전 필수 행동 4가지,"강아지의 시간은 집사의 분위기로 느낀다. 
출근전 5분 준비를 마무리하고 강아지곁에 조용히 머물러 주고 
작별인사는 갔다올께로 짧게 마무리.
출근전 아침산책은 천천히 냄새탐색으로 15분정도로
퇴근후 흥분이 가라앉으면 쓰다듬을것

출근전 준비
깨끗한 물
새로운 배변패드 
주변소리차단( 창문닫기)

차가운 현관바닦에 미끄럼 방지 매트
딱딱한 개껌은 목에 걸릴수있으므로 안됨",2026-01-14,강아지 혼자 두고 출근,미상,,page,explore,2026-09-28T14:41:10
youtube,https://www.youtube.com/watch?v=vPkp81YKswo&lc=UgxMIC7z_FJlGrAym6B4AaABAg,fd688aab747c2ae4,매일 12시간..야근까지해도 괜찮아요! 강아지 혼자 둘 때 출근 전 필수 행동 4가지,저희강아지는 실외배변만 해서 실내배변을 절대 안하는데 실외배변도 하면서 실내배변도 같이 하게 하시는 훈련을 하신걸까요? 너무 궁금합니다..,2026-01-13,강아지 혼자 두고 출근,미상,,page,explore,2026-09-28T14:41:10
youtube,https://www.youtube.com/watch?v=vPkp81YKswo&lc=UgznWsNbSbm4VfmrD5h4AaABAg,8ffd532f23aa9388,매일 12시간..야근까지해도 괜찮아요! 강아지 혼자 둘 때 출근 전 필수 행동 4가지,동물 행동학을 간단하게라도 공부해야하는 이유. 개들은 사람들이 생각하는만큼 의존성이 높은 동물이 아님. 그저 어릴때부터 그런식으로 사람이 키워와서 의존성 높은 개로 커서 그럴뿐. 딱잘라서 어미개나 어미늑대도 3개월부터는 찡찡대도 무시하고 6개월 시점으로 아예 신경안씀. 사람이 개를 사람 위주로 생각하고 사람 심리로 이해할려드니까 오해하고 의존성 높은 개로 키우는거임.,2025-12-16,강아지 혼자 두고 출근,미상,,page,explore,2026-09-28T14:41:10
youtube,https://www.youtube.com/watch?v=vPkp81YKswo&lc=UgwUiDPDCYbBtrom5CV4AaABAg,5e3cd6e5b2c30959,매일 12시간..야근까지해도 괜찮아요! 강아지 혼자 둘 때 출근 전 필수 행동 4가지,3:55,2025-12-07,강아지 혼자 두고 출근,미상,,page,explore,2026-09-28T14:41:10
youtube,https://www.youtube.com/watch?v=vPkp81YKswo&lc=UgzKNnyfqXahq--Rvfp4AaABAg,88e0c141033cdbad,매일 12시간..야근까지해도 괜찮아요! 강아지 혼자 둘 때 출근 전 필수 행동 4가지,외출전 짧은 산책이 우리 강아지에겐 최고더라고요.  하울링이 멈췄어요.,2025-12-04,강아지 혼자 두고 출근,미상,,page,explore,2026-09-28T14:41:10
youtube,https://www.youtube.com/watch?v=vPkp81YKswo&lc=UgzatuB5hfgk6u6-F-N4AaABAg,7276d58e39df3de2,매일 12시간..야근까지해도 괜찮아요! 강아지 혼자 둘 때 출근 전 필수 행동 4가지,다들이영상보고 외출 많이들하시듯,2025-12-04,강아지 혼자 두고 출근,미상,,page,explore,2026-09-28T14:41:10
youtube,https://www.youtube.com/watch?v=vPkp81YKswo&lc=UgysaLwYFaWG3-RKTiR4AaABAg,71bea54d112740d8,매일 12시간..야근까지해도 괜찮아요! 강아지 혼자 둘 때 출근 전 필수 행동 4가지,저희 집 고양이 세마리가 강아지를 케어해주고 있습니다. ㅎㅎㅎ,2025-12-03,강아지 혼자 두고 출근,미상,,page,explore,2026-09-28T14:41:10
youtube,https://www.youtube.com/watch?v=vPkp81YKswo&lc=Ugyczt7AwfR07Pxj7L54AaABAg,c39dcda58effca2a,매일 12시간..야근까지해도 괜찮아요! 강아지 혼자 둘 때 출근 전 필수 행동 4가지,"미국입니다. ^^ 초보견주로써 많이 도움이 되네요.
구독했습니다.",2025-12-03,강아지 혼자 두고 출근,미상,,page,explore,2026-09-28T14:41:10
youtube,https://www.youtube.com/watch?v=vPkp81YKswo&lc=UgwGCUjrkQeuLFq3Ak14AaABAg,23b88b60fa248a4c,매일 12시간..야근까지해도 괜찮아요! 강아지 혼자 둘 때 출근 전 필수 행동 4가지,3만 이렇게 휘장 달아놓으신 거 너무 귀여워요..오ㅔ지…ㅠㅠㅠ,2025-12-02,강아지 혼자 두고 출근,미상,,page,explore,2026-09-28T14:41:10
youtube,https://www.youtube.com/watch?v=vPkp81YKswo&lc=Ugx7HYfnkdwoKCDqmrZ4AaABAg,66b56166e7379061,매일 12시간..야근까지해도 괜찮아요! 강아지 혼자 둘 때 출근 전 필수 행동 4가지,잘 보고 갑니다. 겨울철 출근시 불은 켜고 가는게 좋을까요? 끄고 가는게 좋을까요?ㅠㅠㅠㅠ,2025-11-30,강아지 혼자 두고 출근,미상,,page,explore,2026-09-28T14:41:10
youtube,https://www.youtube.com/watch?v=vPkp81YKswo&lc=UgxmvlggYzFxsbSxvHh4AaABAg,d658dbef2bcd2fdb,매일 12시간..야근까지해도 괜찮아요! 강아지 혼자 둘 때 출근 전 필수 행동 4가지,"혼자 있을때 깊이 자는 경우도 많습니다. 너무 사람 중심으로 생각하지
않아도 될것 같아요! 분리불안 있는 개들은 더 케어 해야겠지만… 요즘 핸드폰으로  에어컨 켜고 끄고 온도조절까지 댕댕이
케어에 너무 좋은 것 같아요. 😊",2025-11-28,강아지 혼자 두고 출근,미상,,page,explore,2026-09-28T14:41:10
youtube,https://www.youtube.com/watch?v=vPkp81YKswo&lc=UgwV8rut4-eTm0njRbh4AaABAg,b6f7c2e0a6ca901d,매일 12시간..야근까지해도 괜찮아요! 강아지 혼자 둘 때 출근 전 필수 행동 4가지,ㅋㅋㅋㅋㅋㅋㅋㅋㅋ자고있는거 왜이리귀엽지,2025-11-28,강아지 혼자 두고 출근,미상,,page,explore,2026-09-28T14:41:10
youtube,https://www.youtube.com/watch?v=vPkp81YKswo&lc=UgwA_4SRm3JuNzALmDN4AaABAg,83e4b50ca9d35bc0,매일 12시간..야근까지해도 괜찮아요! 강아지 혼자 둘 때 출근 전 필수 행동 4가지,강아지가 혼자가 아니고 여러마리일 경우는 필수 행동이 달라질까요??,2025-11-28,강아지 혼자 두고 출근,미상,,page,explore,2026-09-28T14:41:10
youtube,https://www.youtube.com/watch?v=vPkp81YKswo&lc=UgyNPNnYJK3lPgw_-5R4AaABAg,b35c405fc711893a,매일 12시간..야근까지해도 괜찮아요! 강아지 혼자 둘 때 출근 전 필수 행동 4가지,저희부부는 강아지 혼자98프로는 안냅둡니다 항시 가치있어요 강아지가 우리부부한테 잘해줘서 고마움에 대한 보답이죠ㅎ,2025-11-27,강아지 혼자 두고 출근,미상,,page,explore,2026-09-28T14:41:10
youtube,https://www.youtube.com/watch?v=vPkp81YKswo&lc=UgyXuaOM8hDdVbEuXbF4AaABAg,e6cf44ffc3035524,매일 12시간..야근까지해도 괜찮아요! 강아지 혼자 둘 때 출근 전 필수 행동 4가지,우리집개는 출근준비하면 옆에 쫄쫄거리다 슬슬 자기자리가서 주인놈 가나보네하고 째려봄 똥깐은 베란다라 청소좀해주고 사료랑 물채워 주고 출근하면 걍 누워서 쳐다봄 ㅋㅋㅋ 퇴근하고  집가면 침대올라가서 대짜로 뻗어서 주무시고 계심 조용히 다가가서 깨우면 그때서야 좋아함,2025-11-27,강아지 혼자 두고 출근,미상,,page,explore,2026-09-28T14:41:10
youtube,https://www.youtube.com/watch?v=vPkp81YKswo&lc=UgxKbf8w4iW4u37Ch-t4AaABAg,9175315661810e3f,매일 12시간..야근까지해도 괜찮아요! 강아지 혼자 둘 때 출근 전 필수 행동 4가지,좋은정보감사합니다~~,2025-11-27,강아지 혼자 두고 출근,미상,,page,explore,2026-09-28T14:41:10
youtube,https://www.youtube.com/watch?v=vPkp81YKswo&lc=UgxOKbN2ScEC_97Jz5N4AaABAg,edc9b36418de5d74,매일 12시간..야근까지해도 괜찮아요! 강아지 혼자 둘 때 출근 전 필수 행동 4가지,우리집의 상전 여름에 외출시 에어컨 필수 그리고 우리애들은 동종 나오면 쳐다보며 짓고 난리남 강쥐수면음악 틀어놓고 나가면 잘잠,2025-11-27,강아지 혼자 두고 출근,미상,,page,explore,2026-09-28T14:41:10
youtube,https://www.youtube.com/watch?v=vPkp81YKswo&lc=Ugy44IHDOp3XhAQUCpB4AaABAg,88493bdb81980c02,매일 12시간..야근까지해도 괜찮아요! 강아지 혼자 둘 때 출근 전 필수 행동 4가지,딕션이 너무 좋으시네요. 귀에 쏙쏙 들어와요,2025-11-27,강아지 혼자 두고 출근,미상,,page,explore,2026-09-28T14:41:10
youtube,https://www.youtube.com/watch?v=vPkp81YKswo&lc=UgzOx6WVEHSm-gcgJL54AaABAg,5a4e1fdaf3cbef98,매일 12시간..야근까지해도 괜찮아요! 강아지 혼자 둘 때 출근 전 필수 행동 4가지,"저희는 거실전체를 혼자 쓰도록 울타리를 사용하고 있어서 출근할 때 밤에 잠잘 때 울타리 문을 닫아놓는데 이 방법도 괜찮나요? 직장에서 홈캠 보면 대부분의 시간을 자더라구요.
말티푸 8개월 아이에요.",2025-11-27,강아지 혼자 두고 출근,미상,,page,explore,2026-09-28T14:41:10
youtube,https://www.youtube.com/watch?v=vPkp81YKswo&lc=UgxsTqPDIlzK2fBmna94AaABAg,6894d86e707dc01f,매일 12시간..야근까지해도 괜찮아요! 강아지 혼자 둘 때 출근 전 필수 행동 4가지,핵심내용 정리 직전 강아지가 주둥이를 이불에 비비는 장면이 나오는데 왜 그러는 걸까요?,2025-11-27,강아지 혼자 두고 출근,미상,,page,explore,2026-09-28T14:41:10
youtube,https://www.youtube.com/watch?v=vPkp81YKswo&lc=UgwevloWuKiHmaRvIXJ4AaABAg,3b493fa704611eeb,매일 12시간..야근까지해도 괜찮아요! 강아지 혼자 둘 때 출근 전 필수 행동 4가지,강아지 혼자  둘수 없어서  퇴사했습니다   덕분에  와이프가  열심히  일하십니다^^  저는  주부가 됏어요ㅋ,2025-11-26,강아지 혼자 두고 출근,미상,,page,explore,2026-09-28T14:41:10
youtube,https://www.youtube.com/watch?v=vPkp81YKswo&lc=UgxbnzlevknDms-o4tJ4AaABAg,8f91e673ec8b9a74,매일 12시간..야근까지해도 괜찮아요! 강아지 혼자 둘 때 출근 전 필수 행동 4가지,와… 책 많은거 보고 깜짝 놀랐어요…! 어쩜 개들을 이렇게 개 입장에서 사랑하는게 사람취급하는것보다 낫다고 생각해요 . 길가다 만나는 견주들 정말매일 새로운 진상들이 나오는지… ㅎㅎㅎ 입양 전에 개 키우는 매너좀 배웠음 좋겠어요,2025-11-26,강아지 혼자 두고 출근,미상,,page,explore,2026-09-28T14:41:10
youtube,https://www.youtube.com/watch?v=vPkp81YKswo&lc=UgxQfeRoBUsk2KF9Rlh4AaABAg,e579813a759a1922,매일 12시간..야근까지해도 괜찮아요! 강아지 혼자 둘 때 출근 전 필수 행동 4가지,조용한 소음이 있어야ㅡ동물농장ㆍ만화영화 틀어 두고 출근,2025-11-26,강아지 혼자 두고 출근,미상,,page,explore,2026-09-28T14:41:10
youtube,https://www.youtube.com/watch?v=vPkp81YKswo&lc=Ugxjo9WLLYEe-4ZU9xZ4AaABAg,73c79ffd5d2877e6,매일 12시간..야근까지해도 괜찮아요! 강아지 혼자 둘 때 출근 전 필수 행동 4가지,"9년째 해외여행한번안가고 여행은무조건 캠핑이나 애견펜션~일도7~8시간 주말에 한달에1번 개인약속잡을까말까~~새벽 오후 하루2번산책~하다못해 미용실도 애견동반갑니다~하하하하ㅜㅜ;;;;;
불편함보단 얻는행복감과 함께란 따뜻한맘이 더크답니다~~❤❤",2025-11-26,강아지 혼자 두고 출근,미상,,page,explore,2026-09-28T14:41:10
youtube,https://www.youtube.com/watch?v=vPkp81YKswo&lc=UgzZVBTqn6gdAxVwmR94AaABAg,b2a272e81a2316bf,매일 12시간..야근까지해도 괜찮아요! 강아지 혼자 둘 때 출근 전 필수 행동 4가지,그래도 12시간은 ㅡㅡ 안됩니다 ... 차라리 안길러야에 한표...... 주말에 몰아서 48시간 꽉 붙어잇어줄거 아니먼 ㅜㅜ,2025-11-26,강아지 혼자 두고 출근,미상,,page,explore,2026-09-28T14:41:10
youtube,https://www.youtube.com/watch?v=vPkp81YKswo&lc=UgzlJOb3_9ddrsSLgEx4AaABAg,e6ebfcd88e4ec578,매일 12시간..야근까지해도 괜찮아요! 강아지 혼자 둘 때 출근 전 필수 행동 4가지,강쥐덜 냄새맡기는 커녕 본인덜 폰봄써 걷느라 강쥐는 질질 끌려가는!!! 거 마이 봅니다. 견주덜아 쫌!!!!! 산책을 시키라고!!!!,2025-11-25,강아지 혼자 두고 출근,미상,,page,explore,2026-09-28T14:41:10
youtube,https://www.youtube.com/watch?v=vPkp81YKswo&lc=Ugx4IXIpODxNCslFB-d4AaABAg,625558e5666f9ed8,매일 12시간..야근까지해도 괜찮아요! 강아지 혼자 둘 때 출근 전 필수 행동 4가지,미안하죠 늘.,2025-11-25,강아지 혼자 두고 출근,미상,,page,explore,2026-09-28T14:41:10
youtube,https://www.youtube.com/watch?v=vPkp81YKswo&lc=Ugy1hoDo2kJCDqhEP5J4AaABAg,4a2e986dd0b4879b,매일 12시간..야근까지해도 괜찮아요! 강아지 혼자 둘 때 출근 전 필수 행동 4가지,감사합니다❤❤❤우리삼둥이삼남매들 한테노력해보겠습니다❤❤❤,2025-11-25,강아지 혼자 두고 출근,미상,,page,explore,2026-09-28T14:41:10
youtube,https://www.youtube.com/watch?v=b7POVLZtVYs&lc=Ugz5JJGecHe7h4kna8B4AaABAg,a843fa23b4fd0b83,강아지 혼자 두고 외출할 때 '이 실수'가 문제행동의 원인입니다 : 돈 쓰고 분리불안 악화시키지 마세요,"👇👇강아지 혼자 있는 시간, 분리불안 대신 차분함으로 바꿔주는 노즈워크 제대로 고르는 법
https://youtu.be/dxQG096wgOU",2025-12-22,강아지 혼자 두고 출근,미상,,page,explore,2026-09-28T14:41:10
youtube,https://www.youtube.com/watch?v=N_ltk5hnz5c&lc=Ugxcw_Rhl4SiZ5BfrX94AaABAg,4b92d15a5ae8504a,"1인가구, 직장인 강아지 키우는법 8가지 I 집에 강아지 혼자 둬야한다면? (feat.분리불안)","강아지는 불이 다끄면..두려움에 무서운데..
불켜는 해도돼요?",2025-11-25,강아지 혼자 두고 출근,미상,,page,explore,2026-09-28T14:41:10
youtube,https://www.youtube.com/watch?v=duFr8VngpmI&lc=UgyNEexUwwe594ybm154AaABAg,d99c07eece684e5e,강아지 혼자 몇 시간까지 괜찮을까요?(분리불안 예방 꿀팁!),출퇴근은 비워두 된다는거보면 8시간 근무 + 이동 시간 아닐까하는?,2026-08-20,강아지 혼자 두고 출근,미상,,page,explore,2026-09-28T14:41:10
youtube,https://www.youtube.com/watch?v=duFr8VngpmI&lc=Ugx3aSZovRq-aamrh2F4AaABAg,7bc1a49a2183ba93,강아지 혼자 몇 시간까지 괜찮을까요?(분리불안 예방 꿀팁!),아파트에서 개키우는 인간들 이기적인 마인드 극혐 개 위하는척 하면서 사람들한텐 민폐 ㅋㅋㅋ 역겹다ㅋㅋ,2026-07-31,강아지 혼자 두고 출근,미상,,page,explore,2026-09-28T14:41:10
youtube,https://www.youtube.com/watch?v=duFr8VngpmI&lc=UgwQdjFNq6x1FG4pa9N4AaABAg,e18bd9d399a8428c,강아지 혼자 몇 시간까지 괜찮을까요?(분리불안 예방 꿀팁!),제가.. 분리불안이예요...   이건 어쩌죠??,2026-07-24,강아지 혼자 두고 출근,미상,,page,explore,2026-09-28T14:41:10
youtube,https://www.youtube.com/watch?v=duFr8VngpmI&lc=UgyQdYV61SZLCqZINrx4AaABAg,287b472336f09373,강아지 혼자 몇 시간까지 괜찮을까요?(분리불안 예방 꿀팁!),이런 영상 보고 개념없는 견주들이 개를 장시간 방치해도 괜찮다고 생각할까 걱정이다,2026-05-28,강아지 혼자 두고 출근,미상,,page,explore,2026-09-28T14:41:10
youtube,https://www.youtube.com/watch?v=duFr8VngpmI&lc=UgxoC_Ur6k0mg1jePBF4AaABAg,b2b805ccb0ec0157,강아지 혼자 몇 시간까지 괜찮을까요?(분리불안 예방 꿀팁!),아니 몇시간까지둬도괜찬냐고물어봣는디 영상이든댓글이든답을안해줘ㅎㅎㅎㅎㅎㅎㅎ,2026-03-04,강아지 혼자 두고 출근,미상,,page,explore,2026-09-28T14:41:10
youtube,https://www.youtube.com/watch?v=duFr8VngpmI&lc=Ugw_a0hab5MbD3hDjrF4AaABAg,f15dcce2744e42fc,강아지 혼자 몇 시간까지 괜찮을까요?(분리불안 예방 꿀팁!),새끼강아지는요?ㅠㅠ,2025-11-17,강아지 혼자 두고 출근,미상,,page,explore,2026-09-28T14:41:10
youtube,https://www.youtube.com/watch?v=duFr8VngpmI&lc=UgxBO1DzTiEjYix1pHF4AaABAg,cd9ee8443101ee60,강아지 혼자 몇 시간까지 괜찮을까요?(분리불안 예방 꿀팁!),최대몆시간이 맥시멈인가요?그럼?대형견이고 켄넬이있으면요???,2025-10-07,강아지 혼자 두고 출근,미상,,page,explore,2026-09-28T14:41:10
youtube,https://www.youtube.com/watch?v=q8h-BqJWoSc&lc=UgwGZndSCn4uFCkrRgJ4AaABAg,d235ef053b291e48,강아지 집에 혼자 두고 나가도 괜찮은 이유 (대부분 잘못 알고 있어요),"노즈워크 장난감중에 좋은 것도 있고 아쉬운 부분들도 있어서, 빠르게 노즈워크 장난감들 리뷰영상 준비해볼게요!!

가장 추천하는 장난감은 더보기란에 적어두었습니다 : )",2026-02-08,강아지 혼자 두고 출근,미상,,page,explore,2026-09-28T14:41:10
youtube,https://www.youtube.com/watch?v=q8h-BqJWoSc&lc=UgwTIouTfuLXkRO8Dxd4AaABAg,53458df79ece8c16,강아지 집에 혼자 두고 나가도 괜찮은 이유 (대부분 잘못 알고 있어요),제가 없으면 간식도 먹지를 않아요ㅠ ㅜ,2026-04-22,강아지 혼자 두고 출근,미상,,page,explore,2026-09-28T14:41:10
youtube,https://www.youtube.com/watch?v=q8h-BqJWoSc&lc=Ugz8FELZwVDPwRRiIOR4AaABAg,f42b2bbca6d7f3ce,강아지 집에 혼자 두고 나가도 괜찮은 이유 (대부분 잘못 알고 있어요),차늑왕 도은이 없으면 제가 불리불안이 와요,2026-04-18,강아지 혼자 두고 출근,미상,,page,explore,2026-09-28T14:41:10
youtube,https://www.youtube.com/watch?v=q8h-BqJWoSc&lc=UgwlZPjcEBOaVnbA1WZ4AaABAg,9025745b5b4eb0f2,강아지 집에 혼자 두고 나가도 괜찮은 이유 (대부분 잘못 알고 있어요),"웰시코기 키워요~  분리불안 없어요..ㅎ 일할땐 어쩔수 없이 혼자 있지만 첨엔 걱정 많이 했지만  혼자있을때 푹자고, 쉬는 듯해요ㅋㅋ 몰랐는데 복도에서 소리나면 짖는다고 옆집에서 짖는다고 알려주더라고요ㅋㅋㅋ(짖는다고 2~3년후 알려줌ㅋ  평소에 인사하고 지냄ㅋ)  티비 켜주고, 거실에 작은등 하나 켜두고, 간식 쬐금 놓고 출근해요ㅋㅋㅋ 하루 산책  간단하게라도 수시로 자주 해줌ㅋㅋ(길게2번, 간단하게2번정도.. 이것도 줄인거에요..ㅋㅋ)  제가 집에 있을땐 감시하느라 잠을 편하게 못자더라구요ㅋ",2026-03-04,강아지 혼자 두고 출근,미상,,page,explore,2026-09-28T14:41:10
youtube,https://www.youtube.com/watch?v=LUEFpaGbm2k&lc=Ugw9lHcI5oKH6MDtYKV4AaABAg,33f9eaf481dc9b47,수의사들이 🐶내새끼 평민 사료 먹이는 이유. 사료 등급표 저거 맞아❓ #강아지사료 #강아지 #강아지일상 #고양이집사 #수의사 #티어리스트,로얄캐닌 그냥 1티어,2025-11-25,강아지 편식,건사료,,page,explore,2026-09-28T14:41:28
youtube,https://www.youtube.com/watch?v=LUEFpaGbm2k&lc=UgzvSGFkBZzk_VTIeMl4AaABAg,35b3f29cce87fc2a,수의사들이 🐶내새끼 평민 사료 먹이는 이유. 사료 등급표 저거 맞아❓ #강아지사료 #강아지 #강아지일상 #고양이집사 #수의사 #티어리스트,좋은 거 다 사다바치다가도 결국 나이들면 힐스 로캐 처방식 중에 고르게 되더라...ㅠ,2025-11-18,강아지 편식,미상,,page,explore,2026-09-28T14:41:28
youtube,https://www.youtube.com/watch?v=LUEFpaGbm2k&lc=Ugyvzwm3iB7OL_XkM-h4AaABAg,a5c219335481522c,수의사들이 🐶내새끼 평민 사료 먹이는 이유. 사료 등급표 저거 맞아❓ #강아지사료 #강아지 #강아지일상 #고양이집사 #수의사 #티어리스트,사료중에 재포장소분 이라고 표기 되어있는게 있는데요 괜찮은건가요?? 나우사료인데요 2키로 짜리만 재포장소분이라고 표기되어있어요! 완전 찝찝해요!!,2025-11-15,강아지 편식,미상,,page,explore,2026-09-28T14:41:28
youtube,https://www.youtube.com/watch?v=LUEFpaGbm2k&lc=Ugw7i42DVHB5QyoxUKV4AaABAg,d0194a3d82e2a977,수의사들이 🐶내새끼 평민 사료 먹이는 이유. 사료 등급표 저거 맞아❓ #강아지사료 #강아지 #강아지일상 #고양이집사 #수의사 #티어리스트,ㅁㅊ놈들,2025-11-13,강아지 편식,미상,,page,explore,2026-09-28T14:41:28
youtube,https://www.youtube.com/watch?v=LUEFpaGbm2k&lc=UgwN-WUn9chCrdIOV7x4AaABAg,c7fe3a1fc8f05bde,수의사들이 🐶내새끼 평민 사료 먹이는 이유. 사료 등급표 저거 맞아❓ #강아지사료 #강아지 #강아지일상 #고양이집사 #수의사 #티어리스트,"집밥 먹입니다
간식도 북어포, 건조 소간 먹이고
요거트, 우유로 영양 보충하구요",2025-10-20,강아지 편식,미상,,page,explore,2026-09-28T14:41:28
youtube,https://www.youtube.com/watch?v=LUEFpaGbm2k&lc=UgxaiCtbD25KKauJbit4AaABAg,29219d4c48712946,수의사들이 🐶내새끼 평민 사료 먹이는 이유. 사료 등급표 저거 맞아❓ #강아지사료 #강아지 #강아지일상 #고양이집사 #수의사 #티어리스트,저표는 어디서볼수있나요?,2025-10-16,강아지 편식,미상,,page,explore,2026-09-28T14:41:28
youtube,https://www.youtube.com/watch?v=LUEFpaGbm2k&lc=UgwXZwY_9NeWqYpnIxR4AaABAg,33b7f04083f78b4a,수의사들이 🐶내새끼 평민 사료 먹이는 이유. 사료 등급표 저거 맞아❓ #강아지사료 #강아지 #강아지일상 #고양이집사 #수의사 #티어리스트,"저는 확실한 성분 논문있는거아니면 왠만하면 걸러요,,😢",2025-10-10,강아지 편식,미상,,page,explore,2026-09-28T14:41:28
youtube,https://www.youtube.com/watch?v=LUEFpaGbm2k&lc=UgxF-HNP-tFESN74Dqh4AaABAg,89faed2a1f75b0a9,수의사들이 🐶내새끼 평민 사료 먹이는 이유. 사료 등급표 저거 맞아❓ #강아지사료 #강아지 #강아지일상 #고양이집사 #수의사 #티어리스트,"오리젠만 평생 먹여왔는데 
신부전 초기 나왔습니다.
씌발 7kg 짜리한테 하루 80G 먹였는데
뭔 신장 수치가 그렇게 나온건지..",2025-10-05,강아지 편식,건사료,,page,explore,2026-09-28T14:41:28
youtube,https://www.youtube.com/watch?v=zMsf6-ZwWX4&lc=Ugw5X7H5gaYa9JwFy9F4AaABAg,4623a2b494069b26,"식탐 제로 강아지, 이렇게 하면 됩니다! 🐷l 1문 1답 Q&A l 설채현 행동학 수의사",저는.. 공짜 간식 자판기가 되어있던 거군요...^^.. 하....,2026-01-26,강아지 편식,미상,,page,explore,2026-09-28T14:41:28
youtube,https://www.youtube.com/watch?v=zMsf6-ZwWX4&lc=UgzLsCOvlkU39jtNkqx4AaABAg,d6ae1a90607e183d,"식탐 제로 강아지, 이렇게 하면 됩니다! 🐷l 1문 1답 Q&A l 설채현 행동학 수의사","울  강쥐도  사료 안먹어서  개껌도  안주규  아무것도  안줬더니   2일째
먹더라규요",2026-01-24,강아지 편식,미상,,page,explore,2026-09-28T14:41:28
youtube,https://www.youtube.com/watch?v=3cOQYp-XJEg&lc=UgwwZMpo0EmecC_QkAJ4AaABAg,fbe43f990856b379,입이 고급이 된 강아지...사료 안먹을 때 굶기면 깔끔히 해결됩니다ㅋ 마음 아파도 간식 주지 마세요! #반려견 #cutedog #유기견 #임보 #jindodog #진돗개,가슴아프지만 때론 징계가 필요하긴 합니다.. 잘하셨네요,2026-09-17,강아지 편식,미상,,page,explore,2026-09-28T14:41:28
youtube,https://www.youtube.com/watch?v=3cOQYp-XJEg&lc=UgxWJJ57PAvCW2-O4dd4AaABAg,5b6a3fee58db0b96,입이 고급이 된 강아지...사료 안먹을 때 굶기면 깔끔히 해결됩니다ㅋ 마음 아파도 간식 주지 마세요! #반려견 #cutedog #유기견 #임보 #jindodog #진돗개,"생리시작하면서 밥을 거부하네요 
ㅠ 반밖에 안먹어서 걱정입니다 
진돗개 견주입니다",2026-08-21,강아지 편식,미상,,page,explore,2026-09-28T14:41:28
youtube,https://www.youtube.com/watch?v=3cOQYp-XJEg&lc=Ugycvbp-mHtbMHc6PG94AaABAg,b98290c5d2809e8c,입이 고급이 된 강아지...사료 안먹을 때 굶기면 깔끔히 해결됩니다ㅋ 마음 아파도 간식 주지 마세요! #반려견 #cutedog #유기견 #임보 #jindodog #진돗개,"굶기고 산책하고 별짓 다해도 안먹고 공복토 하고 저혈당 오고 난리치다가 죽지않을 만큼 겨우 먹이고 4살접어들때부터 조금씩  먹기시작하는데 오전 저녁 2번씩주고
한번줄때 진짜 조금씩만주고 안남기고 다먹는 규칙적인 식사를 목표로 하니 이제좀 먹어요",2026-05-24,강아지 편식,미상,,page,explore,2026-09-28T14:41:28
youtube,https://www.youtube.com/watch?v=3cOQYp-XJEg&lc=Ugw1SuMf2Ms9g1TCHkh4AaABAg,06b802a9f48a696c,입이 고급이 된 강아지...사료 안먹을 때 굶기면 깔끔히 해결됩니다ㅋ 마음 아파도 간식 주지 마세요! #반려견 #cutedog #유기견 #임보 #jindodog #진돗개,"걍 굶기면 되는거 아님? 사료 안먹는다고 쫒아다니면서 먹이는 사람ㄱ들 보면 신기하더라 ,, 우리집 개도 입맛까다로워 져서 사료 거부하고 고기만 먹을려고 하니까 3~4일 굶겨서 사료주면 환장하면서 먹더라",2026-04-28,강아지 편식,미상,,page,explore,2026-09-28T14:41:28
youtube,https://www.youtube.com/watch?v=3cOQYp-XJEg&lc=UgxHWnIOqIcQ8SyVgWN4AaABAg,85a8546462e5c34f,입이 고급이 된 강아지...사료 안먹을 때 굶기면 깔끔히 해결됩니다ㅋ 마음 아파도 간식 주지 마세요! #반려견 #cutedog #유기견 #임보 #jindodog #진돗개,굶기면되지,2026-04-27,강아지 편식,미상,,page,explore,2026-09-28T14:41:28
youtube,https://www.youtube.com/watch?v=3cOQYp-XJEg&lc=Ugwqv2pmoktYnrkdIod4AaABAg,880039a1c205557c,입이 고급이 된 강아지...사료 안먹을 때 굶기면 깔끔히 해결됩니다ㅋ 마음 아파도 간식 주지 마세요! #반려견 #cutedog #유기견 #임보 #jindodog #진돗개,귀엽다,2026-03-03,강아지 편식,미상,,page,explore,2026-09-28T14:41:28
youtube,https://www.youtube.com/watch?v=3cOQYp-XJEg&lc=UgyjQiK_zz0NrUhYOB54AaABAg,cc884b2527e8ed14,입이 고급이 된 강아지...사료 안먹을 때 굶기면 깔끔히 해결됩니다ㅋ 마음 아파도 간식 주지 마세요! #반려견 #cutedog #유기견 #임보 #jindodog #진돗개,진돗개는 원래 식탐이 없는 강아지로 유명함 ㅋㅋ 그래서 자기조절을 항상 하고있는게 진돗개,2026-01-10,강아지 편식,미상,,page,explore,2026-09-28T14:41:28
youtube,https://www.youtube.com/watch?v=UeQc6pK2q5I&lc=UgwCH1HeLa6PpdjB-Hd4AaABAg,ca82ee537e62bc69,화식을 먹어야하는이유#강아지 #강아지화식#강아지자연식,"사료도 사료지만,  개한테 사람 먹는 가공식품 좀 맥이지 마라. 개한테 과자 주고 케이크 주는데 오래 살겠냐 -_-...",2026-07-08,강아지 편식,화식,,page,explore,2026-09-28T14:41:28
youtube,https://www.youtube.com/watch?v=UeQc6pK2q5I&lc=Ugww_SWvgB6JHMp9qs54AaABAg,d74868e5e3e55f56,화식을 먹어야하는이유#강아지 #강아지화식#강아지자연식,"우리아이는검색하면서화식을먹이고있다ㆍ건강검진하면병원서도인정한다 ㆍ다른아이들보다몃년장기들이젊다구!건강하다구!!
제철과일ㆍ야체 ㆍ닭가슴살먹이구있다ㆍ",2026-07-06,강아지 편식,화식,,page,explore,2026-09-28T14:41:28
youtube,https://www.youtube.com/watch?v=UeQc6pK2q5I&lc=UgxV9xp7szqQd3_OZd94AaABAg,19c062743097b697,화식을 먹어야하는이유#강아지 #강아지화식#강아지자연식,"화식, 생식의 문제는 필수영양소 계산. 사료는 그게 딱딱 맞춰져있음.",2026-07-06,강아지 편식,화식,,page,explore,2026-09-28T14:41:28
youtube,https://www.youtube.com/watch?v=UeQc6pK2q5I&lc=UgxI0t3x_iT2GQ9yhN94AaABAg,9dc2ab65ff9a6309,화식을 먹어야하는이유#강아지 #강아지화식#강아지자연식,하 저희애는 까다로워서 화식도 잘 안먹어요 일반사료는 절대 안먹어서 동결건조 사료 먹이고 화식에는 치즈 올려줘야 겨우먹고 힘듭니다😂,2026-07-05,강아지 편식,화식,,page,explore,2026-09-28T14:41:28
youtube,https://www.youtube.com/watch?v=UeQc6pK2q5I&lc=UgxfaRKCdzW-GD_pPsJ4AaABAg,447873eb1f1b9c14,화식을 먹어야하는이유#강아지 #강아지화식#강아지자연식,"홈메이드 화식에 관한 
전문가 수의학 영양사분들의
레시피  정보 찾기 쉽지 않은데요
레시피 정보가 많아져서
사료대신 홈메이드 로
단 한번뿐인 강쥐들이
건강하고 맛있는 인생 되었으면해요",2026-06-22,강아지 편식,화식,,page,explore,2026-09-28T14:41:28
youtube,https://www.youtube.com/watch?v=UeQc6pK2q5I&lc=UgxkHS9hiMLkfCJI8NZ4AaABAg,70d273da317a9729,화식을 먹어야하는이유#강아지 #강아지화식#강아지자연식,직접 만드는게 힘들면 화식 요즘에 제대로 된거 판매 많이 하니 좀 비싸긴 해도 화식도 괜찮아여,2026-06-16,강아지 편식,화식,,page,explore,2026-09-28T14:41:28
youtube,https://www.youtube.com/watch?v=UeQc6pK2q5I&lc=UgzIewx1lviWN4O8kkh4AaABAg,4c34ca126a544793,화식을 먹어야하는이유#강아지 #강아지화식#강아지자연식,"사료가초가공식품 이라더라고요  그래서   전끼니를  화식으로주는건  영 양밸 런스때문에    소량 자주먹는아이라   총4끼  4시간마다   저는집에있어서가능  해요  건식. 불 린거.  한끼  화식 .  습식  화식  이렇게주고있어요
간식도  직접 만든  닭 가슴 육포  말 린거냉동보관  했다가   물에불 려주고있어요    불 린물은  음수량.높이는데큰몫을차지하죠  적당히주고   남는건얼음트레이에얼 려다가   한알씩 .더울때꺼내서줘보세요  손은많이가지만 . . 나름  하고있어요",2026-06-15,강아지 편식,화식,,page,explore,2026-09-28T14:41:28
youtube,https://www.youtube.com/watch?v=UeQc6pK2q5I&lc=Ugw9kIlNo0qT23EuVad4AaABAg,3005093797da7378,화식을 먹어야하는이유#강아지 #강아지화식#강아지자연식,일단 채소랑 영양학적으로 섞어서 주면 식이섬유가 많아서 장도 건강해짐,2026-06-11,강아지 편식,화식,,page,explore,2026-09-28T14:41:28
youtube,https://www.youtube.com/watch?v=UeQc6pK2q5I&lc=UgxoI7hwyZX9yT-hDjd4AaABAg,93a0b3208ffc3624,화식을 먹어야하는이유#강아지 #강아지화식#강아지자연식,맞음 나도 우리 강아지 계속 설사하고 해서 병원에서는 약 팔아먹고 할려고 장에 좋은 뭐 이런 방법을 알려주거나 이런 게 없고 항생제만 3달간 3번이나 처방해줘서 이제 화식을 주기 시작했는데 화식 먹고 설사가 중단되는 걸 보고 그리고 사료를 다시 급여했더니 다시 설사가 시작되는 걸 보고 알았음 정답은 화식이다,2026-06-11,강아지 편식,화식,,page,explore,2026-09-28T14:41:28
youtube,https://www.youtube.com/watch?v=UeQc6pK2q5I&lc=UgxprBxH0dq8lO2zLZZ4AaABAg,6e2734fee8543543,화식을 먹어야하는이유#강아지 #강아지화식#강아지자연식,"야채 닭고기 익혀  갈아서 
사료위에 조금씩 얹어주고있어요
진돗개이구요
일단 똥냄새가 안나요 
몸에서도 냄새가 확실히 덜나요 
눈물자국이 없어져요",2026-06-06,강아지 편식,화식,,page,explore,2026-09-28T14:41:28
youtube,https://www.youtube.com/watch?v=UeQc6pK2q5I&lc=UgwNTKqFUE3iYmwmBjF4AaABAg,0a0aec04562d2952,화식을 먹어야하는이유#강아지 #강아지화식#강아지자연식,확실히 화식 먹기 시작하니까 우리집 막내 털에 윤기가 확 살아남 ㅎㅎㅎㅎ,2026-05-31,강아지 편식,화식,,page,explore,2026-09-28T14:41:28
youtube,https://www.youtube.com/watch?v=UeQc6pK2q5I&lc=UgwzO4Hp76ZvUhpAqtx4AaABAg,32a943de24302b4f,화식을 먹어야하는이유#강아지 #강아지화식#강아지자연식,"사료에 머가들어갔는지 알아?
방부제 넣고 먼 재료가 들어갔는지 모르는 사료가 좋을까
땅에서 난 건강한 음식
고기주는게 나을까

무식한 사람들이 개는 사료줘야된다는거 같음",2026-05-27,강아지 편식,화식,,page,explore,2026-09-28T14:41:28
youtube,https://www.youtube.com/watch?v=UeQc6pK2q5I&lc=UgyL1m8THqp4CzjWJOZ4AaABAg,85007410f3f0996f,화식을 먹어야하는이유#강아지 #강아지화식#강아지자연식,사료는 가공식품이애요… 공장에서 만든 음식보다는 가능한 자연에서 온 음식을 먹는게 좋아요… 야채 과일 먹는게 비타민 알약만으로 대채 될수 없듯이… 동물병원과 사료 회시의 마케팅에 그만 속읍시다…,2026-05-07,강아지 편식,화식,,page,explore,2026-09-28T14:41:28
youtube,https://www.youtube.com/watch?v=UeQc6pK2q5I&lc=UgyCsMcLrinIaPT_zrJ4AaABAg,bb45868324895294,화식을 먹어야하는이유#강아지 #강아지화식#강아지자연식,"화식 해 먹이기 시작하고 울 아가들 회춘하고 있어요 12살인데 펄펄 날라 다녀요~
몸에 좋다는거 다 넣어서 만들어요 ㅎㅎㅎ",2026-04-21,강아지 편식,화식,,page,explore,2026-09-28T14:41:28
youtube,https://www.youtube.com/watch?v=UeQc6pK2q5I&lc=UgyPtfQFi6fjzUdG9sd4AaABAg,5c3c7ccf33173782,화식을 먹어야하는이유#강아지 #강아지화식#강아지자연식,습식은요?,2026-04-07,강아지 편식,화식,,page,explore,2026-09-28T14:41:28
youtube,https://www.youtube.com/watch?v=UeQc6pK2q5I&lc=UgzHAztkMML0k1i1y-F4AaABAg,b5360e0b5982c640,화식을 먹어야하는이유#강아지 #강아지화식#강아지자연식,"강형욱이 진짜 대단한게 노즈워크, 생식 , H형 가슴줄 강형욱이 다 가지고옴 ㅋㅋㅋ",2026-03-23,강아지 편식,화식,,page,explore,2026-09-28T14:41:28
youtube,https://www.youtube.com/watch?v=UeQc6pK2q5I&lc=UgyJ0Fp8rjMs1RNJrUV4AaABAg,11296882ea065628,화식을 먹어야하는이유#강아지 #강아지화식#강아지자연식,"세계장수견 ,우리나라장수견들 집밥먹는거보고 고기,야채 반반 삶아 먹이니 건강해졌어요 지금은 티비에서 사료먹는 개들보면 너무 불쌍해보이더라고요",2026-02-28,강아지 편식,화식,,page,explore,2026-09-28T14:41:28
youtube,https://www.youtube.com/watch?v=UeQc6pK2q5I&lc=UgyZrKTif7GYzKvhR4V4AaABAg,e89d90c2b0e46c2b,화식을 먹어야하는이유#강아지 #강아지화식#강아지자연식,"사료만 정석인줄 알았어요
수분없는 건식사료만 주기에는
걱정스러웠는데
 익힌 야채를 줘도 되는군요
30년도 못사는
짧은 견생에 먹는 즐거움이
대부분 일텐데 좋아하는 야채도
죄의식 없이 나누어 먹어야겠어요",2026-02-25,강아지 편식,화식,,page,explore,2026-09-28T14:41:28
youtube,https://www.youtube.com/watch?v=UeQc6pK2q5I&lc=UgzYTFeFVKGfeeW2fg94AaABAg,43492babb5c240f5,화식을 먹어야하는이유#강아지 #강아지화식#강아지자연식,"저도 개가 사료만먹는건 영양소 골고루있는 시리얼먹는거라 생각하고 식탐많고 냄새잘맡는 강쥐 얼마나 음식이 맛있을까싶어 사료반 화식반 섞어먹였는데...
2살때 3살때 췌장염온후...
처방습식캔 위주로 먹이고 가끔 새키손가락만큼 닭가슴살 고구마 먹여요.
개바개입니다.
식사도 4번먹이고 공복피토해서...
화식 맛있는 음식 해주고싶은데...
100%맞는 삶은 인간에게도 없듯이 강쥐도 각자 다른것같으니 주인이 알아서 잘 케어해줘야할것같아요.",2026-02-20,강아지 편식,화식,,page,explore,2026-09-28T14:41:28
youtube,https://www.youtube.com/watch?v=UeQc6pK2q5I&lc=UgziSpfCRImPsDul9NZ4AaABAg,e93a61d411b76d72,화식을 먹어야하는이유#강아지 #강아지화식#강아지자연식,"맞아요ㅡ  진도 견주입니다
사료를 전혀 않먹일순 없구요
사료에 사람 음식 섞어 줍니다
양념 않된 고기류ㆍ사골국 ㆍ두부  심심한 된장국 등 밥도 섞어 ㅈᆢㅂ니다ㅡ 잘먹고 건강합니다~",2026-02-19,강아지 편식,화식,,page,explore,2026-09-28T14:41:28
youtube,https://www.youtube.com/watch?v=UeQc6pK2q5I&lc=Ugys3f-y6C_kdX3Ak_54AaABAg,d8bc2a396898b5f6,화식을 먹어야하는이유#강아지 #강아지화식#강아지자연식,화식한지 8개월 일단 눈에 뛰는건 눈물 뚝.,2026-02-18,강아지 편식,화식,,page,explore,2026-09-28T14:41:28
youtube,https://www.youtube.com/watch?v=UeQc6pK2q5I&lc=UgxmN9lHbSwJ5qzLYMJ4AaABAg,6aebf3581c925b05,화식을 먹어야하는이유#강아지 #강아지화식#강아지자연식,"화식이랑 간식 등 여러가지 알레르기가 심하게 와서 지금은 한 사료만 먹이는데요
다시 용기내서 먹여봐야할까요😢",2026-02-11,강아지 편식,화식,,page,explore,2026-09-28T14:41:28
youtube,https://www.youtube.com/watch?v=UeQc6pK2q5I&lc=Ugyjv_pv4NBnuQYlKsB4AaABAg,24d77bf4467312fe,화식을 먹어야하는이유#강아지 #강아지화식#강아지자연식,우리집 포메 고미쿤 화식먹여  병원 딱한번 가고 15년 잘살고 이별할때도 3일  앓다가 식구들 전부 인사하고 감 매일 고구마 닭가슴살 당근 양배추 소고기 먹을수 있는 신선한 재료 삶고 볶고 거의 소금기없이 먹이면 잘먹고 건강함,2026-02-10,강아지 편식,화식,,page,explore,2026-09-28T14:41:28
youtube,https://www.youtube.com/watch?v=UeQc6pK2q5I&lc=UgzvHAowK2yBPB2bhmV4AaABAg,f2599095462c2b45,화식을 먹어야하는이유#강아지 #강아지화식#강아지자연식,일반인이 만든 화식이 사료만큼 영양밸런스를 잘 맞출수 있느냐가 문제 아닐까.,2026-02-10,강아지 편식,화식,,page,explore,2026-09-28T14:41:28
youtube,https://www.youtube.com/watch?v=UeQc6pK2q5I&lc=UgznVtDQrG03hDiYcdJ4AaABAg,9e231f77971984af,화식을 먹어야하는이유#강아지 #강아지화식#강아지자연식,우리강아지가 화식 먹이고 정말 좋아졌어요,2026-02-05,강아지 편식,화식,,page,explore,2026-09-28T14:41:28
youtube,https://www.youtube.com/watch?v=UeQc6pK2q5I&lc=UgzLczxEFOsKvY3bHsF4AaABAg,830167a7d173d237,화식을 먹어야하는이유#강아지 #강아지화식#강아지자연식,이런 애기 하셔서 자본주의 사회에서 적이 많아지셨겠네요..,2026-01-28,강아지 편식,화식,,page,explore,2026-09-28T14:41:28
youtube,https://www.youtube.com/watch?v=UeQc6pK2q5I&lc=UgzG0a52UAAcAR6iR7l4AaABAg,31701c28f3ebf755,화식을 먹어야하는이유#강아지 #강아지화식#강아지자연식,사람이 편해야 개도 집에서 안쫓겨난다,2026-01-26,강아지 편식,화식,,page,explore,2026-09-28T14:41:28
youtube,https://www.youtube.com/watch?v=UeQc6pK2q5I&lc=Ugwrvay5bejejeIOOkN4AaABAg,1d838b3509a0df8b,화식을 먹어야하는이유#강아지 #강아지화식#강아지자연식,울애기는 샤료 알러지가 있는걸  얼마전에 알았어요 그래서 흰밥에 야채 단백질 로 하루 세번 만들어주고 있어요 닭은 알러지가있어 생선과 소고기로 주고있어요 ㅠㅠ이걸왜 이제야 알았는지 너무 미안해서 냉동 하지않고 바로해서 먹이고 있어요,2026-01-20,강아지 편식,화식,,page,explore,2026-09-28T14:41:28
youtube,https://www.youtube.com/watch?v=UeQc6pK2q5I&lc=Ugw1GtgfWvgIQ29ewq54AaABAg,14b20bbd3cc726a3,화식을 먹어야하는이유#강아지 #강아지화식#강아지자연식,살면서 제일 뿌듯할때가  우리 강아지 화식만들어서 냉장고에넣고난 순간  아~~ 일주일 저축했다싶은 마음에 부자가 된것 같아요…  귀찮아도 우리 베니가 잘 먹으니  어쪄겠었요😘,2026-01-20,강아지 편식,화식,,page,explore,2026-09-28T14:41:28
youtube,https://www.youtube.com/watch?v=UeQc6pK2q5I&lc=Ugya5UDDF7sunR0qLgl4AaABAg,147c22627b345cc7,화식을 먹어야하는이유#강아지 #강아지화식#강아지자연식,화식이 당연히 좋쵸 사료는 편의를위해 만들어진 어쩔수없는 현대사회의 딜레마,2026-01-13,강아지 편식,화식,,page,explore,2026-09-28T14:41:28
youtube,https://www.youtube.com/watch?v=UeQc6pK2q5I&lc=UgyUNGMKk7zhQXPQ0Uh4AaABAg,9725bd5a2a19ef0b,화식을 먹어야하는이유#강아지 #강아지화식#강아지자연식,세상에 예전에는 사람밥 물에 씻어주고 말아줘도 예방주사 한방 안맞고 잘 살았다. 사료주니까 병걸리는 거지 ㅋㅋㅋ,2026-01-13,강아지 편식,화식,,page,explore,2026-09-28T14:41:28
youtube,https://www.youtube.com/watch?v=JTO0-Cedrs8&lc=UgxlprdqGQkfyCx8EUB4AaABAg,be7a498a92cce816,강아지 사료 언제 바꿔야 할까? 퍼피 vs 어덜트 완전 정리! - 반려동물 필독사전,애견샵에서 분양받은 사료를 천천히 바꿔주려고 영상 찾아봤어요~ 도움이 많이되요.,2026-09-07,강아지 사료 바꾸기,미상,,page,explore,2026-09-28T14:41:50
youtube,https://www.youtube.com/watch?v=JTO0-Cedrs8&lc=Ugy0QufZLkt7gyGuBnt4AaABAg,73dac64bb9092f41,강아지 사료 언제 바꿔야 할까? 퍼피 vs 어덜트 완전 정리! - 반려동물 필독사전,"쌤 강의 잘 봤습니다.
저는 시츄 10개월째
눈물이 많아 사료찾고 있는데
너무 다양한 시료에 놀랍니다.
어릴땐 눈물이 없었는데
자라면서 6개월쯤부터 
눈물이 많아지네요.
다니던 병원서 로얄 처방식사료
알레르기&다이어트 사료 먼저
먹여보자해서 먹이고 있는데
차도가 없네요.
도움말씀 듣고싶습니다.",2025-11-21,강아지 사료 바꾸기,미상,,page,explore,2026-09-28T14:41:50
youtube,https://www.youtube.com/watch?v=PYgc8hnDCtw&lc=UgwUfX5t3Iu3EzGWLJh4AaABAg,6ba5d54b9b16753d,수의사가 알려주는 올바른 사료 보관법 강아지 고양이,아 나 이렇게 보관 하는데 ㅜㅜ  냉장보관 왜 안하냐고 ㅈㄹ 하는 사람들 한테 보여줘야지 ㅜㅜ,2025-10-12,강아지 사료 바꾸기,미상,,page,explore,2026-09-28T14:41:50
youtube,https://www.youtube.com/watch?v=PYgc8hnDCtw&lc=UgyE5SZNNLj18M_qrOh4AaABAg,edcc89f2a0f5aad2,수의사가 알려주는 올바른 사료 보관법 강아지 고양이,"폭염엔 냉장보과해야 일정 온도 유지가 가능하지 않나요?
외출시나 휴가때  집 비우면 실내온도  많이 올라가는데...
외출할때마다 냉장고에  넣는 거  지키기도 어려울것 같고

여름철엔 그냥 밀폐용기에 넣어서  냉장고에 쭉 넣어두는게 온도변화없이  보관하는 방법일듯",2025-09-28,강아지 사료 바꾸기,미상,,page,explore,2026-09-28T14:41:50
youtube,https://www.youtube.com/watch?v=mbql6-rZWX8&lc=Ugz5U7sXuwfj7sJxKQ94AaABAg,997a8736c99e59ad,"사료를 가져와 떨어뜨리는 강아지, 나눠 먹자는 걸까요? ｜강형욱의 소소한 Q&A",이거 진짜 궁굼했어요 저희집 애도 사료를 바닥에 놓고 먹거나 제 침대로 물어와서 놓고 먹더라구요 사료가 마음에 안드나 싶어서 바꿔줘봐도 그대로길래 뭐가 문제인가 했는데 밥그릇 위치를 바꿔봐야겠네요,2025-12-21,강아지 사료 바꾸기,미상,,page,explore,2026-09-28T14:41:50
youtube,https://www.youtube.com/watch?v=s_onRp5kbQg&lc=Ugz9Mz6Q_yhVGMllcHd4AaABAg,a79a2f5360244199,"개통령은 뭘 먹일까? 24년 만에 완성한 반려견 식단. 싹 다 공개합니다.[철저한내돈내산,무료광고,육해공맛집,나보다잘먹음]",이게 릴스에 뜨는 밥꾸의 시작인가,2026-06-14,강아지 밥,미상,,page,explore,2026-09-28T14:41:58
youtube,https://www.youtube.com/watch?v=s_onRp5kbQg&lc=UgzH6keWfnRH16_j8Od4AaABAg,db4fcdabcb80c212,"개통령은 뭘 먹일까? 24년 만에 완성한 반려견 식단. 싹 다 공개합니다.[철저한내돈내산,무료광고,육해공맛집,나보다잘먹음]",아니 ㅋㅋㅋㅋㅋㅋㅋ 개훌륭에서는 보호자에게 너무 먹인다고 뭐라하더니ㅎㅎㅎㅎ,2026-05-27,강아지 밥,미상,,page,explore,2026-09-28T14:41:58
youtube,https://www.youtube.com/watch?v=s_onRp5kbQg&lc=UgzIZs0iPvmvgx73lgl4AaABAg,fab00aceaf1649c3,"개통령은 뭘 먹일까? 24년 만에 완성한 반려견 식단. 싹 다 공개합니다.[철저한내돈내산,무료광고,육해공맛집,나보다잘먹음]",오메가쓰리는 알약으루다가...,2026-05-23,강아지 밥,미상,,page,explore,2026-09-28T14:41:58
youtube,https://www.youtube.com/watch?v=s_onRp5kbQg&lc=Ugz_dCCrH77tPPBfrqR4AaABAg,435b9e43b7b50a85,"개통령은 뭘 먹일까? 24년 만에 완성한 반려견 식단. 싹 다 공개합니다.[철저한내돈내산,무료광고,육해공맛집,나보다잘먹음]","어떻게 훈련을 해야. 큰개 작은개 상관없이 저리 잘 지낼 수 있을까요?
마리노이즈가 생긴거는 참 무섭게 생겼는데, 날라 보니 너무너무 순하고. 성격 진짜 좋아보여요❤",2026-05-19,강아지 밥,미상,,page,explore,2026-09-28T14:41:58
youtube,https://www.youtube.com/watch?v=s_onRp5kbQg&lc=Ugy2zD6x8lCEtxrgnzR4AaABAg,225509f2760a4f8c,"개통령은 뭘 먹일까? 24년 만에 완성한 반려견 식단. 싹 다 공개합니다.[철저한내돈내산,무료광고,육해공맛집,나보다잘먹음]",와 ㅋㅋㅋㅋ 우리 애들 밥보다 잘 먹이시네요 😂 강형욱님 너무 응원해요!! 저도 언젠가 아이들이 좀 더 자라면 남편이랑 강아지 너무 키우고 싶어요 😊,2026-05-18,강아지 밥,미상,,page,explore,2026-09-28T14:41:58
youtube,https://www.youtube.com/watch?v=s_onRp5kbQg&lc=UgxubMZyp88qv5MAzAJ4AaABAg,0720f4aac1d539bf,"개통령은 뭘 먹일까? 24년 만에 완성한 반려견 식단. 싹 다 공개합니다.[철저한내돈내산,무료광고,육해공맛집,나보다잘먹음]",강형욱님 더 잘되셨으면 좋겠어요!!!,2026-05-14,강아지 밥,미상,,page,explore,2026-09-28T14:41:58
youtube,https://www.youtube.com/watch?v=s_onRp5kbQg&lc=Ugz_nUSA0kI-lW-C4f14AaABAg,8b3f4cd94b9a10bd,"개통령은 뭘 먹일까? 24년 만에 완성한 반려견 식단. 싹 다 공개합니다.[철저한내돈내산,무료광고,육해공맛집,나보다잘먹음]",강형욱님!!! 언제나 응원합니다!!! 전 그 맘을 언제나 믿습니다. 진정성은 마음으로 느껴집니다. 타인의 이상한 오해에 맘쓰지마세요!!! 믿는 사람들이 더 많아요!!,2026-05-14,강아지 밥,미상,,page,explore,2026-09-28T14:41:58
youtube,https://www.youtube.com/watch?v=s_onRp5kbQg&lc=UgyMLH1SpyvtZXMZjDB4AaABAg,911c8feb51a15a10,"개통령은 뭘 먹일까? 24년 만에 완성한 반려견 식단. 싹 다 공개합니다.[철저한내돈내산,무료광고,육해공맛집,나보다잘먹음]",이영상왤케중독성있지..,2026-05-12,강아지 밥,미상,,page,explore,2026-09-28T14:41:58
youtube,https://www.youtube.com/watch?v=s_onRp5kbQg&lc=Ugw6VaZUw9cPRXrMCah4AaABAg,4ccd158840671407,"개통령은 뭘 먹일까? 24년 만에 완성한 반려견 식단. 싹 다 공개합니다.[철저한내돈내산,무료광고,육해공맛집,나보다잘먹음]","혀욱님 15kg을 들은거임 형욱님
근육 많네 혀욱님 운동하세요?❤",2026-05-11,강아지 밥,미상,,page,explore,2026-09-28T14:41:58
youtube,https://www.youtube.com/watch?v=s_onRp5kbQg&lc=UgxEy0TD0kEaewny57N4AaABAg,9899e17a1872f78d,"개통령은 뭘 먹일까? 24년 만에 완성한 반려견 식단. 싹 다 공개합니다.[철저한내돈내산,무료광고,육해공맛집,나보다잘먹음]",5:16 말..,2026-05-10,강아지 밥,미상,,page,explore,2026-09-28T14:41:58
youtube,https://www.youtube.com/watch?v=s_onRp5kbQg&lc=UgwpCYkwu1l4n6tPVHd4AaABAg,47448f6c34f007c5,"개통령은 뭘 먹일까? 24년 만에 완성한 반려견 식단. 싹 다 공개합니다.[철저한내돈내산,무료광고,육해공맛집,나보다잘먹음]",밥 차릴 때마다 뒤에서 날라 시선 집중ㅋㅋㅋㅋㅋ,2026-05-02,강아지 밥,미상,,page,explore,2026-09-28T14:41:58
youtube,https://www.youtube.com/watch?v=s_onRp5kbQg&lc=UgwIhLwl_RgNCPZwT7V4AaABAg,b6375f805ceecabf,"개통령은 뭘 먹일까? 24년 만에 완성한 반려견 식단. 싹 다 공개합니다.[철저한내돈내산,무료광고,육해공맛집,나보다잘먹음]",와..내가하는건 아무것도 아니였네..ㅋㅋㅋ너무 잘먹네!,2026-05-02,강아지 밥,미상,,page,explore,2026-09-28T14:41:58
youtube,https://www.youtube.com/watch?v=s_onRp5kbQg&lc=Ugw-IA-InHKQ9PB5u614AaABAg,371ceb31a2f5fde3,"개통령은 뭘 먹일까? 24년 만에 완성한 반려견 식단. 싹 다 공개합니다.[철저한내돈내산,무료광고,육해공맛집,나보다잘먹음]",많이 버니께 뭐,2026-04-28,강아지 밥,미상,,page,explore,2026-09-28T14:41:58
youtube,https://www.youtube.com/watch?v=s_onRp5kbQg&lc=UgxwWeMduvYsDNsnG-14AaABAg,88edab6c4c14a319,"개통령은 뭘 먹일까? 24년 만에 완성한 반려견 식단. 싹 다 공개합니다.[철저한내돈내산,무료광고,육해공맛집,나보다잘먹음]",저녁에 한끼만 주는거면 낮이랑 오후에 너무 배고프지않나요? 낮엔 간식을 주시는건가,2026-04-20,강아지 밥,미상,,page,explore,2026-09-28T14:41:58
youtube,https://www.youtube.com/watch?v=s_onRp5kbQg&lc=UgybJTbLdgRXXRW54Pp4AaABAg,baabfb1ff2c3e45d,"개통령은 뭘 먹일까? 24년 만에 완성한 반려견 식단. 싹 다 공개합니다.[철저한내돈내산,무료광고,육해공맛집,나보다잘먹음]",한끼줘도되는거에용????,2026-04-03,강아지 밥,미상,,page,explore,2026-09-28T14:41:58
youtube,https://www.youtube.com/watch?v=s_onRp5kbQg&lc=UgwJXK2sFtOmaDLaO0J4AaABAg,fba42032343d62d0,"개통령은 뭘 먹일까? 24년 만에 완성한 반려견 식단. 싹 다 공개합니다.[철저한내돈내산,무료광고,육해공맛집,나보다잘먹음]",말티즈 17살인거 부터 진짜 잘키우신듯,2026-04-01,강아지 밥,미상,,page,explore,2026-09-28T14:41:58
youtube,https://www.youtube.com/watch?v=s_onRp5kbQg&lc=UgzB0K27KH5GEPXvix54AaABAg,342b0ca7a24eccf4,"개통령은 뭘 먹일까? 24년 만에 완성한 반려견 식단. 싹 다 공개합니다.[철저한내돈내산,무료광고,육해공맛집,나보다잘먹음]",선생님 바쁘시니깐 1년에 분기별로 4번 올려주세요.남의 강쥐들 말고   선생님강쥐들 넘궁금해서요.,2026-03-24,강아지 밥,미상,,page,explore,2026-09-28T14:41:58
youtube,https://www.youtube.com/watch?v=s_onRp5kbQg&lc=Ugyimf4U5K_YWZtGUlV4AaABAg,a84e9761bcbd528b,"개통령은 뭘 먹일까? 24년 만에 완성한 반려견 식단. 싹 다 공개합니다.[철저한내돈내산,무료광고,육해공맛집,나보다잘먹음]",전 강형욱님의 개가 될래요 오늘부터 장래희망 바꿨습니다,2026-03-22,강아지 밥,미상,,page,explore,2026-09-28T14:41:58
youtube,https://www.youtube.com/watch?v=s_onRp5kbQg&lc=Ugw2zwNQeQsjd8bwS154AaABAg,4347d62b4ac1a0b0,"개통령은 뭘 먹일까? 24년 만에 완성한 반려견 식단. 싹 다 공개합니다.[철저한내돈내산,무료광고,육해공맛집,나보다잘먹음]",밍크 너무 귀엽다 😍,2026-03-21,강아지 밥,미상,,page,explore,2026-09-28T14:41:58
youtube,https://www.youtube.com/watch?v=s_onRp5kbQg&lc=Ugy_boNfASbYcKYvavN4AaABAg,16ddfed6d23b91b0,"개통령은 뭘 먹일까? 24년 만에 완성한 반려견 식단. 싹 다 공개합니다.[철저한내돈내산,무료광고,육해공맛집,나보다잘먹음]",얘네 밥이 내 밥보다 나아,2026-03-20,강아지 밥,미상,,page,explore,2026-09-28T14:41:58
youtube,https://www.youtube.com/watch?v=s_onRp5kbQg&lc=Ugwf4lggkg1Nc0BWQFB4AaABAg,c3c2a851b531dc70,"개통령은 뭘 먹일까? 24년 만에 완성한 반려견 식단. 싹 다 공개합니다.[철저한내돈내산,무료광고,육해공맛집,나보다잘먹음]",또 찍어줘요...,2026-03-19,강아지 밥,미상,,page,explore,2026-09-28T14:41:58
youtube,https://www.youtube.com/watch?v=s_onRp5kbQg&lc=UgwGuu6A1kQ3X1pTml54AaABAg,2d457a17f363e8e0,"개통령은 뭘 먹일까? 24년 만에 완성한 반려견 식단. 싹 다 공개합니다.[철저한내돈내산,무료광고,육해공맛집,나보다잘먹음]",애들 한끼주면 공복토해요. 최소 두끼 세끼는 줘야해요 저애들은 저게 익숙한거고 낮에 계속 같이 있으면서 훈련용 간식을 먹기 때문일거에요. 저거보고 나도 한끼만줘야겠다 하시면 안될거 같아요. 그리고 저런 오일은 다 산폐되고 유산균도 다죽어서 효과없어요(이건 사람도 싸구려마트표 광고만보고 모르고 많이 먹으니까 ),2026-03-15,강아지 밥,미상,,page,explore,2026-09-28T14:41:58
youtube,https://www.youtube.com/watch?v=s_onRp5kbQg&lc=UgzwGJ1UeWiIUIU2J1J4AaABAg,3ae09c42af62ee94,"개통령은 뭘 먹일까? 24년 만에 완성한 반려견 식단. 싹 다 공개합니다.[철저한내돈내산,무료광고,육해공맛집,나보다잘먹음]",밍크가 17살이예요??,2026-03-13,강아지 밥,미상,,page,explore,2026-09-28T14:41:58
youtube,https://www.youtube.com/watch?v=s_onRp5kbQg&lc=UgwJNU0QZq-wkVVomV94AaABAg,5dba7a5f3c5b3b25,"개통령은 뭘 먹일까? 24년 만에 완성한 반려견 식단. 싹 다 공개합니다.[철저한내돈내산,무료광고,육해공맛집,나보다잘먹음]","개~오바다 
적당히 하자~",2026-02-27,강아지 밥,미상,,page,explore,2026-09-28T14:41:58
youtube,https://www.youtube.com/watch?v=s_onRp5kbQg&lc=UgwAG_-GDoaMAcGQSlt4AaABAg,8575fa34cfbae43b,"개통령은 뭘 먹일까? 24년 만에 완성한 반려견 식단. 싹 다 공개합니다.[철저한내돈내산,무료광고,육해공맛집,나보다잘먹음]",나보다 잘먹는듯 ㅋㅋㅎㅎ,2026-02-21,강아지 밥,미상,,page,explore,2026-09-28T14:41:58
youtube,https://www.youtube.com/watch?v=s_onRp5kbQg&lc=Ugw1R9CoVHgg7G1SKLt4AaABAg,c5bd35b9da987210,"개통령은 뭘 먹일까? 24년 만에 완성한 반려견 식단. 싹 다 공개합니다.[철저한내돈내산,무료광고,육해공맛집,나보다잘먹음]",제 식단도 만들어주세요,2026-02-19,강아지 밥,미상,,page,explore,2026-09-28T14:41:58
youtube,https://www.youtube.com/watch?v=s_onRp5kbQg&lc=UgzP_H-ac31x5HIXsnx4AaABAg,0232d1a8e005c906,"개통령은 뭘 먹일까? 24년 만에 완성한 반려견 식단. 싹 다 공개합니다.[철저한내돈내산,무료광고,육해공맛집,나보다잘먹음]",훈련사님은 어떤걸(????) 드시나요?..🤔🤔,2026-02-15,강아지 밥,미상,,page,explore,2026-09-28T14:41:58
youtube,https://www.youtube.com/watch?v=s_onRp5kbQg&lc=Ugw8k-ePVEjUVAcQ_ap4AaABAg,3c194b2f21c5839f,"개통령은 뭘 먹일까? 24년 만에 완성한 반려견 식단. 싹 다 공개합니다.[철저한내돈내산,무료광고,육해공맛집,나보다잘먹음]","진정한 금수저다 
아가들아 건강하게 자라렴",2026-02-12,강아지 밥,미상,,page,explore,2026-09-28T14:41:58
youtube,https://www.youtube.com/watch?v=s_onRp5kbQg&lc=Ugy7Frcai-kjDmCjgql4AaABAg,0698ac86f34d3463,"개통령은 뭘 먹일까? 24년 만에 완성한 반려견 식단. 싹 다 공개합니다.[철저한내돈내산,무료광고,육해공맛집,나보다잘먹음]",할머니집간 우리의모습,2026-02-10,강아지 밥,미상,,page,explore,2026-09-28T14:41:58
youtube,https://www.youtube.com/watch?v=s_onRp5kbQg&lc=UgzJTfAcaXTfS8c3Ck14AaABAg,70653e28eb559e6e,"개통령은 뭘 먹일까? 24년 만에 완성한 반려견 식단. 싹 다 공개합니다.[철저한내돈내산,무료광고,육해공맛집,나보다잘먹음]",항상 잘 보고 있습니다. 응원합니다 보듬티비 화이팅!❤,2026-01-30,강아지 밥,미상,,page,explore,2026-09-28T14:41:58
youtube,https://www.youtube.com/watch?v=s_onRp5kbQg&lc=UgzEpCydhUWEO8NyiEV4AaABAg,8178d0e2826047b7,"개통령은 뭘 먹일까? 24년 만에 완성한 반려견 식단. 싹 다 공개합니다.[철저한내돈내산,무료광고,육해공맛집,나보다잘먹음]",정말 반려견사랑에 진심이네요 고급 식재료들 체식뷔페 같은 느낌이네요😢😢,2025-12-21,강아지 밥,미상,,page,explore,2026-09-28T14:41:58
youtube,https://www.youtube.com/watch?v=s_onRp5kbQg&lc=Ugww5bbIQ1ODApZyYG54AaABAg,cf3e5b59fd1e450c,"개통령은 뭘 먹일까? 24년 만에 완성한 반려견 식단. 싹 다 공개합니다.[철저한내돈내산,무료광고,육해공맛집,나보다잘먹음]",밍크 사료는 물에 뿔려주는게 좋지 않을까요,2025-11-22,강아지 밥,미상,,page,explore,2026-09-28T14:41:58
youtube,https://www.youtube.com/watch?v=s_onRp5kbQg&lc=UgxkYl3WZHj0yugEYfp4AaABAg,049ea46e88779d8b,"개통령은 뭘 먹일까? 24년 만에 완성한 반려견 식단. 싹 다 공개합니다.[철저한내돈내산,무료광고,육해공맛집,나보다잘먹음]",그런데..노령견 더러워질까봐 잘안주는건 좀..오히려 오일은 노령견에게 더 필요한데 그냥 입안에 한번 펌핑도 안될까요,2025-11-17,강아지 밥,미상,,page,explore,2026-09-28T14:41:58
youtube,https://www.youtube.com/watch?v=s_onRp5kbQg&lc=UgxkTEuLcfLh7D9rHGd4AaABAg,5a0d842d87dddb0f,"개통령은 뭘 먹일까? 24년 만에 완성한 반려견 식단. 싹 다 공개합니다.[철저한내돈내산,무료광고,육해공맛집,나보다잘먹음]",원래 먹이던양을 반으로 나눠서 2번 급식하는것보다 1번만 주는게 좋나요?,2025-11-12,강아지 밥,미상,,page,explore,2026-09-28T14:41:58
youtube,https://www.youtube.com/watch?v=s_onRp5kbQg&lc=UgxhIgGNGGRJXJ686AZ4AaABAg,3497ae2d93bafae6,"개통령은 뭘 먹일까? 24년 만에 완성한 반려견 식단. 싹 다 공개합니다.[철저한내돈내산,무료광고,육해공맛집,나보다잘먹음]",훈련사님 최고❤,2025-11-10,강아지 밥,미상,,page,explore,2026-09-28T14:41:58
youtube,https://www.youtube.com/watch?v=s_onRp5kbQg&lc=UgyKtL3gZ0pBWAcq6Gl4AaABAg,9e49045a35ae0030,"개통령은 뭘 먹일까? 24년 만에 완성한 반려견 식단. 싹 다 공개합니다.[철저한내돈내산,무료광고,육해공맛집,나보다잘먹음]",ㅆ 강아지 17살이면 사람으로 치면 거의 100살인데 뭔 강형욱 논란이야;;;,2025-10-28,강아지 밥,미상,,page,explore,2026-09-28T14:41:58
youtube,https://www.youtube.com/watch?v=s_onRp5kbQg&lc=UgwmCH-3aRTrIhW5qnd4AaABAg,a1ee52bc7ffacef2,"개통령은 뭘 먹일까? 24년 만에 완성한 반려견 식단. 싹 다 공개합니다.[철저한내돈내산,무료광고,육해공맛집,나보다잘먹음]",난 강아지도 안키우고있는데 강아지밥상영상을 왜 보고있는걸까,2025-10-26,강아지 밥,미상,,page,explore,2026-09-28T14:41:58
youtube,https://www.youtube.com/watch?v=s_onRp5kbQg&lc=UgxRQ2gYwrEjaQproIF4AaABAg,defc7329dd9933ba,"개통령은 뭘 먹일까? 24년 만에 완성한 반려견 식단. 싹 다 공개합니다.[철저한내돈내산,무료광고,육해공맛집,나보다잘먹음]",냉자고를 부탁해 나왔을때 새각나네요 ~냉장고에 온통 강아지 먹일꺼만잔뜩 사람 먹을게 없었던 강형욱님~^^강형욱님 아이들은 밥먹는 시간이 엄청 행복할거 같아요~~,2025-10-20,강아지 밥,미상,,page,explore,2026-09-28T14:41:58
youtube,https://www.youtube.com/watch?v=s_onRp5kbQg&lc=Ugy_CaEkhb9VhT4uE4x4AaABAg,ed14b8bfe8df5781,"개통령은 뭘 먹일까? 24년 만에 완성한 반려견 식단. 싹 다 공개합니다.[철저한내돈내산,무료광고,육해공맛집,나보다잘먹음]",밍크 ㄹㅇ 개꼬질한거 개귀엽네 귀여워서죽고싶다진심하,2025-10-19,강아지 밥,미상,,page,explore,2026-09-28T14:41:58
youtube,https://www.youtube.com/watch?v=s_onRp5kbQg&lc=UgxnhuBJmDPSFlw5u_F4AaABAg,0952168f3e45ccc1,"개통령은 뭘 먹일까? 24년 만에 완성한 반려견 식단. 싹 다 공개합니다.[철저한내돈내산,무료광고,육해공맛집,나보다잘먹음]",나보다잘먹넼ㅋㅋㅋㅋㅋㅋㅋㅋ,2025-10-15,강아지 밥,미상,,page,explore,2026-09-28T14:41:58
youtube,https://www.youtube.com/watch?v=bRb8xizM9M0&lc=Ugwhklac9KPE8kkhjC54AaABAg,de8983ac0dbbaa60,오랜만에 올려보는 새로운 식판에 보더콜리 루카 밥차려주기 더빙버전 | 어느덧 5만명! 기념 Q&A받아볼게요!,이런 더빙 버전 많이 올려주실 수 있나요?ㅜㅜ 저는 더빙 버전이 더 제 취향이여서요ㅜ,2026-08-31,강아지 밥,미상,,page,explore,2026-09-28T14:41:58
youtube,https://www.youtube.com/watch?v=bRb8xizM9M0&lc=Ugx7qb8N6orB4Ike--V4AaABAg,6c52af302e1e7805,오랜만에 올려보는 새로운 식판에 보더콜리 루카 밥차려주기 더빙버전 | 어느덧 5만명! 기념 Q&A받아볼게요!,달이빼서먹는거 기여버❤,2026-06-14,강아지 밥,미상,,page,explore,2026-09-28T14:41:58
youtube,https://www.youtube.com/watch?v=bRb8xizM9M0&lc=UgwFY59OZXtaK4chaLF4AaABAg,aeec2ad9aa3b1294,오랜만에 올려보는 새로운 식판에 보더콜리 루카 밥차려주기 더빙버전 | 어느덧 5만명! 기념 Q&A받아볼게요!,코꾸멍 기여버❤,2026-06-14,강아지 밥,미상,,page,explore,2026-09-28T14:41:58
youtube,https://www.youtube.com/watch?v=bRb8xizM9M0&lc=UgwKK_W9O21NzJdj1_l4AaABAg,4843978109072a8f,오랜만에 올려보는 새로운 식판에 보더콜리 루카 밥차려주기 더빙버전 | 어느덧 5만명! 기념 Q&A받아볼게요!,강아지 밥 먹는건데 왜 내가 배고프지,2026-03-08,강아지 밥,미상,,page,explore,2026-09-28T14:41:58
youtube,https://www.youtube.com/watch?v=bRb8xizM9M0&lc=UgysWKGa9VYwCliz9lh4AaABAg,819b5e51cfc6cf5a,오랜만에 올려보는 새로운 식판에 보더콜리 루카 밥차려주기 더빙버전 | 어느덧 5만명! 기념 Q&A받아볼게요!,더빙하지 말고 그냥asmrr버전으로 먹는거만 해주세여,2026-02-28,강아지 밥,미상,,page,explore,2026-09-28T14:41:58
youtube,https://www.youtube.com/watch?v=bRb8xizM9M0&lc=Ugx4wmp0wh-FaGwYsxB4AaABAg,e733372beec23437,오랜만에 올려보는 새로운 식판에 보더콜리 루카 밥차려주기 더빙버전 | 어느덧 5만명! 기념 Q&A받아볼게요!,설거지 어떻게 하는지 궁금해요~~!,2026-02-09,강아지 밥,미상,,page,explore,2026-09-28T14:41:58
youtube,https://www.youtube.com/watch?v=bRb8xizM9M0&lc=UgwrIqOPB-a4o53rJcl4AaABAg,15fe5e8b421e1827,오랜만에 올려보는 새로운 식판에 보더콜리 루카 밥차려주기 더빙버전 | 어느덧 5만명! 기념 Q&A받아볼게요!,침 똑 떨어지는거 너무 귀엽...❤,2026-02-07,강아지 밥,미상,,page,explore,2026-09-28T14:41:58
youtube,https://www.youtube.com/watch?v=bRb8xizM9M0&lc=UgxrVwmgr_MxNYRFOrx4AaABAg,6e5fe46a0e71782f,오랜만에 올려보는 새로운 식판에 보더콜리 루카 밥차려주기 더빙버전 | 어느덧 5만명! 기념 Q&A받아볼게요!,"엌 저랑 같은 궁금증을 가지신분이 많으신듯 ㅎㅎ 강아지들 식기, 수저? 세척 및 관리 궁금해요 ㅎㅎ 
그리고 더빙없는 영상, 자기전에 들으면 그냥 힐링입니다 감사해요",2026-01-17,강아지 밥,미상,,page,explore,2026-09-28T14:41:58
youtube,https://www.youtube.com/watch?v=bRb8xizM9M0&lc=UgxYtE3rMbhUq0s7-954AaABAg,a1a5b2cfb5005455,오랜만에 올려보는 새로운 식판에 보더콜리 루카 밥차려주기 더빙버전 | 어느덧 5만명! 기념 Q&A받아볼게요!,식기는 어디서사고얼마엥요???,2026-01-11,강아지 밥,미상,,page,explore,2026-09-28T14:41:58
youtube,https://www.youtube.com/watch?v=bRb8xizM9M0&lc=Ugzu-jumTCaf4C_LSjF4AaABAg,d547b53fb5b45e38,오랜만에 올려보는 새로운 식판에 보더콜리 루카 밥차려주기 더빙버전 | 어느덧 5만명! 기념 Q&A받아볼게요!,식판이 왜저렇게 생겼나요?급체방지 식판인가요?그나저나강아지들루카달이 귀엽네요,2025-12-01,강아지 밥,미상,,page,explore,2026-09-28T14:41:58
youtube,https://www.youtube.com/watch?v=bRb8xizM9M0&lc=UgyWQBhYfFuZ5sbaYxV4AaABAg,9c28b3f36939facf,오랜만에 올려보는 새로운 식판에 보더콜리 루카 밥차려주기 더빙버전 | 어느덧 5만명! 기념 Q&A받아볼게요!,루즈하지 않고 좋아여 자기 전에 보면 뭔가 마음이 편해지고 잠이 잘 오는게 ㅎㅎ 영상이 안정감을 주는 거 같아요 제 힐랭채널,2025-11-25,강아지 밥,미상,,page,explore,2026-09-28T14:41:58
youtube,https://www.youtube.com/watch?v=bRb8xizM9M0&lc=UgwVXd8GcTafjuXu39l4AaABAg,e00b3295e8606cec,오랜만에 올려보는 새로운 식판에 보더콜리 루카 밥차려주기 더빙버전 | 어느덧 5만명! 기념 Q&A받아볼게요!,2만늘으셨네요 축하합니다,2025-11-19,강아지 밥,미상,,page,explore,2026-09-28T14:41:58
youtube,https://www.youtube.com/watch?v=bRb8xizM9M0&lc=UgwjNYs_rhdkA277CWV4AaABAg,cb802dcb3db92a73,오랜만에 올려보는 새로운 식판에 보더콜리 루카 밥차려주기 더빙버전 | 어느덧 5만명! 기념 Q&A받아볼게요!,달루카 말고 주인분께서 식사하시는게 보고 싶어요,2025-11-10,강아지 밥,미상,,page,explore,2026-09-28T14:41:58
youtube,https://www.youtube.com/watch?v=bRb8xizM9M0&lc=Ugxf5YIXOPY_E_64hbJ4AaABAg,66ace6b08a528bc7,오랜만에 올려보는 새로운 식판에 보더콜리 루카 밥차려주기 더빙버전 | 어느덧 5만명! 기념 Q&A받아볼게요!,이렇게보니까 루카가 정~~말 엄청 튀어나와있네요ㅋㅋㅋㅋ 귀여워~,2025-11-09,강아지 밥,미상,,page,explore,2026-09-28T14:41:58
youtube,https://www.youtube.com/watch?v=a3YdKfXVM1s&lc=Ugz8w9L-MG-4wNk0c114AaABAg,24615c4b55ab875e,강아지사료 고민 끝? 탐사 연어 레시피 6kg 후기 (★4.8),"👉 이 영상은 쿠팡 파트너스 활동의 일환으로, 이에 따른 일정액의 수수료를 제공받습니다.
https://link.coupang.com/re/AFFSDP?lptag=AF2291920&pageKey=62318395&itemId=16754010640&vendorItemId=83935569193&traceid=V0-113-15cf62a4c446b9f2&pt=0&slot=49",2026-09-14,강아지 사료,미상,,page,explore,2026-09-28T14:42:27
youtube,https://www.youtube.com/watch?v=I_DLx44qv6o&lc=UgwjX3HgzHmHtwKNfVF4AaABAg,491fc2cff397e885,강아지 사료량 계산 10초만에 하는법!,저희 강아지 6.7킬로인데 하루에 두번주는데 55그람 주니깐 대략 10그람 정도 남김 그리고 사료를 잘 안먹기 시작해서 5그람씩 낮추니 한번에 다 먹어서 하루에 100그람을 주는데 15x6.7하면 딱 100g나오는데 대략 맞는듯,2026-09-13,강아지 사료,미상,,page,explore,2026-09-28T14:42:27
youtube,https://www.youtube.com/watch?v=I_DLx44qv6o&lc=UgwFNVka5ITDH5a0LcZ4AaABAg,cbce099b48737102,강아지 사료량 계산 10초만에 하는법!,아기강아지 600그램이 안되는데 9g램 주라고요?? 이거 맞아요??,2026-09-05,강아지 사료,미상,,page,explore,2026-09-28T14:42:27
youtube,https://www.youtube.com/watch?v=I_DLx44qv6o&lc=UgyNonBzckkfEYOHmg14AaABAg,c3020dac2cfcc25e,강아지 사료량 계산 10초만에 하는법!,한끼 기준인가요?,2026-08-20,강아지 사료,미상,,page,explore,2026-09-28T14:42:27
youtube,https://www.youtube.com/watch?v=I_DLx44qv6o&lc=Ugx3eJaAnS4S57i7Onx4AaABAg,8391fbafa3a0213a,강아지 사료량 계산 10초만에 하는법!,네? 2.7키로강아지 병원에서100그람까지 줘도된다그랬는데 무슨말인가요?,2026-08-08,강아지 사료,미상,,page,explore,2026-09-28T14:42:27
youtube,https://www.youtube.com/watch?v=I_DLx44qv6o&lc=UgzloLr-D7v7Gx3F0OF4AaABAg,c9f73b69454f8f51,강아지 사료량 계산 10초만에 하는법!,소형견 기준이죠??,2026-08-03,강아지 사료,미상,,page,explore,2026-09-28T14:42:27
youtube,https://www.youtube.com/watch?v=I_DLx44qv6o&lc=UgxL5TWtmD3ZqYJy54B4AaABAg,19609cf3522b6e5c,강아지 사료량 계산 10초만에 하는법!,학대인데,2026-06-16,강아지 사료,미상,,page,explore,2026-09-28T14:42:27
youtube,https://www.youtube.com/watch?v=I_DLx44qv6o&lc=UgwC6M9mpVPZIBDNJsN4AaABAg,f9a1db8d7b286091,강아지 사료량 계산 10초만에 하는법!,이상한 계산법 다니는동물병원에서 다른얘기하던데,2026-05-07,강아지 사료,미상,,page,explore,2026-09-28T14:42:27
youtube,https://www.youtube.com/watch?v=I_DLx44qv6o&lc=Ugyp4X6INLyC1n6mqKV4AaABAg,f539943b9967e405,강아지 사료량 계산 10초만에 하는법!,0 하나  빼먹은것 같은데요.  아님 하루가 아닌 한끼 분량이거나. 2개월 조금 지난   말티푸 아기 사료봉지에  한끼에 10~15 정도  써있어요.    우리 강아지는 그것도 부족해서  그만큼만 주면  똥도 먹어요 ㅜ,2026-04-19,강아지 사료,미상,,page,explore,2026-09-28T14:42:27
youtube,https://www.youtube.com/watch?v=I_DLx44qv6o&lc=Ugyp5ArklGaINv7wwJN4AaABAg,5a705ef3235ad42e,강아지 사료량 계산 10초만에 하는법!,의사양반 무슨계산법이여?,2026-03-16,강아지 사료,미상,,page,explore,2026-09-28T14:42:27
youtube,https://www.youtube.com/watch?v=I_DLx44qv6o&lc=UgxXYZBUDsg-ztqGTCt4AaABAg,6171a0877802bae7,강아지 사료량 계산 10초만에 하는법!,"헐 감사해요ㅠ몸무게에 15만 곱하면 되는군요 너무 간단한걸 이제야 알았네요 키우는 저희집 비숑이 요즘 갑자기 체중이 불었는데, 보니까 제가 정량보다 더 많이 줬네요..😢",2026-03-10,강아지 사료,미상,,page,explore,2026-09-28T14:42:27
youtube,https://www.youtube.com/watch?v=I_DLx44qv6o&lc=UgyG5CD8bJ0nEVeRBY54AaABAg,04102ba1678fb59f,강아지 사료량 계산 10초만에 하는법!,"2키로인데 그럼 30그램을 주란 말인가요
말도 안됩니다
강아지 키워보신 분 맞나요?
거의 동물학대 수준입니다.
잘못된 정보로 강아지들
괴롭히지 마세요",2026-03-09,강아지 사료,미상,,page,explore,2026-09-28T14:42:27
youtube,https://www.youtube.com/watch?v=I_DLx44qv6o&lc=UgxynJAsjc2mXt2WCYB4AaABAg,b8119dd77f6d52e8,강아지 사료량 계산 10초만에 하는법!,1.2키론데 그럼 하루에 18그람을 먹이라는말? 무슨 강아지 기아 만들일 있나,2026-03-01,강아지 사료,미상,,page,explore,2026-09-28T14:42:27
youtube,https://www.youtube.com/watch?v=I_DLx44qv6o&lc=Ugz_JegNzJ0aruDHOPB4AaABAg,a1b0bc91a64eefde,강아지 사료량 계산 10초만에 하는법!,사료 권장량하고 너무 차이나는디요?,2026-03-01,강아지 사료,미상,,page,explore,2026-09-28T14:42:27
youtube,https://www.youtube.com/watch?v=I_DLx44qv6o&lc=UgzkbembeCmopVVQ7Bh4AaABAg,cbce1bc6ec1312b2,강아지 사료량 계산 10초만에 하는법!,너무 적은데 ㅜ,2025-12-20,강아지 사료,미상,,page,explore,2026-09-28T14:42:27
youtube,https://www.youtube.com/watch?v=I_DLx44qv6o&lc=UgxP--zdJ5EVgCrpxT14AaABAg,98026a1c33ea7338,강아지 사료량 계산 10초만에 하는법!,잘못된정보입니다 1키로 좀 넘는데 하루 15g~20g이면 말이안되는데요?!,2025-11-11,강아지 사료,미상,,page,explore,2026-09-28T14:42:27
youtube,https://www.youtube.com/watch?v=I_DLx44qv6o&lc=UgxhQwZYiXpVrwjP0rV4AaABAg,d4b7273d2150d249,강아지 사료량 계산 10초만에 하는법!,5킬로 푸들 한끼에 100그램 먹어요. 엑스트라로 간식까지 해치우네요.,2025-10-24,강아지 사료,미상,,page,explore,2026-09-28T14:42:27
youtube,https://www.youtube.com/watch?v=I_DLx44qv6o&lc=Ugx8u147IuuQ4rMM0yd4AaABAg,a84b6410e64033d5,강아지 사료량 계산 10초만에 하는법!,"1키로 아이한테 15그람을 하루에 주라구요?
학대같은데",2025-10-22,강아지 사료,미상,,page,explore,2026-09-28T14:42:27
youtube,https://www.youtube.com/watch?v=I_DLx44qv6o&lc=UgxTEMyTanJPKRu06sZ4AaABAg,2e54fc45566d9531,강아지 사료량 계산 10초만에 하는법!,좋은 정보 감사합니다. 간식량 계산도 부탁합니다.,2025-10-22,강아지 사료,미상,,page,explore,2026-09-28T14:42:27
youtube,https://www.youtube.com/watch?v=I_DLx44qv6o&lc=UgzMOW4XAHm9w-LPF8l4AaABAg,4ab0fed36d028926,강아지 사료량 계산 10초만에 하는법!,사료포장 뒷면에 설명 돼 있어요 그걸 참고해서 주고 있습니다,2025-10-22,강아지 사료,미상,,page,explore,2026-09-28T14:42:27
youtube,https://www.youtube.com/watch?v=I_DLx44qv6o&lc=Ugx705FUxICJ3x6Srit4AaABAg,bcead28d0e3ad313,강아지 사료량 계산 10초만에 하는법!,이영상을 우리집 돼지가 싫어합니다  ㅎㅎ,2025-10-22,강아지 사료,미상,,page,explore,2026-09-28T14:42:27
youtube,https://www.youtube.com/watch?v=I_DLx44qv6o&lc=UgxEIqiEnoHoE-X6esx4AaABAg,deed6dc15dd8443e,강아지 사료량 계산 10초만에 하는법!,우리 개들은 하루 동안 먹을 거를 한 끼에 먹어 치우는군....,2025-10-21,강아지 사료,미상,,page,explore,2026-09-28T14:42:27
youtube,https://www.youtube.com/watch?v=I_DLx44qv6o&lc=UgwLIRkIN7bfrZ0V6AR4AaABAg,63eddc9dbc14136f,강아지 사료량 계산 10초만에 하는법!,선생님 지금 아이가 급성췌장염 정상수치 되었습니다 힐스아이디로우팻 먹여요150g먹이라고 되있는데 그양대로 줘야할까요 아니면 더적게먹여야할까요 6키로입니다,2025-10-21,강아지 사료,미상,,page,explore,2026-09-28T14:42:27
youtube,https://www.youtube.com/watch?v=I_DLx44qv6o&lc=Ugwnniq0EWZW94SjhFt4AaABAg,1774d989d983f9b2,강아지 사료량 계산 10초만에 하는법!,안녕하세요 쌤😊 너무 찐 정보에 감사드립니다 😊😊,2025-10-21,강아지 사료,미상,,page,explore,2026-09-28T14:42:27
youtube,https://www.youtube.com/watch?v=I_DLx44qv6o&lc=Ugx64djeR08wfMPgiX54AaABAg,4bb87a3e9ac24faa,강아지 사료량 계산 10초만에 하는법!,"6.5kg이라면 15×6.5=97.5g이군요
하루 총 사료양..알고 싶었는데 감사합니다🫶",2025-10-21,강아지 사료,미상,,page,explore,2026-09-28T14:42:27
youtube,https://www.youtube.com/watch?v=wnsKUlhU-yc&lc=UgxJeCXM3x7g5Yn6HvB4AaABAg,221f9517e5f7e0f3,강아지사료 고민 끝? 탐사 연어 레시피 6kg 후기 (★4.8) #shorts,"👉 이 영상은 쿠팡 파트너스 활동의 일환으로, 이에 따른 일정액의 수수료를 제공받습니다.
https://link.coupang.com/re/AFFSDP?lptag=AF2291920&pageKey=62318395&itemId=16754010640&vendorItemId=83935569193&traceid=V0-113-15cf62a4c446b9f2&pt=0&slot=49",2026-09-14,강아지 사료,미상,,page,explore,2026-09-28T14:42:27
youtube,https://www.youtube.com/watch?v=9fzufWrPJ98&lc=UgyMj9Qm3YSWSfQbIyF4AaABAg,02b9b8536fa3bd58,강아지사료 후기 7만개? 탐사 연어 레시피 솔직 후기 (★4.8) #shorts,"👉 이 영상은 쿠팡 파트너스 활동의 일환으로, 이에 따른 일정액의 수수료를 제공받습니다.
https://link.coupang.com/re/AFFSDP?lptag=AF2291920&pageKey=62318395&itemId=16754010640&vendorItemId=83935569193&traceid=V0-113-15cf62a4c446b9f2&pt=0&slot=49",2026-09-17,강아지 사료,미상,,page,explore,2026-09-28T14:42:27
youtube,https://www.youtube.com/watch?v=AGzetFCcPSs&lc=UgzV59aM4buuGcsGUAt4AaABAg,7c64ce9d47be08c8,"퍼피 사료 9종, 1등은?ㅣ아기 강아지 사료 비교전","포메리아 5개월아가인데 눈물이 나는데 사료 추천좀 해주세요 ^^
감사합니다🎉",2026-08-16,강아지 사료,미상,,page,explore,2026-09-28T14:42:27
youtube,https://www.youtube.com/watch?v=AGzetFCcPSs&lc=UgxT2VsVwm1V4iD8qMB4AaABAg,3a61f429359ca9b9,"퍼피 사료 9종, 1등은?ㅣ아기 강아지 사료 비교전",본 영상을 다 봤습니다. 3개월 된 퍼핀의 경우에도 알 레바 멧돼지 먹어도 될까요?,2026-04-30,강아지 사료,미상,,page,explore,2026-09-28T14:42:27
youtube,https://www.youtube.com/watch?v=st0FQNeFH4A&lc=UgxGpmySnq2aceWC7ux4AaABAg,981749d0e0401afc,강아지사료 후기 7만개? 탐사 연어 레시피 솔직 후기 (★4.8),"👉 이 영상은 쿠팡 파트너스 활동의 일환으로, 이에 따른 일정액의 수수료를 제공받습니다.
https://link.coupang.com/re/AFFSDP?lptag=AF2291920&pageKey=62318395&itemId=16754010640&vendorItemId=83935569193&traceid=V0-113-15cf62a4c446b9f2&pt=0&slot=49",2026-09-17,강아지 사료,미상,,page,explore,2026-09-28T14:42:27
youtube,https://www.youtube.com/watch?v=Jxbii-_GLzU&lc=UgzZeB0lwh3Ja4hyyxl4AaABAg,187b48466579122c,강아지 다이어트 이렇게 하셔야 해요! 🏋🏻 l 1문 1답 Q&A l 설채현 행동학 수의사,"2살 넘은 푸들 키우고있습니다 
애가 새끼때부터 입이 짧아서 밥도 잘 안먹고 두끼중 한끼 먹을까말까 했었어요 
중성화 전에 몸무게가 3.6kg이었는데 중성화 후 1살이 넘어가면서부터 그 전과 비슷하게 밥을 하루에 거의 절반정도만 먹고 많이 먹지도 않았는데 4.3키로로 확 늘더라구요
푸들은 5키로 넘으면 질병에 노출되기 쉽다해서 그때부터 밥을 거의 60% 정도만 주고있어요
근데도 몇개월 지나니 또 4.8kg로 무게가 늘었어요.. 너무 황당합니다
중성화 후부터는 입맛이 도는지 사료도 잘먹는데 ㅠㅠ살찔까바 한번도 배부르게 준적이 없는데 자꾸 무게가 늘어요...
지금도 사료 60%만(두끼 합쳐 50그람정도) 주고있고 심지어 일반사료랑 다이어트용 저지방사료 섞어서 주는데 몸무게가 왜 자꾸 늘까요..
간식도 진짜 잘 안줘요 주에 3번..? 일반 간식도 한개 줘야할거를 쪼개고쪼개서 진짜 째끔만 줘요.. 산책도 매일하구요 
몸무게가 왜자꾸 증가할까요ㅠㅠ 배부르게 먹이지도 못해서 맘도 아픈데 거의 1년을 사료를 줄인만큼 무게는 안줄어들어서 답답하네요..",2026-08-27,강아지 식단,미상,,page,explore,2026-09-28T14:42:36
youtube,https://www.youtube.com/watch?v=Jxbii-_GLzU&lc=Ugx5N6tL-iA99IGiXh94AaABAg,0f3ca8a309eea90f,강아지 다이어트 이렇게 하셔야 해요! 🏋🏻 l 1문 1답 Q&A l 설채현 행동학 수의사,목부분에 살찌면 이 부분은 어떻게 빼야할까요...지금 다이어트 중이기는 한데 다이어트 사료와 물 외에는 간식도 안먹고 있고 활동량은 조금 늘렸어요..ㅜㅜ언제즈음 빠질지..ㅜㅜ,2026-08-15,강아지 식단,미상,,page,explore,2026-09-28T14:42:36
youtube,https://www.youtube.com/watch?v=Jxbii-_GLzU&lc=UgzfRwJnLixZo74hhr14AaABAg,1381fc229cf27cf9,강아지 다이어트 이렇게 하셔야 해요! 🏋🏻 l 1문 1답 Q&A l 설채현 행동학 수의사,심장병 있는 비만 강아지는 운동을 어떻게 시켜야 할까요..?,2026-08-03,강아지 식단,미상,,page,explore,2026-09-28T14:42:36
youtube,https://www.youtube.com/watch?v=Jxbii-_GLzU&lc=Ugzi2xET77hgBgAnlg94AaABAg,3ef813aee925bdb7,강아지 다이어트 이렇게 하셔야 해요! 🏋🏻 l 1문 1답 Q&A l 설채현 행동학 수의사,피부병도 심해서 약도 같이복용해야하는데 이런경우엔 어떻게 다이어트 해야할까여 ㅜㅜ 몸이 무거워져서 본인도 안움직이려고 하네요 ㅠ,2026-06-07,강아지 식단,미상,,page,explore,2026-09-28T14:42:36
youtube,https://www.youtube.com/watch?v=Jxbii-_GLzU&lc=Ugy6uoP0oRXDIMxwAGt4AaABAg,a90d61196cfe6e35,강아지 다이어트 이렇게 하셔야 해요! 🏋🏻 l 1문 1답 Q&A l 설채현 행동학 수의사,너무 잘생겻어. 내이상형,2025-11-11,강아지 식단,미상,,page,explore,2026-09-28T14:42:36
youtube,https://www.youtube.com/watch?v=Jxbii-_GLzU&lc=UgwtzAJFCy8R0Rfk4NZ4AaABAg,83a899060d9e0408,강아지 다이어트 이렇게 하셔야 해요! 🏋🏻 l 1문 1답 Q&A l 설채현 행동학 수의사,산책량을 늘려볼까도 했는데 애기가 나이가 있다보니까 자꾸 움직이지 않으려고 하더라구요 ㅠ 비만한거 방치하면 염증 질환으로 옮겨간다는 소식 듣고선 항비만 균주 들어가 있는 버틀랩 유산균 꾸준히 먹이고 있네여 2달 ? 정도 되었는데 지금 1.7kg 빠졌답니다 ㅎ ㅎ,2025-11-11,강아지 식단,미상,,page,explore,2026-09-28T14:42:36
youtube,https://www.youtube.com/watch?v=Jxbii-_GLzU&lc=UgxXleUoNGslmKNWsdh4AaABAg,b327f3b1c105df81,강아지 다이어트 이렇게 하셔야 해요! 🏋🏻 l 1문 1답 Q&A l 설채현 행동학 수의사,사료를 건강백서로 바꿨고 배식량은 똑같이 줬는데  두달정도되니까 1.2kg가 쪘어요ㅠㅠ,2025-10-13,강아지 식단,미상,,page,explore,2026-09-28T14:42:36
youtube,https://www.youtube.com/watch?v=GyJrnQnEX_w&lc=UgzeLFmrrCZaqjoODL54AaABAg,01dfb224b2880a91,"우리 집 냉장고 속에 잠들어 있는, 강아지 수명을 늘리는 의외의 음식들!","이 포스팅은 쿠팡 파트너스 활동의 일환으로 이에 따른 일정액의 수수료를 제공받을 수 있습니다.
[영상에서 언급한 반려견 용품 정보]
 🐶👉 https://litt.ly/mungsimbogam",2026-02-13,강아지 식단,미상,,page,explore,2026-09-28T14:42:36
youtube,https://www.youtube.com/watch?v=GyJrnQnEX_w&lc=Ugz9wxinOairVvycLs54AaABAg,1c1abfc69eac733d,"우리 집 냉장고 속에 잠들어 있는, 강아지 수명을 늘리는 의외의 음식들!","제 경우 매일 닭가슴살 야채 그렇게 먹이고 있었어요 고기는 닭가슴살 소고기 번갈아고 주고 , 야채는 피멍 호박 고구마 등등 바꾸어서 하루에 두번씩 먹이고 있었는데 체구가 꽤 튼튼해요 최근 검사료가 영양이 더ㅠ풍부하다고해서 거사료로 바꾸어준지 한 달 조금 안되는데 마음이 너무 불편해서 고기와 검사료를 1:2 로 바꾸어서해보긴 했는데 과연 검사료가 개에게 더 건강한 것인지 생각이 많은데 이 영상을 보니 다들 다른 생각을 말하고 있어 좀더 조사를 해봐야 할것같네요",2026-09-28,강아지 식단,미상,,page,explore,2026-09-28T14:42:36
youtube,https://www.youtube.com/watch?v=GyJrnQnEX_w&lc=UgynC-iomRWksBZAdXh4AaABAg,6991f7a7ede7ce8b,"우리 집 냉장고 속에 잠들어 있는, 강아지 수명을 늘리는 의외의 음식들!",아이들이 이걸 다 먹어주나요??,2026-09-24,강아지 식단,미상,,page,explore,2026-09-28T14:42:36
youtube,https://www.youtube.com/watch?v=GyJrnQnEX_w&lc=UgwlQWTnb6AIKaNDGyV4AaABAg,81ba1d6f2aa355bc,"우리 집 냉장고 속에 잠들어 있는, 강아지 수명을 늘리는 의외의 음식들!",고기 외에는 안 먹는데 어쩌라고요?.....거의 매일 한우 구워서 사료에 넣어주는데......;;;,2026-09-14,강아지 식단,미상,,page,explore,2026-09-28T14:42:36
youtube,https://www.youtube.com/watch?v=GyJrnQnEX_w&lc=UgzzSqiNG1jhOt3IEKp4AaABAg,f5c6e7d49bea880a,"우리 집 냉장고 속에 잠들어 있는, 강아지 수명을 늘리는 의외의 음식들!",저런국물 먹이면 설사하던데요,2026-09-06,강아지 식단,미상,,page,explore,2026-09-28T14:42:36
youtube,https://www.youtube.com/watch?v=GyJrnQnEX_w&lc=UgwCRRmA4CbCSnlvmup4AaABAg,242048d2d1ca4ed4,"우리 집 냉장고 속에 잠들어 있는, 강아지 수명을 늘리는 의외의 음식들!","우리 개는 골든이 인데, 14년째 드라이 푸드를 먹이고 있는데 건강하게 잘 지내고 있음. 간간히 북어채를 간식으로 주고있고. Red meat은 피하고 있음. 개 분양해 주는 곳에서도 개사료로도 충분하다고 했음.",2026-08-31,강아지 식단,미상,,page,explore,2026-09-28T14:42:36
youtube,https://www.youtube.com/watch?v=GyJrnQnEX_w&lc=UgyOE5AsgaHs74gO_294AaABAg,f61ef0ab83579f9a,"우리 집 냉장고 속에 잠들어 있는, 강아지 수명을 늘리는 의외의 음식들!","저는 양배추 당근 브로콜리 삶아서 살짝 갈아요.
그리고 닭고기와 소고기를 삶아서 갈아요.
잘섞어서 여러 그릇으로 나누어 냉동실과 김치냉장고 그리고 냉장고로 나누어 보관하고 먹일때는 사료를 가루로 갈아둔걸 섞어서 먹기좋게 동글동글 뭉쳐서 손으로 먹여요.
중간에 사과를 아주 얇게 썰어서 먹여요. 
나이가 16살인데 한번 다쳐서 못걸으니 살이 많이 빠지고 걷지를 못해요.
가슴이 아픕니다.
그래도 이렇게라도 먹어주니 얼마나 고마운지 몰라요.
자식같은 우리 아기
회복되기 만을 기다립니다.
눈물이나요.",2026-08-25,강아지 식단,미상,,page,explore,2026-09-28T14:42:36
youtube,https://www.youtube.com/watch?v=GyJrnQnEX_w&lc=Ugz6D-8iuQAq7p-HWKx4AaABAg,5ca87bfbb2670fe8,"우리 집 냉장고 속에 잠들어 있는, 강아지 수명을 늘리는 의외의 음식들!",울강아지는 물렁뼈를 젤.좋아합니다,2026-08-07,강아지 식단,미상,,page,explore,2026-09-28T14:42:36
youtube,https://www.youtube.com/watch?v=GyJrnQnEX_w&lc=UgzKou-92LOMo7C9Urh4AaABAg,c35317685d270c15,"우리 집 냉장고 속에 잠들어 있는, 강아지 수명을 늘리는 의외의 음식들!","고구마 블루베리 달걀 당근
그린빈 사과 수박 바나나 연어
오이 절대 안먹어요",2026-08-06,강아지 식단,미상,,page,explore,2026-09-28T14:42:36
youtube,https://www.youtube.com/watch?v=GyJrnQnEX_w&lc=UgzKoHDWPGoRoXseB5h4AaABAg,691486969ee79ff9,"우리 집 냉장고 속에 잠들어 있는, 강아지 수명을 늘리는 의외의 음식들!","사료랑 함께 당근 양배추 단호박 고구마 파프리카 닭가슴살 북어 등등 번갈아가며 삶아주고 있어요!! 
그래서 그런지 건식에서 습식으로 바꾸려고 습식사료 사주니 안먹어요 ㅠ",2026-08-03,강아지 식단,미상,,page,explore,2026-09-28T14:42:36
youtube,https://www.youtube.com/watch?v=GyJrnQnEX_w&lc=UgzVTVh06FV01emNyit4AaABAg,4cd5de2c523b9934,"우리 집 냉장고 속에 잠들어 있는, 강아지 수명을 늘리는 의외의 음식들!","좋은 정보 감사합니다.
우리댕댕이들한테 잘 챙겨 먹이겠습니다 ^^",2026-07-20,강아지 식단,미상,,page,explore,2026-09-28T14:42:36
youtube,https://www.youtube.com/watch?v=GyJrnQnEX_w&lc=Ugz2JPn7RGr_geSYix54AaABAg,5048890baa51c02c,"우리 집 냉장고 속에 잠들어 있는, 강아지 수명을 늘리는 의외의 음식들!",좋은 강아지 사료 알려주세요,2026-07-12,강아지 식단,미상,,page,explore,2026-09-28T14:42:36
youtube,https://www.youtube.com/watch?v=GyJrnQnEX_w&lc=UgwQPqRC5-ecbZXbQMx4AaABAg,a1b9d953f2365967,"우리 집 냉장고 속에 잠들어 있는, 강아지 수명을 늘리는 의외의 음식들!",😢😢,2026-07-07,강아지 식단,미상,,page,explore,2026-09-28T14:42:36
youtube,https://www.youtube.com/watch?v=GyJrnQnEX_w&lc=Ugy2gO2PrmenHgWcYsV4AaABAg,cf1d94d9a0d6e62e,"우리 집 냉장고 속에 잠들어 있는, 강아지 수명을 늘리는 의외의 음식들!",정어리 통조림은  사람이 먹는것도 괜찬으지요,2026-07-04,강아지 식단,미상,,page,explore,2026-09-28T14:42:36
youtube,https://www.youtube.com/watch?v=GyJrnQnEX_w&lc=UgwViYjOhrdo9drOeVh4AaABAg,4b819ad69692fdfc,"우리 집 냉장고 속에 잠들어 있는, 강아지 수명을 늘리는 의외의 음식들!",맞습니다.....❤❤❤,2026-07-01,강아지 식단,미상,,page,explore,2026-09-28T14:42:36
youtube,https://www.youtube.com/watch?v=GyJrnQnEX_w&lc=UgyBfN5bTugxo_ojfO54AaABAg,e595b7d9810da798,"우리 집 냉장고 속에 잠들어 있는, 강아지 수명을 늘리는 의외의 음식들!",ㅇ ㅅㅇ 오메가3 랑 종합 비타민 같이 먹어되 되나여?,2026-06-27,강아지 식단,미상,,page,explore,2026-09-28T14:42:36
youtube,https://www.youtube.com/watch?v=GyJrnQnEX_w&lc=UgwoNSbPJTholDpyIs14AaABAg,4cb505d339e673f6,"우리 집 냉장고 속에 잠들어 있는, 강아지 수명을 늘리는 의외의 음식들!",호박 사골국물 베리 (정어리 주 2회) 찐 고구마ㆍ 수제 그릭요그트ㆍ달갈  당근 그린빈 닭슴살 ㆍ사과 오트밀 바나나   연어색갈익힘패스 오이  감사합니다 😂,2026-06-21,강아지 식단,미상,,page,explore,2026-09-28T14:42:36
youtube,https://www.youtube.com/watch?v=GyJrnQnEX_w&lc=UgyKej3nyLRAFACRgtR4AaABAg,f2a44bba5a77cc45,"우리 집 냉장고 속에 잠들어 있는, 강아지 수명을 늘리는 의외의 음식들!","아이는  사람이  어릴 때 쓰는  호칭.  강이지라고  불러주세요. 그게 강아지를 존중해 주는 호칭 아닐까요?
듣기   거북한  언어는  하지말아야. 착각하게  하지 마세요.",2026-06-21,강아지 식단,미상,,page,explore,2026-09-28T14:42:36
youtube,https://www.youtube.com/watch?v=GyJrnQnEX_w&lc=UgyEECvDw3AQUC5_UJt4AaABAg,dc929f8fb5e62eb3,"우리 집 냉장고 속에 잠들어 있는, 강아지 수명을 늘리는 의외의 음식들!",그런거를 안먹는데 어떻게 먹여요,2026-06-17,강아지 식단,미상,,page,explore,2026-09-28T14:42:36
youtube,https://www.youtube.com/watch?v=GyJrnQnEX_w&lc=UgxkmORGHmnVZeQJJF94AaABAg,bb84665f2f9774af,"우리 집 냉장고 속에 잠들어 있는, 강아지 수명을 늘리는 의외의 음식들!","비숑 은  절대 간식 주면 안되요

정확한 정보를 알려 주세요",2026-06-16,강아지 식단,미상,,page,explore,2026-09-28T14:42:36
youtube,https://www.youtube.com/watch?v=GyJrnQnEX_w&lc=UgxZ9tc3UOwCCqO8Xx14AaABAg,7cae911879e6311c,"우리 집 냉장고 속에 잠들어 있는, 강아지 수명을 늘리는 의외의 음식들!",🎉🎉🎉🎉🎉,2026-06-13,강아지 식단,미상,,page,explore,2026-09-28T14:42:36
youtube,https://www.youtube.com/watch?v=GyJrnQnEX_w&lc=Ugwpp6MUG6jHxudYIhJ4AaABAg,ad44ade6baa68f1c,"우리 집 냉장고 속에 잠들어 있는, 강아지 수명을 늘리는 의외의 음식들!",플레인요거트가 그릭요거트인가요?,2026-06-12,강아지 식단,미상,,page,explore,2026-09-28T14:42:36
youtube,https://www.youtube.com/watch?v=GyJrnQnEX_w&lc=UgyfajN8g8bN7sYbk3V4AaABAg,31902238ee685388,"우리 집 냉장고 속에 잠들어 있는, 강아지 수명을 늘리는 의외의 음식들!",한국이.개천국이되가네.개는개로키워야지.,2026-06-11,강아지 식단,미상,,page,explore,2026-09-28T14:42:36
youtube,https://www.youtube.com/watch?v=GyJrnQnEX_w&lc=UgyAfh9BMoRKk3FL3jt4AaABAg,bb7500aff43c39ad,"우리 집 냉장고 속에 잠들어 있는, 강아지 수명을 늘리는 의외의 음식들!",저 아는분은 22살인데 강아지가 .김치두 먹구 .커피두 먹는다고 하드라고요 ...대단한거 같음 ...,2026-06-06,강아지 식단,미상,,page,explore,2026-09-28T14:42:36
youtube,https://www.youtube.com/watch?v=GyJrnQnEX_w&lc=Ugw8vVU6LVfVsjDKjMZ4AaABAg,418a658f09e2577b,"우리 집 냉장고 속에 잠들어 있는, 강아지 수명을 늘리는 의외의 음식들!",샤료만 먹엿는데 말티즈 17년 병원한번 안가고  자기수명이 다되어  영양제 하나맞고 갓네요 피모도 눈도 다리도  귀도 엄청 건강햇는데요,2026-06-06,강아지 식단,미상,,page,explore,2026-09-28T14:42:36
youtube,https://www.youtube.com/watch?v=GyJrnQnEX_w&lc=UgwVioQ7KIhs_5aPAa54AaABAg,65705a5dc31737b0,"우리 집 냉장고 속에 잠들어 있는, 강아지 수명을 늘리는 의외의 음식들!",고양이에 관한 내용도 부탁드려봅니다,2026-06-05,강아지 식단,미상,,page,explore,2026-09-28T14:42:36
youtube,https://www.youtube.com/watch?v=GyJrnQnEX_w&lc=UgwC2PETxinKkY-ALjl4AaABAg,1dc1d2d128694078,"우리 집 냉장고 속에 잠들어 있는, 강아지 수명을 늘리는 의외의 음식들!",❤❤❤❤❤❤❤❤,2026-06-03,강아지 식단,미상,,page,explore,2026-09-28T14:42:36
youtube,https://www.youtube.com/watch?v=GyJrnQnEX_w&lc=UgxYxGY_XPibMdC50bh4AaABAg,f6431bcdb9519bd9,"우리 집 냉장고 속에 잠들어 있는, 강아지 수명을 늘리는 의외의 음식들!",알고보면 . 먹지도 못할것으로 ....사료 만들어서....  포장 ㅡ ##  사람먹는것중 ... . 강아지 먹일것 많음 .....!!!!!,2026-06-03,강아지 식단,미상,,page,explore,2026-09-28T14:42:36
youtube,https://www.youtube.com/watch?v=GyJrnQnEX_w&lc=UgzJltpfhvSJrFVivvl4AaABAg,f48511b9c9b9f83b,"우리 집 냉장고 속에 잠들어 있는, 강아지 수명을 늘리는 의외의 음식들!",사골' 아닌'도가니탕  먹어도될가요 도가니 탕 담백질입니다,2026-06-02,강아지 식단,미상,,page,explore,2026-09-28T14:42:36
youtube,https://www.youtube.com/watch?v=GyJrnQnEX_w&lc=UgyrDUpoj5dWNfvzwOZ4AaABAg,66f653298ae924c7,"우리 집 냉장고 속에 잠들어 있는, 강아지 수명을 늘리는 의외의 음식들!",사료도 종류를 여러가지 최소 3가지를 섞어서 줘야 됩니다 2종류씩 번갈아 가면서요 한가지 사료만 먹이면 일정 성분이 몸에 넘쳐서 먹기도ㅠㅣ 싫어하고 먹여도 안됨 몸에서 안받아주니 거부하는거죠 좋은 사료를 몇 종류 사다가 간식하고 섞어서 조금씩 주세요 한가지만 사료 주는 주인은 머리가 나쁘다는걸 아세요,2026-06-01,강아지 식단,미상,,page,explore,2026-09-28T14:42:36
youtube,https://www.youtube.com/watch?v=GyJrnQnEX_w&lc=UgwGQu0bBXkOAAX_fbF4AaABAg,091a35f85462d64f,"우리 집 냉장고 속에 잠들어 있는, 강아지 수명을 늘리는 의외의 음식들!",알러지있어  아무것도 못먹어요  처방사료만  먹어요  먹어면 안된다고 해요,2026-06-01,강아지 식단,미상,,page,explore,2026-09-28T14:42:36
youtube,https://www.youtube.com/watch?v=GyJrnQnEX_w&lc=UgwhONp8hTbfEmmD6SJ4AaABAg,744f9d86c26ee848,"우리 집 냉장고 속에 잠들어 있는, 강아지 수명을 늘리는 의외의 음식들!",정어리는 통조림으로 사서 뼈째 먹여도 되는거죠?,2026-05-29,강아지 식단,미상,,page,explore,2026-09-28T14:42:36
youtube,https://www.youtube.com/watch?v=GyJrnQnEX_w&lc=UgytxUlbvA0COHRdIjB4AaABAg,8977df87e8d172f5,"우리 집 냉장고 속에 잠들어 있는, 강아지 수명을 늘리는 의외의 음식들!",사료는 피치못할때주는겁니다,2026-05-28,강아지 식단,미상,,page,explore,2026-09-28T14:42:36
youtube,https://www.youtube.com/watch?v=GyJrnQnEX_w&lc=UgwSMXWr5BXxd6Xkq7p4AaABAg,16d7bf780f9f85c7,"우리 집 냉장고 속에 잠들어 있는, 강아지 수명을 늘리는 의외의 음식들!",어휴 말도많고 탈도많고 어쩌란건지 사공많으면 배가산으로간다,2026-05-24,강아지 식단,미상,,page,explore,2026-09-28T14:42:36
youtube,https://www.youtube.com/watch?v=GyJrnQnEX_w&lc=Ugx1XlvTeZfEjN88Avt4AaABAg,5d857e60d38cb49e,"우리 집 냉장고 속에 잠들어 있는, 강아지 수명을 늘리는 의외의 음식들!","저희 집 아가들도 16살 15살 잘먹여서  건강 합니다
사료는 간식으로",2026-05-19,강아지 식단,미상,,page,explore,2026-09-28T14:42:36
youtube,https://www.youtube.com/watch?v=GyJrnQnEX_w&lc=UgxvlmdTf1IhOr1NQE54AaABAg,2a57a206cef09895,"우리 집 냉장고 속에 잠들어 있는, 강아지 수명을 늘리는 의외의 음식들!","참으로좋은건데
아이가먹어조야 먹이죠
닭가슴살빼고 울애기 다안먹어요",2026-05-18,강아지 식단,미상,,page,explore,2026-09-28T14:42:36
youtube,https://www.youtube.com/watch?v=GyJrnQnEX_w&lc=Ugwa80Bw1U4qVqdm4wZ4AaABAg,a98d7b433dde8c81,"우리 집 냉장고 속에 잠들어 있는, 강아지 수명을 늘리는 의외의 음식들!",냉동 블루베리도 좋은가요,2026-05-16,강아지 식단,미상,,page,explore,2026-09-28T14:42:36
youtube,https://www.youtube.com/watch?v=GyJrnQnEX_w&lc=UgzmMxHI3CVDxozbs1t4AaABAg,d988243f6a9b0357,"우리 집 냉장고 속에 잠들어 있는, 강아지 수명을 늘리는 의외의 음식들!",닭가슴살  고구마 계란 소고기 가끔은 돼지고기 줍니다. 7년 동안 예방접종 외  병원 간적 없어요. 뭉치 구름이 행복하게 오래 옆에있어줘. 사랑한다,2026-05-15,강아지 식단,미상,,page,explore,2026-09-28T14:42:36
youtube,https://www.youtube.com/watch?v=GyJrnQnEX_w&lc=UgwMGMbOfDlluyRV_uF4AaABAg,e67252125d9a5e33,"우리 집 냉장고 속에 잠들어 있는, 강아지 수명을 늘리는 의외의 음식들!",우리강아지. 올해22살인데요 믹스견이네요. 지금까지하루에. 4~회산책돗키고했는데. 요즘은10분시키고. 안고다닙니다ㅠㅠ.  당근.고구마배변. 힘들까바먹이고 있구요. 지금까지 닭가슴살. 닭안심 먹고있어요  오전에는. 닭안심삶은물에 고기2조각 밥한숟가락주구요.  오후늦게. 면연력사료에다. 관절영양제캔 통조림 항태간식. 섺어먹이고. 있습니다.  근데나이가있다보니. 피부도안좋구.걷는것도안좋구 하루종일 잠만자려하고.    보고있음.  눈물도나구짠해서. 마음이아파요.  울복덩이~~~~사랑해 마니마니. 버티면서. 이겨내자❤❤❤,2026-05-14,강아지 식단,미상,,page,explore,2026-09-28T14:42:36
youtube,https://www.youtube.com/watch?v=GyJrnQnEX_w&lc=UgwIJVVXT8gxaVM3Z1B4AaABAg,4692e9e2afa71857,"우리 집 냉장고 속에 잠들어 있는, 강아지 수명을 늘리는 의외의 음식들!",우리애는 떠났는데.  모르는게 많아.... 후회합니다..... 더 소중하게 챙기지못함도 ㅡ 후회하며 ..... 그립고 그리워요.....그 어디에가서ㅡ 우리 애를  다시볼수있을까요 ....안아볼수 있을까요 ❤❤❤❤❤❤❤❤,2026-05-14,강아지 식단,미상,,page,explore,2026-09-28T14:42:36
youtube,https://www.youtube.com/watch?v=GyJrnQnEX_w&lc=UgwrIC7BVHd1STO7uq14AaABAg,9216aab3420d8483,"우리 집 냉장고 속에 잠들어 있는, 강아지 수명을 늘리는 의외의 음식들!","인간들아 너네들이 콘푸레이크 만  먹고 살라고 하면 살수 있냐.
그런데 왜..   사료만 먹이냐..",2026-05-14,강아지 식단,미상,,page,explore,2026-09-28T14:42:36
youtube,https://www.youtube.com/watch?v=GyJrnQnEX_w&lc=UgxsMgQevbiOnCYHy2V4AaABAg,0d728cd34338d09b,"우리 집 냉장고 속에 잠들어 있는, 강아지 수명을 늘리는 의외의 음식들!","우리 강아지 다니는 동물병원 선생님 말로는 사료만 주는게 제일 좋다던데..
뭐가 맞는거야..?",2026-05-11,강아지 식단,미상,,page,explore,2026-09-28T14:42:36
youtube,https://www.youtube.com/watch?v=GyJrnQnEX_w&lc=UgxrGVs6S7NBwHlz9Ap4AaABAg,220aaffef3257337,"우리 집 냉장고 속에 잠들어 있는, 강아지 수명을 늘리는 의외의 음식들!",알러레기 심하면ㅡ다 못먹어요 ;; ㅠ,2026-05-09,강아지 식단,미상,,page,explore,2026-09-28T14:42:36
youtube,https://www.youtube.com/watch?v=GyJrnQnEX_w&lc=UgwzK8B90H2rFlKsGs14AaABAg,1d78919d094b6c05,"우리 집 냉장고 속에 잠들어 있는, 강아지 수명을 늘리는 의외의 음식들!",그릭요거트 2년동안 먹엿어요 아침에 밥먹기전 변을너무 묽게봐서 끈엇네요 락토프리로먹엿는데두이리말씀하시니 안따깝네요,2026-05-07,강아지 식단,미상,,page,explore,2026-09-28T14:42:36
youtube,https://www.youtube.com/watch?v=GyJrnQnEX_w&lc=UgwYOz-v6fIQQAa8ZJF4AaABAg,2ac962c57d0fdca7,"우리 집 냉장고 속에 잠들어 있는, 강아지 수명을 늘리는 의외의 음식들!",사료만 먹여도 18년잘살드만! 어디서 낚시질야!!,2026-05-06,강아지 식단,미상,,page,explore,2026-09-28T14:42:36
youtube,https://www.youtube.com/watch?v=GyJrnQnEX_w&lc=UgwQffHWSffYPNWwmp54AaABAg,a7485ce5ab521cc7,"우리 집 냉장고 속에 잠들어 있는, 강아지 수명을 늘리는 의외의 음식들!",화식만 주면 영양이 부족해서 타우린 우루사 오메가3 유산균 등 비타민도 섞어주라는데 맞나요,2026-05-04,강아지 식단,화식,,page,explore,2026-09-28T14:42:36
youtube,https://www.youtube.com/watch?v=GyJrnQnEX_w&lc=Ugw3BNudxw8GjF9Hkfd4AaABAg,e4df01260c415153,"우리 집 냉장고 속에 잠들어 있는, 강아지 수명을 늘리는 의외의 음식들!","황태가 없네요
황태가 좋다고해서
푹 끓여서 주는데 
줘도되나요?",2026-05-03,강아지 식단,미상,,page,explore,2026-09-28T14:42:36
youtube,https://www.youtube.com/watch?v=KcHmLqpBnN0&lc=UgwJe7PZ-Pxos99_ChZ4AaABAg,4c5623ff07141ef2,밥 안 먹는 강아지 잘 먹게 하는 방법 5가지 (10초면 싹 긁어먹어요) | 멍터뷰 ep.68,"🧡푸우형 x 닥터뉴토 특가 OPEN🧡
https://dspetmall.com/goods/event_sale.php?sno=71
위 링크에서만 3월10일(화)까지 최대 50% 할인

믿을 수 있는 대상(주)의 원료로 만든 펫푸드 브랜드 닥터뉴토가
💥푸우형 구독자 분들을 위해 오랫동안 준비한 최.저.가 한정 프로모션💥

유명 훈련사부터 유수의 반려동물 전문가들이 극찬한
대한민국 강아지 영양 유동식 No.1 🧡닥터뉴토 뉴트리케어 리커버리🧡
🙄쉿, 영양제, 펫밀크도 함께 할인 & 증정 이벤트 중!🤫",2026-02-25,강아지 식사,미상,,page,explore,2026-09-28T14:42:55
youtube,https://www.youtube.com/watch?v=KcHmLqpBnN0&lc=UgxFcNPLjHNf-XrRy-Z4AaABAg,ec236d29cb821e58,밥 안 먹는 강아지 잘 먹게 하는 방법 5가지 (10초면 싹 긁어먹어요) | 멍터뷰 ep.68,3년말티푸6기ㅐ월전부터사료전혀입에도안되요걱정이예요그렇다고간식또한잘먹는것도아니예방법없을까요,2026-09-24,강아지 식사,미상,,page,explore,2026-09-28T14:42:55
youtube,https://www.youtube.com/watch?v=KcHmLqpBnN0&lc=UgwjMqMrO1KXfYRafuR4AaABAg,7ee9cfdb64259224,밥 안 먹는 강아지 잘 먹게 하는 방법 5가지 (10초면 싹 긁어먹어요) | 멍터뷰 ep.68,첨에는 잘 먹었는데 습식사료 몇번 먹고나서 부터는 전혀 사료에 입을 안대요.,2026-09-18,강아지 식사,미상,,page,explore,2026-09-28T14:42:55
youtube,https://www.youtube.com/watch?v=KcHmLqpBnN0&lc=UgwCu4avARXbq1OgD9t4AaABAg,778fd11879a92c75,밥 안 먹는 강아지 잘 먹게 하는 방법 5가지 (10초면 싹 긁어먹어요) | 멍터뷰 ep.68,저는 낙터뉴터 뉴트리케어 이거 매일강급해여 밥을 안먹어서,2026-09-16,강아지 식사,미상,,page,explore,2026-09-28T14:42:55
youtube,https://www.youtube.com/watch?v=KcHmLqpBnN0&lc=Ugyh8IH45hl1yA6esch4AaABAg,d5a996da860289ee,밥 안 먹는 강아지 잘 먹게 하는 방법 5가지 (10초면 싹 긁어먹어요) | 멍터뷰 ep.68,"하나의 진실,
밥투정을 한다 개들도
굶기면 반드시 먹는다 , 그 리미트 기한을 3일로 보고 
그 3일이 지난시점에도 안먹으면 병원가본다,
근데 고집이 쌔서 3일이 지나도 안먹는 경우도 있다 병원가도 멀쩡, 
그냥 공복이라 위가 아플수있으니 위장약 하나 받고 끗.

안먹으면 굶겨라 
굶겼다가 간식이나 양념 맛있는 무언가 주기라도하면 골치아프다
굶으면 = 맛있는 간식을 주는구나 결국 으로 학습되니깐. 조심",2026-07-09,강아지 식사,미상,,page,explore,2026-09-28T14:42:55
youtube,https://www.youtube.com/watch?v=KcHmLqpBnN0&lc=Ugyt37tja9wus3wSRi14AaABAg,b1f9f5c28bd05158,밥 안 먹는 강아지 잘 먹게 하는 방법 5가지 (10초면 싹 긁어먹어요) | 멍터뷰 ep.68,드디어 !!!! 독한맘먹고 간식끊고 공복토 안하게 시키는데로 했더니 3일 좀 안된날 사료봉지를 긁어서 줬더니 밥을 먹어요 !!!!!!! 드디어 !!!! 지가 밥을 달라했어요 !!!!! ㅠ0ㅠ 만세!!!!! 🎉❤,2026-06-30,강아지 식사,미상,,page,explore,2026-09-28T14:42:55
youtube,https://www.youtube.com/watch?v=KcHmLqpBnN0&lc=UgysR4gVMa-g1pgfZyx4AaABAg,70df08c2049e4dbb,밥 안 먹는 강아지 잘 먹게 하는 방법 5가지 (10초면 싹 긁어먹어요) | 멍터뷰 ep.68,"푸우형님 안녕하세요   
비숑프리제 키우고있는데요 밥을 잘 안 먹어요
밥을 잘 안 먹는데 어떻게 하나요 ㅠㅠㅠㅠㅠㅠ
걱정이 돼요  
도와주세요
유튜브 잘 보고있어요",2026-04-18,강아지 식사,미상,,page,explore,2026-09-28T14:42:55
youtube,https://www.youtube.com/watch?v=KcHmLqpBnN0&lc=Ugx4cxw5esg1d_8khqp4AaABAg,52928a9f91c99522,밥 안 먹는 강아지 잘 먹게 하는 방법 5가지 (10초면 싹 긁어먹어요) | 멍터뷰 ep.68,강아지심장볭즣운식좀아련주세,2026-03-16,강아지 식사,미상,,page,explore,2026-09-28T14:42:55
youtube,https://www.youtube.com/watch?v=KcHmLqpBnN0&lc=UgxKEeJhNK30tC5Gvxh4AaABAg,b30b70a1dfaf7c66,밥 안 먹는 강아지 잘 먹게 하는 방법 5가지 (10초면 싹 긁어먹어요) | 멍터뷰 ep.68,저희 막내..... 노견 말티즈인데 진짜 똥고집... 입도 짧고 입맛 까다롭고ㅠㅠ 배에서 꼬르륵 소리가 엄청 나는데도 사료는 먹기도 싫다고 시위를..그래서 전 포기하고 애가 좋아하는것만 줬는데 다시 사료 식습관 고치는거 도전해봐야겠네요ㅠㅠㅠ,2026-03-11,강아지 식사,미상,,page,explore,2026-09-28T14:42:55
youtube,https://www.youtube.com/watch?v=KcHmLqpBnN0&lc=Ugzyrn3dnVox58OgLxp4AaABAg,25de4108d5eba8a9,밥 안 먹는 강아지 잘 먹게 하는 방법 5가지 (10초면 싹 긁어먹어요) | 멍터뷰 ep.68,미친듯한 식탐 있는 애들은 어떻게해요?😢,2026-03-08,강아지 식사,미상,,page,explore,2026-09-28T14:42:55
youtube,https://www.youtube.com/watch?v=KcHmLqpBnN0&lc=UgyIgk6n5KI5TYkO3EN4AaABAg,c2104982f152ef36,밥 안 먹는 강아지 잘 먹게 하는 방법 5가지 (10초면 싹 긁어먹어요) | 멍터뷰 ep.68,배고프면 먹게 되있음 안먹음 굶기고 주면 눈뒤집어까져서 먹던데,2026-03-07,강아지 식사,미상,,page,explore,2026-09-28T14:42:55
youtube,https://www.youtube.com/watch?v=KcHmLqpBnN0&lc=Ugy38B2bgAiS6k0xyc54AaABAg,5c5f4e924052fc18,밥 안 먹는 강아지 잘 먹게 하는 방법 5가지 (10초면 싹 긁어먹어요) | 멍터뷰 ep.68,밥안먹으면 맛있는간식을 주니까 더안먹지ㅋㅋㅋ,2026-03-03,강아지 식사,미상,,page,explore,2026-09-28T14:42:55
youtube,https://www.youtube.com/watch?v=KcHmLqpBnN0&lc=Ugw54N9L3e5bjulvint4AaABAg,6f80fa90bc0ec6cf,밥 안 먹는 강아지 잘 먹게 하는 방법 5가지 (10초면 싹 긁어먹어요) | 멍터뷰 ep.68,"우리집 아이는 사료 잘안먹어요
치우고 다시주고 몇번을 해도 안먹고 끝까지  굶어서
내가 손들고 
고기랑 줍니다
쇠고기 먹는날 변이 약간 묽은데
한돈 앞다리살  기름 모두 제거 하고 살코기만 금방 삶은것 너무 잘먹고 변도 아주 건강하게 나옵니다
그래서 한돈 앞다리살을 사료와 주식으로 주고 있습니다",2026-03-03,강아지 식사,미상,,page,explore,2026-09-28T14:42:55
youtube,https://www.youtube.com/watch?v=KcHmLqpBnN0&lc=Ugx7u2BbPa8r19SCTIR4AaABAg,4f457bf4713f26f5,밥 안 먹는 강아지 잘 먹게 하는 방법 5가지 (10초면 싹 긁어먹어요) | 멍터뷰 ep.68,딱필요한 정보였는데 다행입니다,2026-03-03,강아지 식사,미상,,page,explore,2026-09-28T14:42:55
youtube,https://www.youtube.com/watch?v=KcHmLqpBnN0&lc=UgzQqxkwiY5zTYXwyGF4AaABAg,b3bb434499133792,밥 안 먹는 강아지 잘 먹게 하는 방법 5가지 (10초면 싹 긁어먹어요) | 멍터뷰 ep.68,"푸우는 어떻개 눈물자국이 없나요? 
우리아이는 눈물자국때문에 너무 고민이예요. 옶애는 방법이 있을까요?",2026-03-02,강아지 식사,미상,,page,explore,2026-09-28T14:42:55
youtube,https://www.youtube.com/watch?v=KcHmLqpBnN0&lc=UgxFZ6cnFgf8-nhksRh4AaABAg,62b434163ca3d756,밥 안 먹는 강아지 잘 먹게 하는 방법 5가지 (10초면 싹 긁어먹어요) | 멍터뷰 ep.68,"전자레인지 10초!
 아님 토핑을 닭가슴살 올려줘 요.~~",2026-03-01,강아지 식사,미상,,page,explore,2026-09-28T14:42:55
youtube,https://www.youtube.com/watch?v=KcHmLqpBnN0&lc=UgwBK8GNuzGMRGhsrS14AaABAg,91f9708397fb011d,밥 안 먹는 강아지 잘 먹게 하는 방법 5가지 (10초면 싹 긁어먹어요) | 멍터뷰 ep.68,"자율급식 하다가 밥 안 먹으면 간식 끊고 놔둬봐요. 
자기도 다 살기 위해서 언젠간 먹어요. 
쫓아다니면서 먹으라고 할 필요가 없어요. 
얘들도 다 알기 때문에 밥투정 하는거임",2026-03-01,강아지 식사,미상,,page,explore,2026-09-28T14:42:55
youtube,https://www.youtube.com/watch?v=KcHmLqpBnN0&lc=UgyhiD8KyyalolKOFg54AaABAg,94a61d00c52b1f9f,밥 안 먹는 강아지 잘 먹게 하는 방법 5가지 (10초면 싹 긁어먹어요) | 멍터뷰 ep.68,안 쳐 먹어면 굶기라. 알아서 쳐 먹는다,2026-03-01,강아지 식사,미상,,page,explore,2026-09-28T14:42:55
youtube,https://www.youtube.com/watch?v=KcHmLqpBnN0&lc=Ugx_38X2RTgVT0tjcHt4AaABAg,e3153e8287e374c6,밥 안 먹는 강아지 잘 먹게 하는 방법 5가지 (10초면 싹 긁어먹어요) | 멍터뷰 ep.68,늘 자율배식을 하다 제한급식으로 바꾸고 사료를 안먹어서 고생했는데. 시간에만 딱주고 20~30분후에 안먹어도 그냥 치우고를 몇번했더니 그담부터는 엄청 잘목더라구요. 하루나 이틀 굶고나서 너무 배고픈지 가서 먹길래 잘했다 칭찬하고 다먹고 간식주니 바로 고쳐졌어요.,2026-03-01,강아지 식사,미상,,page,explore,2026-09-28T14:42:55
youtube,https://www.youtube.com/watch?v=KcHmLqpBnN0&lc=UgyBMTAltFKChtDpgL14AaABAg,ab4ba6112785c20e,밥 안 먹는 강아지 잘 먹게 하는 방법 5가지 (10초면 싹 긁어먹어요) | 멍터뷰 ep.68,"저는 저희집개 식습관 버릇 잘못들여놔 밥먹이는게 너무힘들어서..
밥을 어떻게 하면 잘먹을까 하다가 이방법 쓰고있습니다 

밥을 준비해서 네발로  기어다녀요(제가) 음맛있다~ 츄르르릅 , 이거내꺼야 넌저리가 그러면서
뺏어먹는 척을 해요  그럼 옆에와서 냄새맡고  이빨보이면서 엄청 승질내거든요?
그렇게 먹이고있어요 먹다가도 한번씩 나먹어도돼? 하고 얼굴 들이밀면서 짜증나게합니다 . 그럼또 승질냅니다. 
이방법으로 
지금은 오지게 잘먹어요 
이렇게라도 먹어주니 너무 고맙네요...
사가지없는 개늠새키",2026-02-28,강아지 식사,미상,,page,explore,2026-09-28T14:42:55
youtube,https://www.youtube.com/watch?v=KcHmLqpBnN0&lc=UgwdYEfnsacuRcizNoJ4AaABAg,01e0d4b7377619c5,밥 안 먹는 강아지 잘 먹게 하는 방법 5가지 (10초면 싹 긁어먹어요) | 멍터뷰 ep.68,그게 아니라 여러종류의 사료를 섞여서 먹이든지 번갈아가면서 먹여야 됨 니도 한가지만 먹으라면 먹겠냐 몸이 안받아주는데 동물 몸 설계가 그렇게 되있어 같은 성분에 계속 들어오면 필요성분이 몸에 다 차게되면 거부한다 여러가지를 돌려서 먹여야 됨 니들이 한번 먹어보세요 한우라도 일주일 먹으면 못먹어,2026-02-28,강아지 식사,미상,,page,explore,2026-09-28T14:42:55
youtube,https://www.youtube.com/watch?v=KcHmLqpBnN0&lc=Ugxg1JRv27wLynfN3hF4AaABAg,90a7a68b87da0bd0,밥 안 먹는 강아지 잘 먹게 하는 방법 5가지 (10초면 싹 긁어먹어요) | 멍터뷰 ep.68,"오만 원맨쇼를 다하면서 먹임 ㅋㅋㅋ 롤러코스터 비행기 박수 오만거다타본 사료님 
밥시간이 무서울 지경임 ㅋㅋㅋ",2026-02-28,강아지 식사,미상,,page,explore,2026-09-28T14:42:55
youtube,https://www.youtube.com/watch?v=KcHmLqpBnN0&lc=UgzmAFR_5_Gswl5BWDF4AaABAg,232cedc52bcf69a5,밥 안 먹는 강아지 잘 먹게 하는 방법 5가지 (10초면 싹 긁어먹어요) | 멍터뷰 ep.68,유익한 내용이네여 !!!,2026-02-27,강아지 식사,미상,,page,explore,2026-09-28T14:42:55
youtube,https://www.youtube.com/watch?v=KcHmLqpBnN0&lc=Ugy4GWhOoeuXANEm2cd4AaABAg,6042012c9194c41c,밥 안 먹는 강아지 잘 먹게 하는 방법 5가지 (10초면 싹 긁어먹어요) | 멍터뷰 ep.68,간식은 사료,2026-02-27,강아지 식사,미상,,page,explore,2026-09-28T14:42:55
youtube,https://www.youtube.com/watch?v=KcHmLqpBnN0&lc=UgzaLaWJ_jFWBOUfMf54AaABAg,496eb83db6687306,밥 안 먹는 강아지 잘 먹게 하는 방법 5가지 (10초면 싹 긁어먹어요) | 멍터뷰 ep.68,"진짜 3년간 사료 습식 종류따라 다 사줘봤지만 잘안먹음 ㅜ ㅜ 
사료안먹음 이거라도 줘봐야겠어요 ㅜ ㅜ",2026-02-27,강아지 식사,미상,,page,explore,2026-09-28T14:42:55
youtube,https://www.youtube.com/watch?v=KcHmLqpBnN0&lc=UgwZvqi_VZ7nk_T1DoB4AaABAg,bb092fc95a871cba,밥 안 먹는 강아지 잘 먹게 하는 방법 5가지 (10초면 싹 긁어먹어요) | 멍터뷰 ep.68,"우리집녀석은 밥을 얌전히 안먹고 여기저기 뿌려가면 먹어서 주위가 엄청 지저분한데 도대체 왜 이러는건가요?
입도 짧아서 입맛에 맞는 사료찾기도 엄청 애먹어요",2026-02-27,강아지 식사,미상,,page,explore,2026-09-28T14:42:55
youtube,https://www.youtube.com/watch?v=KcHmLqpBnN0&lc=Ugzo_x8nEblNe8KixlZ4AaABAg,524e65076e0bafee,밥 안 먹는 강아지 잘 먹게 하는 방법 5가지 (10초면 싹 긁어먹어요) | 멍터뷰 ep.68,5kg 면 하루에 100g 먹인다구요? 헐.. 4.8키론데 한끼에 100g씩 줬는데 ㅠㅠㅠ 너무 많이 준 걸까료..,2026-02-26,강아지 식사,미상,,page,explore,2026-09-28T14:42:55
youtube,https://www.youtube.com/watch?v=KcHmLqpBnN0&lc=UgxFc8iR1pDQq6Dh5MR4AaABAg,dc53d6118f1cdee0,밥 안 먹는 강아지 잘 먹게 하는 방법 5가지 (10초면 싹 긁어먹어요) | 멍터뷰 ep.68,저희강아지도 사료를 섞어주면 골라먹더라구요..,2026-02-26,강아지 식사,미상,,page,explore,2026-09-28T14:42:55
youtube,https://www.youtube.com/watch?v=KcHmLqpBnN0&lc=Ugynaut-BfPwZaLL_Mp4AaABAg,2535a3baff86b871,밥 안 먹는 강아지 잘 먹게 하는 방법 5가지 (10초면 싹 긁어먹어요) | 멍터뷰 ep.68,"좋은정보 감사해요!
저희애도 밥먹을때 옆에서 지켜봐주고 칭찬해주길 원해서 그렇게 먹여요(특히 아침-사료:같은브랜드 세가지맛 3일씩 순환급여)
저녁은 화식급여라서 정말 배고프거나 단백질구성이 바뀌면 혼자먹지만 이또한 케바케ㅜ.ㅜ
(단백질도 육류는 한종류로 4일치씩 만들고 생선도 1주일에 두번정도 주고있어요)
아침을 더 잘안먹는 이유가 건강에 이상이 있을지도 모른다니 그 문제도 체크해봐야겠네요.
그전에 아침을 노즈워크나 놀이로 유도해보려면 작은알갱이(반습식)를 또 찾아봐야겠습니다.",2026-02-26,강아지 식사,혼합,,page,explore,2026-09-28T14:42:55
youtube,https://www.youtube.com/watch?v=KcHmLqpBnN0&lc=UgwEjygfFPqalpZsS6Z4AaABAg,808ef12b47dd5594,밥 안 먹는 강아지 잘 먹게 하는 방법 5가지 (10초면 싹 긁어먹어요) | 멍터뷰 ep.68,"애기때부터 잘 안먹어서 간식도 섞어주고 화식도 줘보고 등등 방법 다 해봤는데 며칠 먹고 물려하다가 안되겠다 싶어서 사료 먹을때까지 밥그릇 치우고 화식은 안먹으면 버리기까지 했는데 얼마전에 경련까지 왔어요 ㅠㅠ ,, 동물병원 원장님이 굶어서 안되는 아이들도 있다고 얘 같은 경우는 먹여야한더규 하시더라구요 평생 어떻게 케어해야하는지 모르겠어요 😭😭😭😭😭😭😭😭😭😭😭😭간식 안줘봐도 밥을 안먹어요 사료를 몇번이나 바꿔줘봤는데 입도 짧고 어쩌면 좋죠 ;,4살입니다 2개월때 부터 잘 안먹었어요 실외배변이고 산책도 잘 합니다 배가 안고픈가 .. 사료 먹는 날도 3분의1은 남기는거같아요 ! ㅠ신기한건 저체중은 아니고 건강한 몸매래요",2026-02-26,강아지 식사,화식,,page,explore,2026-09-28T14:42:55
youtube,https://www.youtube.com/watch?v=KcHmLqpBnN0&lc=Ugy0KCl6o_09WvSioCx4AaABAg,2ff267bdf47ed1f2,밥 안 먹는 강아지 잘 먹게 하는 방법 5가지 (10초면 싹 긁어먹어요) | 멍터뷰 ep.68,썸넬 푸우 눈 ㅋㅋㅋㅋㅋㅋㅋㅋ,2026-02-26,강아지 식사,미상,,page,explore,2026-09-28T14:42:55
youtube,https://www.youtube.com/watch?v=KcHmLqpBnN0&lc=Ugw54uM4Uq72-bqH-XV4AaABAg,ea42d568d2517e8c,밥 안 먹는 강아지 잘 먹게 하는 방법 5가지 (10초면 싹 긁어먹어요) | 멍터뷰 ep.68,"푸우형 팬으로서 제안드립니다. 제목을 다실때 ""제발""이란 단어는 사용하지 않으셨음 합니다. 너무 흔해 빠진 (아이디어 고갈된 듯한) 전형적 비전문적 유툽 같아요. 푸우형은 그렇지 않은 유툽이니까요",2026-02-26,강아지 식사,미상,,page,explore,2026-09-28T14:42:55
youtube,https://www.youtube.com/watch?v=KcHmLqpBnN0&lc=UgwwwUkCKsKZGj52N7R4AaABAg,7d708167915b29c4,밥 안 먹는 강아지 잘 먹게 하는 방법 5가지 (10초면 싹 긁어먹어요) | 멍터뷰 ep.68,"반갑습니다! 퍼피풀 배재원 훈련사입니다. 이번 영상 내용이 입 짧은 아이들 때문에 고민인 보호자님들께 큰 도움이 될 것 같아요 ☺️👍
강아지가 밥을 안 먹을 때 가장 경계해야 할 것이 바로 ‘에라 모르겠다, 자율급식!'이라고 항상 말씀 드리곤 해요. 사료가 항상 놓여 있으면 아이들은 음식의 소중함을 느끼지 못하고, 이는 결국 다음 끼니도 거부하게 만드는 악순환의 반복이 되거든요.
푸우형, 고요 수의사님과 함께 이번 콘텐츠에서 알려준 팁들을 차근차근 실천해 보시고, 궁금한 점은 언제든 남겨주세요! 틈틈이 답신 드리겠습니다!",2026-02-26,강아지 식사,미상,,page,explore,2026-09-28T14:42:55
youtube,https://www.youtube.com/watch?v=KcHmLqpBnN0&lc=UgyTXeCZhIRL4mA7Tr94AaABAg,556d5897af92c531,밥 안 먹는 강아지 잘 먹게 하는 방법 5가지 (10초면 싹 긁어먹어요) | 멍터뷰 ep.68,어느사료를 성장단계별로 먹다가 안먹게되서 그전단계로 다시주니 먹더라구요 ㅋ,2026-02-25,강아지 식사,미상,,page,explore,2026-09-28T14:42:55
youtube,https://www.youtube.com/watch?v=KcHmLqpBnN0&lc=UgxGFjD_3bS4N0W0kM94AaABAg,0a2a231619ce5576,밥 안 먹는 강아지 잘 먹게 하는 방법 5가지 (10초면 싹 긁어먹어요) | 멍터뷰 ep.68,사료 안먹으면 굶기면 됩니다.,2026-02-25,강아지 식사,미상,,page,explore,2026-09-28T14:42:55
youtube,https://www.youtube.com/watch?v=KcHmLqpBnN0&lc=UgyZ31mrtbwuNbvZiHJ4AaABAg,2af553e7dd09db11,밥 안 먹는 강아지 잘 먹게 하는 방법 5가지 (10초면 싹 긁어먹어요) | 멍터뷰 ep.68,"차분, 조심성, 느긋한 성향인데 입이 짧다면 제한급식과 간식 안주기 그리고 제일 중요한건 보호자가 애가 닳아서 밥먹어 오구구 먹어여야지 우쭈쭈 하면 안돼요 저랑 제 강아지 기준이긴 하지만 이게 매일 쌓이니 강아지도 스트레스 받아서 안먹는게 한 70퍼더라구요 아침을 10시에 준다면 10-10:20정도사이 조금 넉넉하게 밥시간으로 줘보고 마음 편하게 하는것도 도움이 되더라구요 저는 이렇게 챙겨준지 3주정도 됐는데 비슷한 시간에 보호자 말X 차분한 분위기가 되니 밥을 편하게 잘먹어요 (아 물론 그전에 저는 10시 쯤 안먹고 치우는 교육은 이미 디폴트구요) 안먹는다고 초조하기보단 우리강아지 성향을 잘알면 한결 수월한 부분도 있는거같아요",2026-02-25,강아지 식사,미상,,page,explore,2026-09-28T14:42:55
youtube,https://www.youtube.com/watch?v=KcHmLqpBnN0&lc=Ugxk1VnFuyJmXgxQu9N4AaABAg,4b2c539d60fd8105,밥 안 먹는 강아지 잘 먹게 하는 방법 5가지 (10초면 싹 긁어먹어요) | 멍터뷰 ep.68,섞어주면 맛있는것만 골라먹는답니다ㅠㅋㅋ 시장이 반찬이에요. 굶으면 그나마 조금 먹어요..소고기도 먹다마는 우리 갱얼쥐..,2026-02-25,강아지 식사,미상,,page,explore,2026-09-28T14:42:55
youtube,https://www.youtube.com/watch?v=KcHmLqpBnN0&lc=Ugzi-vRaqNoLAelIGLR4AaABAg,e67aeb09d49d5259,밥 안 먹는 강아지 잘 먹게 하는 방법 5가지 (10초면 싹 긁어먹어요) | 멍터뷰 ep.68,너무 좋은 내용이네요.,2026-02-25,강아지 식사,미상,,page,explore,2026-09-28T14:42:55
youtube,https://www.youtube.com/watch?v=KcHmLqpBnN0&lc=Ugyuw2ETcmKziVV6gf54AaABAg,cb974d239a956933,밥 안 먹는 강아지 잘 먹게 하는 방법 5가지 (10초면 싹 긁어먹어요) | 멍터뷰 ep.68,"저는 타협...^^ 입이짧고 진짜 안먹어서 아침 저녁 두끼 놀아주면서 공 하나 던질때 사료 같이 던져주면 먹어요^^
의사선생님이 말씀하시길 아가들이 좋아하는 세가지를 뽑으면 첫번째 엄마 두번째 먹는거 세번째가 노는건데 저희 구름이는 좋아하는 세가지를 같이 하는거라 행복해할거라고 하셨어요^^ 너무감동받았어요♡.♡  하나도 힘들지 않고요^^ 이렇게라도 먹어줘서 너무 고맙고 사랑스럽답니다^^🥰",2026-02-25,강아지 식사,미상,,page,explore,2026-09-28T14:42:55
youtube,https://www.youtube.com/watch?v=KcHmLqpBnN0&lc=UgwRyndpmiIEQu-xHX54AaABAg,6886559f8dad1d81,밥 안 먹는 강아지 잘 먹게 하는 방법 5가지 (10초면 싹 긁어먹어요) | 멍터뷰 ep.68,우리집 강쥐는 최근에 사료 좀 남기더니 어느 순간 잘 안먹더군요 뜨거운 물에 사료 불려서 식힌 후 주니 환장 ㅋㅋ 가끔 써보세요,2026-02-25,강아지 식사,미상,,page,explore,2026-09-28T14:42:55
youtube,https://www.youtube.com/watch?v=KcHmLqpBnN0&lc=UgysjNybVRFnZclooht4AaABAg,9f5ffc9daceecc5c,밥 안 먹는 강아지 잘 먹게 하는 방법 5가지 (10초면 싹 긁어먹어요) | 멍터뷰 ep.68,12시간근무로 어쩔수없이 자율급식하는데 ㅜㅠ 상황이 여의치 않아요 ㅜㅠ,2026-02-25,강아지 식사,미상,,page,explore,2026-09-28T14:42:55
youtube,https://www.youtube.com/watch?v=KcHmLqpBnN0&lc=Ugwl_7aYhxtK_pglUyt4AaABAg,0ccb4bf7b9ede7ab,밥 안 먹는 강아지 잘 먹게 하는 방법 5가지 (10초면 싹 긁어먹어요) | 멍터뷰 ep.68,"호들갑 장인
저요~~~
제가 하는 방식인데
강아지가
그 반응을 즐겨하는거 같더라구요
안해줄수가 없어요
그리고
'요리하는척~' 맞아요
괜히 뜨거운척 후후 불어가며
""아 맛있겠다~ ""하면
잘 먹어요.
늘 그렇게 먹인답니다^^",2026-02-25,강아지 식사,미상,,page,explore,2026-09-28T14:42:55
youtube,https://www.youtube.com/watch?v=KcHmLqpBnN0&lc=UgwhZxqrgme5Pq1af9F4AaABAg,4220df8839c5edce,밥 안 먹는 강아지 잘 먹게 하는 방법 5가지 (10초면 싹 긁어먹어요) | 멍터뷰 ep.68,"사실 사료먹이는 방법은 먹을때까지 놔두는게 젤 효과적이죠

저희집 강쥐는 북어트릿 잘게 부숴서 뿌리면 먹어욧 꼬리꼬리한 냄새나는거 ㅎㅎ",2026-02-25,강아지 식사,미상,,page,explore,2026-09-28T14:42:55
youtube,https://www.youtube.com/watch?v=UeQc6pK2q5I&lc=UgyRg44dCg9QDH9lRlp4AaABAg,3d922759c1f3097d,화식을 먹어야하는이유#강아지 #강아지화식#강아지자연식,"제일무식하고 답없는 사람들 공통점 =우리개는 그거 잘먹던데 ㄱ렇게 먹여도 잘크던데 하면서 이해를 못하는 인간임
개들마다 다 다르고 알러지등 체질이 다다름 화식 아무리 잘해줘도 안먹음 소용없고 잘먹는 간식 사료 잘먹이고 건강식으로 고기류 좋은거 한번씩 먹이는게 최고같음",2026-01-09,강아지 식사,화식,,page,explore,2026-09-28T14:42:55
youtube,https://www.youtube.com/watch?v=UeQc6pK2q5I&lc=UgwurHxm8iyhc7jTatB4AaABAg,44ffea4ca16ca9b6,화식을 먹어야하는이유#강아지 #강아지화식#강아지자연식,그치만 화식을 챙겨주는 견주가 영양소를 골고루 균형맞게 매일 매끼마다 챙겨줄 확률이 얼마나 될까??,2026-01-02,강아지 식사,화식,,page,explore,2026-09-28T14:42:55
youtube,https://www.youtube.com/watch?v=UeQc6pK2q5I&lc=Ugw0U3gMlBeeRfYI_st4AaABAg,e535b28efd87d6b9,화식을 먹어야하는이유#강아지 #강아지화식#강아지자연식,대형견들 화식먹이면 값이 어마어마하게 나올듯...,2025-12-17,강아지 식사,화식,,page,explore,2026-09-28T14:42:55
youtube,https://www.youtube.com/watch?v=UeQc6pK2q5I&lc=UgwhV175uVyxk9bb_BV4AaABAg,701384b33979479b,화식을 먹어야하는이유#강아지 #강아지화식#강아지자연식,"화식은 좋은데   단백질 탄수지방  미네날  무기질   까지   모든  영양 균형을  맞춰줄수만  있음최고지요   방부제
 온갖화확 첨가제는 암도만들고   장기를 망가트리는 게맞읍니다   
동물성 식물성 지방을  고온에  튀겨내는  자체에서 이미 트렌스 지방을  먹이고있는것부터 심장병으로 가고  
 대개에 사료를 씹어보면  사람입에 간기가    안느껴질정도라도  
댕이들한텐  먹을수록   신장에   병이생길 텐데 
사료먹고 물많이 먹는 애들 사료 는
사람입에도 
 간이느껴지는 것들이 많음  병이 안생길수없음  
화식을  공부를 해서  영양균형 맞쳐주면 최고 육해공 과   단백질비율  닭가슴살100그람에  단백질  함량 검색해보니   23인가  나오네요  저희댕이는  7키론데  단백질양은   닭가슴살  15 렌팅콩병아리콩    반반섞어  15그람  고등어10그람  과  당근 양배추  치거리  등등  옥살산 성분  최소로  적은거  채소  강이지가 먹어도 되는거   검색해서
탄수 지방등  미네랄등등  챙겨 잘먹인다고   
사료  좀  좋은  비싼  성분들은거로   1끼주고    (병생겨   병원비드는  것보다  백 퍼 나으니)
한끼는 화식 먹일때는  손톱이 단단했는데   화식으로만
 2년가까히 먹였는데    모가 부족해서인지   손톱이 푸석해지고  눈꼽도    어느날부터  생기고    쿠싱증세처럼    허리쪽에 털들이 빠지고  
조금만 뛰어도 숨을   헐떡이고해서  영양밸란스를    못 맞쳐주고  있는거 같아    몇달전부터  
다시 사료 한끼   화식 한끼 주면서 눈꼽때문에   넣던  방부제섞인 안약 도 안넣도 되고
  빠졌던 털도  나고  숨헬떡이든 것도 없어져  뛸때도 힘차게 잘뛰어서   어쩔수없이   각한끼식 주네요
털 이 그렇게   허리양옆으로  똑같이  특이하게  빠져   병원에서  호르몬  검사하니
 쿠싱일수도  아닐수도  있다는데   잘못 판단해   쿠싱 증세라  판단해   스테로이드 약을 처방받아 먹일뻔 했는데  
쿠싱증세중에  다음다뇨는  짠사료를 먹이지않을때여선지  물을 잘안먹어서  
가끔식 물을 내가 먹이든 애라  다음다뇨  증세까지 보이면 
그때가서   다시 검사하고 결정한다고 
약처방을 안받고 와서  쿠싱과 갑산성 기능 등  유튜브에서 검색 해 보니    쿠싱에  쓰는   스테로이드약을  쓰면 치료가 되는게 아니고    계속 죽을때까지 써야되는데   
그걸쓰면  당뇨도 오고 췌장도 나빠져  2ㆍ3년안에 떠날수 밖에 없는거드라고요  
사람들 고지혈 약먹으면  당뇨 췌장망가지는것처럼  요
암튼 울댕이는  영양 균형 이   몬지 부족해  
그렇게  병아닌  병 증세가 와   쿠싱으로  혹은 비숫한 갑산성 기능 이상으로   잘못 판단해   ㆍ
 스테로이드를  써서 빨리 떠나보낼번 했어요   
지금  은 눈에 눈꼽도   없어지고있고   안약 은 1달정도   쓰고  낳지도않고 항생제 안약이다  소염제안약 이다  하며  병원에선 주는데 
  항생제를 안약을쓸땐   질병세균땜에   썻을거고   
 소염진통제안약을  썻을때는  엄증이있어  썻을텐데 1도낳지를 않고   시간이 갈수록   안약약가짓수는 더 늘고   몇년식  낳지도않 는   안약을    그렇게  쓰고있는  댕이들도 
 많은걸 알고    
또   전에 살던곳 에   다니든 멀어서 가진못하는  병원   수의사님이   질병이면  항생제안약으든 소염제안약으든    쓰는게맞고  또 좀쓰면  낳는게 맞는데   낳지는않는다는건  
 질병이 아니니   먹는식이에   오메가 쓰리 성분 이  부족해도  눈각막에    지방이  안나와   건조하니   
먼지나 이몰질을    씻어내질못하고  있기도한다며  사람쓰는  1회용 히알르산으로 
닦아내죠도  된다 해서  
눈 문제는 그렇게 방부제 안약을 끟고  
히알르산을   안약을쓰고 있었는데  사료한끼   회식 한끼로 바꾸고 
 오메가  쓰리 를  먹이면서  눈꼽도   없어졌어요 
병원에서  주는 항생제안약이니 소염제안약이니   하던게  
어느날 수의사가   엄지손가락만한  통 내용물에   뭔가를 섞어 넣는걸 보고  판댠이 
1회용히알루산에  두고 써야되니  상할까봐  
방부제를 섞어 주는거로  치료할 질병은  안이니   
오메가 쓰리등이 부족해  온거니
윤할유   작용만해게해  
장기전으로  이윤 추구만 하는거로  댕이들   눈은  방부제성분으로   실명을되든   망가질거란    판단이  섯고요   
먹고있는거에   사료든   화식이든
다맞게 들어가있는건  아니고   부족할수도   있는  
영양분중   오메가 쓰리부족으로  오는증세니  오메가 쓰리를 먹이라고  알려주진    않는다는것도 알게됬어요    
암튼    식이를   바꾸고는   허리쪽으로 빠지던   털도  나고   조금만 뛰어도 
  숨헐떡이든것도    줄고 있어요  
화식   영양균혐 못맞쳐 생 병증세가 생긴 댕이   견주분들한테 도움이될까싶어  길어졌네요ㅡ",2025-12-10,강아지 식사,화식,,page,explore,2026-09-28T14:42:55
youtube,https://www.youtube.com/watch?v=UeQc6pK2q5I&lc=UgywsuG7lQshXWnOkjd4AaABAg,21894934bdd95754,화식을 먹어야하는이유#강아지 #강아지화식#강아지자연식,개는 원래 사람 먹던거 남은거 먹었다..,2025-12-09,강아지 식사,화식,,page,explore,2026-09-28T14:42:55
youtube,https://www.youtube.com/watch?v=UeQc6pK2q5I&lc=UgyxORdK2VwbkSZ7Urh4AaABAg,abcdcf94d65939b4,화식을 먹어야하는이유#강아지 #강아지화식#강아지자연식,우리강아지 아침엔 끓인음식..저녁엔 사료와반반섞여 먹입니다.건강해진게 느껴질정도..,2025-11-28,강아지 식사,화식,,page,explore,2026-09-28T14:42:55
youtube,https://www.youtube.com/watch?v=UeQc6pK2q5I&lc=UgwMNq9ntgJ7MJLfIfR4AaABAg,c46c468896a21436,화식을 먹어야하는이유#강아지 #강아지화식#강아지자연식,사료안먹으려해서 죽겠어염ᆢ,2025-11-26,강아지 식사,화식,,page,explore,2026-09-28T14:42:55
youtube,https://www.youtube.com/watch?v=UeQc6pK2q5I&lc=Ugz-2hyHPBj-8wcVUGN4AaABAg,0475efad8fa6cc54,화식을 먹어야하는이유#강아지 #강아지화식#강아지자연식,"울 강아지가 너무 심한 피부병이라 ㅠㅠ
울애기처럼 심한애는 1-2명밖에 못봄 ㅠ
별 치료 다해봐도 제자리 ㅠㅠ
화식 먹여볼려고 공부합니다.
제발 ㅠㅠ완치는 아니더리도 조금이라도 
나아질수만 있다면 ㅠㅠㅠ",2025-11-23,강아지 식사,화식,,page,explore,2026-09-28T14:42:55
youtube,https://www.youtube.com/watch?v=UeQc6pK2q5I&lc=UgwVIgBUFL7wv3gO1n54AaABAg,e9e9faed92819b1e,화식을 먹어야하는이유#강아지 #강아지화식#강아지자연식,샾 사장이  사람먹는거 절대주지 말라고  기절초풍해서  나를 완전무식쟁이로  !?  그말들은지 벌써 4년 넘음 갈때마다 어이없어함       고기  생선 등등 먹인다고  튀긴음식은 껍질은 내가먹고  속만 발라주고  걍 먹임  이것저것 먹이니 차라리 식탐도 없음  성격인지 !?  주믄먹고  먹는거 안밝힘,2025-11-10,강아지 식사,화식,,page,explore,2026-09-28T14:42:55
youtube,https://www.youtube.com/watch?v=UeQc6pK2q5I&lc=UgzgJVsl3rzeUx0smeR4AaABAg,d09241f67a7840f5,화식을 먹어야하는이유#강아지 #강아지화식#강아지자연식,"우리강아지는 사료를 안먹어서 어쩔수 없이
고기랑 우리 먹는거 나눠먹는데
나쁜게 아니었네",2025-11-01,강아지 식사,화식,,page,explore,2026-09-28T14:42:55
youtube,https://www.youtube.com/watch?v=UeQc6pK2q5I&lc=UgwUwWaLwMoEsy6F1P94AaABAg,1e4da73a09aaacbe,화식을 먹어야하는이유#강아지 #강아지화식#강아지자연식,"최악의 음식 공장에서 저가의 원가로 만들어낸 건조사료
최고의 음식 생고기",2025-10-28,강아지 식사,화식,,page,explore,2026-09-28T14:42:55
youtube,https://www.youtube.com/watch?v=UeQc6pK2q5I&lc=UgxpGgDIKd4ckfeIkZJ4AaABAg,069fd1fbc330073d,화식을 먹어야하는이유#강아지 #강아지화식#강아지자연식,시골개들은 화식먹는데 건강했으니까요 아하❤,2025-10-28,반려견 급여,화식,,page,explore,2026-09-28T14:43:08
youtube,https://www.youtube.com/watch?v=UeQc6pK2q5I&lc=Ugw5kQ5t667LfgA_M2t4AaABAg,9d762980385e4e0f,화식을 먹어야하는이유#강아지 #강아지화식#강아지자연식,"옛날에 개밥 다 따로  끓여서 말아주곤 했다. 
무슨 먹다남은 음식 걍 쥬는줄 아는데
남은 재료로 걍 주는게 아는 따로 말아줬다. 

소랑 개는 밥 신경써서 삶아줬다. 
그래서 소랑 개밥 만들어서 챙기는게 일이였다 

걍 주는건 돼지나 닭이다. 

사료는 말그대로 씨리얼이라 보면된다. 
본인들 주식이로 씨리얼 쥰다고 샹각해보ㅓ",2025-10-24,반려견 급여,화식,,page,explore,2026-09-28T14:43:08
youtube,https://www.youtube.com/watch?v=UeQc6pK2q5I&lc=UgyDxb93aVaCAm9BBpl4AaABAg,0c54ce86aafd675d,화식을 먹어야하는이유#강아지 #강아지화식#강아지자연식,저희 할머니가 고기랑 야채랑 밥이랑 먹이면서 키운 말티즈가 엄청 건강하게 오래 살다가 갔어요  주인이랑 하루종일 같이 있고 매일 산책하고 사람 음식 먹으니 얼마나 건강한지 눈물자국 하나 없이 뽀얗구😊,2025-10-09,반려견 급여,화식,,page,explore,2026-09-28T14:43:08
youtube,https://www.youtube.com/watch?v=UeQc6pK2q5I&lc=UgxwuhNO_zRDYYTalZF4AaABAg,43d2a356bd54064b,화식을 먹어야하는이유#강아지 #강아지화식#강아지자연식,"혈변 젤리변 간수치 심각 체열오름 다리꼬임으로 6개월간 입원퇴원 일주일마다 피검사와 약물..

화식과 사람신생아유산균으로 살려냈어요
사료가 원인 아닐까 의심이 시작되어 미음부터 먹여보자 했는데 증상호전되는거보고 확신에 차서 
방목 목초고기 무항생제 계란 가족들 먹는것  만들때 다 줍니다
단 소금은 아기이유식 간맞추듯 줘요😊",2025-10-09,반려견 급여,화식,,page,explore,2026-09-28T14:43:08
youtube,https://www.youtube.com/watch?v=Mrnmr1motDU&lc=UgxcasydFeNbfjxXxl54AaABAg,a04d393c4ab9ba74,반려견 올바른 식사량 주는 법,하루에 한끼를 주는건가요 ?,2026-09-06,반려견 급여,미상,,page,explore,2026-09-28T14:43:08
youtube,https://www.youtube.com/watch?v=Mrnmr1motDU&lc=UgwW3VXsGfFiFdXIQTV4AaABAg,96013ed5a8b97e03,반려견 올바른 식사량 주는 법,"우리강아지는 올해9살이예요
갑자기 살이쪄서 일반사료먹이다 다이어트사료먹이는뎌...혼자서는 절대안먹고 제가먹여요38g 아첨저녁 총 75g 먹이는데 사료양이맞는지 그리고가끔 토하는데ㅠ 식사틈을 몇시간잡고 먹여야할까요?도와주세요!😢🙏🙏",2026-08-01,반려견 급여,미상,,page,explore,2026-09-28T14:43:08
youtube,https://www.youtube.com/watch?v=Mrnmr1motDU&lc=UgwpDLF1MXdsCyc7acB4AaABAg,78f489045c2cc098,반려견 올바른 식사량 주는 법,"저희집 웰시코기는 비만인데요
다이어트사료 25년11월16일날 입양해서 온 뒤로 지금까지 먹이고 있어요
종컵으로 1컵씩 아침저녁으로 줍니다.
그런데도 살 찌는 것 같아요 어떡해야 하나요",2026-05-14,반려견 급여,미상,,page,explore,2026-09-28T14:43:08
youtube,https://www.youtube.com/watch?v=Mrnmr1motDU&lc=UgxeicV6e1lpp3ksPXZ4AaABAg,1d3dcded6e3f79dc,반려견 올바른 식사량 주는 법,14키로입니다,2026-05-05,반려견 급여,미상,,page,explore,2026-09-28T14:43:08
youtube,https://www.youtube.com/watch?v=Mrnmr1motDU&lc=UgwY-dJvOHwpaZXW6mR4AaABAg,28f7ad991bca9529,반려견 올바른 식사량 주는 법,3살중견사료양  알려주세요.,2026-05-05,반려견 급여,미상,,page,explore,2026-09-28T14:43:08
youtube,https://www.youtube.com/watch?v=Mrnmr1motDU&lc=UgxTSsaN_kp6Pkv84YJ4AaABAg,79a36ea15c0b0666,반려견 올바른 식사량 주는 법,"육종학 공부좀 해라..개체차이가 50%가 넘는다...
쯔양처럼 많이 먹는 사람이 있고 못먹는 사람이 있듯이
개도 개체차이가 50% 넘어 적정사료량이라는게 의미가 없다...

먹고 남길만큼 주고 자율급식을 기본으로 해서
식이에 대한 결핍을 없애면 개는 사람처럼 식이중추가 망가니는 경우가 중성화 부작용 말고는 드믈게 발견되니

얼마든지 풍요롭게 해주는게 올바른 급여 방법이다..

이런것도 수의사라고......대중을 호도하고 있네..",2025-11-10,반려견 급여,미상,,page,explore,2026-09-28T14:43:08
youtube,https://www.youtube.com/watch?v=Mrnmr1motDU&lc=Ugw2Y5J5hx4QkDbEaPt4AaABAg,44eff45c2ef05c4f,반려견 올바른 식사량 주는 법,좀 겸손하게 방송 하세요,2025-10-17,반려견 급여,미상,,page,explore,2026-09-28T14:43:08
youtube,https://www.youtube.com/watch?v=bI3kV1rErH4&lc=Ugx89m3JPRLnTMKF5-R4AaABAg,7d4d0dd082fefbfa,강아지에게 보약보다 좋은 음식 7가지 | 반려견의 건강을 지켜주는 일상 속 최고의 음식들 | 멍심보감 강아지 사랑 반려견 개 dog 감동스토리 힐링,사람도 먹기힘든 연어 ㅠㅠ,2026-09-11,반려견 급여,미상,,page,explore,2026-09-28T14:43:08
youtube,https://www.youtube.com/watch?v=bI3kV1rErH4&lc=UgzF7biJe2ZVjx3F-Vt4AaABAg,5e936c293e927a3c,강아지에게 보약보다 좋은 음식 7가지 | 반려견의 건강을 지켜주는 일상 속 최고의 음식들 | 멍심보감 강아지 사랑 반려견 개 dog 감동스토리 힐링,야채가 더 안좋은데 왜 먹임,2026-08-19,반려견 급여,미상,,page,explore,2026-09-28T14:43:08
youtube,https://www.youtube.com/watch?v=bI3kV1rErH4&lc=UgzB7i_3RIHMShtCZ9d4AaABAg,4bd58e06a78af1ce,강아지에게 보약보다 좋은 음식 7가지 | 반려견의 건강을 지켜주는 일상 속 최고의 음식들 | 멍심보감 강아지 사랑 반려견 개 dog 감동스토리 힐링,"사람먹을꺼도없는데 뭐 연어,",2026-08-11,반려견 급여,미상,,page,explore,2026-09-28T14:43:08
youtube,https://www.youtube.com/watch?v=bI3kV1rErH4&lc=UgwZTLPv9L-IkEii2Gh4AaABAg,6f243ef26bd0bb00,강아지에게 보약보다 좋은 음식 7가지 | 반려견의 건강을 지켜주는 일상 속 최고의 음식들 | 멍심보감 강아지 사랑 반려견 개 dog 감동스토리 힐링,우리강아지는 그중에  닭가슴살 계란노란자밖에 안먹어요ㅠ,2026-07-18,반려견 급여,미상,,page,explore,2026-09-28T14:43:08
youtube,https://www.youtube.com/watch?v=bI3kV1rErH4&lc=UgyIEzTc4aNJU0HSzKx4AaABAg,f7a66d6aa1613a6b,강아지에게 보약보다 좋은 음식 7가지 | 반려견의 건강을 지켜주는 일상 속 최고의 음식들 | 멍심보감 강아지 사랑 반려견 개 dog 감동스토리 힐링,닭가슴 살 사료 반 반  썩어 주도될가요  17 개월 푸덜입니다 말씀하시는거 주는데도 그러네요 고구마 간식먹어요 그릭 요그르트머고요 사료 안먹이고 말씀하시는것만 먹여도 될가요 감사합니다😂,2026-07-15,반려견 급여,미상,,page,explore,2026-09-28T14:43:08
youtube,https://www.youtube.com/watch?v=bI3kV1rErH4&lc=UgwPT7IDBiOrjtw4pVB4AaABAg,94a58889330973bf,강아지에게 보약보다 좋은 음식 7가지 | 반려견의 건강을 지켜주는 일상 속 최고의 음식들 | 멍심보감 강아지 사랑 반려견 개 dog 감동스토리 힐링,"고기말고안먹는데
..",2026-07-13,반려견 급여,미상,,page,explore,2026-09-28T14:43:08
youtube,https://www.youtube.com/watch?v=bI3kV1rErH4&lc=Ugw0DwYA6KaTs1vU8Kx4AaABAg,c4c0c308df58fdc7,강아지에게 보약보다 좋은 음식 7가지 | 반려견의 건강을 지켜주는 일상 속 최고의 음식들 | 멍심보감 강아지 사랑 반려견 개 dog 감동스토리 힐링,개팔자가 상팔자인 시대네,2026-06-21,반려견 급여,미상,,page,explore,2026-09-28T14:43:08
youtube,https://www.youtube.com/watch?v=bI3kV1rErH4&lc=UgzEG0alogBADPHypxh4AaABAg,4cbb14215128d2d8,강아지에게 보약보다 좋은 음식 7가지 | 반려견의 건강을 지켜주는 일상 속 최고의 음식들 | 멍심보감 강아지 사랑 반려견 개 dog 감동스토리 힐링,모두 6가지 고루 주는데 사료는 조금만 먹고 가려먹어요  물먹어야  살이 좀 찔가요 ?푸들 ㅣ6개월  ㆍ2키로 안되서 맘이 쓰여요  하루 사료 30 그램 먹어요 ㆍ감사합니다 😂,2026-06-14,반려견 급여,미상,,page,explore,2026-09-28T14:43:08
youtube,https://www.youtube.com/watch?v=bI3kV1rErH4&lc=UgwuZygHBdayFClr1194AaABAg,4c894483faaa497f,강아지에게 보약보다 좋은 음식 7가지 | 반려견의 건강을 지켜주는 일상 속 최고의 음식들 | 멍심보감 강아지 사랑 반려견 개 dog 감동스토리 힐링,좋은정보감사드립니다,2026-06-11,반려견 급여,미상,,page,explore,2026-09-28T14:43:08
youtube,https://www.youtube.com/watch?v=bI3kV1rErH4&lc=UgwNV2OUlOsP45Km5794AaABAg,3e7854a08f75a0c0,강아지에게 보약보다 좋은 음식 7가지 | 반려견의 건강을 지켜주는 일상 속 최고의 음식들 | 멍심보감 강아지 사랑 반려견 개 dog 감동스토리 힐링,고구마는요?,2026-06-08,반려견 급여,미상,,page,explore,2026-09-28T14:43:08
youtube,https://www.youtube.com/watch?v=bI3kV1rErH4&lc=Ugxw6ZrU3lXUY_H422d4AaABAg,4ae2000cf9139b48,강아지에게 보약보다 좋은 음식 7가지 | 반려견의 건강을 지켜주는 일상 속 최고의 음식들 | 멍심보감 강아지 사랑 반려견 개 dog 감동스토리 힐링,연어는 많이 먹음결석이  생긴다고 하네요. 가끔소량씩만,2026-06-06,반려견 급여,미상,,page,explore,2026-09-28T14:43:08
youtube,https://www.youtube.com/watch?v=bI3kV1rErH4&lc=UgyzHKoUhEKKqqx6IwB4AaABAg,288a5d0648439efb,강아지에게 보약보다 좋은 음식 7가지 | 반려견의 건강을 지켜주는 일상 속 최고의 음식들 | 멍심보감 강아지 사랑 반려견 개 dog 감동스토리 힐링,문제는 잘 안먹는다는거예요 ㅠ,2026-06-05,반려견 급여,미상,,page,explore,2026-09-28T14:43:08
youtube,https://www.youtube.com/watch?v=bI3kV1rErH4&lc=UgwjY3QxRIoHBxxvgUd4AaABAg,49db46540a7f1147,강아지에게 보약보다 좋은 음식 7가지 | 반려견의 건강을 지켜주는 일상 속 최고의 음식들 | 멍심보감 강아지 사랑 반려견 개 dog 감동스토리 힐링,감사합니다,2026-04-21,반려견 급여,미상,,page,explore,2026-09-28T14:43:08
youtube,https://www.youtube.com/watch?v=bI3kV1rErH4&lc=UgzTVqH7LMa2OOTyWR54AaABAg,8a2c442a1ed875d1,강아지에게 보약보다 좋은 음식 7가지 | 반려견의 건강을 지켜주는 일상 속 최고의 음식들 | 멍심보감 강아지 사랑 반려견 개 dog 감동스토리 힐링,"계란 닭가슴살 블루베리 단호박 양상추 양배추 황태채 과일조금 이렇게 먹이고 있어요
그릭요거트도 조금씩 줘봐야겠네요
정보감사합니다 😊😊😊",2026-04-12,반려견 급여,미상,,page,explore,2026-09-28T14:43:08
youtube,https://www.youtube.com/watch?v=bI3kV1rErH4&lc=UgwO2hE5bkYYzjKcrsp4AaABAg,04e080f68634e6e1,강아지에게 보약보다 좋은 음식 7가지 | 반려견의 건강을 지켜주는 일상 속 최고의 음식들 | 멍심보감 강아지 사랑 반려견 개 dog 감동스토리 힐링,알러지 있음 먹어도되나요,2026-03-15,반려견 급여,미상,,page,explore,2026-09-28T14:43:08
youtube,https://www.youtube.com/watch?v=bI3kV1rErH4&lc=UgwBPNrSD65wtdACKop4AaABAg,a31751a86d430563,강아지에게 보약보다 좋은 음식 7가지 | 반려견의 건강을 지켜주는 일상 속 최고의 음식들 | 멍심보감 강아지 사랑 반려견 개 dog 감동스토리 힐링,버틀렙,2026-03-07,반려견 급여,미상,,page,explore,2026-09-28T14:43:08
youtube,https://www.youtube.com/watch?v=bI3kV1rErH4&lc=Ugw6wbFlKNMqCWphzmR4AaABAg,7d511a29110e5845,강아지에게 보약보다 좋은 음식 7가지 | 반려견의 건강을 지켜주는 일상 속 최고의 음식들 | 멍심보감 강아지 사랑 반려견 개 dog 감동스토리 힐링,"난 우리개 빨리 안 아프게 잘 갔음 좋겠다.
입질이 너무 심해서 온 가족이 상처 투성이다.
훈련소도 알아보고 이것저것 다 해봤는데 결론은 겁이 너무 많아서이다.
입질을 하는게 노는거라고 잘 못 생각한다.
멀미해서 차도 못타고 차가 있는 도로는 가지도 못한다.
미용하는 사람도 이렇게 힘든개 처음본다고 한다.
생긴것도 남이 보기에 너무 무서워서 그냥 산책하며 지나가는데도 할머니들 무섭다고 난리 피신다.
그럼에도 닭가슴살 건조기에 말려주고 소 간 돼지간 사료에 그릭요거트 섞어주기, 삶은 계란이며 몸에 좋은거 다 먹이고 있다.
키우기 너무너무 힘들지만 내 손에 들어온 이상 남 부럽지 않게 잘 해주며 키우는 중이다.
그런데 빨리 좋게 갔음 좋겠음..ㅠ",2026-03-06,반려견 급여,미상,,page,explore,2026-09-28T14:43:08
youtube,https://www.youtube.com/watch?v=bI3kV1rErH4&lc=UgzwDI7mqEwYAD_hIA54AaABAg,0331e306717fd26e,강아지에게 보약보다 좋은 음식 7가지 | 반려견의 건강을 지켜주는 일상 속 최고의 음식들 | 멍심보감 강아지 사랑 반려견 개 dog 감동스토리 힐링,"닭가슴살빼고 고구마에 다 들어있는 효능...
동물병원의사들은 먹이지말라던데..ㅠㅠ",2026-02-13,반려견 급여,미상,,page,explore,2026-09-28T14:43:08
youtube,https://www.youtube.com/watch?v=bI3kV1rErH4&lc=UgxsOjPP27U_KSCp-pZ4AaABAg,6d0f3fbdb2b8fa1a,강아지에게 보약보다 좋은 음식 7가지 | 반려견의 건강을 지켜주는 일상 속 최고의 음식들 | 멍심보감 강아지 사랑 반려견 개 dog 감동스토리 힐링,소고기 돼지고기 삶은거 젤  좋아해요😅,2026-02-10,반려견 급여,미상,,page,explore,2026-09-28T14:43:08
youtube,https://www.youtube.com/watch?v=bI3kV1rErH4&lc=UgwXAoNB72IRh8vnh7B4AaABAg,93e6a6a4110fa590,강아지에게 보약보다 좋은 음식 7가지 | 반려견의 건강을 지켜주는 일상 속 최고의 음식들 | 멍심보감 강아지 사랑 반려견 개 dog 감동스토리 힐링,이런 음식이 다 집에 있다고 ?,2026-02-08,반려견 급여,미상,,page,explore,2026-09-28T14:43:08
youtube,https://www.youtube.com/watch?v=bI3kV1rErH4&lc=UgzKZ2ujufLWzCuo0gV4AaABAg,65b0312c21ca342a,강아지에게 보약보다 좋은 음식 7가지 | 반려견의 건강을 지켜주는 일상 속 최고의 음식들 | 멍심보감 강아지 사랑 반려견 개 dog 감동스토리 힐링,닭가스은 알러지 유발한다는데ᆢ누구 말이 맞는지 ㅜ,2026-02-05,반려견 급여,미상,,page,explore,2026-09-28T14:43:08
youtube,https://www.youtube.com/watch?v=bI3kV1rErH4&lc=UgwRt_MGZa36S-bQYXN4AaABAg,4ce4c2033e33e678,강아지에게 보약보다 좋은 음식 7가지 | 반려견의 건강을 지켜주는 일상 속 최고의 음식들 | 멍심보감 강아지 사랑 반려견 개 dog 감동스토리 힐링,"1.단호박( 찐 단호박  으깨서 주기)
2.연어( 익혀서 주기)
3.블루베리(하루2~3알)
4.달걀(삶아서주기)
5.브로콜리(데쳐서잘게잘라주기)
6.닭가슴살(삶아서잘게잘라주기)
7.요거트(무가당 무첨가1스픈)",2026-01-15,반려견 급여,화식,,page,explore,2026-09-28T14:43:08
youtube,https://www.youtube.com/watch?v=bI3kV1rErH4&lc=UgwA4ZUsw6fwNgl2L3J4AaABAg,8b55d0c62e0eed6f,강아지에게 보약보다 좋은 음식 7가지 | 반려견의 건강을 지켜주는 일상 속 최고의 음식들 | 멍심보감 강아지 사랑 반려견 개 dog 감동스토리 힐링,ㅋㅋㅋ한국에선 쉽게 먹이기 힘든거네ㅋㅋㅋ키우는 사람이 집에서 자주먹는다면야 뭐ㅋㅋ,2025-12-16,반려견 급여,미상,,page,explore,2026-09-28T14:43:08
youtube,https://www.youtube.com/watch?v=bI3kV1rErH4&lc=Ugxgun6Zrjk10q-ZYeF4AaABAg,81bf9956e2cbeca0,강아지에게 보약보다 좋은 음식 7가지 | 반려견의 건강을 지켜주는 일상 속 최고의 음식들 | 멍심보감 강아지 사랑 반려견 개 dog 감동스토리 힐링,절대 안먹어요 ㅠ,2025-12-13,반려견 급여,미상,,page,explore,2026-09-28T14:43:08
youtube,https://www.youtube.com/watch?v=bI3kV1rErH4&lc=Ugxr-jeoP5B5TwPG9OZ4AaABAg,e57157d4514c620d,강아지에게 보약보다 좋은 음식 7가지 | 반려견의 건강을 지켜주는 일상 속 최고의 음식들 | 멍심보감 강아지 사랑 반려견 개 dog 감동스토리 힐링,이거 보고 다음영상 보니까 먹으면 죽을수도 있는 음식에 요거트가..?,2025-12-07,반려견 급여,미상,,page,explore,2026-09-28T14:43:08
youtube,https://www.youtube.com/watch?v=bI3kV1rErH4&lc=UgxWVoS59axCLjzqGax4AaABAg,f8aafe3381ccd416,강아지에게 보약보다 좋은 음식 7가지 | 반려견의 건강을 지켜주는 일상 속 최고의 음식들 | 멍심보감 강아지 사랑 반려견 개 dog 감동스토리 힐링,냉동블루베리 줘도 되나요?,2025-11-19,반려견 급여,미상,,page,explore,2026-09-28T14:43:08
youtube,https://www.youtube.com/watch?v=bI3kV1rErH4&lc=Ugx0ljyHB0VbJqtaDN14AaABAg,e16d884f4a598d14,강아지에게 보약보다 좋은 음식 7가지 | 반려견의 건강을 지켜주는 일상 속 최고의 음식들 | 멍심보감 강아지 사랑 반려견 개 dog 감동스토리 힐링,오랫동안 함께하고 싶은 마음이야 굴뚝 같지만 적어도 아프지는 않았음 하는 바램에 이것저것 챙겨줘봤지만.. 반려동물 질환 대부분은 장 환경만 잘 갖쳐져도 안 생기더라구요. 저희 집은 매일 사료 위에 버틀랩 유산균 뿌려주는데 15살 첫째 딸 아직도 건강합니다 ㅎㅎ,2025-11-19,반려견 급여,미상,,page,explore,2026-09-28T14:43:08
youtube,https://www.youtube.com/watch?v=bI3kV1rErH4&lc=UgyemY53jfyBg2rkUeh4AaABAg,2b9566a53aa84243,강아지에게 보약보다 좋은 음식 7가지 | 반려견의 건강을 지켜주는 일상 속 최고의 음식들 | 멍심보감 강아지 사랑 반려견 개 dog 감동스토리 힐링,"이쒜끼는 편식쟁이라 저기서 브로콜리랑 블루베리는 절대안먹음
고구마도 심장에 좋다해서 급여중",2025-11-08,반려견 급여,미상,,page,explore,2026-09-28T14:43:08
youtube,https://www.youtube.com/watch?v=bI3kV1rErH4&lc=UgxdCripZvN8GTao4O54AaABAg,4594d74210dc7ef5,강아지에게 보약보다 좋은 음식 7가지 | 반려견의 건강을 지켜주는 일상 속 최고의 음식들 | 멍심보감 강아지 사랑 반려견 개 dog 감동스토리 힐링,"사료도 집에 네가지...
고기도 소고기랑 돼지고기
번갈아 먹이고
야채 과일 번갈아 줘도
잘 안 먹는 내새끼
과연 무엇을 줘야 잘 먹을까요.ㅠ",2025-10-29,반려견 급여,미상,,page,explore,2026-09-28T14:43:08
youtube,https://www.youtube.com/watch?v=bI3kV1rErH4&lc=UgzBrOULqA3ps4Tt2Ah4AaABAg,ab8be45aad802c9e,강아지에게 보약보다 좋은 음식 7가지 | 반려견의 건강을 지켜주는 일상 속 최고의 음식들 | 멍심보감 강아지 사랑 반려견 개 dog 감동스토리 힐링,계란.황태 외에는 안먹어요.ㅠ,2025-10-20,반려견 급여,미상,,page,explore,2026-09-28T14:43:08
youtube,https://www.youtube.com/watch?v=bI3kV1rErH4&lc=UgzpfVXr8zLKX--SSMZ4AaABAg,d6b66d7b3be52e2d,강아지에게 보약보다 좋은 음식 7가지 | 반려견의 건강을 지켜주는 일상 속 최고의 음식들 | 멍심보감 강아지 사랑 반려견 개 dog 감동스토리 힐링,좋은정보 감사합니다 ^^,2025-10-15,반려견 급여,미상,,page,explore,2026-09-28T14:43:08
youtube,https://www.youtube.com/watch?v=16tHHJMuj4o&lc=UgyGdyRSOH1G_iug8AB4AaABAg,d527604f8b9ab428,강아지 키우는데 드는 비용ㄷㄷ,랜선집사나 해야겠다;;,2026-09-07,반려견 급여,미상,,page,explore,2026-09-28T14:43:08
youtube,https://www.youtube.com/watch?v=16tHHJMuj4o&lc=UgyHAHkU6Ka_erf9Gg14AaABAg,17b67ea102df6475,강아지 키우는데 드는 비용ㄷㄷ,"사람 아이 키운다 생각하시고,
신중 하시길....  끝까지 책임 지실분만 키우세요...",2026-09-07,반려견 급여,미상,,page,explore,2026-09-28T14:43:08
youtube,https://www.youtube.com/watch?v=16tHHJMuj4o&lc=UgwAmfrEbFJ7Kmk4M-V4AaABAg,db3d17315b8baebd,강아지 키우는데 드는 비용ㄷㄷ,나 자신한테도 저리 못 쓴다...,2026-08-17,반려견 급여,미상,,page,explore,2026-09-28T14:43:08
youtube,https://www.youtube.com/watch?v=16tHHJMuj4o&lc=UgyQnu5SF4keri8luMh4AaABAg,30636b10cce29038,강아지 키우는데 드는 비용ㄷㄷ,❤돈 보고 키울라면 하지마라😮😮😮😮,2026-08-01,반려견 급여,미상,,page,explore,2026-09-28T14:43:08
youtube,https://www.youtube.com/watch?v=16tHHJMuj4o&lc=UgzVAQREymr95ME_D3B4AaABAg,252177035d294ca5,강아지 키우는데 드는 비용ㄷㄷ,"애견 사육은 사치스러운 취미인걸 사람들이 잘 모름
옛날 시골 스타일로 키우는거면 모를까",2026-08-01,반려견 급여,미상,,page,explore,2026-09-28T14:43:08
youtube,https://www.youtube.com/watch?v=16tHHJMuj4o&lc=UgwqNmKZbropYpK1ktJ4AaABAg,753ffdbcf5dabb10,강아지 키우는데 드는 비용ㄷㄷ,구름이 생후 8개월인데 슬개골 양쪽 300 에 회복중 상처 핧아서 30추가 유치7개나 안빠져서 다 뽑고 스케일링 100 이번달만 병원비 400 넘음,2026-07-13,반려견 급여,미상,,page,explore,2026-09-28T14:43:08
youtube,https://www.youtube.com/watch?v=16tHHJMuj4o&lc=Ugxq_ObPrgZHRl1Qhcd4AaABAg,ae3ff3bf74868196,강아지 키우는데 드는 비용ㄷㄷ,저도 택배 오는 거 다 강아지꺼라  ㅋㅋ 택배 아저씨 소리 나면 좋아서 빙글빙글 돌아요,2026-07-09,반려견 급여,미상,,page,explore,2026-09-28T14:43:08
youtube,https://www.youtube.com/watch?v=16tHHJMuj4o&lc=Ugw8ZDIqgVhMiuWd81J4AaABAg,682cab5820b1d423,강아지 키우는데 드는 비용ㄷㄷ,"입양하고,후회하지 마시고, 처음부터 신중히 데려와서, 사랑으로 파양하지 마시고,  키워주세요",2026-06-09,반려견 급여,미상,,page,explore,2026-09-28T14:43:08
youtube,https://www.youtube.com/watch?v=16tHHJMuj4o&lc=UgyMRdyDuKUwTdbQQxR4AaABAg,17a3e1b7b951252d,강아지 키우는데 드는 비용ㄷㄷ,마지막말 공감합니다,2026-05-22,반려견 급여,미상,,page,explore,2026-09-28T14:43:08
youtube,https://www.youtube.com/watch?v=16tHHJMuj4o&lc=UgzhlJlvDNYdoNcVBAB4AaABAg,c68b79a1f1b5ea82,강아지 키우는데 드는 비용ㄷㄷ,우리 엄마아빠 부자엿구나… 미용까지 주기적으로… 거기다 고양이까지 구조해서 키우고…,2026-05-22,반려견 급여,미상,,page,explore,2026-09-28T14:43:08
youtube,https://www.youtube.com/watch?v=16tHHJMuj4o&lc=Ugx-QN37H76H54xEzIJ4AaABAg,c958e84cd2450d1f,강아지 키우는데 드는 비용ㄷㄷ,강아지 키우기전에 한 5천만원 적금 들어두규 그거 만기되면 그때부터 다시 5천만원짜리 들어두고 그거 넣으면서 입양 절차 알아보시면 되여,2026-04-17,반려견 급여,미상,,page,explore,2026-09-28T14:43:08
youtube,https://www.youtube.com/watch?v=16tHHJMuj4o&lc=UgzTVymveqKBbLlNzLV4AaABAg,d83a94e21fe8cb0e,강아지 키우는데 드는 비용ㄷㄷ,중성화비용이나 슬개골수술같은 비용이 훨씬 나아요. 한번내고 끝이니까요 나중에 노견되어 장기안좋아지면 매일 약먹고 주기적으로 검사받아야하는데 한달에 50~90은 기본이고 며칠입원하면 300~400은 기본입니다.. 강아지가 오래살면 좋겠지만 그만큼 돈도 많이깨져요,2026-04-11,반려견 급여,미상,,page,explore,2026-09-28T14:43:08
youtube,https://www.youtube.com/watch?v=Cngzbw2rnUg&lc=Ugz-zj95u_yYzhhmO8V4AaABAg,179a76ef39d52724,강아지 사료 먹게 하는 확실한 방법ㅣ사료 안먹는 강아지 필수시청!!ㅣ와벳TVㅣ동물병원사용설명서,혹  하루 두번 사료에 건조 닭가슴 황태 번갈아   브르컬 ㅡ당근 양배추 먹여도 될가요 사료만은  안먹어서 2키로 미니 푸덜임다 수제 그릭요그 브르베리 먹어도 되나요 3알ㆍ 때론 월도 먹어도 한술 정도 먹입니다 사료도 안먹다가  저녁 11경늦은시간 먹어요 늦게먹어도 괜찬을가요ㆍ감사합니다 😂,2026-09-26,강아지 사료 거부,미상,,page,explore,2026-09-28T14:43:33
youtube,https://www.youtube.com/watch?v=Cngzbw2rnUg&lc=UgwxL4NyEgzxjdLN47l4AaABAg,9c771f006694e069,강아지 사료 먹게 하는 확실한 방법ㅣ사료 안먹는 강아지 필수시청!!ㅣ와벳TVㅣ동물병원사용설명서,우리강아지는 3개월인데 이렇게해도 될까요?,2026-09-09,강아지 사료 거부,미상,,page,explore,2026-09-28T14:43:33
youtube,https://www.youtube.com/watch?v=Cngzbw2rnUg&lc=Ugx2RwEjg0_nsMnZxAJ4AaABAg,e443ddb5da28fe49,강아지 사료 먹게 하는 확실한 방법ㅣ사료 안먹는 강아지 필수시청!!ㅣ와벳TVㅣ동물병원사용설명서,"선생님 17살 증상없는 만성췌장염/담낭슬러지 있는 노견 갑자기 사료를 안먹어 질문드립니다.
원래 처방사료 건사료 몇년째 잘먹었고 식욕좋고 컨디션 좋던 아이입니다. 3주전 검사때 췌장수치가 좀 오른것말고 다른소견은 없었고, 일주일전부터 사료 먹는양이 줄어 간식토핑을 늘려줘서 그런지 점점 간식만 찾고 사료만 안먹습니다. 간식만 따로 주면 잘먹고 매일 주방에 와서 기대합니다. 간식만 주면 잘먹지만 사료에 올려주는 순간 거의 안먹고 제 손만 쳐다봅니다. 간혹 토핑이 정말 맛있다느끼면 사료까지 싹 비울때가 있어요! 그래서 더 헷갈립니다. 아픈건지 투정인지...

죽과 습식사료를 주니 먹긴하나 적게 먹어요. 원래 치아가 좋지않음에도 불린사료를 싫어해서 지금껏 건사료를 아주살짝 물에 묻혀주곤 했어요. 노견이라 굶으면 안될것같아 이것저것 간식 바꿔주다보니 이제 하루이틀이면 질려서 똑같은건 안먹습니다.. 그날그날 간식 냄새맡아보고 맘에 안들면 방으로 쏙 들어가서 잠을 많이 잡니다. 그러다 한번씩 나와서 주방쪽 어슬렁거리고요..
며칠전엔 배고파하길래 노즈워크에 사료 넣어주니 잘먹었는데, 이젠 그러지도 않아요ㅠ

3.7kg이고 하루 100~140칼로리정도 먹는듯싶은데.. 원래 두배는 먹던 아이인데 양껏 안먹으니 잘놀다가도 자주 멍한것같고 그러네요ㅠ
 어디 아픈걸까요? 심리적인 문제일지.. 이럴 경우엔 우선 식사를 어떻게 해봐야될까요?",2026-08-22,강아지 사료 거부,건사료,,page,explore,2026-09-28T14:43:33
youtube,https://www.youtube.com/watch?v=Cngzbw2rnUg&lc=Ugx7my3KdXqDdX4yKWV4AaABAg,7992a292db6e1529,강아지 사료 먹게 하는 확실한 방법ㅣ사료 안먹는 강아지 필수시청!!ㅣ와벳TVㅣ동물병원사용설명서,"안녕하세요 한달이상밥을거부하고 있어요
병원검사를 다해서요 아무이상없다고합니다
오리간식외에는 아무것도 안먹어요 마음이아파서 어덯게해야할지모르겠어요
도와주세요",2026-03-04,강아지 사료 거부,미상,,page,explore,2026-09-28T14:43:33
youtube,https://www.youtube.com/watch?v=Cngzbw2rnUg&lc=UgybwaqMbxVSsgRKryp4AaABAg,572f3f0b05201694,강아지 사료 먹게 하는 확실한 방법ㅣ사료 안먹는 강아지 필수시청!!ㅣ와벳TVㅣ동물병원사용설명서,"우리 아기는 5개월인데 3번줄때는 엄청 사료를 잘 먹었는데 2번으로 줄인뒤로 사료를 안 좋아해요.
어떻게 할까요?ㅜㅜ",2026-02-17,강아지 사료 거부,미상,,page,explore,2026-09-28T14:43:33
youtube,https://www.youtube.com/watch?v=Cngzbw2rnUg&lc=UgzdU1o0G23UKLO8__R4AaABAg,b6d66b22f98c4424,강아지 사료 먹게 하는 확실한 방법ㅣ사료 안먹는 강아지 필수시청!!ㅣ와벳TVㅣ동물병원사용설명서,"선생님 죄송해요 댓글 또 달아서
안 먹길래 죽처럼 갈아서 줬더니 안먹길래
또 치우다가 공복토하는강아지라 잇몸에
바르는 강제급여 했거든요? 그리고 좀 남아있던 그릇에 있는거 싹 먹었어요ㅠㅠ너무감사합니다 강급하고 잘 먹어서 본인 의사로 그릇에 남은 사료 죽처럼 갈은거 다 싹싹 먹으면 이정도는 먹게냅둬도되죠? 아니면 강급하고 나머지는 버려야할까요?? ㅠㅜ",2026-02-11,강아지 사료 거부,미상,,page,explore,2026-09-28T14:43:33
youtube,https://www.youtube.com/watch?v=Cngzbw2rnUg&lc=Ugz1Cch_LKMAp4xAZkh4AaABAg,63fcfacd2e2cdcdc,강아지 사료 먹게 하는 확실한 방법ㅣ사료 안먹는 강아지 필수시청!!ㅣ와벳TVㅣ동물병원사용설명서,"선생님 안녕하세요! 3살 말티푸 강아지입니다 
강아지가 알러지가 너무 심해서
로얄캐닌하이포 힐스 베네핏 등 처방사료 왠만한거 다 먹여보다 로얄캐닌 아날러제닉스몰독만 유일하게 알러지가 없이 잘 맞아서 1년정도 급여했습니다
알러지 검사도 했었는데 정확성이 떨어진다했지만 저희애는 검사대로 바나나 계란 간식 끊고 이전 사료에 있던 돼지 소 이런거 안먹이고 아날러제닉만 먹여서 잘 유지되서 검사도 도움이됬었습니다.
제가 궁금한것은 요새 아이가 아날러제닉을 너무 질려해서 오리고기화식을 구매후 섞어서 사료80 화식20 비율로 줬는데요
이제 건사료만 안 먹으려 하더라구요..
그래서 답답한 마음에 영상 찾아보다 선생님 영상을 보고 내일부터 실천해보려구요!..
1.공복토가 잦은 아이라 늘 세끼로 나눠서 급여했는데 우선 사료를 따듯한물에 불려서 줘본 뒤 10분 15분 뒤 안먹으면 치울건데요
강제급여를 공복토 하기전에 해봐도될까요?..
불린사료 안먹으면 몇시간뒤 강제급여하는게좋을까요ㅠㅠ
2.로얄캐닌 아날러제닉을 계속 우선 급여해도 좋을까요?.. 알러지도 많이줄었고 변상태도 좋아서요
말이 많아서 죄송해요ㅠ 우선 선생님께서 알려주신대로 마음 독하게 먹고 시작하려구요ㅠㅠ",2026-02-10,강아지 사료 거부,건사료,,page,explore,2026-09-28T14:43:33
youtube,https://www.youtube.com/watch?v=Cngzbw2rnUg&lc=Ugy-ZMYwodfGdv7jRmp4AaABAg,a500454fc13e2635,강아지 사료 먹게 하는 확실한 방법ㅣ사료 안먹는 강아지 필수시청!!ㅣ와벳TVㅣ동물병원사용설명서,"저희 아이가 30시간이 넘도록 사료를 거부하다 공복토를 6번 정도 하고 응급실에 다녀왔습니다.
검진상 이상은 없었구요, 몇가지 약만 처방받아 귀가했습니다. 집에 돌아온 후로도 사료에는 전혀 관심이 없어요 
그래서 뜨거운 물에 불려서 줘보니 아주 조금 스스로 먹습니다. 아주 조금만 먹습니다. 이렇게라도 계속 물에 불려서 급여해도 괜찮을까요? 물에 불린 사료는 치아에도 좋지 않고 영양소가 파괴된다는 이야기가 있어서요, 어떻게 급여해야 할지 도움 부탁드립니다ㅠ",2026-02-06,강아지 사료 거부,미상,,page,explore,2026-09-28T14:43:33
youtube,https://www.youtube.com/watch?v=Cngzbw2rnUg&lc=UgysJayPU9LRBUIvh3t4AaABAg,8df948e0d752d4fe,강아지 사료 먹게 하는 확실한 방법ㅣ사료 안먹는 강아지 필수시청!!ㅣ와벳TVㅣ동물병원사용설명서,한달반전에 급성췌장 판정 받고 지금은 수치가 완전 정상이 되었는데 워낙 입이 짧고 편식이 심한 아이라서 안해본게 없을정도에요 췌장사료 먹이고 있는데 로얄캐닌 가스트로 먹이고 있고 습식 건식 화식 다 해봤는데 안먹어요 오늘 저녁엔 밥 먹이는데 2시간 걸렸고 통 먹질 않아서 아침에 엄청 오랜만에 공복토 했네요 그나마 소량으로 먹던 고구마도 단호박도 안먹고 알러지가 심하고 닭고기 오리 돼지 소 연어 등등 이런 고기 종류는 다 알러지가 심해요 아토피도 있고 눈물도 심해서 대체 뭘 먹여야 할지 모르겠어요 그나마 시그니처바이 타히보독 칠면조와 오리 눈물나는거 감안하고 먹이는데 이젠 이것도 안먹네요 .. 사료 샘플 웬만한건 다 먹여봤고 곤충사료도 먹여봤어요 해외사료도 먹여보고 (단백질 함량 적은거로 골라서) 지금 몬지 또 샘플 신청 해놨는데 물에 불려서도 주고 전자레인지도 돌려보고 다 해봤어요 통 먹질 않아서 너무 걱정 입니다 그나마 로얄캐닌하이포알러제닉은 먹길래 계속 급여 했는데 이젠 그것도 안먹어요 로얄캐닌 캔도 먹여보고 시그니처바이 a/a 캔도 먹여봤는데 안먹어요 … 어떡해야할까요 제발 도와주세요 (하루에 산책 3번 하고 집 가자고 자기가 먼저 맨날 문앞에 있을정도) 무조건 실외배변이라 산책량이 부족한가 해서 더 하면 아예 그자리에 멈춰서 요지부동 움직이지도 않아요 장난감 종류별로 다 사줘도 안가지고 놀고 대체 뭘 어떡해야할까요ㅠㅠ 유치원도 보내봤는데 안놀고 원장님 무릎에서만 하루종일 있다가 와서 그냥 3개월 보내고 말았고 간식 급여 절대 안합니다ㅠㅠ 밥에 유산균 살짝 뿌려주면 입 절대 안대고 디톡스베지블럭 이랑 트러스티푸드 동결건조 영양제캡슐도 물에 불려서 주고 뿌셔주고 통으로 주고 잘게 잘라서 주기도 했는데 밥에 섞어줘도 안먹어요 이렇게 안먹을수가 있나요? 지금 토이푸들인데 몸무게 2.85 나가요 2.8 밑으로 내려가면 위험하다고 했는데 물도 잘 안마시고 정말 어쩌란건지 그릇 문제 일수도 있다고 해서 그릇만 13번 바꿨어요 비싼거도 사보고 다이소 가서 싸고 낮은거 완전 실리콘 동그라미 컵받침도 사보고 안해본게 없는거 같아요 ㅠㅠ 하루에 밥 3번으로 나눠서 주고 3주에 한번꼴로 공복토 해요 배가 고프면 좀 먹었으면 좋겠는데 안먹어요 유모차 태워서 비닐봉다리에 담아서 밥 주면 그나마 먹어서 그렇게 했는데 이젠 그 방법도 안통하고 투명색 네모난 큰 가방에 봉지에 사료 덜어서 넣어주면 좀 먹길래 이것도 또 해봤는데 안먹어요 지금 거의 두시간동안 메달려서 단호박 아주조금 먹였네요 .. 오늘은 또 사료를 아주 조금 먹였어요 여기 나오는 방법 다 해봤고 제한급식도 해봤고 공복토도 많이 했어요 제발 도와주세요 병원은 일주일에 한두번 정도 가고 문제 없다고 했고 수치도 다 정상이래요 지금 4살 입니다ㅠ,2026-01-12,강아지 사료 거부,건사료,,page,explore,2026-09-28T14:43:33
youtube,https://www.youtube.com/watch?v=Cngzbw2rnUg&lc=UgyWNWaVvmn5OqTIzhB4AaABAg,895cf17f31d45fcb,강아지 사료 먹게 하는 확실한 방법ㅣ사료 안먹는 강아지 필수시청!!ㅣ와벳TVㅣ동물병원사용설명서,"저희 강아지도 맛있는거 섞어 줘야지 먹는둥 마는둥 했는데,다이어트 시작 시키면서 선생님 영상 노트에 적어가면서 봤어용! 결국엔 지금 건사료만 줘도 밥시간되면 밥그릇 내려놓자마자 다먹어요! 감사합니다 공복토 자주하는 친구였는데 이방법으로 했더니 사료연습하면서 공복토도 안했어요~근데 아침에 사료 좀만 늦게줘도 사흘에 한번씩 아침 동일시간에만 토를하드라구여(다니는병원에서 적응기라구함)근데 좀 지나니깐 토안하고 적응완료 했어요!",2025-12-10,강아지 사료 거부,건사료,,page,explore,2026-09-28T14:43:33
youtube,https://www.youtube.com/watch?v=Cngzbw2rnUg&lc=UgyrYbhuVGBxSZGvtwx4AaABAg,181787b6b7a9725c,강아지 사료 먹게 하는 확실한 방법ㅣ사료 안먹는 강아지 필수시청!!ㅣ와벳TVㅣ동물병원사용설명서,사료는 먹는데 손으로 줘야 먹는 아이도  손으로 주면 안되고  안 먹으면  그냥 치워야 하는건가요?,2025-12-09,강아지 사료 거부,미상,,page,explore,2026-09-28T14:43:33
youtube,https://www.youtube.com/watch?v=Cngzbw2rnUg&lc=UgwETc5c5KekEeRA3SB4AaABAg,9f2aa5584cb64c06,강아지 사료 먹게 하는 확실한 방법ㅣ사료 안먹는 강아지 필수시청!!ㅣ와벳TVㅣ동물병원사용설명서,빈혈진단을 받고 안먹기 시작해서 이제는 사료와습식사료를 전혀 안먹어서 먹으려고하는 고구마와 계란을 주고 있는데 너무 걱정이 되네요. 종일 누워만있어서...13살 말티즈에요ㅠ. 어떻게해야할까요?  이때도 강제급여를 해도 될까요?,2025-11-26,강아지 사료 거부,미상,,page,explore,2026-09-28T14:43:33
youtube,https://www.youtube.com/watch?v=Cngzbw2rnUg&lc=Ugxni-lvCs-9kEmd9-l4AaABAg,389e323e12a15b4d,강아지 사료 먹게 하는 확실한 방법ㅣ사료 안먹는 강아지 필수시청!!ㅣ와벳TVㅣ동물병원사용설명서,"15살 노령견입니다
갑자기 사료를 먹지않아 병원에 갔더니 신장수치가 높다고 처방사료를 처방받아 강제급여하여 몇달만에 정상수치로 돌아왔습니다
그럼에도 입맛이 까다로워셔서 처방사료를 먹지 않아 지금도 강제급여하는 중입니다
이 영상대로 간식을 끊었더니 처방사료는 먹지만
먹는 양이 너무 적고 하루에 한번만 먹고 있습니다
몸무게도 줄었고요
이렇게만 먹어도 되나요?",2025-11-13,강아지 사료 거부,미상,,page,explore,2026-09-28T14:43:33
youtube,https://www.youtube.com/watch?v=Kdgn4SxZe8A&lc=UgzWuq2aPnYCywmPkhd4AaABAg,ba5092dee48dfa6a,아기강아지 사료거부시기 왔나봐요ㅠㅠ,눈 감고 딱 3일만 굶겨보십시오... 전 그렇게 합니다. 그러면요? 진짜 4일차에 개처럼 먹습니다,2026-09-21,강아지 사료 거부,미상,,page,explore,2026-09-28T14:43:33
youtube,https://www.youtube.com/watch?v=Kdgn4SxZe8A&lc=UgxcflOXcrHRtSuWJ-V4AaABAg,11e2de8b18d2b82b,아기강아지 사료거부시기 왔나봐요ㅠㅠ,밥태기극복하셨어요?어떳게하셨는지요?,2026-08-30,강아지 사료 거부,미상,,page,explore,2026-09-28T14:43:33
youtube,https://www.youtube.com/watch?v=xS7FK2GKf5M&lc=UgyOhxB26rSh9vPE3p94AaABAg,199aa5aa4995ae16,사료 안먹는 강아지. 코박고 먹게 하는 방법,밥엄청잘먹는아이인데 갑자기 밥안먹어서 이거 해봤는데 지금 잘먹어요❤,2026-09-27,강아지 사료 거부,미상,,page,explore,2026-09-28T14:43:33
youtube,https://www.youtube.com/watch?v=xS7FK2GKf5M&lc=UgzCkNjoYyNg-QnZ0nx4AaABAg,dc7d074f040c792c,사료 안먹는 강아지. 코박고 먹게 하는 방법,안 먹는데요.,2026-09-19,강아지 사료 거부,미상,,page,explore,2026-09-28T14:43:33
youtube,https://www.youtube.com/watch?v=xS7FK2GKf5M&lc=UgwInpzjIqU32ln-qgN4AaABAg,af32d90e3ed9d9dc,사료 안먹는 강아지. 코박고 먹게 하는 방법,"이번달에 딱!!한살 되는 토이푸들 기르는중인데…사료를 진짜 안먹어요. 6개월때부터 이것저것 교육한다고 간식을 줬더니 점점 사료를 안먹기 시작했고 8개월때부터는 너무 안묵어서 집주인이 밥먹으라고 막 “맛있어!!!!왈왈왈!!!”이렇게 먹는 시늉을 해야 그제서야 먹고 그것도 여러번 하니까 안먹고…
아무튼 여기저기 찾아봤는데 
1.안 먹으면 20분뒤에 사료를 치워라.
2.정해진 시간에만 줘라
이런 내용이 있어서 실천해봤는데 공복토 할때까지 안먹더라구요 ㅠㅠ 그래도 이 방법으로 계속 연습해야겠죠..?",2026-09-13,강아지 사료 거부,미상,,page,explore,2026-09-28T14:43:33
youtube,https://www.youtube.com/watch?v=xS7FK2GKf5M&lc=Ugx5sDQ_4PYSAoleZih4AaABAg,249d705c6ac62d85,사료 안먹는 강아지. 코박고 먹게 하는 방법,"우리아이는 심지어 바로 요리한 닭고기나 소고기가 아니면 안 먹어요다 제 탓이지만 정말 미취겠어요 사료만 혹은 화식, 생식 다 해보고 있는데 진짜 이 쬐까난게 오찌나 고집이 센지 … 배고프면 먹겠지 하는마음에 버텨보다가도 푸들이라 엄청 말랐어서… 결국 새로닭삼고있는 저… 뭐든 잘먹는 아이들 둔 집들이 진심 너무 부러워요…",2026-07-20,강아지 사료 거부,혼합,,page,explore,2026-09-28T14:43:33
youtube,https://www.youtube.com/watch?v=xS7FK2GKf5M&lc=UgyH3xKHEMrGU57gptF4AaABAg,d36351b6d6da3664,사료 안먹는 강아지. 코박고 먹게 하는 방법,그래주도  안먹어요ㆍ,2026-07-13,강아지 사료 거부,미상,,page,explore,2026-09-28T14:43:33
youtube,https://www.youtube.com/watch?v=xS7FK2GKf5M&lc=Ugw3-ITt0iLz4QaT2ld4AaABAg,cc6f9a24676d4cec,사료 안먹는 강아지. 코박고 먹게 하는 방법,ㅇ,2026-07-13,강아지 사료 거부,미상,,page,explore,2026-09-28T14:43:33
youtube,https://www.youtube.com/watch?v=xS7FK2GKf5M&lc=UgzymqkaTr7PNmtzkxx4AaABAg,b3a7af54aaf12f48,사료 안먹는 강아지. 코박고 먹게 하는 방법,이렇게 저렇게 다해봐도 안먹는 우리아이...ㅠㅜ,2026-07-01,강아지 사료 거부,미상,,page,explore,2026-09-28T14:43:33
youtube,https://www.youtube.com/watch?v=xS7FK2GKf5M&lc=UgyGgOp1DFoutkhBK5V4AaABAg,46201b920f8d0fac,사료 안먹는 강아지. 코박고 먹게 하는 방법,전자레인지에 밥 냄새 베기지않나요,2026-05-28,강아지 사료 거부,미상,,page,explore,2026-09-28T14:43:33
youtube,https://www.youtube.com/watch?v=xS7FK2GKf5M&lc=UgxIAtYztHeX8WBxCll4AaABAg,fad4043a0cbf3107,사료 안먹는 강아지. 코박고 먹게 하는 방법,고깃국물로 적셔주고 데워줘도 안 먹는 진도믹스는요?,2026-04-20,강아지 사료 거부,미상,,page,explore,2026-09-28T14:43:33
youtube,https://www.youtube.com/watch?v=1ZU98aRxDzo&lc=Ugxvln-78c4WIfri4vB4AaABAg,0356c5bc9329c2a1,"📍밥 안먹는 강아지 밥먹이기, 강급하기📍동물병원에서 밥 먹이는 방법 | 동물병원이 알려주는 간호이야기",몇일동안 모든 음식을거부했는데 습식사료에 전용우유 타서 미음처럼 만들어 손으로 주니 먹네요 감사합니다,2026-07-20,강아지 밥 안먹음,미상,,page,explore,2026-09-28T14:44:01
youtube,https://www.youtube.com/watch?v=1ZU98aRxDzo&lc=UgyHm7_tQNpyHyNMHi54AaABAg,2d972280dee37186,"📍밥 안먹는 강아지 밥먹이기, 강급하기📍동물병원에서 밥 먹이는 방법 | 동물병원이 알려주는 간호이야기",너무 유용한 팁입니다 감사합니다,2026-01-05,강아지 밥 안먹음,미상,,page,explore,2026-09-28T14:44:01
youtube,https://www.youtube.com/watch?v=1ZU98aRxDzo&lc=Ugxik-RZ-vTxvPZ2YU14AaABAg,d19a9bb4df200161,"📍밥 안먹는 강아지 밥먹이기, 강급하기📍동물병원에서 밥 먹이는 방법 | 동물병원이 알려주는 간호이야기",감사합니다,2025-11-12,강아지 밥 안먹음,미상,,page,explore,2026-09-28T14:44:01
youtube,https://www.youtube.com/watch?v=qtBacGHIHDw&lc=UgylIoZkWl4ZP97D8uF4AaABAg,9bca700cfba0b05b,밥 안 먹는 강아지 7일 굶기면 무조건 밥 먹을까?,"우리 강아지 밥 먹는 시간이 즐거운 시간이 되도록 도와주는 노즈워크 장난감
👇궁금하시다면 아래 영상을 확인해 보세요!👇
https://youtu.be/KRv0ctPszek",2026-03-02,강아지 밥 안먹음,미상,,page,explore,2026-09-28T14:44:01
youtube,https://www.youtube.com/watch?v=qtBacGHIHDw&lc=Ugybxa4eJRtCcL8Gx194AaABAg,5ba5fa36f807dda7,밥 안 먹는 강아지 7일 굶기면 무조건 밥 먹을까?,"저는 육고기 종류로 몇번 입맛을 들인 아이가 갑자기 사료를 거부하고

제가 밥상에 앉을때 제가 먹는 음식을 달라고 떼를 쓰길래.

정확히 한 3일인가 가까이 굶겼습니다.

그리고 주니까 진짜 개?처럼 먹습니다.

굶기면 다 먹습니다. 사람도 마찬가지니까요 개는 오죽허겠습니까",2026-09-21,강아지 밥 안먹음,미상,,page,explore,2026-09-28T14:44:01
youtube,https://www.youtube.com/watch?v=qtBacGHIHDw&lc=UgwUD5IzxOEvGOD64SN4AaABAg,48c9924427cc7462,밥 안 먹는 강아지 7일 굶기면 무조건 밥 먹을까?,우리애기 너무 안먹어 강급합니다,2026-09-16,강아지 밥 안먹음,미상,,page,explore,2026-09-28T14:44:01
youtube,https://www.youtube.com/watch?v=qtBacGHIHDw&lc=UgwA_YmIUxUklIBCDzx4AaABAg,a718a75ac1736430,밥 안 먹는 강아지 7일 굶기면 무조건 밥 먹을까?,이 영상의 조회수가 낮은이유가 혹시 개주인들이 안먹으면 걍 바로 굶겨봐서 그런강? 이걸로 간접 실험할 필요도 없다던가,2026-08-26,강아지 밥 안먹음,미상,,page,explore,2026-09-28T14:44:01
youtube,https://www.youtube.com/watch?v=qtBacGHIHDw&lc=UgzTNvBRmPA6W7hixfl4AaABAg,3d8d808c76964af5,밥 안 먹는 강아지 7일 굶기면 무조건 밥 먹을까?,"4일 동안 사료 급여 시늉조차 안했습니다. 물만 주면 됩니다. 공복 토 해도 괜찮았어요. 근데 애매하게 밥을 주려는 시늉. 밥을 주려고 시도하는 거. 그런거 아에 없이 아예 생략해야 합니다. 산책은 평소보다 더 길게 해주세요. 배를 더 공복으로 만들고 집에서 쉴 때, 축처지고 몸이 상하고 내가 죽는구나를 느끼게 해야 합니다.",2026-06-03,강아지 밥 안먹음,미상,,page,explore,2026-09-28T14:44:01
youtube,https://www.youtube.com/watch?v=qtBacGHIHDw&lc=UgzJpkKoabNVL3wFXax4AaABAg,08efa9e94da6323a,밥 안 먹는 강아지 7일 굶기면 무조건 밥 먹을까?,사람도 일주일 단식하면 건강해진다. 강아지도 5일정도 단식하는건 아무런 문제가 없다. 호들갑 떠는 견주가 문제일뿐. 물만 잘 먹는다면 괜찮다. 아픈거라면 병원을 가야하지만 입이 짧아서 안먹는건 5일 단식 두세번 해보면 결국 잘 먹는다.,2026-03-09,강아지 밥 안먹음,미상,,page,explore,2026-09-28T14:44:01
youtube,https://www.youtube.com/watch?v=qtBacGHIHDw&lc=UgyA1hhrZQ4A8Uh8OON4AaABAg,4b20c1bbcc5916bc,밥 안 먹는 강아지 7일 굶기면 무조건 밥 먹을까?,"개팔자가 상팔자네
간식주고 하니 안먹지
개는 개답게 키우자",2026-03-09,강아지 밥 안먹음,미상,,page,explore,2026-09-28T14:44:01
youtube,https://www.youtube.com/watch?v=qtBacGHIHDw&lc=Ugw_3BYGpVYNHqpeAUh4AaABAg,f527fc7dc91ca093,밥 안 먹는 강아지 7일 굶기면 무조건 밥 먹을까?,밥 안 먹으면 밥 그릇 그대로 치우면 대부분 잘 먹던데 아기들이 왜 안 먹는지 궁금합니다.,2026-03-09,강아지 밥 안먹음,미상,,page,explore,2026-09-28T14:44:01
youtube,https://www.youtube.com/watch?v=qtBacGHIHDw&lc=UgwsbcQ7WjvWPy8WLh54AaABAg,9802a3727332293e,밥 안 먹는 강아지 7일 굶기면 무조건 밥 먹을까?,졸귀다,2026-03-09,강아지 밥 안먹음,미상,,page,explore,2026-09-28T14:44:01
youtube,https://www.youtube.com/watch?v=qtBacGHIHDw&lc=UgxiyM-tIc-t3M0PDLd4AaABAg,bf67b1343dfc09c5,밥 안 먹는 강아지 7일 굶기면 무조건 밥 먹을까?,우리집. 식충이는 밥좀 덜먹었으면. 하는데. ㅜㅜ,2026-03-06,강아지 밥 안먹음,미상,,page,explore,2026-09-28T14:44:01
youtube,https://www.youtube.com/watch?v=h2PoXQ8YdqQ&lc=UgzW4m19xhMgOCkcPHB4AaABAg,9350bb11befadfd8,강아지 피부알러지&아토피 예방과 치료 꿀팁 2부|설채현 수의학,"설채현선생님은.수의사이신데요 반려견 보호자 위해서 생각하는 모습이 진짜 진실되보여서좋은거같아요!
존경합니다.원장님 ㅎ❤❤",2026-08-26,강아지 사료 알레르기,미상,,page,explore,2026-09-28T14:44:14
youtube,https://www.youtube.com/watch?v=h2PoXQ8YdqQ&lc=Ugxi8gsjnOp-9dFkJkJ4AaABAg,6ebe137ac8675243,강아지 피부알러지&아토피 예방과 치료 꿀팁 2부|설채현 수의학,선생님저희강아지가 아토피라해서 주사를 한달에한번씩 맞고있어요. 그런데 화식을 먹여도될까요?비장수술한 아이라서. 면연력도 올려야하는데 화식도 괜찬은지 궁금합니다,2026-08-09,강아지 사료 알레르기,화식,,page,explore,2026-09-28T14:44:14
youtube,https://www.youtube.com/watch?v=h2PoXQ8YdqQ&lc=UgyTbRRfuFzFhw7B0ld4AaABAg,cd770347af568959,강아지 피부알러지&아토피 예방과 치료 꿀팁 2부|설채현 수의학,"강아지용 오메가3 ,6 뭐가있을까요? 아이가 얼마전부터 계속 긁어요",2026-06-20,강아지 사료 알레르기,미상,,page,explore,2026-09-28T14:44:14
youtube,https://www.youtube.com/watch?v=h2PoXQ8YdqQ&lc=UgwiIhD5ZGKtfggWSLJ4AaABAg,fb188489c973130f,강아지 피부알러지&아토피 예방과 치료 꿀팁 2부|설채현 수의학,"근데요 저희 강아지는 닭고기와 북어, 곰국, 등을 먹으면 꼭  피부염이생겨요",2026-06-20,강아지 사료 알레르기,미상,,page,explore,2026-09-28T14:44:14
youtube,https://www.youtube.com/watch?v=h2PoXQ8YdqQ&lc=UgwqqSHCLjvh_GH03ZZ4AaABAg,273087866c3dca75,강아지 피부알러지&아토피 예방과 치료 꿀팁 2부|설채현 수의학,"우리강아지 4살인데 가려움증 심하고 구토를 자주 했는데
수제사료 집에서 만들어 먹였는데 구토도 거의 없어지고 가려움증도 거의 없어졌어요",2026-03-06,강아지 사료 알레르기,미상,,page,explore,2026-09-28T14:44:14
youtube,https://www.youtube.com/watch?v=h2PoXQ8YdqQ&lc=UgxhE9AVBLT8cyq6X0d4AaABAg,cccdf91fe92259c2,강아지 피부알러지&아토피 예방과 치료 꿀팁 2부|설채현 수의학,"알로페시아 포메 견주입니다
 알로페시아 있는데 발바닥 미용 이나.발등미용 해도될까요? 하게된다면 가위컷 하나요?클리퍼로 하나요?ㅜ",2026-01-06,강아지 사료 알레르기,미상,,page,explore,2026-09-28T14:44:14
youtube,https://www.youtube.com/watch?v=h2PoXQ8YdqQ&lc=UgwggCVoGY8uz_32GZx4AaABAg,a7f800ca65ee97d3,강아지 피부알러지&아토피 예방과 치료 꿀팁 2부|설채현 수의학,오메가랑 유산균 예전부터 목이고 싶었는데 유제품이랑 생선에 알러지가 최고조인데 먹여도될까요..,2026-01-03,강아지 사료 알레르기,미상,,page,explore,2026-09-28T14:44:14
youtube,https://www.youtube.com/watch?v=h2PoXQ8YdqQ&lc=Ugx0CRb8kqPMFMD_82t4AaABAg,910aca4e90cc2529,강아지 피부알러지&아토피 예방과 치료 꿀팁 2부|설채현 수의학,오메가 3 사람먹는거 먹어도되나요?,2026-01-01,강아지 사료 알레르기,미상,,page,explore,2026-09-28T14:44:14
youtube,https://www.youtube.com/watch?v=h2PoXQ8YdqQ&lc=UgzmoW6NI-LDXgD23Vx4AaABAg,2293441a8e342759,강아지 피부알러지&아토피 예방과 치료 꿀팁 2부|설채현 수의학,울강아지8살.귀가한번씩  안좋아 병원소독하니 좀 나음.어느순간 배쪽 사타구니가 뻘게지고 검불게 되어 병원가니  가루약처방해줌. 먹는동안검붉은건 없어졌지만 붉은반점 생기고 점점커지는 혹? 생겨절개수술1회.계속붉은반점 빨게짐가루약더이상안되고 아포킬두달처방.사이토포토2회맞음.효과없음. 중간에 병원처방식사료 두달먹이고 약용샴프 썼는데도 붉은반점 더 생기고 혹처럼 딱딱해지고 갯수증가  아직 크기변화없음.  아이는 간지러워안하는데. 피검사도  염증수치는 조금 높은편인데 나쁘지않고 혈소판도 정상이고.  간식도 오메가만!  보는제가 환장하겠어요.,2025-12-30,강아지 사료 알레르기,미상,,page,explore,2026-09-28T14:44:14
youtube,https://www.youtube.com/watch?v=h2PoXQ8YdqQ&lc=Ugyduoue39xIAmmeSMR4AaABAg,76d037be7ee0ef39,강아지 피부알러지&아토피 예방과 치료 꿀팁 2부|설채현 수의학,울 강아지는 윗 입술 안쪽에 혹이 생겨서 수술했는데... 다시 또 생겼어요. 스테로이드제 처방 받아서 먹였더니 없어졌다 했는데 육포를 계속 줬더니 많이 가려워하고 긁기도 하고 입술의 혹이 조금 올라오는것 같아서 가수분해 사료 먹이고 가수분해 간식으로 바꾸고 상태를 지켜 보는 중이예요. 피부 피모는 넘넘 좋아요.,2025-12-28,강아지 사료 알레르기,미상,,page,explore,2026-09-28T14:44:14
youtube,https://www.youtube.com/watch?v=h2PoXQ8YdqQ&lc=UgyBWNvSi6ql_8qwRQZ4AaABAg,bd36a1610c55d5a0,강아지 피부알러지&아토피 예방과 치료 꿀팁 2부|설채현 수의학,"그약이 머에요?비싸다는 약이요..
스테로이드 면역억제제 합친거요
약이름도 알려주세요",2025-12-05,강아지 사료 알레르기,미상,,page,explore,2026-09-28T14:44:14
youtube,https://www.youtube.com/watch?v=h2PoXQ8YdqQ&lc=UgxcFNtsUQkzDgO-Ls94AaABAg,4b9dc749e1d72a61,강아지 피부알러지&아토피 예방과 치료 꿀팁 2부|설채현 수의학,아토피 & 알러지. 피부약을 주기적으로 먹고있어요 ㅠㅠㅠㅠㅠ  돌아버리겠음,2025-11-17,강아지 사료 알레르기,미상,,page,explore,2026-09-28T14:44:14
youtube,https://www.youtube.com/watch?v=h2PoXQ8YdqQ&lc=UgyIcXJiTLDM2OKywi14AaABAg,d33f55cff22d597a,강아지 피부알러지&아토피 예방과 치료 꿀팁 2부|설채현 수의학,약먹고 주사맞고 약욕하고 매일넥카라T.T 간지러워 힘들어하는거보기힘드네요,2025-10-31,강아지 사료 알레르기,미상,,page,explore,2026-09-28T14:44:14
youtube,https://www.youtube.com/watch?v=h2PoXQ8YdqQ&lc=Ugw9XzFYfotaakNm7PZ4AaABAg,4a2601bd0fcc8a74,강아지 피부알러지&아토피 예방과 치료 꿀팁 2부|설채현 수의학,울강아지 홈프러스서 파는.말린닭 먹이고. 아토피. 음식을 절대 간식않준고. 한약으로 목욕시키니까. 나아졋어요. 원인은. 음식이여요,2025-10-29,강아지 사료 알레르기,미상,,page,explore,2026-09-28T14:44:14
youtube,https://www.youtube.com/watch?v=h2PoXQ8YdqQ&lc=UgzSorCNPGmarUDUtzJ4AaABAg,874e222b4ecc0f97,강아지 피부알러지&아토피 예방과 치료 꿀팁 2부|설채현 수의학,"우리  강아지 애기때부터 와서 긁어대서
크면 괸찮겟지 두살 이대도  한번씩 긁어 대서  선생님한데 말했더니  웃기만  하시고  별 말씀이  업으시던데요 푸들  유전자가 그렇다고 유튜브  찿아보니까",2025-10-01,강아지 사료 알레르기,미상,,page,explore,2026-09-28T14:44:14
youtube,https://www.youtube.com/watch?v=h2PoXQ8YdqQ&lc=Ugy3E2m3_drCYaG9CL94AaABAg,e83a2d0e9a216a70,강아지 피부알러지&아토피 예방과 치료 꿀팁 2부|설채현 수의학,약은 무슨약인지 알수 있을까요?,2025-09-29,강아지 사료 알레르기,미상,,page,explore,2026-09-28T14:44:14
youtube,https://www.youtube.com/watch?v=Lg91shVryg0&lc=Ugw0iZ1_sGwLeSnieCB4AaABAg,8251929b323a1fd7,"강아지 눈물자국, 가려움 관리 방법 (수의사가 알려주는 알러지검사의 진실) | 멍터뷰ep.49",알러지 검사 수의사들이 추전안하는건 피부로 오는 호구들이 줄어서 일꺼야. 강아지들 대부분이 피부때문에 병원가니까.,2025-11-24,강아지 사료 알레르기,미상,,page,explore,2026-09-28T14:44:14
youtube,https://www.youtube.com/watch?v=Lg91shVryg0&lc=UgwwsoESq8_aBT0rHhB4AaABAg,35ea900d47a1f2d7,"강아지 눈물자국, 가려움 관리 방법 (수의사가 알려주는 알러지검사의 진실) | 멍터뷰ep.49",가장 중요한건 원인!!!을 찾는게 힘들다는 겁니다 모든 보호자분들 공감하실 거에요 뭐에 알러즈반응이 나타나는지를 찾는게 거의 힘들다고 생각합니다 어떠한 검사에서도 100프로 확실하게 원인을 찾아주지 못해요 결국 보호자가 찾아야하는데 이개 원인안거 같은데??? 까지만 가는거 같어요 저도 비숑애기 2년쨔 귀가 안좋아서 알러지약 매일 먹이고 있는데 최근엔 약을 먹이는데도 귀가 게속 안좋더라고요 답답합니다....,2025-11-18,강아지 사료 알레르기,미상,,page,explore,2026-09-28T14:44:14
youtube,https://www.youtube.com/watch?v=Lg91shVryg0&lc=Ugxcxnnpv-bnzScFPl54AaABAg,394cf81502472e94,"강아지 눈물자국, 가려움 관리 방법 (수의사가 알려주는 알러지검사의 진실) | 멍터뷰ep.49",눈물이 없어지는 건 모르겠는데 로얄캐닌에서 다른 사료로 바꾸고 나서는 눈물은 나지만 그 냄새는 확실히 안 나는 것 같아요.. 거기다가 저녁에는 사료에 화식을 섞어서 주니까 예전에 나던 그 청국장 냄새 같은 게 이제는 전혀 안 나더라구요 저도 뭐 눈물 사료 이런 건 안 믿긴 하는데 바꾸고 나서 냄새 부분이 개선된 거 보고 신기하긴 했습니다,2025-11-17,강아지 사료 알레르기,혼합,,page,explore,2026-09-28T14:44:14
youtube,https://www.youtube.com/watch?v=Lg91shVryg0&lc=UgzP7xumwkcVOHGhRRp4AaABAg,367b615379268d5a,"강아지 눈물자국, 가려움 관리 방법 (수의사가 알려주는 알러지검사의 진실) | 멍터뷰ep.49",우리동네 동물병원 선생님이시네요~,2025-11-15,강아지 사료 알레르기,미상,,page,explore,2026-09-28T14:44:14
youtube,https://www.youtube.com/watch?v=Lg91shVryg0&lc=Ugwx1iZXIuAyltqDBSl4AaABAg,03d4fa23b04a683e,"강아지 눈물자국, 가려움 관리 방법 (수의사가 알려주는 알러지검사의 진실) | 멍터뷰ep.49",그럼 피내검사는 병원가면 할수있나요? 구독하고 갑니다❤,2025-11-14,강아지 사료 알레르기,미상,,page,explore,2026-09-28T14:44:14
youtube,https://www.youtube.com/watch?v=Lg91shVryg0&lc=UgzboSwzGzX9vt599414AaABAg,3dc1e17049f5857b,"강아지 눈물자국, 가려움 관리 방법 (수의사가 알려주는 알러지검사의 진실) | 멍터뷰ep.49",몰랐던 내용들이 많네요. 구독하고 갑니다❤,2025-11-14,강아지 사료 알레르기,미상,,page,explore,2026-09-28T14:44:14
youtube,https://www.youtube.com/watch?v=Lg91shVryg0&lc=Ugx8BZeSCtcF03m-IoF4AaABAg,0283eefc9498d818,"강아지 눈물자국, 가려움 관리 방법 (수의사가 알려주는 알러지검사의 진실) | 멍터뷰ep.49",강아지들한테도 나타날수있는 알레르기 정보를 알아서 좋았어요😍😍유익한 정보 감사합니다~~,2025-11-13,강아지 사료 알레르기,미상,,page,explore,2026-09-28T14:44:14
youtube,https://www.youtube.com/watch?v=Lg91shVryg0&lc=UgwJCKQHoEowtAi56px4AaABAg,bae513b50551abf4,"강아지 눈물자국, 가려움 관리 방법 (수의사가 알려주는 알러지검사의 진실) | 멍터뷰ep.49",우리아인..알러지사료 먹고 눈물 멈췃는데..,2025-11-13,강아지 사료 알레르기,미상,,page,explore,2026-09-28T14:44:14
youtube,https://www.youtube.com/watch?v=Lg91shVryg0&lc=UgygI_XOfxzyVCkkflx4AaABAg,5577703454b48fc2,"강아지 눈물자국, 가려움 관리 방법 (수의사가 알려주는 알러지검사의 진실) | 멍터뷰ep.49","좋은 정보가 정말 많네요.
구독하고 가요❤",2025-11-13,강아지 사료 알레르기,미상,,page,explore,2026-09-28T14:44:14
youtube,https://www.youtube.com/watch?v=Lg91shVryg0&lc=UgwMR4beD730ksf7Q5N4AaABAg,a43ff5a13639581d,"강아지 눈물자국, 가려움 관리 방법 (수의사가 알려주는 알러지검사의 진실) | 멍터뷰ep.49","항상 도움되는 영상과 쌤이에요...♥
07:56 이거 너무 공감되고 반성ㅠ",2025-11-13,강아지 사료 알레르기,미상,,page,explore,2026-09-28T14:44:14
youtube,https://www.youtube.com/watch?v=Lg91shVryg0&lc=UgwgyibZgtP4yLY02594AaABAg,e520a9ffe143f32e,"강아지 눈물자국, 가려움 관리 방법 (수의사가 알려주는 알러지검사의 진실) | 멍터뷰ep.49",어머 뒤에 강아지 너무 얌전해서 있는지도 몰랐네요ㅋㅋㅋ,2025-11-13,강아지 사료 알레르기,미상,,page,explore,2026-09-28T14:44:14
youtube,https://www.youtube.com/watch?v=Lg91shVryg0&lc=Ugy_q0_a3oHZUSjDIw14AaABAg,4e4331a64524dba8,"강아지 눈물자국, 가려움 관리 방법 (수의사가 알려주는 알러지검사의 진실) | 멍터뷰ep.49","제가 알러지를 잡았다 다시 앓고
있는 견주인데 가장 큰 문제들은
사료 첨가제가 아닌가 싶습니다.
즉 사람으로 치면 조미료 같은것
들이죠. 단백질은 어찌됬든 필수
불가결하게 섭취를 해야합니다..
사료회사들이 진짜 알러지 잡기
위한 사료를 만드는 시도가 정말
필요하다 봅니다ㅜ",2025-11-13,강아지 사료 알레르기,미상,,page,explore,2026-09-28T14:44:14
youtube,https://www.youtube.com/watch?v=Lg91shVryg0&lc=Ugx9wRixoMdD-YkPh8d4AaABAg,8e50918ecca07878,"강아지 눈물자국, 가려움 관리 방법 (수의사가 알려주는 알러지검사의 진실) | 멍터뷰ep.49",푸형님 영상이랑 다른 질문인데 실리어스 매트 일반사람장판이랑 비교했을 때 방수 기능 어느정도 되나요?,2025-11-13,강아지 사료 알레르기,미상,,page,explore,2026-09-28T14:44:14
youtube,https://www.youtube.com/watch?v=Lg91shVryg0&lc=UgxECwJATykIaTp6vuh4AaABAg,98f6a3390ac5f371,"강아지 눈물자국, 가려움 관리 방법 (수의사가 알려주는 알러지검사의 진실) | 멍터뷰ep.49","저는 사람인 제가 알러지가 좀 많이 심한 편이라서, 
병원에서 수많은 검사를 했었는데
음식은 IgE 검사가 정확하지 않다고 
먹어보면서 알아가는 수밖에 없다고 하던데
강아지도 똑같네요^^;;
근데 말씀하신것처럼 그거말고 
다른거(삼나무? 진드기?) 확인하는거에는 도움많이 되서
돈이 아깝...아깝...지는....않았습니다!!ㅋㅋㅋ",2025-11-13,강아지 사료 알레르기,미상,,page,explore,2026-09-28T14:44:14
youtube,https://www.youtube.com/watch?v=Lg91shVryg0&lc=UgxDQ5TxXoO3-m3O5kl4AaABAg,01e8a21e2182df27,"강아지 눈물자국, 가려움 관리 방법 (수의사가 알려주는 알러지검사의 진실) | 멍터뷰ep.49","식이알러지를 알고 싶어서 큰돈들여서 알러지검사를 했는데 큰도움이 안된다니 실망이네요
선생님 설명을 들어보면 울집 강아지도 아토피인데 장기복용해도 괜찮은 약이 무엇인지 궁금해요",2025-11-13,강아지 사료 알레르기,미상,,page,explore,2026-09-28T14:44:14
youtube,https://www.youtube.com/watch?v=Lg91shVryg0&lc=UgwsWFKvJxX0RkkUL1B4AaABAg,859c73f93c16e5d2,"강아지 눈물자국, 가려움 관리 방법 (수의사가 알려주는 알러지검사의 진실) | 멍터뷰ep.49",병원가도 명확하게 잘 알지 못 하던데요,2025-11-12,강아지 사료 알레르기,미상,,page,explore,2026-09-28T14:44:14
youtube,https://www.youtube.com/watch?v=Lg91shVryg0&lc=UgxahzcjtvJu9dOmQaN4AaABAg,bbfd8578947c14bc,"강아지 눈물자국, 가려움 관리 방법 (수의사가 알려주는 알러지검사의 진실) | 멍터뷰ep.49",저희도 알러지검사하고 너무 좋아졌는데..,2025-11-12,강아지 사료 알레르기,미상,,page,explore,2026-09-28T14:44:14
youtube,https://www.youtube.com/watch?v=Lg91shVryg0&lc=UgyAXy6-IndKXULgCPZ4AaABAg,b19932275755cec8,"강아지 눈물자국, 가려움 관리 방법 (수의사가 알려주는 알러지검사의 진실) | 멍터뷰ep.49",감사합니다❤❤❤울삼남매들도 잘알~~관심있게봐야겠습니다~~♡♡~~푸우형!짬쭌! 영상 감사합니다~~♡♡~~❤❤❤❤❤❤❤❤❤❤❤,2025-11-12,강아지 사료 알레르기,미상,,page,explore,2026-09-28T14:44:14
youtube,https://www.youtube.com/watch?v=Lg91shVryg0&lc=Ugw1Rt6A3Bg3j9Whfxl4AaABAg,3cbfb4cd10e9ae94,"강아지 눈물자국, 가려움 관리 방법 (수의사가 알려주는 알러지검사의 진실) | 멍터뷰ep.49","Papai este assunto é sem fim muitos tem dúvidas sempre e ainda ficam indecisos,é ração?a proteina?produtos de limpeza ? É tão confuso se p humanis alergias é abrangente,imagina p os bichinhos  vc pode ver nisso comentários q ainda estão c dúvidas, precisa explicar e discutir mais vezes este assunto Gratidão papai fofo e anjinho fofo e lindo por tudo ❤❤❤❤❤❤❤❤❤❤❤❤❤❤❤❤❤",2025-11-12,강아지 사료 알레르기,미상,,page,explore,2026-09-28T14:44:14
youtube,https://www.youtube.com/watch?v=Lg91shVryg0&lc=Ugytyg6lpRhG02KgMKp4AaABAg,cf408f1e679e1001,"강아지 눈물자국, 가려움 관리 방법 (수의사가 알려주는 알러지검사의 진실) | 멍터뷰ep.49","알러지 검사 완전 강추하는 1인입니다!!
눈물땜에  사료 유목민이었는데 ( 알레바 아투 몬지 오리젠 나우 아카나 카르나덕 )  알러지 검사하고 애기 민감성분 피하니 완전 좋아져서 대만족 합니다
사료 바꾸는 금액이 알러지 검사비용보다 훨 많이 들었어요!!
검사하고 나서 안맞는 사료 계속 먹여대서 미안하더라구요
가수분해도 알러지원 있는건 안먹입니다
완전 좋아졌어요 향기나는 강아지로 통합니다^^
아~ 동일 단백질원 계속 먹이면 없던 알러지 생길수 있다해서 주식 말고 간식으로 다른 단백질 공급하고 있어요",2025-11-12,강아지 사료 알레르기,건사료,,page,explore,2026-09-28T14:44:14
youtube,https://www.youtube.com/watch?v=Lg91shVryg0&lc=UgyYg_q6XAPLJW4OwT14AaABAg,ecf0e6393e89168a,"강아지 눈물자국, 가려움 관리 방법 (수의사가 알려주는 알러지검사의 진실) | 멍터뷰ep.49",저희 미니비숑 아이 어릴때도좀 눈물이있었는데 약도 먹았구여 2살이후 부터 알러지 사료만 먹은거같은데 지금까지도 장칙 사료가 없어여 ㅜㅜ 어떻게하나요,2025-11-12,강아지 사료 알레르기,미상,,page,explore,2026-09-28T14:44:14
youtube,https://www.youtube.com/watch?v=Lg91shVryg0&lc=Ugzc4kg40rzrQdMOUY14AaABAg,4a9d8499886e3a2d,"강아지 눈물자국, 가려움 관리 방법 (수의사가 알려주는 알러지검사의 진실) | 멍터뷰ep.49",저는 알러지 검사 결과지 엄청  도움 됐는데요? 이번 9월달에 검사했는데 원인물질 제거하니까 지금 알러지 다  나았어요.  안맞다고 하시는 분도 많던데 저는 도움 많이된 케이스~~~지연성 포함 177가지 검사했는데 돈 아깝지 않았어요,2025-11-12,강아지 사료 알레르기,미상,,page,explore,2026-09-28T14:44:14
youtube,https://www.youtube.com/watch?v=Lg91shVryg0&lc=Ugzi5rOjnIQwBmZMoT54AaABAg,a761991b8cfa3be1,"강아지 눈물자국, 가려움 관리 방법 (수의사가 알려주는 알러지검사의 진실) | 멍터뷰ep.49",조금 전에 알러지 검사 결과 왔었는데....😂 제가 경험했던 의심되는 알러지와 결과가 전혀 달라서 당황했었어요.... 마침 푸우형이 영상 올려주셔서 궁금증 해소됐ㅇ네요ㅎㅎ.....ㅠㅠㅠㅠㅠㅠㅠㅠㅠㅠ 수의사님 말씀대로 검사 결과에 의존하지 않고 알러젠을 하나하나 제거하는 방식으로 관찰하며 찾아가야겟어요ㅠㅠㅠㅠㅠㅠ,2025-11-12,강아지 사료 알레르기,미상,,page,explore,2026-09-28T14:44:14
youtube,https://www.youtube.com/watch?v=Lg91shVryg0&lc=UgymZi0H4SL4e9udH9t4AaABAg,2d71ed7c63020453,"강아지 눈물자국, 가려움 관리 방법 (수의사가 알려주는 알러지검사의 진실) | 멍터뷰ep.49",수의사님 미모보러 들어왔습니다ㄷㄷㄷ,2025-11-12,강아지 사료 알레르기,미상,,page,explore,2026-09-28T14:44:14
youtube,https://www.youtube.com/watch?v=Lg91shVryg0&lc=Ugy8ZNrY5t8rJbqtMXx4AaABAg,8c127b86469664f2,"강아지 눈물자국, 가려움 관리 방법 (수의사가 알려주는 알러지검사의 진실) | 멍터뷰ep.49",누르겠습니다ㅋㅋㅋㅋㅋㅋㅋㅋㅋㅋㅋㅋㅋ,2025-11-12,강아지 사료 알레르기,미상,,page,explore,2026-09-28T14:44:14
youtube,https://www.youtube.com/watch?v=RUY5no43-h4&lc=Ugz6Ap3lhH98aJTZZgV4AaABAg,dc251cea27821f37,"강아지 눈물, 발사탕, 알러지까지? 보호자들이 진짜 많이 물어보는 사료 추천",소프트 사료도 추천해주실 수 있을까요..?,2026-09-07,강아지 사료 알레르기,미상,,page,explore,2026-09-28T14:44:14
youtube,https://www.youtube.com/watch?v=RUY5no43-h4&lc=UgxDZ4bceRwItBBozjJ4AaABAg,201bc770b69b9e70,"강아지 눈물, 발사탕, 알러지까지? 보호자들이 진짜 많이 물어보는 사료 추천",이제딱 한살된 아메리칸 불리키우고있는데 3개월때 입양했는데... 오리젠 파미나 몬지 로캔등등모든사료를먹어도 설사만합니다... 일단가수분해먹이니깐 지금까지변중에 제일그나마제일괜찮은변인데 진짜 이유가너무궁금합니다... 병원몇군대가도 가수분해먹여서 그래도변이좀갠찮아졌으면 그냥 가수분해만계속먹이라고는하는데 6개월동안 너무고생해서 원인을 예상이라도하고싶은데 혹시 예상되는 이유가있으실까요...ㅠㅠ,2026-06-25,강아지 사료 알레르기,건사료,,page,explore,2026-09-28T14:44:14
youtube,https://www.youtube.com/watch?v=RUY5no43-h4&lc=UgyXDUlWxd7b4iJaUBp4AaABAg,f0655f20187cf0b5,"강아지 눈물, 발사탕, 알러지까지? 보호자들이 진짜 많이 물어보는 사료 추천",참고로 벨릭서는 똥 냄새 엄청 심해져요.,2026-06-01,강아지 사료 알레르기,미상,,page,explore,2026-09-28T14:44:14
youtube,https://www.youtube.com/watch?v=RUY5no43-h4&lc=Ugz8hoTkM5sed24M7up4AaABAg,f2cdf10422f3315d,"강아지 눈물, 발사탕, 알러지까지? 보호자들이 진짜 많이 물어보는 사료 추천",존경합니다 알러지개주인으로써,2026-04-09,강아지 사료 알레르기,미상,,page,explore,2026-09-28T14:44:14
youtube,https://www.youtube.com/watch?v=RUY5no43-h4&lc=UgxVC0Pc4p6r8ckqtlp4AaABAg,c201dbaf224b8179,"강아지 눈물, 발사탕, 알러지까지? 보호자들이 진짜 많이 물어보는 사료 추천",발사탕이 먼지,2026-03-31,강아지 사료 알레르기,미상,,page,explore,2026-09-28T14:44:14
youtube,https://www.youtube.com/watch?v=RUY5no43-h4&lc=Ugx62zDEw2FH7QEIhCZ4AaABAg,ca0c28fa2001c400,"강아지 눈물, 발사탕, 알러지까지? 보호자들이 진짜 많이 물어보는 사료 추천",한번쯤 알러지 검사 하는거 좋은듯 해요~즉발성 지연성 120가지 알러지 검사했는데  ~수의사쌤이 진단서 잘써주셔서 펫보험 처리까지 되서 저렴하게 했어요,2026-03-28,강아지 사료 알레르기,미상,,page,explore,2026-09-28T14:44:14
youtube,https://www.youtube.com/watch?v=RUY5no43-h4&lc=Ugwep7cQaluNBh0bRux4AaABAg,22d3b686be8b2038,"강아지 눈물, 발사탕, 알러지까지? 보호자들이 진짜 많이 물어보는 사료 추천",좋은 정보 감사합니다 😂😊,2026-03-12,강아지 사료 알레르기,미상,,page,explore,2026-09-28T14:44:14
youtube,https://www.youtube.com/watch?v=RUY5no43-h4&lc=UgzFHNIN4kSnolCSfQ94AaABAg,85033288ca812ee4,"강아지 눈물, 발사탕, 알러지까지? 보호자들이 진짜 많이 물어보는 사료 추천",닭알러지있는앤데.. 닭이 안들어간걸 고르는게 힘듦ㅠㅠㅠ,2026-03-11,강아지 사료 알레르기,미상,,page,explore,2026-09-28T14:44:14
youtube,https://www.youtube.com/watch?v=RUY5no43-h4&lc=UgzW3QKRwvqZCjv-Z9R4AaABAg,05b2f8040dc9408e,"강아지 눈물, 발사탕, 알러지까지? 보호자들이 진짜 많이 물어보는 사료 추천",가수분해 사료라고 하면서 달톤 안적혀있는게 테반인데 그래서 힐스 라니면 로얄캐닌 프루너스가 대표적이죠... 진짜 표기 위반법으로 고소 받고 제대로 표기 해야하는데 에휴...,2026-02-26,강아지 사료 알레르기,건사료,,page,explore,2026-09-28T14:44:14
youtube,https://www.youtube.com/watch?v=RUY5no43-h4&lc=UgxEAg63ytDyXi_OmaB4AaABAg,7f996a41618bf7cb,"강아지 눈물, 발사탕, 알러지까지? 보호자들이 진짜 많이 물어보는 사료 추천",요즘 갑자기 발사탕이 늘어서 신경쓰이는 차에 보게되었네요~ 늘 감사한 정보들 잘 보곡 있습니다. 감사해요~♡,2026-02-26,강아지 사료 알레르기,미상,,page,explore,2026-09-28T14:44:14
youtube,https://www.youtube.com/watch?v=RUY5no43-h4&lc=UgxxbL0QhsKSnmCYMWd4AaABAg,1541393c956f3824,"강아지 눈물, 발사탕, 알러지까지? 보호자들이 진짜 많이 물어보는 사료 추천",저희 애는 3살 포메인데 연어 알러지(+생선류)가 있어서 사료 찾기가 너무 어려워요 ㅠ.ㅠ 연어는 알러지 확률이 낮다고 너무 많은 사료에 들어있더라고요... 혹시 아시는 괜찮은 사료 있으시면 알려주심 좋겠어요,2026-02-09,강아지 사료 알레르기,미상,,page,explore,2026-09-28T14:44:14
youtube,https://www.youtube.com/watch?v=RUY5no43-h4&lc=UgxjPfphBlolYbHTEd94AaABAg,3a1f8350d840e385,"강아지 눈물, 발사탕, 알러지까지? 보호자들이 진짜 많이 물어보는 사료 추천","댓글들이 이렇게 유용한 건 처음이네요!❤ 다들 사랑으로 키우시는게 느껴져요! 방부제, 첨가제 때문에 알러지 생기는 줄 알고 사료 외엔 만들어 먹였는데 그래도 알러지 때문에 고생하는 울 강쥐 때문에 검색해 봤더니 그냥 식품들도 알러지가 있다는걸 알았네요😢  강쥐 고생시키지 않으려면  많이 공부해야 할것 같아요ㅜㅜ",2026-01-01,강아지 사료 알레르기,미상,,page,explore,2026-09-28T14:44:14
youtube,https://www.youtube.com/watch?v=RUY5no43-h4&lc=Ugz0KbIRC6gazpTVghZ4AaABAg,0fac25620927446a,"강아지 눈물, 발사탕, 알러지까지? 보호자들이 진짜 많이 물어보는 사료 추천","4살9개월 포메입니다. 가을에서 겨울로 바뀔때에 (10월 이후) 빨간눈물을 흘립니다. 약 3개월정도 지나면 원상복귀 되는데 이건 무엇때문일까요? 매년 같은 증상이 비슷한 시기에 나타나요.
25년도에는 증상이 11월쯤부터 시작이 되었습니다. 왜 그럴까요... 오메가3와 안티놀을 급여하면 내년 이맘때쯤엔 안그럴까요?😅😅",2025-12-25,강아지 사료 알레르기,미상,,page,explore,2026-09-28T14:44:14
youtube,https://www.youtube.com/watch?v=b_Zklk1idhE&lc=UgwBpO0cR-RHGkP3lI94AaABAg,76b1605ae28a3e97,강아지가 이런 신호 보이면? 지체하지 말고 바로 병원!,아... 방금 강아지 D뻔 했는데 강아지 코 땜에,2026-07-18,강아지 소화,미상,,page,explore,2026-09-28T14:44:39
youtube,https://www.youtube.com/watch?v=b_Zklk1idhE&lc=UgwcgZWsOrFKSjPudPp4AaABAg,2437fa3f052012e4,강아지가 이런 신호 보이면? 지체하지 말고 바로 병원!,ㅠ,2026-07-09,강아지 소화,미상,,page,explore,2026-09-28T14:44:39
youtube,https://www.youtube.com/watch?v=b_Zklk1idhE&lc=Ugz-Ze41V8J3ziXP2HZ4AaABAg,3adc1cb65a7cebb3,강아지가 이런 신호 보이면? 지체하지 말고 바로 병원!,두번터치에 구독취소,2026-05-02,강아지 소화,미상,,page,explore,2026-09-28T14:44:39
youtube,https://www.youtube.com/watch?v=b_Zklk1idhE&lc=UgyIX0n2NRWiePqv5-V4AaABAg,26146cfb266afd50,강아지가 이런 신호 보이면? 지체하지 말고 바로 병원!,"보통 식욕과 활동량으로 체크하는데 간식이 질려서 안 먹을 수도 있고, 피곤해서 잘 수도 있어요. 제일 잘 먹는 간식이나 고기 같은 것을 냄새 맡게 해줘도 환장하고 일어나 먹지 않고 똑같이 축쳐져 누워있으면 바로 병원가세요.",2026-03-13,강아지 소화,미상,,page,explore,2026-09-28T14:44:39
youtube,https://www.youtube.com/watch?v=b_Zklk1idhE&lc=Ugzpd-EvCcB9inXcs-x4AaABAg,6ffdaf964d7b85d9,강아지가 이런 신호 보이면? 지체하지 말고 바로 병원!,감사합니다,2026-02-28,강아지 소화,미상,,page,explore,2026-09-28T14:44:39
youtube,https://www.youtube.com/watch?v=b_Zklk1idhE&lc=UgxCfGagJjovmmGGHWh4AaABAg,8c231bb72bed3219,강아지가 이런 신호 보이면? 지체하지 말고 바로 병원!,네,2026-02-16,강아지 소화,미상,,page,explore,2026-09-28T14:44:39
youtube,https://www.youtube.com/watch?v=b_Zklk1idhE&lc=UgxVB7LhhQh0pbqdZGl4AaABAg,c12da15ab2e7f72d,강아지가 이런 신호 보이면? 지체하지 말고 바로 병원!,동물병원병원비투명하게해라,2026-02-06,강아지 소화,미상,,page,explore,2026-09-28T14:44:39
youtube,https://www.youtube.com/watch?v=b_Zklk1idhE&lc=UgwUhKtz3eYkwycvtc14AaABAg,4218e526035133d5,강아지가 이런 신호 보이면? 지체하지 말고 바로 병원!,너무당연한거라 깜짝놀람,2026-02-05,강아지 소화,미상,,page,explore,2026-09-28T14:44:39
youtube,https://www.youtube.com/watch?v=b_Zklk1idhE&lc=Ugyh2UEuHKR4mEqA7O54AaABAg,b3816332a81ab04c,강아지가 이런 신호 보이면? 지체하지 말고 바로 병원!,돈이 드니깐 병원안가는거지,2025-11-14,강아지 소화,미상,,page,explore,2026-09-28T14:44:39
youtube,https://www.youtube.com/watch?v=b_Zklk1idhE&lc=UgxfV7vD9NN4STfmcCB4AaABAg,e20bb3cc2cb6613b,강아지가 이런 신호 보이면? 지체하지 말고 바로 병원!,한쪽 코에서만 콧물이 나오거나 재채기를 자주하면 종양일 수 있으니 큰병원으로 데려가 CT 촬영을 해주세요,2025-10-29,강아지 소화,미상,,page,explore,2026-09-28T14:44:39
youtube,https://www.youtube.com/watch?v=b_Zklk1idhE&lc=Ugzfcby8rS74A6_gRiF4AaABAg,41ca23a5b16967f5,강아지가 이런 신호 보이면? 지체하지 말고 바로 병원!,"강쥐가 며칠밥을 잘 안먹어 볼때 마다 살이빠진듯 호흡소리는 보통이고 설사 혈뇨 없는데 
왠지 그전만 못하게 누워만잇으려고하고 
병원 데리고 갔더니 신부전증이라고 입원비 겁나 비쌈~~!!
직장없는 사람 강아지 병원 못 데려 갈수도~~!!",2025-10-23,강아지 소화,미상,,page,explore,2026-09-28T14:44:39
youtube,https://www.youtube.com/watch?v=b_Zklk1idhE&lc=UgyX-_Vm4v0vZAKnn3V4AaABAg,ce9f229319b4a67b,강아지가 이런 신호 보이면? 지체하지 말고 바로 병원!,저정도 상태면 병원안대꼬가는게 ㅁㅊ 넘이지,2025-10-09,강아지 소화,미상,,page,explore,2026-09-28T14:44:39
youtube,https://www.youtube.com/watch?v=b_Zklk1idhE&lc=Ugxdr6_SYoDlu7mmkuR4AaABAg,c5f36850a3dca158,강아지가 이런 신호 보이면? 지체하지 말고 바로 병원!,구토하고 계속설사하고 심장이빨라지고 배애서 이상한소리가계속남 새벽에계속 잠못자고 왔다갔다 혈변보이기에 병원같네요  지인이 복숭아황도를 우리강아지한테줘서주지말라고했는데 줘도 소량만주라노했는데도 너무 잘먹는다고 주더니만 결국 병원행 정말큰일날뻔했네요 2틀이정말힘들었너요  오늘은좀기운차린듯,2025-10-01,강아지 소화,미상,,page,explore,2026-09-28T14:44:39
youtube,https://www.youtube.com/watch?v=GRNl9jq4vxc&lc=Ugzfks3r638KMi9JE_d4AaABAg,58aebf7aed363696,강아지 다리가 부드럽게 풀리는 마사지 꿀팁!,저렇게 하다 손 물림…심지어 짧게 했다가,2026-08-04,강아지 소화,미상,,page,explore,2026-09-28T14:44:39
youtube,https://www.youtube.com/watch?v=GRNl9jq4vxc&lc=UgwppgcciQk6InPWXxt4AaABAg,2979df938692c051,강아지 다리가 부드럽게 풀리는 마사지 꿀팁!,눌럿을때 가만있으면 안아픈건가요?😢,2026-07-20,강아지 소화,미상,,page,explore,2026-09-28T14:44:39
youtube,https://www.youtube.com/watch?v=GRNl9jq4vxc&lc=Ugx-UVkLJCpsigczQ3B4AaABAg,ba8fa099daafb921,강아지 다리가 부드럽게 풀리는 마사지 꿀팁!,해보니까 싫어하면서 도망감,2026-02-14,강아지 소화,미상,,page,explore,2026-09-28T14:44:39
youtube,https://www.youtube.com/watch?v=pxydNRHV9no&lc=UgzXtKnSxxwWOVCkp4V4AaABAg,1060ac1fb3f64754,shorts) 강아지가 토를 했는데 원인을 모른다면?,투명토는요?,2026-07-29,강아지 소화,미상,,page,explore,2026-09-28T14:44:39
youtube,https://www.youtube.com/watch?v=pxydNRHV9no&lc=UgyBEzagNaT0yf8MGP54AaABAg,ba627f5203720a8e,shorts) 강아지가 토를 했는데 원인을 모른다면?,흰토 원인은  무언가요 ?,2026-07-13,강아지 소화,미상,,page,explore,2026-09-28T14:44:39
youtube,https://www.youtube.com/watch?v=pxydNRHV9no&lc=UgyqeFyL7NrPV_f8DQF4AaABAg,f1e7cde0e625dce8,shorts) 강아지가 토를 했는데 원인을 모른다면?,난 강아지 안 키워!!!!!,2026-07-11,강아지 소화,미상,,page,explore,2026-09-28T14:44:39
youtube,https://www.youtube.com/watch?v=pxydNRHV9no&lc=UgxagAqzazr-eUxDkQR4AaABAg,776296563ee53649,shorts) 강아지가 토를 했는데 원인을 모른다면?,하얀색은요?,2026-06-08,강아지 소화,미상,,page,explore,2026-09-28T14:44:39
youtube,https://www.youtube.com/watch?v=pxydNRHV9no&lc=Ugy9PhPxPRPLG11w3fJ4AaABAg,c084318e79d35894,shorts) 강아지가 토를 했는데 원인을 모른다면?,저희 강아지는 똥먹었는데 토 안하는데요?이건 뭐에요?심지어 풀도 먹었어요,2026-06-03,강아지 소화,미상,,page,explore,2026-09-28T14:44:39
youtube,https://www.youtube.com/watch?v=pxydNRHV9no&lc=Ugw4ZcuhUiZGKnPgeSN4AaABAg,179e9462e573f28b,shorts) 강아지가 토를 했는데 원인을 모른다면?,하얀색은요?,2026-05-29,강아지 소화,미상,,page,explore,2026-09-28T14:44:39
youtube,https://www.youtube.com/watch?v=pxydNRHV9no&lc=UgwTMox9a2R7KJOi1_d4AaABAg,b36683941f456071,shorts) 강아지가 토를 했는데 원인을 모른다면?,😂😂😂😂,2026-05-21,강아지 소화,미상,,page,explore,2026-09-28T14:44:39
youtube,https://www.youtube.com/watch?v=pxydNRHV9no&lc=UgwiocNMwsKEtz3YuQ14AaABAg,26233e55e9e43105,shorts) 강아지가 토를 했는데 원인을 모른다면?,"1,000번째 댓글❤❤",2026-05-09,강아지 소화,미상,,page,explore,2026-09-28T14:44:39
youtube,https://www.youtube.com/watch?v=pxydNRHV9no&lc=UgzrjLTPZGcgmsvv4LJ4AaABAg,5402bbef849d6db8,shorts) 강아지가 토를 했는데 원인을 모른다면?,강아지귀여영,2026-05-04,강아지 소화,미상,,page,explore,2026-09-28T14:44:39
youtube,https://www.youtube.com/watch?v=pxydNRHV9no&lc=Ugw6TJsrGt5GIvo702N4AaABAg,1c3f8e8a3d0abc17,shorts) 강아지가 토를 했는데 원인을 모른다면?,강아지 🐶 ❤🎉❤🎉❤🎉귀엽다,2026-03-28,강아지 소화,미상,,page,explore,2026-09-28T14:44:39
youtube,https://www.youtube.com/watch?v=pxydNRHV9no&lc=UgyjUlUJ-GuBCzoe58Z4AaABAg,6f32dd7b03e072a5,shorts) 강아지가 토를 했는데 원인을 모른다면?,우리강아지가 똥을 먹었나..?,2026-03-10,강아지 소화,미상,,page,explore,2026-09-28T14:44:39
youtube,https://www.youtube.com/watch?v=pxydNRHV9no&lc=UgzwM2DHgSH_nSJEb-d4AaABAg,f331bee689912db8,shorts) 강아지가 토를 했는데 원인을 모른다면?,내 강아지 어제 똥먹어서 두쫀쿠 토 했는데,2026-02-28,강아지 소화,미상,,page,explore,2026-09-28T14:44:39
youtube,https://www.youtube.com/watch?v=pxydNRHV9no&lc=Ugw8C7-ENoJqHOLvvLh4AaABAg,0f02751cd719f969,shorts) 강아지가 토를 했는데 원인을 모른다면?,정보 알려줘서 감사합니다ㅠㅠ❤❤❤😮😮😮😊😊😊,2026-02-13,강아지 소화,미상,,page,explore,2026-09-28T14:44:39
youtube,https://www.youtube.com/watch?v=pxydNRHV9no&lc=Ugx7vjYm9JoYumvNPr14AaABAg,82719be71e0b2deb,shorts) 강아지가 토를 했는데 원인을 모른다면?,오늘 우리 강아지가 초록색 토를 했는데ㅠㅠ😭😭😭어쩐지 좀 자주 밖에서 풀을 뜯어먹더라ㅠㅠㅠㅠㅠ😭😭😭😭😭😭😭😭😭😭😭😭😭,2026-02-13,강아지 소화,미상,,page,explore,2026-09-28T14:44:39
youtube,https://www.youtube.com/watch?v=pxydNRHV9no&lc=Ugz0VuDuJIr8IhcNw2N4AaABAg,73f7adf04ae32d85,shorts) 강아지가 토를 했는데 원인을 모른다면?,그러면 하얀색토는여?,2026-01-13,강아지 소화,미상,,page,explore,2026-09-28T14:44:39
youtube,https://www.youtube.com/watch?v=pxydNRHV9no&lc=Ugyhekb0wGzYZrKjw8R4AaABAg,40280be313f32ffc,shorts) 강아지가 토를 했는데 원인을 모른다면?,강아지 10 개월 임다  전번 1번 오늘 배를 울릉거리면 흰거품   거품토입니다 몇번이나 헛구토 하면서 힌거품 나와서요 괜찬을가요 먹인것은 사과 고구마 쬐끔먹겨서요 감사합니다 😂,2025-12-18,강아지 소화,미상,,page,explore,2026-09-28T14:44:39
youtube,https://www.youtube.com/watch?v=pxydNRHV9no&lc=UgwT-7wSw04kuZ2MAYN4AaABAg,bdbccc02585e603d,shorts) 강아지가 토를 했는데 원인을 모른다면?,강아지가 초록색 덩어리토로 했는데...,2025-11-29,강아지 소화,미상,,page,explore,2026-09-28T14:44:39
youtube,https://www.youtube.com/watch?v=pxydNRHV9no&lc=Ugw1tVFhXPh-8dYtIs94AaABAg,5674c6facff82878,shorts) 강아지가 토를 했는데 원인을 모른다면?,정보 좋아요,2025-10-06,강아지 소화,미상,,page,explore,2026-09-28T14:44:39
youtube,https://www.youtube.com/watch?v=pxydNRHV9no&lc=UgynQ4btjtQMLjGxXXR4AaABAg,74f17ea540dded99,shorts) 강아지가 토를 했는데 원인을 모른다면?,노란색 토를 해서 방금 밥을 줬는데 혹시나 걱정이 되서요 병원에 가봐야 할까요?ㅠㅜ,2025-10-02,강아지 소화,미상,,page,explore,2026-09-28T14:44:39
youtube,https://www.youtube.com/watch?v=CrHjn0FYYOM&lc=UgzQkqOpv3JhbrDIkSt4AaABAg,d1597c62a008f7d8,약사가 강아지를 위해 집에 꼭 구비해두는 췌장염 예방 영양제! 췌장염이 걱정인 보호자분들 꼭 확인하세요,"안녕하세요 여러분! 어떤약사입니다
오늘은 우리 강아지 배아플 때, 체했을 때, 소화 안될 때 먹일 수 있는 약을 알려드릴게요!

저희 양갱이는 어렸을 때 많이 아팠어서 (파보로 장벽이 녹음)
스트레스받으면 소화부터 안되고, 환경만 바뀌면 바로 토하고 이래서
췌장염도 걸리고 (다행히 빨리 나았습니다 - 인간음식을 먹고 아파버렸어요)
어렸을 때 부터 동물병원 정말 많이 다녔거든요..ㅠㅠ 약 수십회...랄까요 ㅎ

그러면서 하나하나 정보를 수집하고, 배우면서 알게 된 강아지 복통, 소화, 췌장염 예방 약!
알려드릴게용

~~~~강아지 구토 후 위장 보호, 진정~~~~~
1. 알마겔/알마겔F ( 20포 기준 6000원 전후-약국에서 구매가능)
위산을 중화하고 위벽을 보호해주는 짜먹는 알마게이트 성분!
5KG강아지 기준 5ml를 아침저녁(알마겔) or 3ml를 아침저녁(알마겔F)

~~~여기서부터는 소화효소입니당~~~
2. 베스타제 (1000정기준 약 10만원대-약국에서 구매 가능)
5kg미만은 반알
5~10kg는 1알
10~20kg까지는 1.5알, 
그 이상은 2알씩 하루 2회 복용!

3. 엔자이메디카 다이제스트 골드 (90캡슐 기준 4만원대-직구)
 10kg 미만 강아지는 1/4캡슐씩
10kg 이상 강아지는 1/2캡슐씩 하루 2회 복용!


4. 제스타제 (10정 6000원~6500원-동물약국에서 구매가능)
5kg미만은 반알
5~10kg는 1알
10~20kg까지는 1.5알, 
그 이상은 2알씩 하루 2회 복용!

나에게 딱 맞는 최적의 영양제 조합이 궁금하다면?🔎
http://pf.kakao.com/_xdXUyG

👩🏻‍⚕어떤약사 스마트스토어👩🏻‍⚕
https://m.smartstore.naver.com/awesomeyaksa",2026-04-02,강아지 소화,미상,,page,explore,2026-09-28T14:44:39
youtube,https://www.youtube.com/watch?v=CrHjn0FYYOM&lc=UgxpEZfxT5pGd2gcBAx4AaABAg,20fabda83ff6c102,약사가 강아지를 위해 집에 꼭 구비해두는 췌장염 예방 영양제! 췌장염이 걱정인 보호자분들 꼭 확인하세요,"약사님❤감사합니다
잘듣고 갑니다.🙏",2026-09-27,강아지 소화,미상,,page,explore,2026-09-28T14:44:39
youtube,https://www.youtube.com/watch?v=CrHjn0FYYOM&lc=Ugy5kVBttY-2fKUvQYB4AaABAg,4f4284d65b3be0d9,약사가 강아지를 위해 집에 꼭 구비해두는 췌장염 예방 영양제! 췌장염이 걱정인 보호자분들 꼭 확인하세요,"음식 다 문제면 뭐그냥 간식조차 맥이지말고 사료만드세요 사료안에 다들어잇어요..
전 사료랑 야채, 영양제만 먹이고딴거 안먹어요",2026-09-27,강아지 소화,미상,,page,explore,2026-09-28T14:44:39
youtube,https://www.youtube.com/watch?v=CrHjn0FYYOM&lc=Ugyitvvzz1MF1EpDKAB4AaABAg,3f3007c7eef04483,약사가 강아지를 위해 집에 꼭 구비해두는 췌장염 예방 영양제! 췌장염이 걱정인 보호자분들 꼭 확인하세요,기지개는 안펴는데 복명음만 들리고 밥은 잘먹어요 그럴땐 어떤약을 먹여야할까요????,2026-09-26,강아지 소화,미상,,page,explore,2026-09-28T14:44:39
youtube,https://www.youtube.com/watch?v=CrHjn0FYYOM&lc=Ugwn5X0Kl6qiz_eJ-dZ4AaABAg,2edc954130c4fbe8,약사가 강아지를 위해 집에 꼭 구비해두는 췌장염 예방 영양제! 췌장염이 걱정인 보호자분들 꼭 확인하세요,강아지   눈물 약  알려주세요,2026-09-26,강아지 소화,미상,,page,explore,2026-09-28T14:44:39
youtube,https://www.youtube.com/watch?v=CrHjn0FYYOM&lc=UgyeWhd6Oarg73q88Wx4AaABAg,2209413f5e022570,약사가 강아지를 위해 집에 꼭 구비해두는 췌장염 예방 영양제! 췌장염이 걱정인 보호자분들 꼭 확인하세요,약팔이 말은 거르셔요~아프면 병원을 가서 정확한 진단을 받아야지,2026-09-25,강아지 소화,미상,,page,explore,2026-09-28T14:44:39
youtube,https://www.youtube.com/watch?v=CrHjn0FYYOM&lc=UgzwDDz3GyJX_Y0ZVV14AaABAg,b853778ecff35e31,약사가 강아지를 위해 집에 꼭 구비해두는 췌장염 예방 영양제! 췌장염이 걱정인 보호자분들 꼭 확인하세요,"아침에 일어났을때 저렇게 기지개펴고 
풀도 좋아하는 맛?의 풀 있으면 먹는데… 보호소에서 입양한 첫날부터 풀 뜯어먹던데…",2026-09-25,강아지 소화,미상,,page,explore,2026-09-28T14:44:39
youtube,https://www.youtube.com/watch?v=CrHjn0FYYOM&lc=UgxcYirQLrzXz_7tNOZ4AaABAg,2a25f60376a05cd4,약사가 강아지를 위해 집에 꼭 구비해두는 췌장염 예방 영양제! 췌장염이 걱정인 보호자분들 꼭 확인하세요,"사람 약사 인가요?
개 약사 인가요?",2026-09-23,강아지 소화,미상,,page,explore,2026-09-28T14:44:39
youtube,https://www.youtube.com/watch?v=CrHjn0FYYOM&lc=Ugw_LdJdYWxZ8usxFQl4AaABAg,b00fd3d5ac27bfab,약사가 강아지를 위해 집에 꼭 구비해두는 췌장염 예방 영양제! 췌장염이 걱정인 보호자분들 꼭 확인하세요,"울 강아지는 산책할때 계속은아니지만
 한두번정도 풀을 뜯어먹어요 걱정되네요",2026-09-23,강아지 소화,미상,,page,explore,2026-09-28T14:44:39
youtube,https://www.youtube.com/watch?v=CrHjn0FYYOM&lc=UgyXM1C0eRzMQJk36-J4AaABAg,24571f9a77248f6f,약사가 강아지를 위해 집에 꼭 구비해두는 췌장염 예방 영양제! 췌장염이 걱정인 보호자분들 꼭 확인하세요,저희애기는 9키로정도 되는데하루 한끼정도 먹는데 반 캡슬주면되나요??,2026-09-22,강아지 소화,미상,,page,explore,2026-09-28T14:44:39
youtube,https://www.youtube.com/watch?v=CrHjn0FYYOM&lc=Ugze1GV3FvfQ4i5ACH14AaABAg,8b087e96e0a249b2,약사가 강아지를 위해 집에 꼭 구비해두는 췌장염 예방 영양제! 췌장염이 걱정인 보호자분들 꼭 확인하세요,강아지 무른 변은 뭘 먹여야 하나요?,2026-09-22,강아지 소화,미상,,page,explore,2026-09-28T14:44:39
youtube,https://www.youtube.com/watch?v=CrHjn0FYYOM&lc=Ugz1FZ-OgwUszLpuEZR4AaABAg,08c86ea79db151b7,약사가 강아지를 위해 집에 꼭 구비해두는 췌장염 예방 영양제! 췌장염이 걱정인 보호자분들 꼭 확인하세요,"개껌 절대먹이지마세요
이분말이 정확
우리아이개껌먹다가
췌장염옴
딱딱한거 제대로안씹거든요
일주일입원하고350만원
돈 없었으면 죽었을 거예요. 근데 돈보다 아이가 너무 힘들어 했어요. 설사에토하고침을 질질흘리고
매일
방석을 3개씩 갈아 주러 갔었다가
문병갈때마다얼마나미안햇던지
나는 너무 피곤한데 놀아 달라고 해서 개껌을 줬었는데 너무 그게 미안했었죠
부모가 된다는 건 많은 지식이 있어야 돼요.
특히 말 못 하는 자식을 둘 때는",2026-09-22,강아지 소화,미상,,page,explore,2026-09-28T14:44:39
youtube,https://www.youtube.com/watch?v=CrHjn0FYYOM&lc=Ugy5bUWNY-onKKI5voB4AaABAg,1eedddeaf491a5ce,약사가 강아지를 위해 집에 꼭 구비해두는 췌장염 예방 영양제! 췌장염이 걱정인 보호자분들 꼭 확인하세요,우리아이가 12살입니다. 보통 한달에 두번정도는 구토하는현상이 있어요. 지금 이영상에서 나오는 약중에서 어떤것을 먹여야 좋은지요 참고로 여기는 미국입니다. 한국에있는동생에게 부탁해서 보내달라고 할예정입니다. 1번 2번 3번 다사야될까요. 그리고 전화번호를  알려주세요. 동생이 전화드리고 배달부탁할려고합니다. 2026.09.20,2026-09-21,강아지 소화,미상,,page,explore,2026-09-28T14:44:39
youtube,https://www.youtube.com/watch?v=CrHjn0FYYOM&lc=UgyCH5FK0X7P2AtWJMR4AaABAg,189e5cc8e3884c14,약사가 강아지를 위해 집에 꼭 구비해두는 췌장염 예방 영양제! 췌장염이 걱정인 보호자분들 꼭 확인하세요,카베진같은건 별루인가요?,2026-09-12,강아지 소화,미상,,page,explore,2026-09-28T14:44:39
youtube,https://www.youtube.com/watch?v=CrHjn0FYYOM&lc=UgzI1wA8DlRPv3H7W_94AaABAg,20e035826b900593,약사가 강아지를 위해 집에 꼭 구비해두는 췌장염 예방 영양제! 췌장염이 걱정인 보호자분들 꼭 확인하세요,"혹시
콜레스테롤  관련 약으 없으실까요",2026-09-11,강아지 소화,미상,,page,explore,2026-09-28T14:44:39
youtube,https://www.youtube.com/watch?v=CrHjn0FYYOM&lc=UgzBc5NtlZ-hAMsFpEl4AaABAg,73273cc22f8a8c44,약사가 강아지를 위해 집에 꼭 구비해두는 췌장염 예방 영양제! 췌장염이 걱정인 보호자분들 꼭 확인하세요,"선생님 저 꼭 답변한번만해주세요 
 40키로 리트리버에요 아파서병원을가니 혈액검사엑스레이를찍고 혈액검사상 다른건 다정상인데 염증수치가 190이고 림프절이많이부어있어서 종양인지아닌지 모르겠다고일단 약을먹여보자고 3주치약을처방받았어요 
밥도못먹고 혼자 못일어날정도 힘들어했는데 4일약을먹고 식욕도되찾고 잘일어나서돌아다니고 했어요 근데5일차에서 밥은잘먹는데 갑자기 일어나질못하고 엎드려만있어야하는상황까지왔어요 호전되고있다가 이상황이 이해가 안가서요 
약 성분이 항생제종류만두개이고 스트로이드제까지 있는데 
한번만 봐주세요 ㅠㅠ 선생님
셉트린정 
소론도정
아모크라정
페니라민정
입니다",2026-08-28,강아지 소화,미상,,page,explore,2026-09-28T14:44:39
youtube,https://www.youtube.com/watch?v=CrHjn0FYYOM&lc=Ugy9HKtT90W1hMPFVQV4AaABAg,ea800b524ee5a46d,약사가 강아지를 위해 집에 꼭 구비해두는 췌장염 예방 영양제! 췌장염이 걱정인 보호자분들 꼭 확인하세요,여기서 나오는 제품이 엄청 비싸요..,2026-08-24,강아지 소화,미상,,page,explore,2026-09-28T14:44:39
youtube,https://www.youtube.com/watch?v=CrHjn0FYYOM&lc=UgxhNNX4Zt9A_HlJPGd4AaABAg,6ffa11af53a7a796,약사가 강아지를 위해 집에 꼭 구비해두는 췌장염 예방 영양제! 췌장염이 걱정인 보호자분들 꼭 확인하세요,이런 전문적인 내용은 수의사 분께 넘겨주시지요?,2026-08-21,강아지 소화,미상,,page,explore,2026-09-28T14:44:39
youtube,https://www.youtube.com/watch?v=CrHjn0FYYOM&lc=Ugyk5GjsJCgZ72GFdJx4AaABAg,e897cf8b37062e44,약사가 강아지를 위해 집에 꼭 구비해두는 췌장염 예방 영양제! 췌장염이 걱정인 보호자분들 꼭 확인하세요,궁금한게 있어요! 소화효소는 영양제처럼 늘상 먹여도 되는건가요? 아니면 소화불량으로 의심될때 보조 역할로 그때만 먹이는걸까요?,2026-08-21,강아지 소화,미상,,page,explore,2026-09-28T14:44:39
youtube,https://www.youtube.com/watch?v=g1InKD61Lkw&lc=UgzwEDvfYYIG7WHnHMN4AaABAg,de1da4c53690e57a,"강아지가 밥을 안먹는 이유, 식욕부진 원인과 해결방법! | 20년차 수의사가 알려드립니다","10살 푸들 보호자예요.  저희 아이는 3년 가까이 한 달에 10번 이상 설사와 혈변을 반복했고, 특히 비 오는 날☔이면 유난히 컨디션이 나빠졌어요. 다른 병원에서는 날씨와의 관련성을 잘 모르겠다고 했는데, 청담장튼튼동물병원 첫 진료 날 원장님께서 먼저 “비 오는 날 더 힘들어하지 않나요?”라고 물으셔서 정말 놀랐던 기억이 납니다. 영상 내용처럼 저희 아이도 선천적인 척수 문제로 날씨에 영향을 받을 수 있다는 설명도 처음 들었어요.    
정밀검사를 통해 '2차성 애디슨증후군'(이런 병명도 처음 알았어요!!)을 찾아주시고, 식이🍚·분변이식💩·약물치료💊를 해주신 덕분에 지금은 정말 건강해졌습니다. 체중도 2.3kg에서 3.1kg이 되었고💪, 10살인데도 2~3살 같은 텐션이에요!❤ 매일이 기적 같습니다. 원장님, 늘 감사드려요😊 우연히 채널을 발견해 반가운 마음에 댓글 남깁니다. 구독·좋아요·알림 설정 완료! :)",2026-08-30,강아지 식욕,미상,,page,explore,2026-09-28T14:45:02
youtube,https://www.youtube.com/watch?v=Fn91Bo31OXI&lc=UgzmsHjIykorxzREbjt4AaABAg,0727e66931379d25,"먹어도 먹어도 배고픈 강아지, 이유가 있어요! 🤤 l 1문 1답 Q&A l 설채현 수의사",시바 3살 수컷인데 엄청 착하고 통제가 가능한데 사람만 없으면 음식을 찾아서 먹어요,2026-05-08,강아지 식욕,미상,,page,explore,2026-09-28T14:45:02
youtube,https://www.youtube.com/watch?v=Fn91Bo31OXI&lc=UgymWMvnBKqiEDDYw5h4AaABAg,5fc15b272819ff5c,"먹어도 먹어도 배고픈 강아지, 이유가 있어요! 🤤 l 1문 1답 Q&A l 설채현 수의사",진짜 어쩜 먹어도 먹어도 배고파하는지 펫샵에서 와서 굶었나 ㅜ  실컷 먹여보고도 싶은데;; 노즈워크로 주는데  만족 못하는 것 같아요 .... 더주면 살찌고.. 양 맞추기 힘드네요 이식증도 있는데 ㅠ,2026-02-19,강아지 식욕,미상,,page,explore,2026-09-28T14:45:02
youtube,https://www.youtube.com/watch?v=Fn91Bo31OXI&lc=UgwAZxmZZ6g9qTE5J114AaABAg,d82899628942d26d,"먹어도 먹어도 배고픈 강아지, 이유가 있어요! 🤤 l 1문 1답 Q&A l 설채현 수의사",줄때까지계속칭얼거려요 무관심하게훈련을새도소용이없네요,2026-01-02,강아지 식욕,미상,,page,explore,2026-09-28T14:45:02
youtube,https://www.youtube.com/watch?v=Fn91Bo31OXI&lc=Ugw6uy2972vwsSoFUn94AaABAg,435568509177d2ad,"먹어도 먹어도 배고픈 강아지, 이유가 있어요! 🤤 l 1문 1답 Q&A l 설채현 수의사",좀 전에 양배추 한 그릇 줬네요. 😅,2025-10-29,강아지 식욕,미상,,page,explore,2026-09-28T14:45:02
youtube,https://www.youtube.com/watch?v=21aE2HGciGw&lc=UgwUTfO4Ad5odoG2PyZ4AaABAg,a3b7b29cb59973ab,강아지가 갑자기 식욕이 줄어드는 이유는?,좋은정보 감사합니다.,2025-11-21,강아지 식욕,미상,,page,explore,2026-09-28T14:45:02
youtube,https://www.youtube.com/watch?v=F8k2PlA7VFU&lc=UgzA6UxEJUF4u4kuGdN4AaABAg,f66e7bd69b50893f,강아지의 가장 이상적인 간식양이 있다고요? 🥮 l 1문 1답 Q&A l 설채현 행동학 수의사,"저게 뭔 말인가요? 인간으로따질때 기초대사량을 나눈값인가 
저래다따지고 하면 . 참 밸라다 걍 감으로 줍니다 옛어르신들은 사랑이 넘처서 많이 줬다하면 조금씩 종이컵 분량으로 나눠주다보면 그친구 갭량 나와요",2026-08-18,강아지 간식 관리,미상,,page,explore,2026-09-28T14:45:12
youtube,https://www.youtube.com/watch?v=F8k2PlA7VFU&lc=UgzJIOlHmL-8uTP2L6x4AaABAg,5d0dd55d0ce765af,강아지의 가장 이상적인 간식양이 있다고요? 🥮 l 1문 1답 Q&A l 설채현 행동학 수의사,쉽게쉽게,2026-03-19,강아지 간식 관리,미상,,page,explore,2026-09-28T14:45:12
youtube,https://www.youtube.com/watch?v=F8k2PlA7VFU&lc=Ugz3lx4YSURs7oixUdt4AaABAg,733c5d97b236fe69,강아지의 가장 이상적인 간식양이 있다고요? 🥮 l 1문 1답 Q&A l 설채현 행동학 수의사,간식을 10% 주면 사료의 칼로리를 10% 빼는 건가요?? ㅠㅠ,2025-12-15,강아지 간식 관리,미상,,page,explore,2026-09-28T14:45:12
youtube,https://www.youtube.com/watch?v=jFob2UP2QVA&lc=Ugypvf8S5nzDZTYgBWV4AaABAg,3bae9eab1372aef6,강아지 바나나치즈케이크 제조법 | 초간단 강아지 간식 만들기,"전자레인지 3분이면 완성❗️⏱️
단 4가지 재료로 만드는 초간단 강아지 바나나치즈케이크!🍌🧀
저장 꾹꾹 눌러두고 우리 강아지 생일때
만들어주자!!🎂

준비물:바나나 1/2개,계란 1개,아기치즈 1단계 1장,쌀가루 3큰술(약 20g)
*사용한 쌀가루:청오 유기농 쌀가루
*사용한 치즈:앙팡 아기치즈 1단계

🍌바나나는 비타민 B와 C가 풍부하여 반려견의 면역력 강화를 돕고 식이섬유가 풍부하여 반려견의 소화를 도와 변비를 예방해줍니다:)

1.바나나를 으깬 후 아기치즈와 함께 섞어준다
*전자레인지에 30초정도 돌려서 치즈를 녹인후 섞어주세요
2.1의 반죽에 계란과 쌀가루를 넣고 섞어준다
3.오일을 살짝바른 전자레인지 용기에 반죽을 담은 뒤 윗면을 매끈하게 만들어준다
*오일은 올리브오일,코코넛오일 등을 이용해주시면 돼요!
*오일을 바르지 않으면 굽고난 뒤 잘 떨어지지 않아요!
4.그릇위에 랲을 씌우고 구멍을 살짝 뚫어 전자레인지 3분 돌려준다
5.잘 식힌 후 반려견에게 급여해주세요😋
*냉장보관시 3일 냉동보관시 2~3주 내로 급여해주시는 것을 추천드려요:)

더 궁금하신점이 있다면 댓글로 달아주세요~!",2025-10-16,강아지 간식 관리,미상,,page,explore,2026-09-28T14:45:12
youtube,https://www.youtube.com/watch?v=jFob2UP2QVA&lc=UgxwqtejjQiLArMzcgF4AaABAg,e75609cba8a63bef,강아지 바나나치즈케이크 제조법 | 초간단 강아지 간식 만들기,우와 저희집 강아지도 만들어줘야겠어요❤,2026-08-23,강아지 간식 관리,미상,,page,explore,2026-09-28T14:45:12
youtube,https://www.youtube.com/watch?v=jFob2UP2QVA&lc=UgxC49k1ekanO7H6Yyp4AaABAg,552914f7cdf0b84c,강아지 바나나치즈케이크 제조법 | 초간단 강아지 간식 만들기,혀 마중나오는거 진짜 귀엽네ㅋㅋㅋ,2026-04-11,강아지 간식 관리,미상,,page,explore,2026-09-28T14:45:12
youtube,https://www.youtube.com/watch?v=jFob2UP2QVA&lc=UgzpXYDe8-wi7Fw3rJh4AaABAg,0fdcb197a0c8e65c,강아지 바나나치즈케이크 제조법 | 초간단 강아지 간식 만들기,저.. 이거 강아지 먹어도 돼는 거죠. .....!,2026-03-18,강아지 간식 관리,미상,,page,explore,2026-09-28T14:45:12
youtube,https://www.youtube.com/watch?v=jFob2UP2QVA&lc=UgxdinE0RjoJ_QpRCvx4AaABAg,3987fe7d22e1c6d6,강아지 바나나치즈케이크 제조법 | 초간단 강아지 간식 만들기,"그 혹시 강아지가 유제품 먹어도 되나여..? 전 안되는걸루 알고있는데 

우리 강쥐한테 줘도 안전할까요 ㅠ",2026-02-16,강아지 간식 관리,미상,,page,explore,2026-09-28T14:45:12
youtube,https://www.youtube.com/watch?v=jFob2UP2QVA&lc=Ugw3_KogzQQ6JyWcdlJ4AaABAg,8c6f8e143e376885,강아지 바나나치즈케이크 제조법 | 초간단 강아지 간식 만들기,어떻게 눈이 저리 예뻐..,2025-12-10,강아지 간식 관리,미상,,page,explore,2026-09-28T14:45:12
youtube,https://www.youtube.com/watch?v=jFob2UP2QVA&lc=UgyO3VX7xYsHy-dqC994AaABAg,c96972663ab24929,강아지 바나나치즈케이크 제조법 | 초간단 강아지 간식 만들기,이집 멍멍이는 맨날 그릇을 핥아 ㅋㅋㅋㅋ,2025-11-18,강아지 간식 관리,미상,,page,explore,2026-09-28T14:45:12
youtube,https://www.youtube.com/watch?v=jFob2UP2QVA&lc=UgyefCqwf-YvXzmaEPF4AaABAg,5ae6e42b9bee8e1a,강아지 바나나치즈케이크 제조법 | 초간단 강아지 간식 만들기,나도먹고싶다,2025-11-14,강아지 간식 관리,미상,,page,explore,2026-09-28T14:45:12
youtube,https://www.youtube.com/watch?v=jFob2UP2QVA&lc=Ugwad1LpwV5rPdqh61p4AaABAg,afda1ba3a361d383,강아지 바나나치즈케이크 제조법 | 초간단 강아지 간식 만들기,하아... 남의집강아지 밥먹는게 왜자꾸 쇼츠에 뜨지? 구독해야지,2025-11-11,강아지 간식 관리,미상,,page,explore,2026-09-28T14:45:12
youtube,https://www.youtube.com/watch?v=jFob2UP2QVA&lc=UgwzjUCHBHMazpXCHSd4AaABAg,d3c9deaa6248b07d,강아지 바나나치즈케이크 제조법 | 초간단 강아지 간식 만들기,냄새를 햝는 건가요?ㅋ,2025-11-10,강아지 간식 관리,미상,,page,explore,2026-09-28T14:45:12
youtube,https://www.youtube.com/watch?v=jFob2UP2QVA&lc=UgxH6AwEiwALzY12LM54AaABAg,d0ba60c09cc874f3,강아지 바나나치즈케이크 제조법 | 초간단 강아지 간식 만들기,이 채널 영상들 강아지 asmr 먹방 영상이넹 😊😊😊,2025-10-26,강아지 간식 관리,미상,,page,explore,2026-09-28T14:45:12
youtube,https://www.youtube.com/watch?v=jFob2UP2QVA&lc=UgywuYLF2Fsz8dNSIAl4AaABAg,04cf58beeff181ed,강아지 바나나치즈케이크 제조법 | 초간단 강아지 간식 만들기,강아지 음식에 침이 나오면 안되는데 ㅠ 너무맛있게먹어서 나와오ㅋㅋㅋ,2025-10-25,강아지 간식 관리,미상,,page,explore,2026-09-28T14:45:12
youtube,https://www.youtube.com/watch?v=jFob2UP2QVA&lc=UgwzRSQYMjX_4Hh3V7R4AaABAg,e210804fa16c10ee,강아지 바나나치즈케이크 제조법 | 초간단 강아지 간식 만들기,너무 귀여워요ㅠㅠ,2025-10-25,강아지 간식 관리,미상,,page,explore,2026-09-28T14:45:12
youtube,https://www.youtube.com/watch?v=jFob2UP2QVA&lc=Ugwi3eGFouFGsJIcieh4AaABAg,188f6df1a261beb8,강아지 바나나치즈케이크 제조법 | 초간단 강아지 간식 만들기,아니... 영상찍기전에도 뭘먹은거같은데..? 입가가 노란데요ㅋㅋㅋㄱㅋㅋ,2025-10-23,강아지 간식 관리,미상,,page,explore,2026-09-28T14:45:12
youtube,https://www.youtube.com/watch?v=jFob2UP2QVA&lc=UgxKyaTBTLh76IRSepZ4AaABAg,db691fd37cad6cdb,강아지 바나나치즈케이크 제조법 | 초간단 강아지 간식 만들기,고양이도 먹어도 되나요,2025-10-20,강아지 간식 관리,미상,,page,explore,2026-09-28T14:45:12
youtube,https://www.youtube.com/watch?v=jFob2UP2QVA&lc=UgzC2-6DtAPInp5c-sl4AaABAg,2005a9d1dd165a27,강아지 바나나치즈케이크 제조법 | 초간단 강아지 간식 만들기,뉘집 강아지인지...호강하네요,2025-10-20,강아지 간식 관리,미상,,page,explore,2026-09-28T14:45:12
youtube,https://www.youtube.com/watch?v=jFob2UP2QVA&lc=Ugx2TQ5SeRIUJH5N4jB4AaABAg,8edee6b84ff805e2,강아지 바나나치즈케이크 제조법 | 초간단 강아지 간식 만들기,너무귀여서,2025-10-19,강아지 간식 관리,미상,,page,explore,2026-09-28T14:45:12
youtube,https://www.youtube.com/watch?v=jFob2UP2QVA&lc=UgzAtGpcmjWDyl9LtCd4AaABAg,4a1c2c5ee770c3d4,강아지 바나나치즈케이크 제조법 | 초간단 강아지 간식 만들기,Ai인가요?,2025-10-19,강아지 간식 관리,미상,,page,explore,2026-09-28T14:45:12
youtube,https://www.youtube.com/watch?v=jFob2UP2QVA&lc=UgxJR3K0KUrYsZoUwfV4AaABAg,f8c2179eea8d0ebe,강아지 바나나치즈케이크 제조법 | 초간단 강아지 간식 만들기,뭘 넣을때마다 그릇에 대고 혀 낼름거려 ㅋㅋㅋㅋㅋㅋ,2025-10-19,강아지 간식 관리,미상,,page,explore,2026-09-28T14:45:12
youtube,https://www.youtube.com/watch?v=jFob2UP2QVA&lc=UgzlhAiHBHT5zKySTtx4AaABAg,0db4d2453115a06a,강아지 바나나치즈케이크 제조법 | 초간단 강아지 간식 만들기,사람도 가능..?,2025-10-19,강아지 간식 관리,미상,,page,explore,2026-09-28T14:45:12
youtube,https://www.youtube.com/watch?v=jFob2UP2QVA&lc=UgxiY5xaUC9iuGRrMVR4AaABAg,34e1e40ea6086530,강아지 바나나치즈케이크 제조법 | 초간단 강아지 간식 만들기,혹시 슬로우식기 재생목록 만들어 주실수 있나요?,2025-10-19,강아지 간식 관리,미상,,page,explore,2026-09-28T14:45:12
youtube,https://www.youtube.com/watch?v=jFob2UP2QVA&lc=UgygXjSpw0f4IAbSV-R4AaABAg,cfb963fcdc15d505,강아지 바나나치즈케이크 제조법 | 초간단 강아지 간식 만들기,구엽네요,2025-10-19,강아지 간식 관리,미상,,page,explore,2026-09-28T14:45:12
youtube,https://www.youtube.com/watch?v=jFob2UP2QVA&lc=Ugx-7GwHuldLdnQXQkd4AaABAg,cf05b95bd341a337,강아지 바나나치즈케이크 제조법 | 초간단 강아지 간식 만들기,어우밟아버려.,2025-10-19,강아지 간식 관리,미상,,page,explore,2026-09-28T14:45:12
youtube,https://www.youtube.com/watch?v=jFob2UP2QVA&lc=UgyRZ51pagyoR6Fqw2p4AaABAg,4a2c0f83484847e8,강아지 바나나치즈케이크 제조법 | 초간단 강아지 간식 만들기,왜약간ai처럼보이는거나만그런가,2025-10-18,강아지 간식 관리,미상,,page,explore,2026-09-28T14:45:12
youtube,https://www.youtube.com/watch?v=jFob2UP2QVA&lc=UgzuQUaICdUWLFXkF9B4AaABAg,56c0c0610197446d,강아지 바나나치즈케이크 제조법 | 초간단 강아지 간식 만들기,혹시 고양이도 먹여도돼나요?....;;;,2025-10-18,강아지 간식 관리,미상,,page,explore,2026-09-28T14:45:12
youtube,https://www.youtube.com/watch?v=jFob2UP2QVA&lc=Ugzx_VZiosHcPjZv8pl4AaABAg,5ac7554655b8c4d8,강아지 바나나치즈케이크 제조법 | 초간단 강아지 간식 만들기,굶긴거 아니죠 왜 나랑 먹성이 똑같지,2025-10-18,강아지 간식 관리,미상,,page,explore,2026-09-28T14:45:12
youtube,https://www.youtube.com/watch?v=jFob2UP2QVA&lc=Ugy1zBAmf_6i3nWtqwV4AaABAg,9d22337c16bec12b,강아지 바나나치즈케이크 제조법 | 초간단 강아지 간식 만들기,"강아지 진짜 귀엽긔 사랑스럽땨…
혹시 음악없이 해주실 수도 있나요?…",2025-10-17,강아지 간식 관리,미상,,page,explore,2026-09-28T14:45:12
youtube,https://www.youtube.com/watch?v=jFob2UP2QVA&lc=Ugz6Q3Lidf4GZjrdicx4AaABAg,bb078037395ef00f,강아지 바나나치즈케이크 제조법 | 초간단 강아지 간식 만들기,ㅋㅋ강아지  보면서 힐링했는데 오늘 넘 귀엽네요😅😅,2025-10-17,강아지 간식 관리,미상,,page,explore,2026-09-28T14:45:12
youtube,https://www.youtube.com/watch?v=jFob2UP2QVA&lc=UgywtHFGuEirOhFYyWJ4AaABAg,ef6dd3d15cc8a6e3,강아지 바나나치즈케이크 제조법 | 초간단 강아지 간식 만들기,제가 강아지를 좋아하고 영상이 재밌어서 구독 하고 거여❤😊,2025-10-17,강아지 간식 관리,미상,,page,explore,2026-09-28T14:45:12
youtube,https://www.youtube.com/watch?v=jFob2UP2QVA&lc=UgwNc3YJjkmt2tJoSiR4AaABAg,716d70c7e8a7125d,강아지 바나나치즈케이크 제조법 | 초간단 강아지 간식 만들기,인간이 혀 나오면 혐오스러운데 강아지는 진짜 모든 부분이  사랑스럽구나...,2025-10-17,강아지 간식 관리,미상,,page,explore,2026-09-28T14:45:12
youtube,https://www.youtube.com/watch?v=jFob2UP2QVA&lc=Ugy94icYgKbaE1dWqFF4AaABAg,c066c8382b284412,강아지 바나나치즈케이크 제조법 | 초간단 강아지 간식 만들기,넘귀여워요멍멍,2025-10-17,강아지 간식 관리,미상,,page,explore,2026-09-28T14:45:12
youtube,https://www.youtube.com/watch?v=jFob2UP2QVA&lc=UgxUDqau9WO-jS3Y4kV4AaABAg,bb80b0921f6764c4,강아지 바나나치즈케이크 제조법 | 초간단 강아지 간식 만들기,"어쩜 저렇게 맛있게 먹냐 ㅎ
나도 꿀꺽 군침 삼켜요😂",2025-10-17,강아지 간식 관리,미상,,page,explore,2026-09-28T14:45:12
youtube,https://www.youtube.com/watch?v=jFob2UP2QVA&lc=UgzKEDgPMBnl-5GL6Y14AaABAg,935d41771976b400,강아지 바나나치즈케이크 제조법 | 초간단 강아지 간식 만들기,쌀가루 사용해도 괜찮은거에요??,2025-10-17,강아지 간식 관리,미상,,page,explore,2026-09-28T14:45:12
youtube,https://www.youtube.com/watch?v=jFob2UP2QVA&lc=UgwuVr76VU9UK5MSiUt4AaABAg,593bb1ba1b218975,강아지 바나나치즈케이크 제조법 | 초간단 강아지 간식 만들기,뽀글이 핥짝이는거 너무 귀여워~,2025-10-17,강아지 간식 관리,미상,,page,explore,2026-09-28T14:45:12
youtube,https://www.youtube.com/watch?v=jFob2UP2QVA&lc=UgwhFeNaenr1yDJ-y6t4AaABAg,cf7f1f2bda3f36e4,강아지 바나나치즈케이크 제조법 | 초간단 강아지 간식 만들기,너무귀엽네여,2025-10-16,강아지 간식 관리,미상,,page,explore,2026-09-28T14:45:12
youtube,https://www.youtube.com/watch?v=jFob2UP2QVA&lc=UgwwXsaZjAvrFyUNwF14AaABAg,c5c6be15c56c7f39,강아지 바나나치즈케이크 제조법 | 초간단 강아지 간식 만들기,ㅋㅋㅋㅋㄱㅋㅋㄱ혀 마중나오는거 중독성 있어요ㅋㄲ,2025-10-16,강아지 간식 관리,미상,,page,explore,2026-09-28T14:45:12
youtube,https://www.youtube.com/watch?v=jFob2UP2QVA&lc=UgzRW9uSAG0X1MrDbbt4AaABAg,098a0d3b35aa58c3,강아지 바나나치즈케이크 제조법 | 초간단 강아지 간식 만들기,하 진짜 요즘 뽀글대표 보는맛에 산다…,2025-10-16,강아지 간식 관리,미상,,page,explore,2026-09-28T14:45:12
youtube,https://www.youtube.com/watch?v=jFob2UP2QVA&lc=UgwugZZND-oYqGRwN294AaABAg,eaa5d9fcdc8bc4d6,강아지 바나나치즈케이크 제조법 | 초간단 강아지 간식 만들기,ㅋㅋㅋㅋㅋㅋㅋㅋㅋㅋ그릇안으로 자꾸 혓바닥 집어넣어보려하는거 개귀엽다,2025-10-16,강아지 간식 관리,미상,,page,explore,2026-09-28T14:45:12
youtube,https://www.youtube.com/watch?v=Qq-jEdDqgDo&lc=UgwXEEghmQqXORH0T314AaABAg,814d78cd7c082270,슬로우식기의 잘못된 사용법 | 강아지 먹방 ASMR,"제품정보는 건강하개 유튜브 프로필링크 건강하개 스마트스토어에서❗️ 
👉@건강하개-q2m

https://mkt.shopping.naver.com/link/686b82191fd1ac410798a925

🔎네이버에 '건강하개' 검색해주셔도 건강하개 스마트스토어 접속가능합니다!
(🐶가운데 강아지그림이 있는 노란색 로고 클릭!)

무용지물이 된 거북이부적🐢

🍴오늘의 메뉴🍴
1.튼튼자연식(오리) 퓨레
2.튼튼스틱(면역)+거북이쿠키
*거북이쿠키 레시피는 '건강하개'유튜브에서 확인가능!
3.튼튼자연식(연어) 퓨레
4.건강하개 동결건조 딸기🍓+락토프리우유
5.미온수에 불린 튼튼자연식(닭)+얼린 튼튼스틱(눈건강)
6.바삭소고기칩🐂+블루베리요거트볼+건강하개 동결건조 바나나🍌

#기호성높은강아지간식#바삭소고기칩#동결건조화식#튼튼자연식##강아지과일#동결건조과일#강아지밥꾸템#건강하개딸기#건강하개블루베리#건강하개",2025-10-28,강아지 간식 관리,화식,,page,explore,2026-09-28T14:45:12
youtube,https://www.youtube.com/watch?v=Qq-jEdDqgDo&lc=UgwVQ44m2rQPGO9HdD14AaABAg,5e5f332332f5bccc,슬로우식기의 잘못된 사용법 | 강아지 먹방 ASMR,"왜 강아지가 먹는걸
보고 사람인 내가
왜 식욕을 느끼는가...",2026-09-27,강아지 간식 관리,미상,,page,explore,2026-09-28T14:45:12
youtube,https://www.youtube.com/watch?v=Qq-jEdDqgDo&lc=UgweduGA49kCzvqwzqR4AaABAg,3bdfd24190744b24,슬로우식기의 잘못된 사용법 | 강아지 먹방 ASMR,"슬로우식기 X
식판 O",2026-09-17,강아지 간식 관리,미상,,page,explore,2026-09-28T14:45:12
youtube,https://www.youtube.com/watch?v=Qq-jEdDqgDo&lc=Ugw92pD_jR8UDPGJzGp4AaABAg,17b52d76ce258a11,슬로우식기의 잘못된 사용법 | 강아지 먹방 ASMR,제가 그거 사서 먹겠습니다.안됨 뽀글이 할게요,2026-09-02,강아지 간식 관리,미상,,page,explore,2026-09-28T14:45:12
youtube,https://www.youtube.com/watch?v=Qq-jEdDqgDo&lc=UgwCuMpJyBKBiUc7NvN4AaABAg,5cd1570721a4ff45,슬로우식기의 잘못된 사용법 | 강아지 먹방 ASMR,잘먹으니 너무이쁘다~~,2026-08-16,강아지 간식 관리,미상,,page,explore,2026-09-28T14:45:12
youtube,https://www.youtube.com/watch?v=Qq-jEdDqgDo&lc=UgxwJLzowz-zgLBiAdZ4AaABAg,2f01cfa26365eeac,슬로우식기의 잘못된 사용법 | 강아지 먹방 ASMR,건강하면 됐다~,2026-08-13,강아지 간식 관리,미상,,page,explore,2026-09-28T14:45:12
youtube,https://www.youtube.com/watch?v=Qq-jEdDqgDo&lc=UgylWTwhmUq8a4upQ-R4AaABAg,f79d8b4cc3bc65a3,슬로우식기의 잘못된 사용법 | 강아지 먹방 ASMR,그... 댕이 눈깔이 돌아있는뎁쇼?,2026-07-31,강아지 간식 관리,미상,,page,explore,2026-09-28T14:45:12
youtube,https://www.youtube.com/watch?v=Qq-jEdDqgDo&lc=Ugwizm2o-mUj7aOkK3J4AaABAg,fb0d664f326074bf,슬로우식기의 잘못된 사용법 | 강아지 먹방 ASMR,강아지 요리사 전용인 사람이 저런거 찐 부러움 강어지가 침 흘린만함 ㅇㅇ,2026-07-28,강아지 간식 관리,미상,,page,explore,2026-09-28T14:45:12
youtube,https://www.youtube.com/watch?v=Qq-jEdDqgDo&lc=UgwGKJvP8cbUL1FgBRR4AaABAg,96743d3676192fb4,슬로우식기의 잘못된 사용법 | 강아지 먹방 ASMR,강아디 안 키워서 모르는데 저거 완전 특식인거에여? 한끼에 저렇게 패키지 다 까면 거지는 못 키울 것 같은데,2026-07-25,강아지 간식 관리,미상,,page,explore,2026-09-28T14:45:12
youtube,https://www.youtube.com/watch?v=Qq-jEdDqgDo&lc=UgwDABhLuo2fJhxcTxZ4AaABAg,8511d249b18f5f7c,슬로우식기의 잘못된 사용법 | 강아지 먹방 ASMR,개가 왜 나보다 잘 살지,2026-07-21,강아지 간식 관리,미상,,page,explore,2026-09-28T14:45:12
youtube,https://www.youtube.com/watch?v=Qq-jEdDqgDo&lc=UgzgVqLghNlyIv7SOax4AaABAg,a7513d4db02808ab,슬로우식기의 잘못된 사용법 | 강아지 먹방 ASMR,엄마 나 강아지 될래 음식이 맛있어보여(?),2026-06-21,강아지 간식 관리,미상,,page,explore,2026-09-28T14:45:12
youtube,https://www.youtube.com/watch?v=Qq-jEdDqgDo&lc=UgxO07CWfJ2ESi52mFZ4AaABAg,ead644aaeffe1c5d,슬로우식기의 잘못된 사용법 | 강아지 먹방 ASMR,맛있겠다🤤🤤,2026-06-09,강아지 간식 관리,미상,,page,explore,2026-09-28T14:45:12
youtube,https://www.youtube.com/watch?v=Qq-jEdDqgDo&lc=UgxxN5pRVvtOvUWn6qR4AaABAg,5ad047205c861cf1,슬로우식기의 잘못된 사용법 | 강아지 먹방 ASMR,거북이 부적 있었는디 없습니데이,2026-06-06,강아지 간식 관리,미상,,page,explore,2026-09-28T14:45:12
youtube,https://www.youtube.com/watch?v=S9htZhvH54g&lc=UgyA2xXD209PbTF6NEB4AaABAg,b9de3fca67209527,"노령견 사료, 이제 헷갈리지 마세요ㅣ시니어 사료 가이드","8살, 11살 2마리 키웁니다.
현재 먹이는 사료 카르나4 장기간 급여하다가 디어니스트키친 클리스터 치킨+플래티넘 습식(치킨) 살짝 맛만 입힐 정도로만 섞어서 오메가3+유산균 주고 있어요 둘 다 동일하게요! 다만 다이어트랑 신장에 도움되는 성분이 들어있는지가 궁금합니다.. 이대로 가면될지 아님 각 아이들 특성에 맞게 추천해주시는 제품으로 갈아타야 할지 너무 궁금합니다.

8살: 아직 에너지 넘치며 건강상 아무이상이 없습니다 다만 살을 좀 빼야할 것 같다고 의사샘이 말씀해주셨어요.(비숑/현재  6.4kg->5.5kg 만들라고 하셨어요 살짝 시급).

11살: 건강검진 상 아무이상 없었지만 
물 많이 마시고, 소변 많이 보고, 물 마시고 켁켁거림과 신장쪽에 문제가 살짝 있지 않나 싶어요. 
평소 활동량이 거의 없고 본인 집안에만 있는 편입니다.

어디에도 도움 받을 곳이 없어서 여기에다가 장문 남겨놓습니다.. 
가격은 상관없으니  각 아이들에게 맞는 질좋고 생육함량 높은, 믿을 수 있는 사료로 추천해주시면 감사하겠습니다.. 선생님",2026-01-10,노견 식사,생식,,page,explore,2026-09-28T14:45:36
youtube,https://www.youtube.com/watch?v=S9htZhvH54g&lc=Ugwvuwde72uzzGXiy_14AaABAg,53233771715d968f,"노령견 사료, 이제 헷갈리지 마세요ㅣ시니어 사료 가이드","저희집 애기는 10살된 치와와인데요. 이빨이 너무약해서 사료를 씹어먹지않고 그냥 삼켜버리는데 건강상 이상 없었지만 한달전부터 소화가 떨어지는지 변이 딱딱하게 나오고 복명음도 자주 들려요.시니어 사료 바꿔볼까 하는데 추천품목에 디어니스트치킨 먹여볼까하는데 
괜찮을까요?조단백이 앞에 2가지 보다 좀 많이 작은것같아서요.ㅠ",2025-10-29,노견 식사,미상,,page,explore,2026-09-28T14:45:36
youtube,https://www.youtube.com/watch?v=_mkiSqy4Rh8&lc=UgzIEg8FTv5D_M5jmod4AaABAg,7b91f4adff192427,[잘먹고잘살개] 강아지 비만 체크하는 방법 #강아지 #비만 #건강,"우리 아기는 잘먹는데도 살이 안찌고 하루에 대변을 진짜 많이 봐요
살을찌우고싶어용",2025-11-29,강아지 체중 관리,미상,,page,explore,2026-09-28T14:45:57
youtube,https://www.youtube.com/watch?v=RAmDCydBqFo&lc=Ugw7wYGK0w2zzb2qp9p4AaABAg,c67989726926af39,강아지 다이어트 클리닉 단골 질문! 모두 답변드려요 🍠 | 설채현 행동학 수의사,여자선생님 손동작 너무 많아서 정신없어요~,2026-03-08,강아지 체중 관리,미상,,page,explore,2026-09-28T14:45:57
youtube,https://www.youtube.com/watch?v=JvWcLWmO_SU&lc=UgzBkkDc9PPfoGAdm0J4AaABAg,5a7adcdd10dc3024,[🎁EVENT] 강아지 다이어트! 문제행동의 원인이 될 수 있습니다 ⚠️ | 설채현 행동학 수의사,"[🎉이벤트 당첨자 발표]
이벤트에 참여해주신 모든분들 감사합니다! 당첨되신 분들은 꼭 성공후기 남기셔서 '커팅핏' 한번 더 받아가세요🎁 (자세한 내용은 영상 더보기란 참고)

다소니
새벽아침이
@hej_hyeji
찌루맘(유튜브)
하윤-r7y
밀잉
blu_uld
박정란u5u
@뚜깡-b3y
@털애기구리
모카
@이루비-g7n
이웅
dhyana5769
wyum0713",2026-02-04,강아지 체중 관리,미상,,page,explore,2026-09-28T14:45:57
youtube,https://www.youtube.com/watch?v=JvWcLWmO_SU&lc=Ugz9G5kWLR0T5iaTVn14AaABAg,20f94beb27d36866,[🎁EVENT] 강아지 다이어트! 문제행동의 원인이 될 수 있습니다 ⚠️ | 설채현 행동학 수의사,다이어트사료 먹이고있는데 .. 같이 섞어서 줘도 괜찮을가요 밥을 줬는데도 몇번씩이나 2.3시간뒤에 계속 달라고 난리쳐요 ㅠㅠ,2026-03-31,강아지 체중 관리,미상,,page,explore,2026-09-28T14:45:57
youtube,https://www.youtube.com/watch?v=JvWcLWmO_SU&lc=UgxopmgMSE3RZIOVq5Z4AaABAg,453f206ff15b1a11,[🎁EVENT] 강아지 다이어트! 문제행동의 원인이 될 수 있습니다 ⚠️ | 설채현 행동학 수의사,"커팅핏 10일 정도 먹이고 있는데요,  체중도 줄고 특히 이식증이 줄어서 너무 놀랐습니다..;; 
다이어트 중이라 세타이어티 세 달 째 먹이는 중인데 다이어트가 생각보다 길어져서 강아지가 주워먹는게 더 심해졌거든요.. 
바닥에 있는건 거의 다 입으로 가는데 특히 껌이나 은행, 도토리, 남의 똥 등.. 이제 그냥 냄새만 맡고 입으로 들어가진 않아요 ㅠㅠㅠ
간식도 끊고 야채 데쳐서 간식으로 주면서 두 달 800g  감량 했지만, 한 달째 그대로 유지만 되고 안 빠졌는데 커팅핏 10일 먹이고 200g이 줄어버렸습니다.. ;;
이제 100g 만 빠지면 앞자리도 바뀌고 사료도 더 줄 수 있을텐데.. 조금만 더 힘 내줬으면ㅠㅠ.. 아 그리고 변 상태가 제일 좋아졌습니다.
세타이어티만 먹이면 똥이 딱딱해져서 애도 힘들고 고생이었는데 진짜 부드러워졌습니다ㅠㅠ 좋은 제품 너무 감사드려요.ㅠㅠㅠㅠㅠ",2026-02-24,강아지 체중 관리,미상,,page,explore,2026-09-28T14:45:57
youtube,https://www.youtube.com/watch?v=JvWcLWmO_SU&lc=UgxcRGQl4R6XCrs_ZAp4AaABAg,d9b077054febd92f,[🎁EVENT] 강아지 다이어트! 문제행동의 원인이 될 수 있습니다 ⚠️ | 설채현 행동학 수의사,"감사합니다 오늘 커팅핏 도착이라고 문자받고 놀라기도 하고 행복하기도 하고 넘 넘 감사드립니다 후기도 잘 찍어 보낼께요~^^
감사합니다",2026-02-06,강아지 체중 관리,미상,,page,explore,2026-09-28T14:45:57
youtube,https://www.youtube.com/watch?v=JvWcLWmO_SU&lc=UgzpHPJx52ws0ckIruh4AaABAg,d3f9868c20420d32,[🎁EVENT] 강아지 다이어트! 문제행동의 원인이 될 수 있습니다 ⚠️ | 설채현 행동학 수의사,"요즘 저도 다이어트 중이라 매 끼니마다 칼로리 계산하면서 살고 있는데 우리 집 강아지까지 살을 빼야 한다는 말을 들으니까 마음이 더 무거워지더라구요 ㅎㅎㅎ 동물병원에서 체중 조절 꼭 하라는 얘기를 듣고 다이어트 사료로 바꾸고 간식도 거의 끊다시피 했는데요 밥양을 조금만 줄여도 밥그릇을 한참을 핥고 있는 모습 볼 때마다 보호자인 제가 더 죄책감이 들었어요 ㅜㅠㅜ 산책도 열심히 나가려고 하는데 관절이 조금 안 좋아서 오래 걷게 하기도 걱정되고 밥은 줄여야 하고 배고픔 스트레스도 신경쓰여서 늘 갈팡질팡하게 되는 것 같아요 🐶
그래서 놀로스토어 신제품 다이어트 영양제 바이레프 커팅핏 소개 글을 보는데 단순히 살만 빼는 게 아니라 포만감과 스트레스까지 같이 케어해 줄 수 있다는 부분이 정말 크게 와 닿았어요 급하게 빼는 다이어트는 사람도 그렇지만 강아지한테도 절대 좋은 방법이 아니라는 걸 알면서도 현실에서는 뭐라도 빨리 효과를 보고 싶어서 조급해질 때가 많거든요 커팅핏이 체지방 관리에 도움을 주면서도 배고픔으로 힘들어하지 않게 도와주는 컨셉이라면 우리 아이에게는 말 그대로 든든한 조력자가 되어줄 것 같은 기분이 들어서 기대가 커졌어요 💊 다이어트 사료는 이미 한계가 느껴지고 간식은 줄였는데도 체중이 잘 안 빠지는 상황에서 영양제라는 새로운 방법을 제안해 주신 것 같아서 이번 기회에 꼭 써보고 싶어요
솔직히 보호자가 먼저 지쳐버리면 강아지 다이어트는 더 오래 끌어질 수밖에 없다는 걸 요즘 뼈저리게 느끼고 있어서요 이번 커팅핏이 서로에게 부담은 줄이고 응원은 더해주는 작은 비밀병기 같은 존재가 되어주면 좋겠어요 ㅎㅎㅎ 건강하게 오래 함께 걷고 싶은 마음 하나로 이렇게 댓글 이벤트까지 참여하게 되네요 이런 구독자 이벤트 열어주셔서 정말 감사드리고요 앞으로도 설치니 채널에서 반려견 건강 관리와 다이어트 관련 영상 꼼꼼히 챙겨보면서 우리 아이에게도 하나씩 적용해 보고 싶어요 커팅핏과 함께 2026년에는 저도 우리 강아지도 조금 더 가벼워지고 더 행복한 한 해가 되었으면 좋겠다는 마음으로 살포시 신청 남기고 갑니다 🐾💚",2026-02-01,강아지 체중 관리,미상,,page,explore,2026-09-28T14:45:57
youtube,https://www.youtube.com/watch?v=JvWcLWmO_SU&lc=UgyuRkQ-VppGiHK5Ae54AaABAg,410c7143edd4f802,[🎁EVENT] 강아지 다이어트! 문제행동의 원인이 될 수 있습니다 ⚠️ | 설채현 행동학 수의사,"인스타에서 광고보고 커팅핏 3개시켰어요. 다이어트 3주차고 커팅핏은 아직 4일차라 포만감이나 달라고 보채는 행동이 줄지는 않았지만 2주차쯤 병원갔을때 효과확인할 수 있지 않을까 싶어 기대중입니다. ㅎㅎ 

저도 마운자로하면서 강아지 껏도 나왔으면했는데 ㅋㅋㅋ  그런거 있었으면 좋겠어요!

다이어트 4주차 되었고 그동안 간식 싹끊고 중간에 일반사료(L-카르니틴 포함된)로 교체하고 양도 줄이고 파프리카 토핑과 간식으로 줬더니 엇그제 식욕터져서 오히려 보채고  안먹던 다이어트 사료 샘플도 잘먹는 지경에 이름ㅋㅋㅋ",2026-02-01,강아지 체중 관리,미상,,page,explore,2026-09-28T14:45:57
youtube,https://www.youtube.com/watch?v=JvWcLWmO_SU&lc=UgwCchaGo16_XbijTh94AaABAg,48bd67ef83de8067,[🎁EVENT] 강아지 다이어트! 문제행동의 원인이 될 수 있습니다 ⚠️ | 설채현 행동학 수의사,"요즘 반려동물과 오래 함께하다 보면 체중 관리가 정말 중요한 부분이라는 걸 더 느끼게 되잖아요!! 아이들이 살이 조금씩 붙으면서 활동량이 줄어들면 관절도 부담받고 건강 리스크도 커지는데, 바이레프 커팅핏은 그런 부분을 자연스럽게 케어해 줄 수 있는 체중 관리 보조 제품으로 기대돼요 😌💓

우선 반려견·반려묘 모두에게 균형 잡힌 체중 관리를 도와주는 도움이 될 수 있을 것 같아요. 다이어트는 단순히 살을 빼는 것만이 아니라 기초 건강과 에너지 밸런스를 챙기는 것이 중요한데, 커팅핏이 그런 방향으로 설계된 제품이라면 아이가 식사와 운동만으로는 다소 부족할 수 있는 부분을 잘 채워줄 것 같아요! 🐶🤍

그리고 이 제품을 꾸준히 사용하면서 식욕 조절, 에너지 활용, 체지방 감소 같은 기능이 보조된다면, 보호자 입장에서도 내 아이에게 맞는 케어를 해주고 있다는 안심감과 만족감을 동시에 느낄 수 있을 것 같아요 ㅎㅎ 평소 식단 조절만으로는 쉽지 않았던 관리가 가벼운 도움으로 한 단계 수월해지는 느낌일 것 같아요! 🐱💞

또 놀로스토어 바이레프 라인은 반려 생활 전반을 케어하는 솔루션 브랜드로 자리 잡고 있어서, 커팅핏 역시 반려동물 맞춤 건강 케어의 한 축으로 자연스럽게 루틴에 녹여 쓸 수 있을 것 같아요. 

반려동물의 건강은 평생 관리가 필요한 부분이라, 이렇게 도움이 되는 제품을 더해주는 게 일상의 만족감까지 높여줄 것 같아 기대됩니다 🐾💚

매일 함께하는 우리 아이의 활력과 건강을 든든하게 지켜주고 싶은 마음으로 바이레프 커팅핏 기대평을 응모합니다! 🐶🤍",2026-01-31,강아지 체중 관리,미상,,page,explore,2026-09-28T14:45:57
youtube,https://www.youtube.com/watch?v=JvWcLWmO_SU&lc=Ugy-bJNVbie9xe0B3wV4AaABAg,80dfa3063da309bf,[🎁EVENT] 강아지 다이어트! 문제행동의 원인이 될 수 있습니다 ⚠️ | 설채현 행동학 수의사,"저희 집 아이는 이제 5살 된 소형견인데요 처음 데려왔을 때는 뼈만 앙상해서 잘 먹이고 잘 키우는 게 전부라고 생각했어요 그러다 제가 먹을 때마다 한 번씩 나눠주고 간식 한 봉지씩 선물하는 재미에 푹 빠져 살다 보니 어느새 병원에서 살을 꼭 빼야 한다는 얘기를 듣게 됐어요 ㅜㅠㅜ 다이어트 사료로 바꾸고 간식도 줄여보려고 노력했지만 밥그릇을 몇 번이나 들여다보고 부엌 쪽만 서성이면서 밥 달라고 조르는 모습을 보면 마음이 약해져서 다시 조금씩 챙겨주게 되더라구요 보호자가 더 단단해져야 한다는 걸 알면서도 “오늘 하루쯤은 괜찮겠지” 하다가 체중은 제자리인 날이 반복되고 있어요 🥹
그래서 이번에 놀로스토어에서 바이레프 커팅핏 이벤트를 연다는 소식을 보고 진짜 반가웠어요 단순히 칼로리만 줄이는 게 아니라 포만감을 채워주고 식욕을 조금 낮춰준다는 설명을 보니까 우리 아이가 덜 힘들게 다이어트를 시작할 수 있을 것 같아서요 급하게 살을 빼기보다는 건강하게 천천히 내려가는 게 목표라 요즘처럼 정체기에 들어선 시기에 딱 필요한 도움 같다는 생각이 들었어요 ㅎㅎㅎ 만약 커팅핏을 사용할 수 있게 된다면 지금처럼 밥그릇만 핥으며 버티는 다이어트가 아니라, 조금은 편안하게 웃으면서 이어갈 수 있는 시간이 될 것 같아요 반려견과 보호자 모두의 고민을 이렇게 세심하게 알아주는 브랜드와 설치니 채널이 있다는 것만으로도 큰 위로가 되는데 구독자 댓글 이벤트까지 열어주셔서 정말 감사해요 앞으로도 반려견 건강과 마음까지 함께 챙겨주는 콘텐츠들 꼼꼼히 챙겨보면서 우리 집 다이어트 여정도 함께 기록해 보고 싶어요 커팅핏이 우리 아이에게도 건강한 변화의 스타트가 되어주길 살짝 욕심 내 보면서 신청 남기고 갑니다",2026-01-31,강아지 체중 관리,미상,,page,explore,2026-09-28T14:45:57
youtube,https://www.youtube.com/watch?v=JvWcLWmO_SU&lc=UgzmeBHBdlIxALi5yol4AaABAg,dbdbe0c22fdf05a5,[🎁EVENT] 강아지 다이어트! 문제행동의 원인이 될 수 있습니다 ⚠️ | 설채현 행동학 수의사,저희 웅이..너무 귀엽고 이쁜데 나이를 생각해서 살을 좀 빼야할 것 같아서 간식도 안주고 사료도 줄이고 산책도 2번 나가는데 잘 안빠지네요ㅠㅠㅠ 강아지 다이어트 영양제는 처음 들어봐서 먹고 진짜 포만감을 느끼는지 기대되고 급여해보고 싶어요!,2026-01-30,강아지 체중 관리,미상,,page,explore,2026-09-28T14:45:57
youtube,https://www.youtube.com/watch?v=JvWcLWmO_SU&lc=UgxGzyZwkkDlLuqAzpB4AaABAg,86d918e85e4084cd,[🎁EVENT] 강아지 다이어트! 문제행동의 원인이 될 수 있습니다 ⚠️ | 설채현 행동학 수의사,"안녕하세용!
저는 말티즈 코코예요 
나이는 10살이구요,
몸무게는 6kg이에요…

어제는 예방접종 맞으러 병원에 갔는데,
의사 선생님이 저를 안자마자
“와…”
“와…!”
“와…!”
를 무려 세 번이나 하셨어요.

그리고 잠시 침묵 후에
조용히 “어후…” 라고 하셨어요.

그래서 저도 마음을 먹었어요.
가볍지만 말랑한 말티즈가 되기로요!

다이어트 보조제 1박스가 있다면
제가 열심히 해볼게요.
다음에 병원 가면
의사 선생님이
“어후…” 말고
“어머!” 하..도록..

잘 부탁드려요!

from: 세상에서 제일 옹골찬 말티즈, 코코가",2026-01-30,강아지 체중 관리,미상,,page,explore,2026-09-28T14:45:57
youtube,https://www.youtube.com/watch?v=JvWcLWmO_SU&lc=UgwRSZf7trOOH29RGb14AaABAg,15a102bf4328f6e8,[🎁EVENT] 강아지 다이어트! 문제행동의 원인이 될 수 있습니다 ⚠️ | 설채현 행동학 수의사,저희집 아이는 포메여아예요. 중성화 전에도 식욕이 많던 아이였는데 중성화 이후 식욕이 더욱 늘어 걱정입니다ㅜㅜ 포메의 고질병인 슬개골 문제도 있어 체중관리가 늘 고민이에요. 해당 제품의 설명을 들으니 저희집 아이에게 도움이 될 거 같아 혹하네요 ㅋㅋㅜ 앞으로도 아이와 건강하게 20년 하고도 더더욱 살 수 있도록 노력해야겠어요.,2026-01-29,강아지 체중 관리,미상,,page,explore,2026-09-28T14:45:57
youtube,https://www.youtube.com/watch?v=JvWcLWmO_SU&lc=Ugz4wSkT16ObPLy4veh4AaABAg,73b8a6e89017ea40,[🎁EVENT] 강아지 다이어트! 문제행동의 원인이 될 수 있습니다 ⚠️ | 설채현 행동학 수의사,12살 폼피츠 설이는 제 자매에요 어려서부터 엄마아빠와 두 언니의 사랑을 듬뿍 받다가 언니들이 시집 가고 난 후 적적한 부모님께 애교쟁이가 되어주다보니 사랑을 먹고 자라 9kg까지 체중이 늘어버렸어요ㅠ 기관지협착증 증세를 보여 병원에 데려갔더니 비만이 가장 큰 원인이라고 짚어주셨는데 저희 부모님은 먹을걸 너무 좋아하는 설이에게 항상 마음이 약해지세요.. 영양제로 설이랑 더 오랫동안 행복하게 지내고싶어요!,2026-01-29,강아지 체중 관리,미상,,page,explore,2026-09-28T14:45:57
youtube,https://www.youtube.com/watch?v=JvWcLWmO_SU&lc=UgxxKp0EKI5OxAfeSeZ4AaABAg,c9f47b88e2177286,[🎁EVENT] 강아지 다이어트! 문제행동의 원인이 될 수 있습니다 ⚠️ | 설채현 행동학 수의사,먹보는 아닌데 살이 안빠져요 ㅠ 병원가면 다 괜찮은데 살은 빼야 한다고 해서 칼로리도 맞춰 식단하는데 허리가 안보여요 ㅠ 이번 영양제로 효과를 보면 좋겠어요 !,2026-01-29,강아지 체중 관리,미상,,page,explore,2026-09-28T14:45:57
youtube,https://www.youtube.com/watch?v=JvWcLWmO_SU&lc=Ugzs7onwApe4gfxYwoV4AaABAg,93d8334fea4f2f31,[🎁EVENT] 강아지 다이어트! 문제행동의 원인이 될 수 있습니다 ⚠️ | 설채현 행동학 수의사,식탐이워낙많은애라걱정이엇는데저거먹여보면좋겠어요,2026-01-29,강아지 체중 관리,미상,,page,explore,2026-09-28T14:45:57
youtube,https://www.youtube.com/watch?v=JvWcLWmO_SU&lc=UgzaSzNDJ1h7KKZKxsl4AaABAg,13cff9eb65376008,[🎁EVENT] 강아지 다이어트! 문제행동의 원인이 될 수 있습니다 ⚠️ | 설채현 행동학 수의사,"5살 비숑아이입니다! 고관절이형성증때문에 적정체중 6.5kg 정도로 유지해야 되는데...네..7.9kg입니다ㅠㅠㅠ

다이어트사료 먹이고 있는데 너무 배고파해요ㅠ 반려견이 스트레스 받지않는 행복하고 성공적인 다이어트를 하고 싶습니다!",2026-01-28,강아지 체중 관리,미상,,page,explore,2026-09-28T14:45:57
youtube,https://www.youtube.com/watch?v=JvWcLWmO_SU&lc=Ugzd5Kk7cVJJkebKN8Z4AaABAg,00cd4d97894f7d19,[🎁EVENT] 강아지 다이어트! 문제행동의 원인이 될 수 있습니다 ⚠️ | 설채현 행동학 수의사,"요즘 저도, 그리고 우리 집 댕댕이도 다이어트라는 도전 과제 앞에서 은근히 마음이 무거웠어요 🐶😅
저는 운동하며 관리하는 게 나름 익숙한데, 반려견 체중 관리는 또 다른 이야기잖아요. 저녁 산책 길에 오늘도 잘했어! 하면서 간식 하나씩 턱 줬던 그 순간들이… 사실은 우리 둘 다 식단 조절에 실패하는 시간이었다는 걸 깨닫는 요즘이에요 😭💧

우리 애가 야무지게 먹는 건 넘나 사랑스러운 장면인데,
체중이 조금씩 늘어날수록 거울 보는 제 마음도 무거워지고 내가 좀 더 잘 해줘야 하는데… 하는 책임감이 커졌어요. 🐶
근데 강아지 식단 조절이 사람보다 훨씬 까다롭고, 잘못하면 영양 불균형도 올까 걱정되고… 그런 고민이 많았어요.

그런 의미에서 놀로스토어 신제품 다이어트 영양제 바이레프 커팅핏은 그냥 신제품이 아니라 우리 같이 달라질 수 있는 기회처럼 느껴져요 🍃✨
살을 빼야 하는 주인도, 관리가 필요한 반려견도 같이 건강하게 체중관리를 하고 싶은 마음은 같은데 방법을 찾는 게 늘 쉽지 않았거든요.

‘커팅핏’이라는 이름에서부터 살 빼는 걸 도와주면서도 영양은 지켜주겠다는 의지가 느껴져서 제 마음속 기대치는 이미 은근히 올라가고 있어요!! 💊
우리 댕댕이도 스트레스 없이, 맛있게 먹으면서 천천히 건강한 몸으로 바뀌었으면… 그런 소망을 담아보고 싶어요.

저도 체중관리하면서 느낀 건데, 급하게 빼는 것보다 올바른 습관과 꾸준함이 훨씬 중요하잖아요. 😣
그런 의미에서 반려견에게도 몸에 부담 없이 건강한 변화를 응원해주는 제품이 있다면 그건 단순한 보조제가 아니라 진심 어린 응원 같아요 🐾💕

놀로스토어, 늘 반려견 주인들의 작은 고민까지 세심하게 생각해주는 브랜드라고 느꼈어요. 앞으로도 우리 댕댕이 건강하게 오래오래 뛰어놀게 해줄 현명한 솔루션 많이 만들어 주세요! 응원합니다! 🐶💚💪",2026-01-28,강아지 체중 관리,미상,,page,explore,2026-09-28T14:45:57
youtube,https://www.youtube.com/watch?v=JvWcLWmO_SU&lc=UgxZCHapnUPKk138w1h4AaABAg,3343bb21e2a9966b,[🎁EVENT] 강아지 다이어트! 문제행동의 원인이 될 수 있습니다 ⚠️ | 설채현 행동학 수의사,유기견 골든리트리버 8살 입양해서 매일 즐겁게 보내는 중이지만..대형견이다 보니 비만으로 가지 않게 운동으로 조절중이고 뼈 특히 고관절 때문에 안티놀 래피드 먹는데 .예방차원에서 같이 먹어도 되는거겟죠??,2026-01-28,강아지 체중 관리,미상,,page,explore,2026-09-28T14:45:57
youtube,https://www.youtube.com/watch?v=JvWcLWmO_SU&lc=UgyWXAvzk_POMCCQNrB4AaABAg,df4ca0fe15c571e6,[🎁EVENT] 강아지 다이어트! 문제행동의 원인이 될 수 있습니다 ⚠️ | 설채현 행동학 수의사,현재 5살 인데. 6개월때 두 다리 슬개골 수술 했어요..살이찌면 다리에 더 무리가 간다고 해서 현재까지 다이어트 사료를 먹이고 있는데....큰 기대를 못보고 있어요ㅜ. 몸무게는 줄지 않고 그대로...였는데 최근에 조금 늘어서 걱정입니다...특별히 간식도 주는게 없는데도 왜그런지 모르겠네요...사료의 양을 줄여야 될까요😂,2026-01-28,강아지 체중 관리,미상,,page,explore,2026-09-28T14:45:57
youtube,https://www.youtube.com/watch?v=JvWcLWmO_SU&lc=UgxHHiER2sSZ96NY5BJ4AaABAg,18a76537fbd07551,[🎁EVENT] 강아지 다이어트! 문제행동의 원인이 될 수 있습니다 ⚠️ | 설채현 행동학 수의사,우리 집 댕댕이 지금은 너무 사랑스러운 뚱댕이지만 갈수록 숨소리도 거칠어지는 거 같아 다이어트 결심했어요 사람 다이어트 보조제는 성분이나 용량 때문에 줄 생각도 못 했는데 수의사님들이 직접 논문 찾아서 안전하게 만드신 커팅핏이라니 신뢰가 팍팍 가네요 특히 다이어트 정체기 온 아이들한테도 부스팅 효과가 있다고 해서 기대 중이에요 2026년에는 꼭 날씬이로 변신해서 친구들이랑 신나게 뛰어노는 모습 보고 싶어요😭,2026-01-27,강아지 체중 관리,미상,,page,explore,2026-09-28T14:45:57
youtube,https://www.youtube.com/watch?v=JvWcLWmO_SU&lc=UgxEaLW_t-o7v7ID5sV4AaABAg,efc35ac73bed1749,[🎁EVENT] 강아지 다이어트! 문제행동의 원인이 될 수 있습니다 ⚠️ | 설채현 행동학 수의사,간식만 보면 자다가도 벌떡 일어나는 우리 집 뚱댕이 보호자예요 다이어트 사료로 바꿔봤더니 며칠 굶는 시늉 하다가 결국 예민해져서 요구성 짖음이 너무 심해졌거든요 밥 달라고 보채는 게 아이도 스트레스고 저도 힘들었는데 포만감을 주는 식이섬유 베타글루칸이 들어있다고 해서 너무 기대돼요 건강하게 배부름을 느끼면서 성격도 다시 온순해졌으면 좋겠네요 이번 기회에 커팅핏 도움받아서 슬개골 건강도 지키고 롱런하는 건강한 강아지로 키우고 싶습니다 ㅠㅠ,2026-01-27,강아지 체중 관리,미상,,page,explore,2026-09-28T14:45:57
youtube,https://www.youtube.com/watch?v=JvWcLWmO_SU&lc=Ugx3Bq3aQQdJMiYpamN4AaABAg,d092e8d915a89587,[🎁EVENT] 강아지 다이어트! 문제행동의 원인이 될 수 있습니다 ⚠️ | 설채현 행동학 수의사,"알파 사이클로덱스트린처럼 지방 흡수 방해해 주는 성분이 들어갔다고 하니 꼭 먹여보고 싶어요 타고난 체구는 M인 미모가 뛰어난 강아지인데 옷이 안들어가서 L 사이즈를 입어야하고 L사이즈는 팔, 등길이가 안맞아서 뭔가 지금 문제가 있습니다",2026-01-27,강아지 체중 관리,미상,,page,explore,2026-09-28T14:45:57
youtube,https://www.youtube.com/watch?v=JvWcLWmO_SU&lc=UgwDEiQ286iJ5bRSFGx4AaABAg,72a790c0e1e21a87,[🎁EVENT] 강아지 다이어트! 문제행동의 원인이 될 수 있습니다 ⚠️ | 설채현 행동학 수의사,"허엉 올해로 나이가 13세인 아이 반려중이에요! 제가 먹을거에 좀 후하다보니까 아무래도 제가 반려하는 아이에게도 그 영향이 갔나봐요 어렸을 때 부터 꾸준히 살을 빼야한다는 말을 정말 많이 들어와서 신경쓰면서 거의 7.3~4kg 유지중이었는데 지난해 말 사료를 바꾸면서 8.5kg가 되어버렸습니다 심장병 B1 단계 유지중이고, 관절염도 있어서 다이어트는 해야하는데 사료를 다시 저지방으로 바꾸고 제한급여로 1g단위로 계량을 칼같이 해서 주는데도 살이,,,,,,,,,안빠져요,,,,,식욕은 진짜 미친듯이 폭발이구요,, 산책은 하루 1시간에서 1시간 30분정도 열심히 매일 걷고 있는데도 몸무게는 유지만 되니 미칠노릇이에용 커팅핏이 배고픔 스트레스 줄여주면서 건강하게 살 빼는 데 도움 준다고 하니 도움받고 싶어요 ㅠ^ㅠ",2026-01-27,강아지 체중 관리,미상,,page,explore,2026-09-28T14:45:57
youtube,https://www.youtube.com/watch?v=JvWcLWmO_SU&lc=UgzZXrpM2sSyziqZemh4AaABAg,f828a6903e2ccbcb,[🎁EVENT] 강아지 다이어트! 문제행동의 원인이 될 수 있습니다 ⚠️ | 설채현 행동학 수의사,우리 아가는 7.8 블루멀 포메에요. 저랑 남편이 뭘 먹을때 말똥말똥한 눈으로 바로앞에 얌전히 앉아서 쳐다 보는 모습에 넘 사랑스러워 둘다 같이 먹을것 나눠 주다보니 어느덧 2년 8개월 됐는데 7.8kg 되었어요. 그러다 보니 이미 뒷다리는 슬개골 수술 둘다 했구요 살이 쪄 있다보니 여전히 뒷다리 상태가 좋지 않아 산책할때 한번씩 주저 앉아 쉬었다 움직일 정도에요. 병원에서 살을 먼저 빼야 한다고 해서 다이어트 사료를 먹이긴 하지만 여전히 몸무게가 많이 줄지 않았어요. 0.2~0.3 정도 빠졌는데 다이어트가 쉽진 않네요~ㅠㅠㅠ,2026-01-27,강아지 체중 관리,미상,,page,explore,2026-09-28T14:45:57
youtube,https://www.youtube.com/watch?v=JvWcLWmO_SU&lc=Ugw2zrLL2Ey1SM69eXd4AaABAg,b4867aa8acbdb55c,[🎁EVENT] 강아지 다이어트! 문제행동의 원인이 될 수 있습니다 ⚠️ | 설채현 행동학 수의사,"우리집 애기 7살 코키진도믹스입니다
피부질환으로 피부과 약을 먹고 있다보니 항상 배고파 하더라고요
요즘은 쓰레기 통도 종종 뒤지더라구요  
안좋은거 먹을까 걱정되요 ㅠㅠ
좋은정보 감사합니다",2026-01-27,강아지 체중 관리,미상,,page,explore,2026-09-28T14:45:57
youtube,https://www.youtube.com/watch?v=JvWcLWmO_SU&lc=UgxSeRreiFCs9ckYsC94AaABAg,4680ccece60f0d90,[🎁EVENT] 강아지 다이어트! 문제행동의 원인이 될 수 있습니다 ⚠️ | 설채현 행동학 수의사,"저희 가나디 뚜비씨 밥을 먹고도 아빠, 엄마, 작은누나, 저를 졸졸 따라다니면서 먹을걸 달라고 툭 툭 치면서 조르기도 하고 자기의 애착 장난감을 가지고와서 간식과 바꾸자고도 한답니다,, 그 모습에 넘어간 가족 중 누군가가 간식을 준다고 하면 세상 남부럽지않게 방방 뛰고 헤헤 웃으면서 삑삑이를 삑삑물고 뛰어다니면서 행복해하는 뚜비씨,,어느순간 몸무게는 조금씩 찌더니 이제 병원에서 뚱땡이는 아니지만 그래도 나이를 생각하면 빼는게 좋다는 말을 들은 우리 뚜비씨,, 엄마,아빠랑 이야기를 하면서 엄마가 ""왜 강아지 다이어트보조제나 약은 없냐 누가 만들어주셨음 좋겠는데 ""라고 하셨는데 그걸 실현해주신 설채현 선생님😭😭 먹을걸 엄청 엄청 좋아하고 좋아하는걸 넘어서 사랑하는 저희 강아지 뚜비의 건강을 위해 도와주세요🫶",2026-01-27,강아지 체중 관리,미상,,page,explore,2026-09-28T14:45:57
youtube,https://www.youtube.com/watch?v=JvWcLWmO_SU&lc=UgyLXeiqqaV4S9bQU6R4AaABAg,c696c853bdac06ff,[🎁EVENT] 강아지 다이어트! 문제행동의 원인이 될 수 있습니다 ⚠️ | 설채현 행동학 수의사,비만은 진짜 삶의 질을 떨어뜨리죠ㅠㅠㅠ😭 조금은 편하게 체중조절을 시킬 수 있는 부분이 너무 좋아요 :),2026-01-27,강아지 체중 관리,미상,,page,explore,2026-09-28T14:45:57
youtube,https://www.youtube.com/watch?v=JvWcLWmO_SU&lc=UgzDlNnrEz-P0yqhQYx4AaABAg,13d30327917d694f,[🎁EVENT] 강아지 다이어트! 문제행동의 원인이 될 수 있습니다 ⚠️ | 설채현 행동학 수의사,울 심쿵이 포메라니안이기에 고관절에 무리가 간다고 사료를 많이 줄였어요 언제나 배고파하는 것에 맘이 ㅠㅠ 언제나 배고파하는 울심쿵이 가 행복했으면 좋겠습니다~~~,2026-01-27,강아지 체중 관리,미상,,page,explore,2026-09-28T14:45:57
youtube,https://www.youtube.com/watch?v=JvWcLWmO_SU&lc=UgwXlvB4Z-eSWL8dgB54AaABAg,f63b7be99d1a85c8,[🎁EVENT] 강아지 다이어트! 문제행동의 원인이 될 수 있습니다 ⚠️ | 설채현 행동학 수의사,제품홍보만 하지말고 다른정보들도 주면 좋을텐데요,2026-01-27,강아지 체중 관리,미상,,page,explore,2026-09-28T14:45:57
youtube,https://www.youtube.com/watch?v=JvWcLWmO_SU&lc=UgxKt9zRMy43jTwVW3J4AaABAg,76cf96159a64cb07,[🎁EVENT] 강아지 다이어트! 문제행동의 원인이 될 수 있습니다 ⚠️ | 설채현 행동학 수의사,"우리 집 6살 말티푸, 이름은 ‘땅콩’이예요🐶
처음엔 작고 말랐던 아기였는데, 중성화 이후로 식탐이 급상승해서 지금은 무려 6.8kg…😳
산책하다 보면 “어머, 말티즈 맞아요?”라는 소리를 자주 듣고 있어요… 웃프지만 진짜 시급한 다이어트 상태예요😂

그동안 다이어트 사료도 써보고, 간식도 줄여봤는데 스트레스를 너무 많이 받아서 보호자인 저도 너무 속상했어요ㅠ
그런데 이번 영상에서 포만감은 주고 식욕은 줄여주는 커팅핏 소개해주셔서 진짜 희망이 생겼어요✨
두부가 배고픔 없이 건강하게 살 뺄 수 있다면, 이번엔 꼭 성공하고 싶어요!
설쌤 항상 반려인 마음 딱 알아주는 콘텐츠 만들어주셔서 너무 감사드려요❤
두부랑 저, 2026년엔 다이어트 성공해서 더 오래오래 건강하게 함께할 수 있길 바래봅니다!💪",2026-01-27,강아지 체중 관리,미상,,page,explore,2026-09-28T14:45:57
youtube,https://www.youtube.com/watch?v=JvWcLWmO_SU&lc=UgwRyA23dABkdVVvyrd4AaABAg,a13f6e2ee843462e,[🎁EVENT] 강아지 다이어트! 문제행동의 원인이 될 수 있습니다 ⚠️ | 설채현 행동학 수의사,안녕하세요! 4살 포메 여아 방울이를 키우고있습니다! 중성화 이후로 4키로에서 6키로로 늘어나 버린 이후로는 줄어들질 않더라구요😢 식탐도 갑자기 강해져서 집에서도 항상 먹을거나 간식을 달라고 아련하게 쳐다봐요 ㅠㅠ 항상 허기짐을 느끼는거같아 안쓰러웠는데 방울이를 도와줄 수 있는 영양제가 나왔으니 다이어트 시도해보겠습니다!,2026-01-27,강아지 체중 관리,미상,,page,explore,2026-09-28T14:45:57
youtube,https://www.youtube.com/watch?v=JvWcLWmO_SU&lc=UgzkPmJ8x8xN_MtYgZp4AaABAg,4d62a4a13cecd11b,[🎁EVENT] 강아지 다이어트! 문제행동의 원인이 될 수 있습니다 ⚠️ | 설채현 행동학 수의사,"어머,,우리집 강아지 지금 고구마먹고 살찐거 어떻게 아시고 또 이렇게 좋은 상품을,,,!!!!",2026-01-27,강아지 체중 관리,미상,,page,explore,2026-09-28T14:45:57
youtube,https://www.youtube.com/watch?v=JvWcLWmO_SU&lc=UgwRe6psDCnT2DLTeYh4AaABAg,8a79b68bc3df0e9e,[🎁EVENT] 강아지 다이어트! 문제행동의 원인이 될 수 있습니다 ⚠️ | 설채현 행동학 수의사,병원에서 다이어트 필요하다해서 사료줄이고 간식 안먹였더니 매일 배고파서 헥헥거리고 뭐 주워먹고 해서 병원가고 하는 일이 반복이에요 나이가 10살인 포메 두마리 키우는데 계속 이물질을 주워먹다보니 지금은 둘다 위장장애가 생겨서   병원에서 소화사료 처방받아먹이고 다른 음식  주면 안된다고 해서 안먹였더니 매일 배고파서 헥헥거려요. 강아지 포만감 높이는게 뭐없을까 찾아보고 있었는데 정말 필요한 영양제가 나왔네요. 혹시  위장장애가 있어도 먹일수 있을까요?,2026-01-27,강아지 체중 관리,미상,,page,explore,2026-09-28T14:45:57
youtube,https://www.youtube.com/watch?v=JvWcLWmO_SU&lc=Ugy6g8oHnDpiZ8_uUI94AaABAg,032eb81c26c8b82b,[🎁EVENT] 강아지 다이어트! 문제행동의 원인이 될 수 있습니다 ⚠️ | 설채현 행동학 수의사,"안녕하세요 
9살 말티즈 소형견인데 현재 심장병 b1단계로 1월초부터 심장약 처방받아  먹이고 있어요 ㅠㅠ..중성화 후 살이 급격히 쪄 3.8키로 뚱댕이가 되어 버렸어요.심장병이 있어 필수로 체중조절을 해야하는데 그게 쉽지가 않네요.다이어트 시키려고 시도는 해봤는데 며칠간 공복토를 계속해 실패했어요 ㅠㅠ..현재 닥터 힐메딕스 카디악사료에 화식 조금 섞여 먹이고 있고 종합영양제와 유산균.오메가3도 함께 주고 있는데  ..다이어트를 꼭 해야해서 궁금해서 여쭙니다.심장약과 다른 영양제에 다이어트보조제도 함께 급여해도 괜찮을까요?..심장병이 있다보니 조심스러워서 ㅠㅠ..전에 키웠던 강쥐도 심장병으로 무지개다리를 건넌터라 ㅠㅠ..살을 꼭 빼야하는데 어찌해야하는지ㅠㅠ도와주세요~",2026-01-26,강아지 체중 관리,화식,,page,explore,2026-09-28T14:45:57
youtube,https://www.youtube.com/watch?v=JvWcLWmO_SU&lc=Ugwg8tQy4RnZtQLSz0Z4AaABAg,1b8c6b7b5ae2c34f,[🎁EVENT] 강아지 다이어트! 문제행동의 원인이 될 수 있습니다 ⚠️ | 설채현 행동학 수의사,"안녕하세요ㅠㅠ현재 2살 말티푸입니다
아이가 감돈포경이랑 슬개골때문에 무조건 살을 빼야하는 상태여서 한번 시도를 해 보고 싶어 효과가 좋으면 꾸준히 쓰고 싶어요
중성화 이후로 급격히 쪄서 현재 7.5까지 쪘다가 간식끊고 운동은 많이는 못 하고(슬개골때문에) 사료줄여가며 6.7까지 뺐습니다..
근데 정체기라 살이 몇달째 빠지질 않네요ㅠ...감돈포경은 도통 나아질 기미가 안 보이고..
선천적으로 예민하고 장도 안 좋은 애라 설사,혈변도 몇달마다 한번씩 도져서 사료도 맘껏 바꿀 수 없는 상태이고
스트레스에도 너무 예민한 강아지라 스트레스관리도 꽤나 필요해서 현재 다이어트 사료로 60g만 먹이고 있는 상태인데
이것도 적은 편이라고 더 이상 줄이진 말라고 병원에서 얘길 들은 상태라 더 줄일 수가 없는 상태입니다...
자동급식기도 하도 긁어대서 통 엎을거같아서 쓰지도 못 하는 상태이고, 벽이나 방문들을 긁어대며 밥을 달라고 시위를 항상 하고 있습니당..ㅠ
넘 안쓰럽고 수술도 하지 않기 위해 꼭 효과를 봤으면 좋겠네요",2026-01-26,강아지 체중 관리,미상,,page,explore,2026-09-28T14:45:57
youtube,https://www.youtube.com/watch?v=JvWcLWmO_SU&lc=Ugyc_nvI2H96_kdIfw94AaABAg,dfaf18852bcf3817,[🎁EVENT] 강아지 다이어트! 문제행동의 원인이 될 수 있습니다 ⚠️ | 설채현 행동학 수의사,보다보니 그냥 사람이 먹어도 되는 거라 제가 먹어보고 싶네요ㅋㅋㅋ 간식 줄여서 다이어트 하기는 쉽지 않은데 강쥐들도 좀더 쉽게 다이어트 성공하길!!,2026-01-26,강아지 체중 관리,미상,,page,explore,2026-09-28T14:45:57
youtube,https://www.youtube.com/watch?v=JvWcLWmO_SU&lc=UgwehEZ2xLXGRHA7VEp4AaABAg,cc35e604df569446,[🎁EVENT] 강아지 다이어트! 문제행동의 원인이 될 수 있습니다 ⚠️ | 설채현 행동학 수의사,8살 시바뚱뚱맨을 키우고 있습니다. 어줍잖게 다이어트 사료 시도했다가 식탐만 많아지고 18킬로가 되어버렸어요..흑흑 커팅핏이 필요해!! 마침 다음달부터 다이어트를 시작하려고 주변 친구집사분들께도 선전포고를 하고다닌지라 우리 호두에겐 꼭 필요해요. 16킬로만 되어도 소원없어요 소원성취를 위해 도와주세요~!,2026-01-26,강아지 체중 관리,미상,,page,explore,2026-09-28T14:45:57
youtube,https://www.youtube.com/watch?v=JvWcLWmO_SU&lc=UgwebhQ9hFgc_GqP2EZ4AaABAg,6d87f54784b93abd,[🎁EVENT] 강아지 다이어트! 문제행동의 원인이 될 수 있습니다 ⚠️ | 설채현 행동학 수의사,작년 겨울아침 길에 박스에 유기된 비숑 입양한지 1년째입니다. 처음에는 너무 말라서 밥을 너무 허겁지겁 먹어서 안쓰러운 마음에 여태 굶고살았나 싶어 잘 먹인게 지금은 몸길이가 33cm인데 7키로가 나가요ㅠ 무려 처음보다 3키로가 증가했는데요ㅠ 애기가 식탐이 너무너무 강해요. 건강을 위해서는 살을 빼줘야 한다는 걸 알지만 먹는걸 너무나 좋아해서 늘 걱정입니다. 강아지한테 이런 영양제가 있는 줄은 저도 진짜 처음 알았는데요. .!! 강아지 몸에 해로운게 없다면 저도 꼭 급여해서 강아지 건강을 위해 저랑 더 오래오래 건강하게 살기 위해 다이어트 성공 시켜 주고싶어 참여합니다 기대되용❤❤,2026-01-26,강아지 체중 관리,미상,,page,explore,2026-09-28T14:45:57
youtube,https://www.youtube.com/watch?v=JvWcLWmO_SU&lc=UgzW2rnrzKvcKNWyO1R4AaABAg,33dbd5657483d3bd,[🎁EVENT] 강아지 다이어트! 문제행동의 원인이 될 수 있습니다 ⚠️ | 설채현 행동학 수의사,"저희 강아지 건강 때문에 살을 꼭 빼야하는데 식탐이 너무 많아서 안쓰러웠어요 ㅠㅠ 
근데 커팅핏은 포만감을 줘서 강아지가 덜 힘들 것 같아서 사료에 급여해주려고 합니다 !! 
강아지를 위한 영양제 많이많이 만들어주세요 !!",2026-01-26,강아지 체중 관리,미상,,page,explore,2026-09-28T14:45:57
youtube,https://www.youtube.com/watch?v=JvWcLWmO_SU&lc=Ugykav1iwx1DW9mTbh54AaABAg,9e56d69327f1fdae,[🎁EVENT] 강아지 다이어트! 문제행동의 원인이 될 수 있습니다 ⚠️ | 설채현 행동학 수의사,오홍 위고비와 비슷한 원리로 식욕은 줄이고 포만감은 올려주네요~~ 이거면 애들 굶기거나 스트레스 받지않고 다욧 시킬 수 있겠어용^^,2026-01-26,강아지 체중 관리,미상,,page,explore,2026-09-28T14:45:57
youtube,https://www.youtube.com/watch?v=JvWcLWmO_SU&lc=Ugz5g3NmgasAukYPLdp4AaABAg,64cce8972a87cb84,[🎁EVENT] 강아지 다이어트! 문제행동의 원인이 될 수 있습니다 ⚠️ | 설채현 행동학 수의사,"12살 남아 강쥐 키우고 있습니다🐕 멀티핏, 조인핏, 유산균까지 다 놀로꺼만 먹이는데 신제품이 나왔다니 기대가 되네요~!! 딱 1키로만 더 빠졌으면 좋겠는데 커팅핏 먹고 다이어트 성공했으면 좋겠어요🥰😄🤩💕",2026-01-26,강아지 체중 관리,미상,,page,explore,2026-09-28T14:45:57
youtube,https://www.youtube.com/watch?v=JvWcLWmO_SU&lc=UgwQYD4W9_265BJR4Nl4AaABAg,a02c07873010beb0,[🎁EVENT] 강아지 다이어트! 문제행동의 원인이 될 수 있습니다 ⚠️ | 설채현 행동학 수의사,시츄 남아 3살 7.7키로 인데 다이어트 사료 먹여도 간식 줄여도 안 빠지네요 ㅠㅠ,2026-01-26,강아지 체중 관리,미상,,page,explore,2026-09-28T14:45:57
youtube,https://www.youtube.com/watch?v=JvWcLWmO_SU&lc=UgzestP9P53ugX5VK514AaABAg,80a9c6631aafa416,[🎁EVENT] 강아지 다이어트! 문제행동의 원인이 될 수 있습니다 ⚠️ | 설채현 행동학 수의사,"현재 다이어트 중인데
너무 좋은 제품 만들어
주셔서 감사합니다💙
굿 타이밍입니다💙",2026-01-26,강아지 체중 관리,미상,,page,explore,2026-09-28T14:45:57
youtube,https://www.youtube.com/watch?v=JvWcLWmO_SU&lc=UgzcV28drEwtMtx3MMt4AaABAg,e9a51f9e8c667b83,[🎁EVENT] 강아지 다이어트! 문제행동의 원인이 될 수 있습니다 ⚠️ | 설채현 행동학 수의사,"우리 강쥐 10년 8개월 된 웰시코기 공주 입니다.
관절도 안 좋고  기관지 협착으로 다이어트를 해야 합니다.  최근에 어찌어찌 500g~700g 정도를 몇 달 만에 뺐지만 아이가 너무  불행해 보였어요. 항상 서로에게 다정한 눈빛을 주고 받았는데 강쥐는 미운행동을 하고 엄마아빠는 엄격해지고요.
결국 몇 주만에 다시 원래 몸무게로 돌아 오고 말았네요.  고민이 많았는데 좋은 영양제 소개해 주셔서 너무 감사합니다. 
강아지와 함께하는 가족들의 고민에 항상 귀 기울여 주시고 해결 방법을 제시해 주시는 설샘!복 많이 받으실 겁니다.",2026-01-26,강아지 체중 관리,미상,,page,explore,2026-09-28T14:45:57
youtube,https://www.youtube.com/watch?v=JvWcLWmO_SU&lc=UgwSz1WpHTYwZeZdlk14AaABAg,16a9c06c158efc94,[🎁EVENT] 강아지 다이어트! 문제행동의 원인이 될 수 있습니다 ⚠️ | 설채현 행동학 수의사,5살된 포메여아인데 먹는걸 너무 좋아해요 4.5에서 왔다갔다하는데 시급할꺼같네요 밥그릇을 엎을정도인데..잘먹여봐야겠네요,2026-01-26,강아지 체중 관리,미상,,page,explore,2026-09-28T14:45:57
youtube,https://www.youtube.com/watch?v=JvWcLWmO_SU&lc=Ugy8RtX5VJ1s0vO6tlt4AaABAg,49e347f74ddaa938,[🎁EVENT] 강아지 다이어트! 문제행동의 원인이 될 수 있습니다 ⚠️ | 설채현 행동학 수의사,8살 웰시코기 여아를 키우고 있는 보호자 입니다 아침에 밥을 달라고 항상 깨우는 우리아이 에게  딱 맞춘 영양제가 나온거같아서 너무 기대가 되네요 건강하게 다이어트 성공 해보겠습니다 ㅎㅎ,2026-01-26,강아지 체중 관리,미상,,page,explore,2026-09-28T14:45:57
youtube,https://www.youtube.com/watch?v=JvWcLWmO_SU&lc=UgyMzm3wl7j3KqUvg9R4AaABAg,92cfbd5608261c65,[🎁EVENT] 강아지 다이어트! 문제행동의 원인이 될 수 있습니다 ⚠️ | 설채현 행동학 수의사,"폼피츠인데 보호소에서 데려왔을 때는 5kg였어요. 처음엔 선생님께서 “많이 먹어야 해요”라고 하셨는데, 최근에는 “이제 그만 먹어야 할 것 같아요”라는 말씀을 들을 정도로 지금은 7kg가 되었네요 😭
너무 귀엽지만 건강을 위해서 다이어트가 꼭 필요한 시기라 영상 보면서 많이 공감했고, 커팅핏 정말 기대돼요!
4주 챌린지 끝까지 참여해서 꼭 성공 후기 남기고 싶습니다 💪🐾",2026-01-26,강아지 체중 관리,미상,,page,explore,2026-09-28T14:45:57
youtube,https://www.youtube.com/watch?v=JvWcLWmO_SU&lc=UgzTBFiN_oI5z4O2WoZ4AaABAg,f7d220d58d44251b,[🎁EVENT] 강아지 다이어트! 문제행동의 원인이 될 수 있습니다 ⚠️ | 설채현 행동학 수의사,"안그래두 울댕이 다이어트사료로  고민중이엇는데 영상뜨자마자 바로 달려왓어요 ㅋ
십자인대두 파열되고 체중줄이는중인데
  자꾸 더 달라고 짖고  보채요ㅜㅜ
호박죽이랑 양배추 간식대용으로 주는데두
안스럽네요
다이어트영양제 너무 대박이고 
꼭 필요한제품 이네요
썰쌤 앞으로도 조은 영양제랑 간식 
만들어주세요
안티놀두 몇년째 복용하고잇어요^^",2026-01-26,강아지 체중 관리,미상,,page,explore,2026-09-28T14:45:57
youtube,https://www.youtube.com/watch?v=JvWcLWmO_SU&lc=UgyNSFKAFAO4D0Em27F4AaABAg,40631bc3189e6626,[🎁EVENT] 강아지 다이어트! 문제행동의 원인이 될 수 있습니다 ⚠️ | 설채현 행동학 수의사,"6살푸들 여아인데 현재 7.2키로에요
다리가 길어서 뚱뚱해보이진 않는데 목둘레 가슴둘레가 커요
토이푸들인데 비만이라네요 살빼려고 사료를 조금씩 주었더니 간식을 더 주게돼요 ㅜㅜ 다이어트보조제로 좀 뺄수 있겠죠?
배고픔을 덜 느낀다니 먹어봐야겠습니다.",2026-01-26,강아지 체중 관리,미상,,page,explore,2026-09-28T14:45:57
youtube,https://www.youtube.com/watch?v=JvWcLWmO_SU&lc=UgymLGiHjomTdY9Y4wB4AaABAg,1c57567c7556ba8c,[🎁EVENT] 강아지 다이어트! 문제행동의 원인이 될 수 있습니다 ⚠️ | 설채현 행동학 수의사,"우앙~~ 신제품 소식듣고 구매를 고민하던중 이벤트라니요 ㅎㅎㅎ
31개월 남아 포메인데요 2.5에서 중성화 이후 야곰야곰 찌더니 4.4키로까지 쪗어요 ㅠㅠ
4키로는 안넘기려 부단이도 애썻는데 소용이 없어요 ㅠㅠ
다이어트가 시급하고 시급합니다",2026-01-26,강아지 체중 관리,미상,,page,explore,2026-09-28T14:45:57
youtube,https://www.youtube.com/watch?v=OCEsFTKxnIA&lc=Ugx5MWRa16wRyID0YZ54AaABAg,5345496bbfe875ab,강아지 다이어트 주의할 점 ❌🏋️다이어트 꿀팁 대방출 👍22kg에서 14kg까지 빠진 비법 공개🐾🐶,ㅜ 대단하시네여.   3년전영상이지만 존경😊스러워여.   저희아가도 다욧해야하는데 집에서는 누원만잇고 간식주지말아야하는데 고기랑 간식이랑 ㅜ 환장을해서 독한맘먹고 실천해뱌야겟어여😅,2026-04-30,강아지 체중 관리,미상,,page,explore,2026-09-28T14:45:57
youtube,https://www.youtube.com/watch?v=OCEsFTKxnIA&lc=UgyGySox9gJ0O6B7E5h4AaABAg,729dc8d9e3297a4b,강아지 다이어트 주의할 점 ❌🏋️다이어트 꿀팁 대방출 👍22kg에서 14kg까지 빠진 비법 공개🐾🐶,너무 귀엽네용 간식 앞에서 꼬리 흔드는거 보면 다들 무장해제 되는것 같아요 저희 강아지도 그렇거든요ㅎㅎ 그래서 저는 간식 줄때 버틀랩 같이 섞어주는데 확실히 변 상태도 좋아지구 다이어트도 되니까 일석이조 같애여,2026-02-13,강아지 체중 관리,미상,,page,explore,2026-09-28T14:45:57
youtube,https://www.youtube.com/watch?v=OCEsFTKxnIA&lc=UgxE3-1meMkdr2BdGXp4AaABAg,f80b9b7f2dd79084,강아지 다이어트 주의할 점 ❌🏋️다이어트 꿀팁 대방출 👍22kg에서 14kg까지 빠진 비법 공개🐾🐶,😂❤,2025-10-29,강아지 체중 관리,미상,,page,explore,2026-09-28T14:45:57
youtube,https://www.youtube.com/watch?v=YyApS7FCE3Y&lc=UgxFTHSy0Zw5fs2V6ux4AaABAg,225061c3fbd5315c,원룸에서 강아지를 키우는 것은 학대일까요?,원룸은 현관문이랑 침실이 너무 가까워서 복도 소음 때문에 애들이 자주 짖잖아요ㅠㅠ 저도 그것 때문에 스트레스받다가 시야랑 소음을 적당히 잡아주는 댕트로 하우스 바꿔줬는데 확실히 헛짖음이 많이 줄었어요,2026-06-04,1인가구 강아지,미상,,page,explore,2026-09-28T14:46:14
youtube,https://www.youtube.com/watch?v=1W0azrGYMgY&lc=UgyTU47EGAuraoYaHot4AaABAg,27e66fedf20bfea0,1인가구 직장인이 강아지를 키워도 될까?,"유기견돼서 안락사당하고 보호소있는것보다100배낫죠...
누가 이분을 욕해...",2026-09-27,1인가구 강아지,미상,,page,explore,2026-09-28T14:46:14
youtube,https://www.youtube.com/watch?v=1W0azrGYMgY&lc=Ugzq_sDAybmJyO0_ozp4AaABAg,b36820f9bbd4fe97,1인가구 직장인이 강아지를 키워도 될까?,너무 이쁘네 ㅎㅎ,2026-09-25,1인가구 강아지,미상,,page,explore,2026-09-28T14:46:14
youtube,https://www.youtube.com/watch?v=1W0azrGYMgY&lc=UgzMtif2YA8xK6DOAM14AaABAg,d216e1d0c42d14ea,1인가구 직장인이 강아지를 키워도 될까?,진짜 견주의 사랑을 강아지 사랑처럼 느낀 적은 처음인 것 같아요. 너무 너무 사랑이 많으신 분이네요 부드러운 사랑을 견주님에게도 복숭이에게도 받아 오늘 하루 정말 힐링하는 밤입니다,2026-09-22,1인가구 강아지,미상,,page,explore,2026-09-28T14:46:14
youtube,https://www.youtube.com/watch?v=1W0azrGYMgY&lc=UgxqwmaKRPmNjgNyN5d4AaABAg,5b7d0a8bb339d4df,1인가구 직장인이 강아지를 키워도 될까?,ㅇ ㅅㅇ 복숭이를 사랑하는 마음이 따뜻해여,2026-08-04,1인가구 강아지,미상,,page,explore,2026-09-28T14:46:14
youtube,https://www.youtube.com/watch?v=1W0azrGYMgY&lc=Ugyomwzn8405KT5av-d4AaABAg,9cd9c396a5d7522d,1인가구 직장인이 강아지를 키워도 될까?,복숭이 털 촉감 어때요??? 뻣뻣한가요 부드러운가여,2026-08-04,1인가구 강아지,미상,,page,explore,2026-09-28T14:46:14
youtube,https://www.youtube.com/watch?v=1W0azrGYMgY&lc=UgyCnDdi1fUJy190btZ4AaABAg,f3995172cb8ee635,1인가구 직장인이 강아지를 키워도 될까?,1인가구에 산책 잘못한다고 가정해도 보호소에 있는것보다는 훨 낫지..단 산책이 필수인 중대형견은 제외.,2026-08-03,1인가구 강아지,미상,,page,explore,2026-09-28T14:46:14
youtube,https://www.youtube.com/watch?v=1W0azrGYMgY&lc=Ugztrxi4_fS4uGHPTYF4AaABAg,34f90df5e646894e,1인가구 직장인이 강아지를 키워도 될까?,재택이랑 강아지랑 근무 너무부럽따..,2026-07-28,1인가구 강아지,미상,,page,explore,2026-09-28T14:46:14
youtube,https://www.youtube.com/watch?v=1W0azrGYMgY&lc=UgwGrVBQEoSzrFi-LtJ4AaABAg,9c5d892d87ad178e,1인가구 직장인이 강아지를 키워도 될까?,"강아지한텐 가족이 세상의 전부임. 그냥 가족이라는 그 이유하나만으로 없으면 기다리고 부르면 옴. 쟤들도 저 쪼만한 머리통으로 배고픈거 똥마려운거 이런거 말고도 하고싶은게 있고 심심한것도 있고 삐지기도 함. 
시간 돈 감정 모든게 여유가 있는사람만 강아지 키워라. 자신없으면 그냥 하지마.
내가 강아지 키우면서 사람거르는 기준이 명확히 생김. 강아지를 키우는데 강아지가 이쁜거랑은 별개로 부담감을 느끼지않는사람은 아주아주 높은확률로 좋은 사람은 아니더라",2026-07-25,1인가구 강아지,미상,,page,explore,2026-09-28T14:46:14
youtube,https://www.youtube.com/watch?v=1W0azrGYMgY&lc=UgyzlsrPIYXAyZU1nnF4AaABAg,baf38f6689dc14c7,1인가구 직장인이 강아지를 키워도 될까?,기본적으로 안 되긴 하는데 가족 못 찾으면 안락사 당할 운명이었던 유기견이면 됨. 완전 됨.,2026-07-20,1인가구 강아지,미상,,page,explore,2026-09-28T14:46:14
youtube,https://www.youtube.com/watch?v=1W0azrGYMgY&lc=UgwLBCfgMNWmGiqbopF4AaABAg,e2523a0d9719a1cd,1인가구 직장인이 강아지를 키워도 될까?,유기견보호소 봉사 몇년째 다니는데 1인가구가 강아지 키우는거 무조건적으로 비판하는거 솔직히 좋아보이지 않아요. 보호소 애들 대부분 시설 열악해서 여름엔 찜통에 겨울엔 한파에 그대로 노출됩니다. 산책도 인력 부족하면 한달에 한번 할까말까에요. 시보호에 들어가면 좁은 철창에서 있다가 안락사 돼요. 1인가구라도 진심으로 강아지를 사랑하고 아껴주고 끝까지 책임만 질 수 있다면 그런 환경보다야 몇천배 나아요. 입양 문화가 더 활성화 되려면 무조건적인 비판 지양해야한다고 봅니다.,2026-06-16,1인가구 강아지,미상,,page,explore,2026-09-28T14:46:14
youtube,https://www.youtube.com/watch?v=1W0azrGYMgY&lc=UgxxrEHCBGvWMjlNgrR4AaABAg,363b39ada28e4a6c,1인가구 직장인이 강아지를 키워도 될까?,"와!
대단한 사랑 건강한 생활 패턴 다 있네!",2026-03-09,1인가구 강아지,미상,,page,explore,2026-09-28T14:46:14
youtube,https://www.youtube.com/watch?v=1W0azrGYMgY&lc=UgyFpjwdL4Nz2ulBYq54AaABAg,f0fc754ee559e9d6,1인가구 직장인이 강아지를 키워도 될까?,1인가구.라도 목숨 하나 살리는 거잖슴까. 단!! 본인사생활의 절반을 포기할 각오. 결혼해도 안버릴 각오. 직업바껴도 안버릴 각오. 늙어 병원비들어도 안버릴 각오. 는 하셔얌다,2026-02-25,1인가구 강아지,미상,,page,explore,2026-09-28T14:46:14
youtube,https://www.youtube.com/watch?v=1W0azrGYMgY&lc=UgzKXPk2-ZgzYPeXmnJ4AaABAg,a941f97529430e2b,1인가구 직장인이 강아지를 키워도 될까?,"저는 1인 가구는 아니고, 2인 가구지만 둘 다 직장인입니다! 10대때부터 강아지를 키우고 싶었지만 책임질 수 있는 나이가 될 때까지 기다렸고 몇 달 더 심사숙고 한 뒤에 강아지를 키우려고 합니다. 강아지가 혼자 있어야할 시간을 어떻게 활용해야 덜 외롭고 힘들어하지 않을지 고민하던 찰나에 이 영상을 보게 되었어요. 정말 사랑 가득한 영상이네요 구독하고 갑니다! 많은 도움이 되었어요. 영상에 나온 모습 말고도 또다른 팁이 있다면 영상 업로드 기다리겠습니다 ㅎㅎ",2026-02-23,1인가구 강아지,미상,,page,explore,2026-09-28T14:46:14
youtube,https://www.youtube.com/watch?v=1W0azrGYMgY&lc=UgwUO7lsZOQ0CRS47-F4AaABAg,aec2f9758016cd5c,1인가구 직장인이 강아지를 키워도 될까?,복숭이가 울지도 않고 참 기특하네요,2026-02-19,1인가구 강아지,미상,,page,explore,2026-09-28T14:46:14
youtube,https://www.youtube.com/watch?v=1W0azrGYMgY&lc=Ugx2ayHEhAGzUfMPtCZ4AaABAg,3f38dc50f3f3b09d,1인가구 직장인이 강아지를 키워도 될까?,이분은. 적어도 아이를 외롭게 하지는 않는다. 1인가구 를. 반대했던건. 아이는 하염없이 기다리는데  방치하다 시피 하고 결국엔 유기하는 인간들이 많아서 반대했는데 이분은. 복숭이를 정말 사랑한다는게 느껴져서. 너무좋다.,2026-02-17,1인가구 강아지,미상,,page,explore,2026-09-28T14:46:14
youtube,https://www.youtube.com/watch?v=1W0azrGYMgY&lc=Ugz4FRKakfKoE4aPC-R4AaABAg,9f97d0247411036f,1인가구 직장인이 강아지를 키워도 될까?,너무 행복한 강아지인걸요,2026-02-16,1인가구 강아지,미상,,page,explore,2026-09-28T14:46:14
youtube,https://www.youtube.com/watch?v=1W0azrGYMgY&lc=UgwpgFXWFrlx3kFxFnR4AaABAg,ed4a18568b0562a9,1인가구 직장인이 강아지를 키워도 될까?,응원합니다!,2026-02-15,1인가구 강아지,미상,,page,explore,2026-09-28T14:46:14
youtube,https://www.youtube.com/watch?v=1W0azrGYMgY&lc=UgwSGm8LJ8H_uvZ22E54AaABAg,4bd6b84359b1a5f2,1인가구 직장인이 강아지를 키워도 될까?,진짜 똥나오게 귀엽네 머일케생김?,2026-02-01,1인가구 강아지,미상,,page,explore,2026-09-28T14:46:14
youtube,https://www.youtube.com/watch?v=1W0azrGYMgY&lc=UgxeotQUFRIdp86eNfB4AaABAg,82daa4d1932b3006,1인가구 직장인이 강아지를 키워도 될까?,견주 손이 시려 뻘개지도록 급하게 집에 오신거 보세요 ㅠㅠㅠㅠ 건강하고 행복하세요 견주님 복숭이야,2026-01-10,1인가구 강아지,미상,,page,explore,2026-09-28T14:46:14
youtube,https://www.youtube.com/watch?v=1W0azrGYMgY&lc=UgzwuB-SPpfB2VHWTs54AaABAg,7c9ec03f1dce80ae,1인가구 직장인이 강아지를 키워도 될까?,복숭이 얼굴에 요크셔도 보이네요❤ 너무 귀여워요❤ 아픔이 있던 아이를 사랑으로 책임져주시니 감사합니다,2026-01-04,1인가구 강아지,미상,,page,explore,2026-09-28T14:46:14
youtube,https://www.youtube.com/watch?v=1W0azrGYMgY&lc=Ugw-HwRmAI3c0-Ysd3l4AaABAg,158e95574f4ad2ad,1인가구 직장인이 강아지를 키워도 될까?,"너무너무 사랑스러운 강아지... 테리어 믹스인거 같아요 저도 테리어 믹스 키웠는데..가슴 가운데 약간 꼬인 털 나는거나 입 주변 털, 귀 털,, 거칠거칠한 꼬리털에 약간 높은 흥분도, 예민한 성격, 짖음, 그렇지만 호기심 많은 성격, 물고 흔드는 행동들 다 너무 닮아서 자꾸 보게 되네요. 너무너무 멋진 강쥐 한번만 더 귀도 만지고 주둥이도 만지고 마르고 길쭉한 배도 통통거려주고 발도 문질문질 해주고 싶어요.",2026-01-02,1인가구 강아지,미상,,page,explore,2026-09-28T14:46:14
youtube,https://www.youtube.com/watch?v=1W0azrGYMgY&lc=UgyXsmkc8K6niJ4V3_14AaABAg,11b9c807b8d79f81,1인가구 직장인이 강아지를 키워도 될까?,아고 기특해라 쥐집 개는 엘베만 타도 소리소리를 지르고 불안도가 너무 높아서 데리고다니기 민폐 ㅠ 부럽네용 산책즘 편하게 해보는게ㅈ소원 😂😂,2025-12-31,1인가구 강아지,미상,,page,explore,2026-09-28T14:46:14
youtube,https://www.youtube.com/watch?v=1W0azrGYMgY&lc=UgxobAEN_hsYjfBLgJN4AaABAg,c1faf9515a81700b,1인가구 직장인이 강아지를 키워도 될까?,지구상 세계사 중 나처럼 비참한 팔자도없구나!,2025-12-30,1인가구 강아지,미상,,page,explore,2026-09-28T14:46:14
youtube,https://www.youtube.com/watch?v=1W0azrGYMgY&lc=UgyVQtqUIqFdSC_busd4AaABAg,8171bca260f6e150,1인가구 직장인이 강아지를 키워도 될까?,복숭이 출근 가방 제품 뭔지 궁금합니다☺️,2025-12-29,1인가구 강아지,미상,,page,explore,2026-09-28T14:46:14
youtube,https://www.youtube.com/watch?v=1W0azrGYMgY&lc=UgyDY2-m-AWyNtud5NB4AaABAg,b1ed638605f8459e,1인가구 직장인이 강아지를 키워도 될까?,1인 가구도 키울수있죠~~다만 좀다 부지런해야하고 좀더 돈을 써야하고 내 개인적인 시간은 없어진다는걸 알고 입양해야죠~~복숭이는 좋은 보호자만나서 행복할거같아요~~~,2025-12-28,1인가구 강아지,미상,,page,explore,2026-09-28T14:46:14
youtube,https://www.youtube.com/watch?v=1W0azrGYMgY&lc=UgxuF_dmpflQlJHa2el4AaABAg,5839f925763fbca2,1인가구 직장인이 강아지를 키워도 될까?,나오는 팝송 제목이 너무 알고 싶은데 제목이 뭘까요?🥲,2025-12-22,1인가구 강아지,미상,,page,explore,2026-09-28T14:46:14
youtube,https://www.youtube.com/watch?v=1W0azrGYMgY&lc=Ugwg-hYhHrYHM26JeHh4AaABAg,6b8823e368274984,1인가구 직장인이 강아지를 키워도 될까?,암컷들이 여성스럽고 참해요ㅎㅎ복숭이도,2025-12-21,1인가구 강아지,미상,,page,explore,2026-09-28T14:46:14
youtube,https://www.youtube.com/watch?v=1W0azrGYMgY&lc=UgzGZ2lS--8xAZSFmDd4AaABAg,6def911ebab70d98,1인가구 직장인이 강아지를 키워도 될까?,미쳤다....강아지사랑하는 마음이 여기까지 느껴져서 나도 모르게 마음이 따뜻해지네요,2025-12-21,1인가구 강아지,미상,,page,explore,2026-09-28T14:46:14
youtube,https://www.youtube.com/watch?v=1W0azrGYMgY&lc=Ugz9GkWEX3JeenwL-614AaABAg,207ed30b3c229a1b,1인가구 직장인이 강아지를 키워도 될까?,언니 식사 준비하면서 가위로 자른재료 궁금해요~^^,2025-11-22,1인가구 강아지,미상,,page,explore,2026-09-28T14:46:14
youtube,https://www.youtube.com/watch?v=1W0azrGYMgY&lc=UgxQV5j61qgSqFZnJhJ4AaABAg,82911b4afbb9c0b3,1인가구 직장인이 강아지를 키워도 될까?,"아침 출근전 산책... 엄청 부지런하시다.. 
전 친척집에 며칠 놀러갔다가 강아지 3마리 키우시는거  아침 산책 잠깐 당번한적있는데 
보통일이 아니더라고요 거기에 좀 있으면 나가야하는 오전 약속이 있으면 초조해가지고 ㅋㅋ
제발 똥오줌 좀 대충싸라고 발동동 거렸는데 ㅋㅋㅋ 자리 엄청 골라서 싸요 또 ㅋㅋ",2025-11-11,1인가구 강아지,미상,,page,explore,2026-09-28T14:46:14
youtube,https://www.youtube.com/watch?v=1W0azrGYMgY&lc=UgwWuk7a-YOTW5Te3FN4AaABAg,1aa2ab7819d1f59a,1인가구 직장인이 강아지를 키워도 될까?,강아지 입장에서 심심하지 않게 꼼꼼하게 챙기며 사랑으로 챙겨주는 모습이 참 보기좋네요😊,2025-11-07,1인가구 강아지,미상,,page,explore,2026-09-28T14:46:14
youtube,https://www.youtube.com/watch?v=1W0azrGYMgY&lc=UgxwCrSE048nck_YtP54AaABAg,f937938a846cc6db,1인가구 직장인이 강아지를 키워도 될까?,"제가
찾던 토이에요 !!!트릿토이최고
울 강쥐는 유치원은 안가지만 
노즈워크장난감여러개에 트릿토이 까지 하고 나면 뻗어서 쉽니당~
아침저녁 산책하구 피곤피곤 
언니가 돈 많이 벌어서 
유치원도 보내줄께 ㅠㅠㅠㅠ😢❤😂",2025-10-25,1인가구 강아지,미상,,page,explore,2026-09-28T14:46:14
youtube,https://www.youtube.com/watch?v=1W0azrGYMgY&lc=UgxBtEnya5weFP3JZH54AaABAg,efd7912a4b7c727e,1인가구 직장인이 강아지를 키워도 될까?,복숭이도 너무 귀엽고 견주님도 참 현명하게 케어를 잘 하시네요. ㅎ 보기 좋아요.,2025-10-19,1인가구 강아지,미상,,page,explore,2026-09-28T14:46:14
youtube,https://www.youtube.com/watch?v=1W0azrGYMgY&lc=UgzjUbrQZb5y7SqoL1l4AaABAg,db05ddd37676656f,1인가구 직장인이 강아지를 키워도 될까?,끝까지 책임지고 최선을 다해키운다면 좋죠,2025-10-18,1인가구 강아지,미상,,page,explore,2026-09-28T14:46:14
youtube,https://www.youtube.com/watch?v=1W0azrGYMgY&lc=UgztsLYvNOlmSXMwOg54AaABAg,df59417ffec099b4,1인가구 직장인이 강아지를 키워도 될까?,코가 반질반질~,2025-10-16,1인가구 강아지,미상,,page,explore,2026-09-28T14:46:14
youtube,https://www.youtube.com/watch?v=1W0azrGYMgY&lc=Ugzt7_dGnSCAchJOJgJ4AaABAg,f5435cf93404ddbf,1인가구 직장인이 강아지를 키워도 될까?,안녕하세요 복숭이 가방 어디제품인지 알려주실수 있으실까요?,2025-10-11,1인가구 강아지,미상,,page,explore,2026-09-28T14:46:14
youtube,https://www.youtube.com/watch?v=1W0azrGYMgY&lc=UgymdCIfML6cvMh5WYt4AaABAg,98a6894ad775a98d,1인가구 직장인이 강아지를 키워도 될까?,구독하고 갑니다~,2025-10-08,1인가구 강아지,미상,,page,explore,2026-09-28T14:46:14
youtube,https://www.youtube.com/watch?v=1W0azrGYMgY&lc=UgwrjuGEwuTLUe7yolR4AaABAg,61f2e32742b14651,1인가구 직장인이 강아지를 키워도 될까?,그러려고 애완견 이죠.혼자살면 키우지말아라! 고들 많이들 하는데.   도더체 사람 기준에 세상을 왜 강아지에 기준을 두려는지 모르겠다니깐    아니 사람이 먹여주고 재워주는데  사람에 외로움을 대신해주어야하는것아닌가,2025-10-08,1인가구 강아지,미상,,page,explore,2026-09-28T14:46:14
youtube,https://www.youtube.com/watch?v=1W0azrGYMgY&lc=UgxejiNg7PQ22f205JB4AaABAg,240d3397209923f9,1인가구 직장인이 강아지를 키워도 될까?,대신 결혼은 포기해야함ㅋㅋ,2025-10-07,1인가구 강아지,미상,,page,explore,2026-09-28T14:46:14
youtube,https://www.youtube.com/watch?v=1W0azrGYMgY&lc=UgwH4eeLB1X71sEnabx4AaABAg,aa0f6d2a05d65133,1인가구 직장인이 강아지를 키워도 될까?,좀 심한 표현으로...보호소 유기견이 이거저거 따질게 어딨냐. 1인 가구라도 안락사 날짜에 안 떨어도 되고 뜬장 아니라 방바닥 밟고 하루종일 기다린다해도 나를 쓰다듬고 안아줄 따뜻하고 보드라운 내 주인의손길이 있다면 살아볼만 한거지.,2025-10-06,1인가구 강아지,미상,,page,explore,2026-09-28T14:46:14
youtube,https://www.youtube.com/watch?v=1W0azrGYMgY&lc=UgzxtX_1c5XHYGeJDRF4AaABAg,eb826dc74bd58b19,1인가구 직장인이 강아지를 키워도 될까?,강아지하고  애기는   멀리서만 봐야할듯 ㅠ  이쁜데  키우기는  많은 사랑이필요한존재들,2025-10-06,1인가구 강아지,미상,,page,explore,2026-09-28T14:46:14
youtube,https://www.youtube.com/watch?v=1W0azrGYMgY&lc=Ugx7JMjcuBMgFbwPrcl4AaABAg,7242775503857651,1인가구 직장인이 강아지를 키워도 될까?,저는 7.8 깨비랑 같이 살고 있어요 이정도 무게 되니까 무조건 백팩 있어야 되더라구요🥲 저랑 백팩도 색도 똑같네요! 같이 ktx 타야돼서 영상 보다가 여기까지 왔네요ㅎㅎ 아가 너무 순하고 귀여워요🫶🫶,2025-10-05,1인가구 강아지,미상,,page,explore,2026-09-28T14:46:14
youtube,https://www.youtube.com/watch?v=1W0azrGYMgY&lc=UgzVChLsy7eGOt32e7h4AaABAg,8ac3759b67ea1f02,1인가구 직장인이 강아지를 키워도 될까?,말썽도 안부리고 말도 잘듣고 적응도 참 잘하고 기특하네요. 이정도로 신경써주면 방치하는 사람들보다 훨 잘하시는거죠. 복숭이가 말을 할 수 있다면 전 너무너무 행복해요. 감사해요 라고 말할듯,2025-10-02,1인가구 강아지,미상,,page,explore,2026-09-28T14:46:14
youtube,https://www.youtube.com/watch?v=1W0azrGYMgY&lc=UgwCaue8cdRL7dfRvkN4AaABAg,812f0507c1d8c01e,1인가구 직장인이 강아지를 키워도 될까?,❤,2025-10-01,1인가구 강아지,미상,,page,explore,2026-09-28T14:46:14
youtube,https://www.youtube.com/watch?v=1W0azrGYMgY&lc=UgxBc08SMyygsIdmSYh4AaABAg,1e61a0355caecf04,1인가구 직장인이 강아지를 키워도 될까?,너무 힐링이예요~,2025-09-30,1인가구 강아지,미상,,page,explore,2026-09-28T14:46:14
youtube,https://www.youtube.com/watch?v=1W0azrGYMgY&lc=Ugxad-zgLZGTicX8GLp4AaABAg,dcc36f67ac0f8d78,1인가구 직장인이 강아지를 키워도 될까?,같이출근 가능한거 너무너무 부러워요..,2025-09-30,1인가구 강아지,미상,,page,explore,2026-09-28T14:46:14
youtube,https://www.youtube.com/watch?v=1W0azrGYMgY&lc=UgzMeDaxaHwhUs4ld_94AaABAg,8c94d9536760aa05,1인가구 직장인이 강아지를 키워도 될까?,"안락사 기다리는 것보다 집에서 주인기다리는게 훨씬 낫지 
따뜻하고 시원하고 밥잘나오고 산책하고ㅋㅋㅋㅋ",2025-09-29,1인가구 강아지,미상,,page,explore,2026-09-28T14:46:14
youtube,https://www.youtube.com/watch?v=1W0azrGYMgY&lc=Ugz_q3EOsQVo74Bad694AaABAg,11a01f46f0725fae,1인가구 직장인이 강아지를 키워도 될까?,"와 대단하시네요. 엄청 사랑으로 돌보시는게 느껴져요. 아마 하루종일 강아지랑 같이 있어도 저렇게 정성스럽게 못 돌봐주시는 분들이 많을건데 대단합니다요👏🏻👏🏻
저도 얼마전 2개월 푸숑 강아지랑 함께 살게된 1인 가구인데 올해는 일을 쉬어서 하루종일 함께 있지만 내년에 다시 일을 해야돼서 고민이 많아요. 그래도 영상보면서 저도 저렇게 해봐야지 하고 많이 참고가 되었네요. 복숭이와 건강하고 행복한 날들만 가득하세용❤",2025-09-28,1인가구 강아지,미상,,page,explore,2026-09-28T14:46:14
youtube,https://www.youtube.com/watch?v=7gZ4XjUJslQ&lc=UgxZN8XSA0Zl_u8sS8B4AaABAg,8a8d0dab5c37bd9f,혼자사는 사람이 키우기 쉬운 강아지 VS 힘든 강아지,고양이 키우세요....혼자 오래두시는 건.....,2026-03-27,1인가구 강아지,미상,,page,explore,2026-09-28T14:46:14
youtube,https://www.youtube.com/watch?v=VGoeRA9Oghw&lc=UgzhwjAGvaTH29ZlybR4AaABAg,3b39e2d64cc52c69,"""혼자 사는데 개 키워도 될까?"" 고민 중이라면 6년차 반려견 훈련사가 딱 정해드립니다 (야근 잦은 직장인 견주)","혼자 사는 보호자들이 가장 많이 하는 실수 하나.
노즈워크 주고 바로 외출하는 것… 이유는 아래 영상에서 확인해 보세요.👇
https://youtu.be/KRv0ctPszek",2026-03-09,1인가구 강아지,미상,,page,explore,2026-09-28T14:46:14
youtube,https://www.youtube.com/watch?v=VGoeRA9Oghw&lc=Ugzs0FOdgaC4hGk4N3x4AaABAg,05750a29fe5bd96e,"""혼자 사는데 개 키워도 될까?"" 고민 중이라면 6년차 반려견 훈련사가 딱 정해드립니다 (야근 잦은 직장인 견주)","이런거보고 유기할까무섭다
혼자있어도 책임지고 키워주세요!
괜찮아요!!
유기되고 안락사당하고 하는 강아지들보다는 나아요",2026-09-27,1인가구 강아지,미상,,page,explore,2026-09-28T14:46:14
youtube,https://www.youtube.com/watch?v=VGoeRA9Oghw&lc=UgyOo1Bsa9rKru8Xhy14AaABAg,a91c261a76c93cc4,"""혼자 사는데 개 키워도 될까?"" 고민 중이라면 6년차 반려견 훈련사가 딱 정해드립니다 (야근 잦은 직장인 견주)","댕댕이 2마리에 냥이 1마리인데요..
전업주부라 집 비우는 시간은 길지 않아요
애들 덕에 전 건강해 졌어요
치와와랑 푸들인데 에너지가 너무 극과극이라 따로 산책을 나가고
밤엔 자녀랑 남편과 사람끼리ㅋㅋ 걷구요
주말은 댕댕이들과 가족이 함께 공원 나들이가요
그럼에도 불구하고..
다시는 안 키운다고 저 스스로에게 말해요 
부지런하지 않으면, 그리고 책임감이 개쩔지 않으면 안 키우는 게 맞아요
병원비 걱정은 요새는 펫보험 들면 되니까 좀 낫죠
영상 올리신 선생님 굉장히 솔직하셔서 좋네요
저분 말씀이 다 맞습니다",2026-03-25,1인가구 강아지,미상,,page,explore,2026-09-28T14:46:14
youtube,https://www.youtube.com/watch?v=VGoeRA9Oghw&lc=UgzfX8ItkBUgJoD2cCp4AaABAg,40fca538a745c57c,"""혼자 사는데 개 키워도 될까?"" 고민 중이라면 6년차 반려견 훈련사가 딱 정해드립니다 (야근 잦은 직장인 견주)",기본적으로 집에 상주하는 사람 없는데 키우는 건 학대라고 생각함,2026-03-15,1인가구 강아지,미상,,page,explore,2026-09-28T14:46:14
youtube,https://www.youtube.com/watch?v=CMKXfgwGi2c&lc=Ugw_Tt0fX4wMLj5dVhJ4AaABAg,9081608c8751919f,"강아지 사료, 여름엔 그냥 두면 독 됩니다 ☠️ | 올바른 보관법 총정리 #강아지사료 #사료보관법 #여름강아지 #반려견건강 #강아지건강 #사료변질 #댕댕이 #반려견케어",여름에 우리 댕댕이 사료 지켜줘요^^,2026-06-04,사료 보관 눅눅,미상,,page,storage,2026-09-28T14:46:36
youtube,https://www.youtube.com/watch?v=iF3bUavgp2U&lc=Ugyy1XL-WbV3-O8NE3F4AaABAg,025ae645a98a3d1b,"강아지 사료에 섞어주면 위험한 조합, 보호자들이 가장 많이합니다!","강아지에게 절대 주면 안 되는 간식 10가지!
이 영상 보고 꼭 확인해보세요 
👉https://youtu.be/ohWbuFVvPK0",2026-01-01,사료 산패,미상,,page,storage,2026-09-28T14:46:58
youtube,https://www.youtube.com/watch?v=iF3bUavgp2U&lc=UgxbdL7BpCOgWgQsAt94AaABAg,6dbc8f206c91f306,"강아지 사료에 섞어주면 위험한 조합, 보호자들이 가장 많이합니다!","영상 유익해요!
4kg인 강아지한테
최근 양배추 우린 채수랑 양배추 찐것을 사료의 한 4분의 1정도를주고 채수는 아주약간 부어주는데 이건 장기적으로 봤을때 괜찮을까요? 아직 강아지 관련 공부는 참힘드네요…
당근이랑 애호박 불에 약간볶아서 토핑처럼 5분의1정도로 급여하는것도 생각하고있는데 괜찮을지여쭙고 싶어요..",2026-06-15,사료 산패,미상,,page,storage,2026-09-28T14:46:58
youtube,https://www.youtube.com/watch?v=iF3bUavgp2U&lc=UgyXhAKCiJlJz6O-Zi54AaABAg,36541c4bee37acd6,"강아지 사료에 섞어주면 위험한 조합, 보호자들이 가장 많이합니다!",사료를 잘 안먹어서요,2026-01-05,사료 산패,미상,,page,storage,2026-09-28T14:46:58
youtube,https://www.youtube.com/watch?v=iF3bUavgp2U&lc=UgzyGojn8t8ttCZlWnN4AaABAg,d9cd4d519b0a0c7b,"강아지 사료에 섞어주면 위험한 조합, 보호자들이 가장 많이합니다!",그럼 사람음식보다 좋은 사료는 뭐가 있나요?,2026-01-05,사료 산패,미상,,page,storage,2026-09-28T14:46:58
youtube,https://www.youtube.com/watch?v=iF3bUavgp2U&lc=UgwemlRaOHkTLCes16R4AaABAg,b9140b6fadab63e6,"강아지 사료에 섞어주면 위험한 조합, 보호자들이 가장 많이합니다!","와~급여에 대한 여러 영상들 봤지만 제가 생각하는 것과 일치한 영상은 처음이에요! 제가 잘못 주지 않은  것 같아서 다행이네요! 환절기때 한번씩 저녁에만 삶은 닭가슴살을 잘게 찢어서 삶은 당근이나 양배추와 함께 3일 정도 줍니다! 파는 간식은 안 먹이고 사과, 배,  오이, 삶은 당근.삶은 달걀  같은 것을 극소량 먹이는데  그래도 식탐이 많아서인지 사료도 잘 먹네요.",2026-01-04,사료 산패,미상,,page,storage,2026-09-28T14:46:58
youtube,https://www.youtube.com/watch?v=iF3bUavgp2U&lc=UgwP-2mJvhZzUBo40E94AaABAg,312f5f6c65a554ea,"강아지 사료에 섞어주면 위험한 조합, 보호자들이 가장 많이합니다!","사료랑 화식 반반 섞어주는데  아주
건강해요",2026-01-03,사료 산패,화식,,page,storage,2026-09-28T14:46:58
youtube,https://www.youtube.com/watch?v=iF3bUavgp2U&lc=UgzegfGedJGn3NEj9tZ4AaABAg,260cf79f07d1d6e9,"강아지 사료에 섞어주면 위험한 조합, 보호자들이 가장 많이합니다!","사료만 주면 세상편하지 
그걸 모르나요 ?",2026-01-03,사료 산패,미상,,page,storage,2026-09-28T14:46:58
youtube,https://www.youtube.com/watch?v=iF3bUavgp2U&lc=Ugz9xk59u0HJt5O-Lyp4AaABAg,ee125037a8706556,"강아지 사료에 섞어주면 위험한 조합, 보호자들이 가장 많이합니다!",감사합니다🎉,2026-01-03,사료 산패,미상,,page,storage,2026-09-28T14:46:58
youtube,https://www.youtube.com/watch?v=iF3bUavgp2U&lc=UgzwTE0AYIAhmtNs3Mt4AaABAg,36ade1ec7049735b,"강아지 사료에 섞어주면 위험한 조합, 보호자들이 가장 많이합니다!",강아지 사료만 먹이고 산책도 안 시키고 장난감 취급하는 견주는 반성하자.,2026-01-02,사료 산패,미상,,page,storage,2026-09-28T14:46:58
youtube,https://www.youtube.com/watch?v=iF3bUavgp2U&lc=UgwgCtOLbwzQlr0vB-94AaABAg,95c5aec2c2a60517,"강아지 사료에 섞어주면 위험한 조합, 보호자들이 가장 많이합니다!",요즘 애들 밥꾸 영상이 유행하면서 동결건조 습식 쿠키 간식등등을 한반에 다 섞어서 주는게 유행처럼 번지고 있는데...조심해야할듯...,2026-01-02,사료 산패,미상,,page,storage,2026-09-28T14:46:58
youtube,https://www.youtube.com/watch?v=iF3bUavgp2U&lc=Ugx7hFzkX2wT0MUWSrx4AaABAg,c2c40accc0850226,"강아지 사료에 섞어주면 위험한 조합, 보호자들이 가장 많이합니다!","영양보충 차원에서    1)양배추 데친거와  2)당근 삶은거 ....  사료크기로 잘게 다져    사료에 소량(반수저) 섞어 주거나  아주 가끔  삶은 감자, 단호박 으깨어 섞어줍니다 .....푸들 10년간 건강에 이상없습니다(단,  물은 수시로 원하는 만큼  먹을 수 있도록  대접에 항상 채워놓습니다)......한 방울씩 핣아 먹는  기성품 물병은   꼭지에 세균 번식이 많고  충분한 양을 핣아 먹지못해  소대변 배변장애,  신장질환을 유발할 수 있습니다",2026-01-02,사료 산패,미상,,page,storage,2026-09-28T14:46:58
youtube,https://www.youtube.com/watch?v=iF3bUavgp2U&lc=UgwtUTQxukL38OOqDRp4AaABAg,e677edf6d30154d5,"강아지 사료에 섞어주면 위험한 조합, 보호자들이 가장 많이합니다!",많이 배워갑니다ㅠㅠ 요새 울 강아지가 많이 아파서 밥 먹일 때 버틀랩 유산균 말고는 아무것도 안 먹이고 있는데 앞으로 더 더 조심해야 할 것 같은ㅠㅠ,2026-01-02,사료 산패,미상,,page,storage,2026-09-28T14:46:58
youtube,https://www.youtube.com/watch?v=xIpVC22ujp4&lc=UgwgyRpJt4W4gB30Uk54AaABAg,5ba5c0847f2f7274,사료보관👍 #반려견 #강아지,"밀폐가 잘될까요? 주료 10리터 정도되는 사료 구매하는대 매번 소분하기가 힘들어서 구매하려합니다.
!",2026-05-18,사료 산패,미상,,page,storage,2026-09-28T14:46:58
youtube,https://www.youtube.com/watch?v=O2BheQY29xE&lc=UgxKDBOxGLVpiLM8CMd4AaABAg,01a29576cda36aa0,강아지 건강 망칠 수 있다고? 강아지 사료에 이것저것 섞어줬더니 생긴 일들...,"'강아지 밥꾸미기'에 대한 여러분의 생각을 남겨주세요💬🐶

멍터뷰에서 좀 더 깊고 정확하게 알려드리겠습니다 : )",2026-01-10,사료 산패,미상,,page,storage,2026-09-28T14:46:58
youtube,https://www.youtube.com/watch?v=O2BheQY29xE&lc=UgzlUw855c8a5Xft2Jl4AaABAg,7f971e08c3c6532f,강아지 건강 망칠 수 있다고? 강아지 사료에 이것저것 섞어줬더니 생긴 일들...,"인간음식 아주 소량 꼬딱지안큼 만 알아도 귀신같이
강아지 밥을 거부합니다
정말 무섭어요 ㅠ",2026-08-20,사료 산패,미상,,page,storage,2026-09-28T14:46:58
youtube,https://www.youtube.com/watch?v=O2BheQY29xE&lc=UgzsXrGYZHXEqcX6jrJ4AaABAg,9965db0811f1e5aa,강아지 건강 망칠 수 있다고? 강아지 사료에 이것저것 섞어줬더니 생긴 일들...,"안녕하세요, 영상 너무 잘보고있습니다! 조록잎홍합은 어디에서도 구매할수가 없던데..어디서 구매하신건지 여쭤봐도될까요?",2026-02-10,사료 산패,미상,,page,storage,2026-09-28T14:46:58
youtube,https://www.youtube.com/watch?v=O2BheQY29xE&lc=Ugxye6WkH0LS2ZoBeLt4AaABAg,4cc592327ad964f7,강아지 건강 망칠 수 있다고? 강아지 사료에 이것저것 섞어줬더니 생긴 일들...,"아침 한끼는 사료 
저녁엔 양배추,단호박,당근,새송이+고기한가지(닭,돼지,말 번갈아가며) 로 만든 화식 

정도면 괜찮지않을까요ㅠㅠ ~?
어케 십년넘게 사료만 먹고살아요 
사료를 잘먹어주기라도 하면 다행인데 사료는 아무리 순환급여해도 억지로먹거나 안먹으려함",2026-01-19,사료 산패,화식,,page,storage,2026-09-28T14:46:58
youtube,https://www.youtube.com/watch?v=O2BheQY29xE&lc=UgxJNATjV7engMtmjwB4AaABAg,da8158f2665379e9,강아지 건강 망칠 수 있다고? 강아지 사료에 이것저것 섞어줬더니 생긴 일들...,"아침에는 든든하게 사료 80% 화식20%  작은 블루베리나 채소퓨레 조금 해서 주고 
저녁은 주식인 사료만 급여중이에요! 
간식도 최대한 줄여서 소량만 급여중이고요! 평소에 거의 채소위주 간식! 애카나 산책많이 한날에는 육류나 해산물 등.. 단백질 + 야채간식 주구요! 
지방이랑 단백질 등등 .. 장이에 부담되지 않게 공부도 하며 주는중인데 정답은 아니겠지만 모든 분들이 아이들은 위한거니까 저는 괜찮다고 봐요!",2026-01-17,사료 산패,화식,,page,storage,2026-09-28T14:46:58
youtube,https://www.youtube.com/watch?v=O2BheQY29xE&lc=Ugx01JThO0dNAxL5MvJ4AaABAg,5e8ec60366827854,강아지 건강 망칠 수 있다고? 강아지 사료에 이것저것 섞어줬더니 생긴 일들...,"저는 사료도 주지만 튀긴사료보단 오븐베이크사료 그리고 적당히 주식제품으로 나온 동결건조 화식 습식사료, 홈메이드 자연식 돌아가며 주는데 아이도 너무 좋아하고  저도 기분이 좋아요 나름이라고 봅니다
저한테 평생 사료만 먹고 살라고하면 저는 너무 불행할 거 같아요",2026-01-16,사료 산패,화식,,page,storage,2026-09-28T14:46:58
youtube,https://www.youtube.com/watch?v=O2BheQY29xE&lc=UgzHxxyJORZMHWDnhmN4AaABAg,3fa4947b6708c0d6,강아지 건강 망칠 수 있다고? 강아지 사료에 이것저것 섞어줬더니 생긴 일들...,"너무 공감해요! 
좋은 재료로 직접 화식 만들어서 몇번 먹여봤는데, 결국엔 사료 거부가 더 늘더라구요. 사료만 주면 안먹으니 공복토도 심해지고 악순환..
나중에는 이것저것 섞여서 밥 먹이겠다고 하다가 결국 과식으로 인한 소화불량, 묽은 변 > 혈변까지해서 일주일 병원 입원했었어요ㅠㅠ..
우리 아이 건강했으면 하는 마음으로 시작한게 병원엔딩으로 끝나서 제가 너무 죄인인거같고 너무 힘들었습니다.
그 뒤로는 식사는 무조건 사료를 메인으로 전용 통조림 한스푼 정도에 영양제 섞여서 먹입니다.
오히려 지금이 더 건강하네요.😊",2026-01-15,사료 산패,화식,,page,storage,2026-09-28T14:46:58
youtube,https://www.youtube.com/watch?v=O2BheQY29xE&lc=UgyabKLWEZhMz37xhAp4AaABAg,da25fce638d9eae0,강아지 건강 망칠 수 있다고? 강아지 사료에 이것저것 섞어줬더니 생긴 일들...,초록입홍합 제품 어디꺼인가요?,2026-01-13,사료 산패,미상,,page,storage,2026-09-28T14:46:58
youtube,https://www.youtube.com/watch?v=O2BheQY29xE&lc=Ugza_a3LBlM3dCAClDB4AaABAg,7e02771ab315a8df,강아지 건강 망칠 수 있다고? 강아지 사료에 이것저것 섞어줬더니 생긴 일들...,한 2년간 밥꾸하면서 줬는데 강박처럼 막 하나하나 ㄷ줘야할것같고 애도 편식 더심해지고 비용은 늘어나고 😮😮 결국 사료에 단일 고기야채 만 매일 넣어서 주고있어요 이상하게 넘 축축해지면 사료를 안먹더라구요,2026-01-12,사료 산패,미상,,page,storage,2026-09-28T14:46:58
youtube,https://www.youtube.com/watch?v=O2BheQY29xE&lc=UgyDUUvI-0etGYtqTft4AaABAg,0da73705f2462a2b,강아지 건강 망칠 수 있다고? 강아지 사료에 이것저것 섞어줬더니 생긴 일들...,이분은 사료 얘기할때마다 바뀌네요.... 첨엔 화식 같이주는거 좋다 하다가 담엔 안좋다하다가.... 흠....,2026-01-11,사료 산패,화식,,page,storage,2026-09-28T14:46:58
youtube,https://www.youtube.com/watch?v=O2BheQY29xE&lc=UgzrzqaTlqN7AdX8B7V4AaABAg,1f09e20ddebe7c6a,강아지 건강 망칠 수 있다고? 강아지 사료에 이것저것 섞어줬더니 생긴 일들...,"저도 좀 섞어서 주고 싶은데..
이게 칼로리 계산(특히 습식류 캔)
화식은 비율이 어렵더라고요..
챗GPT에 물어보면 된다던데
그것도 쉽지가 않아서 ㅠ",2026-01-11,사료 산패,화식,,page,storage,2026-09-28T14:46:58
youtube,https://www.youtube.com/watch?v=O2BheQY29xE&lc=UgzU07ExM8-we5D4hCd4AaABAg,f8b78e3d82322106,강아지 건강 망칠 수 있다고? 강아지 사료에 이것저것 섞어줬더니 생긴 일들...,"먹는게 하나의 즐거움이고.. 저도 한가지만 먹으면 질리는데 당연히 강아지들도 그렇겠다란 생각과 건사료만으론 아가가 절대먹질 않으니... 밥꾸라기보단 건사료는 고정시키고 알러지터지지 않고 무리없는 선에서 습식,토핑,
화식등을 혼합해서 아침,저녁 계속 다른 메뉴로 돌려주고 하는데 이게 몸에 쌓이면 무리는가지않는건지 알러지성으로 주고있음에도  종종 앞발이랑 생식기옆 핥고 그래서 어느게 알러지 있는것지 빠르게 찾기도힘들고ㅜ잘먹다가 질렸는지 또 입짧아서 안먹고...하 증말 제 메뉴보다도 고민이고ㅜㅜ 넘 스트레스네요😢😢",2026-01-11,사료 산패,혼합,,page,storage,2026-09-28T14:46:58
youtube,https://www.youtube.com/watch?v=O2BheQY29xE&lc=UgxIttFir_pu8IsoBaB4AaABAg,4a1b0e71ac1db48c,강아지 건강 망칠 수 있다고? 강아지 사료에 이것저것 섞어줬더니 생긴 일들...,"저는 1일 2식중 아침은 화식살짝 섞어서
영양제랑 같이 먹이고,  저녁은 사료만  먹여요. 간식으로는 아이들한테 좋다는
황태간식이나 열빙어  또는 한우우피껌
을 주로 먹이고 있어요.
간식 먹일때에는 밥을 좀 줄이거나
활동량을 높이려고 노력하구요
요정도면 좋은 영양식이 될것같은 생각이 들어요.",2026-01-11,사료 산패,화식,,page,storage,2026-09-28T14:46:58
youtube,https://www.youtube.com/watch?v=O2BheQY29xE&lc=Ugxn34CSX5ViggVHhLB4AaABAg,77216de9ad77ec1c,강아지 건강 망칠 수 있다고? 강아지 사료에 이것저것 섞어줬더니 생긴 일들...,"저도 처음엔 솔깃해서 사료양을 좀 줄이고 동결건조 토핑을 해줬는데 사료만 먹었을때랑 달리 소화시켜야할게 많아지고 고단백에 장기들이 쉬지않고 계속 일해서 소화기능이 저하될수도 있다 라는걸 보고 바로 그만뒀어요.. 물론 이게 정답도 아니고 소화기능도 개바개지만 내 위장으로 생각해보니 장에 무리를 주고싶지 않더라구요 ㅠㅋㅋㅋ 사료는 영양소가 잘 맞춰져있으니 주식으로, 야채나 닭가슴살 육포는 먹는 시간을 따로 정해서 간식으로 구분하고 소량씩 주고 있답니당 ㅎㅎ",2026-01-11,사료 산패,미상,,page,storage,2026-09-28T14:46:58
youtube,https://www.youtube.com/watch?v=O2BheQY29xE&lc=UgwEMC5p1h3HVnJ5_MJ4AaABAg,1bcbe827410cb11c,강아지 건강 망칠 수 있다고? 강아지 사료에 이것저것 섞어줬더니 생긴 일들...,"저도 아이가 아침에 사료를 안먹고 버티면서 퇴근후에 공복토를 해놓는 모습을 보고 아침 밥꾸를 하게 되었습니다.
제가 하는 방법은 아침 한끼만 밥꾸를 해주는 루틴으로 반복하고 간식을 제한하니까 점점 더 맛있는 밥을 원하지는 않네요^^",2026-01-11,사료 산패,미상,,page,storage,2026-09-28T14:46:58
youtube,https://www.youtube.com/watch?v=O2BheQY29xE&lc=UgytFHXbaze2DmUKPkJ4AaABAg,a0f92b5186d2eb21,강아지 건강 망칠 수 있다고? 강아지 사료에 이것저것 섞어줬더니 생긴 일들...,푸 꼬질꼬질 넘 귀여어~~~ 😊,2026-01-10,사료 산패,미상,,page,storage,2026-09-28T14:46:58
youtube,https://www.youtube.com/watch?v=O2BheQY29xE&lc=UgzTMW_mLWRacwAt9h94AaABAg,bd22192fc52db433,강아지 건강 망칠 수 있다고? 강아지 사료에 이것저것 섞어줬더니 생긴 일들...,"저는 알못이지만 저는 사료8 야채2정도 주고있어요 밥꾸 개념 보다는 사료를 잘먹으면 집에서 사람이 먹는 야채, 채소 강아지 하나씩 주고 말아요 이쁘게 많이 보단 사료만 줄 때도 있고 사료에 언져서 줄 때도 있구요
밥투정이 심하거나 한번씩 오는 강아지라면 사료만 주고 틈틈히 야채 조금씩 주는게 개인적으로 낫더라구요 까다로워지면 나이들어서 점점 입맛 맞추기도 힘들구요 (경험담) 
저도 밥꾸를 하긴하지만 제가 하는 밥꾸는 사료에 블루베리 3-4알은 꾸준히 주는 편이고 그 외에는 중간에 간식 개념으로 줘요 
동결건조가 대세라서 나름 따라봤는데 냉동야채나 채소사서 사람이랑 강아지 같이 먹는게 젤 낫기도하고 보호자들 마다 캐바캐라 생각해요 밥투정 없이 식성 좋은 강아지라면 상관없지만 밥투정이 한번씩 있다면 굳이 싶기도하고..
오늘은 당근, 내일은 파프리카, 다음달은 양배추 한번씩 사람 먹는 채소 있을 때 조금씩 주는게 개인적 좋기도 하고 편하기도하구요.. 
또 제 친구는 사람은 늘 먹고싶고 맛있는거 먹는데~라면서 강아지밥은 신경써서 저녁한끼는 꼭 맛있게 주더라구요  들으면서 이 말에 공감하기도했구요~ 
저는 사놓은 동결건조 다 먹이면 그냥 필요한 야채 한두개만 사고 신선한 야채, 채소들 사람 먹을 때 조금씩 챙겨줄까해요 저는 패턴이 이게 맞는 거 같아요 
(개인적 한번 쯤 해봤지만 저는 부지런하지도 않고 사료랑 야채 비율 정도만 대충 알고 조금씩 신선한 야채채소 주는게 좀 맞아요 저도 챙겨먹고 강아지도 옆에서 챙겨먹고요",2026-01-10,사료 산패,미상,,page,storage,2026-09-28T14:46:58
youtube,https://www.youtube.com/watch?v=O2BheQY29xE&lc=Ugw0-xo21Rmt2hHyaoN4AaABAg,79a813f15de8a8b7,강아지 건강 망칠 수 있다고? 강아지 사료에 이것저것 섞어줬더니 생긴 일들...,"밥꾸미기는 야채 위주로 하면 좋습니다
요즘은 간식으로 야채줘서 잘 안하긴합니다만..
왜냐면 사료에 강아지한테 필요한만큼의  영양성분이 다 들어가있기 때문이죠",2026-01-10,사료 산패,미상,,page,storage,2026-09-28T14:46:58
youtube,https://www.youtube.com/watch?v=O2BheQY29xE&lc=UgxY1a1uAMYZJHW6Ymp4AaABAg,83e6a130b7f5da87,강아지 건강 망칠 수 있다고? 강아지 사료에 이것저것 섞어줬더니 생긴 일들...,"화식 영양소밸런스 못맞춘다 말하던데, 요즘 지피티에서 화식은 몸무게 개월수치면 다짜줌ㅋ 변색부터 체취부터 달라지는데 사료찬양론자 신기함ㅎ 사료 역사가 75년인가 완전 짧음요;;;;;",2026-01-10,사료 산패,화식,,page,storage,2026-09-28T14:46:58
youtube,https://www.youtube.com/watch?v=O2BheQY29xE&lc=Ugy6RtsOslkXOPVqqxh4AaABAg,62a2dfcfb0c01aaf,강아지 건강 망칠 수 있다고? 강아지 사료에 이것저것 섞어줬더니 생긴 일들...,"반려견시대전에 사료만 주고 키웠었는데 17년 노화로 갔습니다.
오히려 별나게 키우니 병원을 자주 찾게 되네요",2026-01-10,사료 산패,미상,,page,storage,2026-09-28T14:46:58
youtube,https://www.youtube.com/watch?v=O2BheQY29xE&lc=UgxSO0bUNrgUkywKxPp4AaABAg,8014c04667a50c3b,강아지 건강 망칠 수 있다고? 강아지 사료에 이것저것 섞어줬더니 생긴 일들...,푸우가 먹고 있는 기관지 영양제 궁금해요,2026-01-10,사료 산패,미상,,page,storage,2026-09-28T14:46:58
youtube,https://www.youtube.com/watch?v=O2BheQY29xE&lc=UgzxltiGzdO4q-D0BoN4AaABAg,9360fdb3e9d04d7b,강아지 건강 망칠 수 있다고? 강아지 사료에 이것저것 섞어줬더니 생긴 일들...,"Muito importante esta assunto alimentação,as pessoas têm que ter consciência da comida dos bichinhos, tem  que ter regras,não pode ser assim de qualquer jeito,acho q este é um assunto que tem ser falado mais, até os tutores entenderem a importância do alimento na vida do bichinho,muita gratidão ,como sempre assuntos relevantes e importantes vc é muito especial papai, nosso anjinho lindo como sempre saúde a todos gratidão ❤❤❤❤❤❤❤❤❤❤❤❤❤❤❤❤❤❤❤❤",2026-01-10,사료 산패,미상,,page,storage,2026-09-28T14:46:58
youtube,https://www.youtube.com/watch?v=O2BheQY29xE&lc=UgwvENU59bbSk9ocqa14AaABAg,d136ebb4713035a9,강아지 건강 망칠 수 있다고? 강아지 사료에 이것저것 섞어줬더니 생긴 일들...,(우리집 강아지 처럼위장 문제로 구토를 많이 해서 처방 사료 만.먹이는 개나 강아지 는 주의 해서 주세요.. 여러병원 처방 법  식이 법 해봤지만..다 효과 없고 오히려 더 심해져서 고열 까지 났었거든요..처방사료 랑 병원에서 파는 처방용 간식 만 먹이니까 확실히  구토 를 덜해서 그것만 먹입니다...)..먹는거 주의 해야하고..처방 받은 음식외엔..먹이면 않되는 강아지와 개들 한테는 독이죠.........꼭 전문의와 상의 하시고 강아지 상태에 따라서 해주셨으면 좋겠어요..무턱대고 따라 하지 마시고..,2026-01-10,사료 산패,미상,,page,storage,2026-09-28T14:46:58
youtube,https://www.youtube.com/watch?v=O2BheQY29xE&lc=Ugy5IDMNYumly8cn6bF4AaABAg,8d043b25a31dd997,강아지 건강 망칠 수 있다고? 강아지 사료에 이것저것 섞어줬더니 생긴 일들...,"아이가  건강하고 아무거나 잘먹음 
밥꾸도 좋죠~ 주인도 만족.반려견도 만족..그러나  기저질환 있거나  아픈아이,노견이라면  밥꾸가  뭔 
의미있겠냐 싶어요.. 아이 영양이  골고루 섭취되야하고..   피해야할것들  칼로리나 영양성분도
꼼꼼히봐야하고..한끼한끼  먹어주는것만으로도  고마워합니다ㅠ",2026-01-10,사료 산패,미상,,page,storage,2026-09-28T14:46:58
youtube,https://www.youtube.com/watch?v=O2BheQY29xE&lc=UgyAJIgmd9Z-1pKcSCN4AaABAg,bcdf68dbed1c34a6,강아지 건강 망칠 수 있다고? 강아지 사료에 이것저것 섞어줬더니 생긴 일들...,달루카 밥주기 그사람은 너무 과함…,2026-01-10,사료 산패,미상,,page,storage,2026-09-28T14:46:58
youtube,https://www.youtube.com/watch?v=O2BheQY29xE&lc=UgwNua9Cqj2mIEv09o14AaABAg,463f2bd547467396,강아지 건강 망칠 수 있다고? 강아지 사료에 이것저것 섞어줬더니 생긴 일들...,"밥꾸..가 유행이었군요..
제 생각은 이렇습니다.
1. 밥시간은 즐거워야함(기대되야함)
2. 기호성과 영양분이 충분해야함

고로 밥꾸보다는 요즘 노즈워크가 저는 더 재미있어보여서...밥시간도 사냥본능을 충족시키기 위해 노즈워크로 주게 됩니다. 그냥줘도 먹긴해요. 밥그릇에도 주고, 손으로도 주고, 노즈워크로도 주고, 밥꾸만 안해봤네요..

간식은 산책이나 목욕후 먹이는 편입니다. 안먹는사료는 저는 과감하게 쓰레기통에 버렸습니다😂😂 

결론 :밥꾸에 대한 내생각..
견주가 부지런하다면 딱히 반대안함
견주성격차이라고 생각합니다.

그리고 저도 윌로펫 퍼피사료 먹입니다.
유한양행꺼는 확실히 제약회사라그런가 비타민도 들었고 유산균도 들어서 따로 영양제 안먹여서 좋은것 같아요.

푸우야 오늘도 귀엽네 건강해라❤",2026-01-10,사료 산패,미상,,page,storage,2026-09-28T14:46:58
youtube,https://www.youtube.com/watch?v=O2BheQY29xE&lc=Ugxug2ojzguH4cztDu14AaABAg,9d75088b9c10bc94,강아지 건강 망칠 수 있다고? 강아지 사료에 이것저것 섞어줬더니 생긴 일들...,"요거트 1/2개 섞어주면 먹는데 그러다 1개.. 2개.. 더 섞어줘야지 먹더라구요. 밥에 뭘 많이 섞어준 날은 다른 간식 제한하는 식으로 사료의 10% 규칙 지키려고는 하는데,  저도 밥 먹이는 거 때문에 고민이 참 많습니다 ㅜ.ㅜ",2026-01-10,사료 산패,미상,,page,storage,2026-09-28T14:46:58
youtube,https://www.youtube.com/watch?v=O2BheQY29xE&lc=Ugwuzh_IDppwhWduAi54AaABAg,21eee91e047d4ed1,강아지 건강 망칠 수 있다고? 강아지 사료에 이것저것 섞어줬더니 생긴 일들...,"푸우 밥그릇 밑에 노란 박스형처럼 보이는건 어떤제품인지
알수 있나요?",2026-01-10,사료 산패,미상,,page,storage,2026-09-28T14:46:58
youtube,https://www.youtube.com/watch?v=O2BheQY29xE&lc=UgwUNv_9bXIc2lDSRfF4AaABAg,c6772a4819f2137f,강아지 건강 망칠 수 있다고? 강아지 사료에 이것저것 섞어줬더니 생긴 일들...,"노견키우는 입장에서 밑 댓글들이 참 공감가요 ㅠㅠ 맛있게 먹는거 보다는 영양이 1순위…. 밥꾸는 사람 만족 이고 강아지는 그렇게 미식에서 오는 만족보다는 주인과 함께하고, 산책이 더 큰 행복이라고 합니다. 
양치, 산책, 사료, 깨끗한 물 이건 기본이자 최우선시 되야 하는거죠. 노견되면 노견용, 치료식 먹일때는 얼마나 힘들겠어요 ㅠㅠ",2026-01-10,사료 산패,미상,,page,storage,2026-09-28T14:46:58
youtube,https://www.youtube.com/watch?v=O2BheQY29xE&lc=Ugz6VEwyPfeIsnN90rh4AaABAg,b89a3ee4a25d767b,강아지 건강 망칠 수 있다고? 강아지 사료에 이것저것 섞어줬더니 생긴 일들...,"화식 섞어주다가 이제는 사료만 줘요
노령견이 될 수록 입맛은 떨어지는데 이미 어릴때 맛있는거 다 먹여놔서 입맛이 올라가면 노령견때 줄게 없겠더라고요ㅠ
노령견이 음식 거부해사 마음의 준비 하고있다가 사람 음식 먹이니 잘먹어서 몇년 더 살았더라 이런 얘길 듣고나니 미래를 위해 맛있는건 좀 아껴두려구요
조금 안쓰럽지만 어리고 건강할때는 사료만으로 건강 챙기는게 나은것 같아요",2026-01-10,사료 산패,화식,,page,storage,2026-09-28T14:46:58
youtube,https://www.youtube.com/watch?v=Vl9xvuRCLy4&lc=UgwKC80arxkYk1aiC-J4AaABAg,847dbbc4884b5538,7일 동안 개 사료만 먹으면 생기는 일,"로얄케닌 강아지들이 엄청좋아해요
그래서 살마니찜 ㅋ",2026-08-16,사료 벌레,미상,,page,storage,2026-09-28T14:47:09
youtube,https://www.youtube.com/watch?v=Vl9xvuRCLy4&lc=Ugy8JGmXBLFNAXzWL_l4AaABAg,ac405084b393269f,7일 동안 개 사료만 먹으면 생기는 일,왜 밥그릇까지 개밥그릇으로 먹냐고요 ㅋㅋㅋ,2026-08-04,사료 벌레,미상,,page,storage,2026-09-28T14:47:09
youtube,https://www.youtube.com/watch?v=Vl9xvuRCLy4&lc=Ugx92oqbdWs5KNoNfCZ4AaABAg,53edcb271ad1442d,7일 동안 개 사료만 먹으면 생기는 일,강아지사료를 사람이 먹어도 된다는 걸 24년 인생 처음알았어요 ..,2026-07-30,사료 벌레,미상,,page,storage,2026-09-28T14:47:09
youtube,https://www.youtube.com/watch?v=Vl9xvuRCLy4&lc=Ugzg0deQ_R7U1DSBmCh4AaABAg,01a20e8f1c33ff8a,7일 동안 개 사료만 먹으면 생기는 일,강아지 간식을 먹으실꺼면 말린황태하고 명태포 간식 제품화된게 딱 좋음ㅋㅋㅋㅋㅋ,2026-07-30,사료 벌레,미상,,page,storage,2026-09-28T14:47:09
youtube,https://www.youtube.com/watch?v=Vl9xvuRCLy4&lc=UgxWqcQbD5MjbK60sdh4AaABAg,a9b969b63fe6dfd7,7일 동안 개 사료만 먹으면 생기는 일,7:52 ??? : 엄마 저사람 개밥먹어,2026-06-24,사료 벌레,미상,,page,storage,2026-09-28T14:47:09
youtube,https://www.youtube.com/watch?v=Vl9xvuRCLy4&lc=Ugzuk1B4ONa13vziyKJ4AaABAg,894aa0c2f971dbac,7일 동안 개 사료만 먹으면 생기는 일,밥그릇도 개밥그릇이냐ㅋㅋㅋ,2026-06-24,사료 벌레,미상,,page,storage,2026-09-28T14:47:09
youtube,https://www.youtube.com/watch?v=Vl9xvuRCLy4&lc=UgxIOGjT_S6xq2v3EnR4AaABAg,db5d6b30410079ed,7일 동안 개 사료만 먹으면 생기는 일,망고밥 트리플엑스 먹어주세요 이거 먹으면 힘없이 누워있던 강아지도 벌떡 일어난다고 함 ㅋㅋ,2026-06-21,사료 벌레,미상,,page,storage,2026-09-28T14:47:09
youtube,https://www.youtube.com/watch?v=Vl9xvuRCLy4&lc=UgxE6x_66dFzv6Vf5Wd4AaABAg,7c7d8e1143216052,7일 동안 개 사료만 먹으면 생기는 일,개밥그릇에 먹는게 개웃기네ㅋ,2026-06-13,사료 벌레,미상,,page,storage,2026-09-28T14:47:09
youtube,https://www.youtube.com/watch?v=Vl9xvuRCLy4&lc=Ugx_xuX6-s1jn39Inb54AaABAg,54697a6754dc912d,7일 동안 개 사료만 먹으면 생기는 일,"저도 로얄캐닌 자기전마다 강쥐랑 나눠먹는데 맛있어요 맥주안주로도좋음
로얄캐닌 냄새도 좋고 바삭바삭하고 나는 진짜 맘에들더라 원래 나는 생선 비린내를 좋아해서 그럼",2026-06-13,사료 벌레,건사료,,page,storage,2026-09-28T14:47:09
youtube,https://www.youtube.com/watch?v=Vl9xvuRCLy4&lc=UgznTpDsp8VXKD29iX94AaABAg,d17e94b90dc02a92,7일 동안 개 사료만 먹으면 생기는 일,재영님 차라리 강아지를 키우는건 어때요?,2026-06-10,사료 벌레,미상,,page,storage,2026-09-28T14:47:09
youtube,https://www.youtube.com/watch?v=Vl9xvuRCLy4&lc=UgyVGD7kC4QL5HoNrJx4AaABAg,5ba29d16f9044b46,7일 동안 개 사료만 먹으면 생기는 일,"개밥은 챌린지라고 치고...
굳이 개밥그릇에 담아 먹을 필요는?!?!",2026-05-30,사료 벌레,미상,,page,storage,2026-09-28T14:47:09
youtube,https://www.youtube.com/watch?v=Vl9xvuRCLy4&lc=Ugz6MPHQ4xKgzNhmRaR4AaABAg,85b0d0e34095d4fb,7일 동안 개 사료만 먹으면 생기는 일,그냥 댕댕이 됨ㅋㅋㅋㅋ,2026-05-30,사료 벌레,미상,,page,storage,2026-09-28T14:47:09
youtube,https://www.youtube.com/watch?v=Vl9xvuRCLy4&lc=UgymlwPSUxwh8D-I0BF4AaABAg,93e92651a3917134,7일 동안 개 사료만 먹으면 생기는 일,우리집 개밥냄새 진짜 밥줄때마다 구역질함....ㅠ 로얄캐닌인데도 ㅠㅠㅠ,2026-05-27,사료 벌레,건사료,,page,storage,2026-09-28T14:47:09
youtube,https://www.youtube.com/watch?v=meQ04O5IeMA&lc=Ugwsx3nXyTIkjfwbrAh4AaABAg,a0a9d263c48022d1,(약혐) 강아지 몸에 붙에 있는 무수한 벌레알 #동물짤 #강아지,They will kill that dog.  You must get them off and treat him.,2026-09-13,사료 벌레,미상,,page,storage,2026-09-28T14:47:09
youtube,https://www.youtube.com/watch?v=meQ04O5IeMA&lc=Ugy2WvDM93pIOXN4r6Z4AaABAg,934bec4e6a40f946,(약혐) 강아지 몸에 붙에 있는 무수한 벌레알 #동물짤 #강아지,Ticks - we call them ticks.,2026-09-13,사료 벌레,미상,,page,storage,2026-09-28T14:47:09
youtube,https://www.youtube.com/watch?v=meQ04O5IeMA&lc=UgypH6WOYDUJRf2x5tR4AaABAg,faaece9d79cd465a,(약혐) 강아지 몸에 붙에 있는 무수한 벌레알 #동물짤 #강아지,저거 손으로 저리하면 안되는데,2026-08-10,사료 벌레,미상,,page,storage,2026-09-28T14:47:09
youtube,https://www.youtube.com/watch?v=meQ04O5IeMA&lc=UgzE6rxc-UGjvsVRMTJ4AaABAg,90fba04469aea565,(약혐) 강아지 몸에 붙에 있는 무수한 벌레알 #동물짤 #강아지,"Those are not insect eggs, they are TICKS",2026-06-28,사료 벌레,미상,,page,storage,2026-09-28T14:47:09
youtube,https://www.youtube.com/watch?v=meQ04O5IeMA&lc=UgytCFfqO_HKuTaz7ix4AaABAg,92cc441596e46097,(약혐) 강아지 몸에 붙에 있는 무수한 벌레알 #동물짤 #강아지,"긁어서 제거하면 뿌리가 남는데..
귀찮아도 뽑아야함",2026-06-19,사료 벌레,미상,,page,storage,2026-09-28T14:47:09
youtube,https://www.youtube.com/watch?v=meQ04O5IeMA&lc=UgwAQI05WkE8B5fCnEd4AaABAg,7bfa5f489de7334a,(약혐) 강아지 몸에 붙에 있는 무수한 벌레알 #동물짤 #강아지,"진드기땜에 얼마나 간지러웠을까
짠해라",2026-06-16,사료 벌레,미상,,page,storage,2026-09-28T14:47:09
youtube,https://www.youtube.com/watch?v=meQ04O5IeMA&lc=UgzQFGHFJNQ6gKb1Xg14AaABAg,8c6926215f4a303d,(약혐) 강아지 몸에 붙에 있는 무수한 벌레알 #동물짤 #강아지,벌래알이래 ㅎㅎㅎ 무슨 알이길래 피를 빨아먹을까? 흡혈란이라고 해야하나?,2026-06-12,사료 벌레,미상,,page,storage,2026-09-28T14:47:09
youtube,https://www.youtube.com/watch?v=meQ04O5IeMA&lc=UgyjaWbKXJvBBdR93QV4AaABAg,42e2bfb68a2899b7,(약혐) 강아지 몸에 붙에 있는 무수한 벌레알 #동물짤 #강아지,❤,2026-05-24,사료 벌레,미상,,page,storage,2026-09-28T14:47:09
youtube,https://www.youtube.com/watch?v=meQ04O5IeMA&lc=Ugwf-utFIRjAvV_BvlN4AaABAg,9c1ff4ed7612d1d1,(약혐) 강아지 몸에 붙에 있는 무수한 벌레알 #동물짤 #강아지,"진드기, 따개비 진아 무서워.",2026-04-17,사료 벌레,미상,,page,storage,2026-09-28T14:47:09
youtube,https://www.youtube.com/watch?v=meQ04O5IeMA&lc=Ugx0vtOMP1Obcm7ZssB4AaABAg,76a381baadfdd404,(약혐) 강아지 몸에 붙에 있는 무수한 벌레알 #동물짤 #강아지,참빗잇으면 떼내기 쉽겟다,2026-04-16,사료 벌레,미상,,page,storage,2026-09-28T14:47:09
youtube,https://www.youtube.com/watch?v=meQ04O5IeMA&lc=UgyeU-TMhZImS1yeB9F4AaABAg,c6165d294a0df204,(약혐) 강아지 몸에 붙에 있는 무수한 벌레알 #동물짤 #강아지,굳 보이,2026-04-08,사료 벌레,미상,,page,storage,2026-09-28T14:47:09
youtube,https://www.youtube.com/watch?v=meQ04O5IeMA&lc=Ugxcbx3J42OVAaMnFXl4AaABAg,bdd56028a24051f4,(약혐) 강아지 몸에 붙에 있는 무수한 벌레알 #동물짤 #강아지,아 저정도면 나는 차에 절대못태운다 몰랐는데 피부 간지럽고이상해져서 고생하다가 안나아서 병원가니까 나도몰랐던 진드기알르레기ㅠㅠ,2026-04-06,사료 벌레,미상,,page,storage,2026-09-28T14:47:09
youtube,https://www.youtube.com/watch?v=meQ04O5IeMA&lc=Ugxhj-325D40OKwJsTB4AaABAg,9e502ae30d161b88,(약혐) 강아지 몸에 붙에 있는 무수한 벌레알 #동물짤 #강아지,주작 아님?,2026-03-23,사료 벌레,미상,,page,storage,2026-09-28T14:47:09
youtube,https://www.youtube.com/watch?v=meQ04O5IeMA&lc=UgytqREqzTC6-iaxqRp4AaABAg,b6984ef1fe992726,(약혐) 강아지 몸에 붙에 있는 무수한 벌레알 #동물짤 #강아지,벌레들이 꼭 민주노총 시위하는 모습 같네요,2026-02-10,사료 벌레,미상,,page,storage,2026-09-28T14:47:09
youtube,https://www.youtube.com/watch?v=meQ04O5IeMA&lc=Ugz0-sJG5Hd4jGWs9rx4AaABAg,087b9c7bd836bcbd,(약혐) 강아지 몸에 붙에 있는 무수한 벌레알 #동물짤 #강아지,소금물로목욕해야지,2026-02-01,사료 벌레,미상,,page,storage,2026-09-28T14:47:09
youtube,https://www.youtube.com/watch?v=meQ04O5IeMA&lc=Ugz58ece19Xd2H4PYhd4AaABAg,cd55648e9a79c9c9,(약혐) 강아지 몸에 붙에 있는 무수한 벌레알 #동물짤 #강아지,OMG😭😭😭👍👍,2026-01-18,사료 벌레,미상,,page,storage,2026-09-28T14:47:09
youtube,https://www.youtube.com/watch?v=meQ04O5IeMA&lc=Ugwsivj0Q9mUnOMqSeh4AaABAg,25630bd106afa3f8,(약혐) 강아지 몸에 붙에 있는 무수한 벌레알 #동물짤 #강아지,쇼츠로 라면은 먹고 사냐?,2026-01-07,사료 벌레,미상,,page,storage,2026-09-28T14:47:09
youtube,https://www.youtube.com/watch?v=meQ04O5IeMA&lc=UgzflkaJfW-lmH-wZjd4AaABAg,17afacea2e1c84d5,(약혐) 강아지 몸에 붙에 있는 무수한 벌레알 #동물짤 #강아지,저거 알 아니고 진드기,2025-11-23,사료 벌레,미상,,page,storage,2026-09-28T14:47:09
youtube,https://www.youtube.com/watch?v=meQ04O5IeMA&lc=Ugy4iR2uGSjIdsEAWAd4AaABAg,8846ce36f5ac26a3,(약혐) 강아지 몸에 붙에 있는 무수한 벌레알 #동물짤 #강아지,몸이 저 꼴이 났으면 병원을 데려가야지 집으로 데려가냐,2025-10-19,사료 벌레,미상,,page,storage,2026-09-28T14:47:09
youtube,https://www.youtube.com/watch?v=3qd3NOXBM6g&lc=UgxPs5SReAwTLSBr3ll4AaABAg,da621af181d72fca,강아지 고양이 사료에서 벌레가 발견되는 이유,어...잠시만 우리 개 습식 먹였는데 안봤는데,2026-09-22,사료 벌레,미상,,page,storage,2026-09-28T14:47:09
youtube,https://www.youtube.com/watch?v=3qd3NOXBM6g&lc=UgyrK-vtpsNhPecUyJx4AaABAg,54495fe9fc9edebf,강아지 고양이 사료에서 벌레가 발견되는 이유,우리강쥐 어릴떼 사료를 너무 않먹어서토핑으로 치킨에 머에 진짜 배고프니 사료를 억지로 먹더라고 근데 사로를 원래봉투서 작은통에 덜어서 쓰고있었거든 더덜으려고 열었는데 구더기 파리 바글바글.. 애가 냄새로 이미 알들이 있는걸 알았을건데 난 모르니까 그냥 않먹는줄알고..설사하고 토하고 ㅠㅠ 그후로 너무 미안해서 화식먹임 일단 사료는 약간만 섞어주는데 중국제품 거르고 파는곳 보관상태도 중요 (미국인데 아마존서샀었음)그리고 포장만보고 사지말고 애들 건강과 직결되니 최소 머가들어있는지 성분함량 공부필요함 예를들어 *열케닌 성분개판인데 정말 많이들 먹이더라 예전엔 일일이 검색해봤는데 요새야 ai도움도 받으니 얼마나 편함? 칼슘만 따로 잘 챙기면 화식도 하나도 어렵지않음 우리만믿고 주는데로 먹는건데 전문가는 아니래도 최소한의 노력은 해야한다 생각함,2026-08-20,사료 벌레,화식,,page,storage,2026-09-28T14:47:09
youtube,https://www.youtube.com/watch?v=3qd3NOXBM6g&lc=Ugze8MQOMtKMSesGOoh4AaABAg,9569c6916845482a,강아지 고양이 사료에서 벌레가 발견되는 이유,주트립 조인트. 어덜트 .먹여도.  될까요? ㅜㅜ,2026-08-09,사료 벌레,미상,,page,storage,2026-09-28T14:47:09
youtube,https://www.youtube.com/watch?v=3qd3NOXBM6g&lc=Ugyjvu5W-CWlkP6SMvh4AaABAg,66aef5688964db9b,강아지 고양이 사료에서 벌레가 발견되는 이유,"선생님 치와와 11살인데 
너무 안먹는데 abc케어 라는 사료만 먹어요ㅜㅜ 혹시 이거 괜찮은걸까요ㅜㅜ",2026-07-27,사료 벌레,미상,,page,storage,2026-09-28T14:47:09
youtube,https://www.youtube.com/watch?v=3qd3NOXBM6g&lc=UgyQLArgrYEHSxBtx4N4AaABAg,ad69472402fe46ab,강아지 고양이 사료에서 벌레가 발견되는 이유,공장 기계 청소 관리 해주는 분이 관리 잘 돼는 큰 기업도 기계 뜯어 청소해 보면 오랴된 음식 찌꺼기가 기계 안에 엄청 끼어 있는걸 발견 했고 청소 해보면 처참 하다고 했어요,2026-06-25,사료 벌레,미상,,page,storage,2026-09-28T14:47:09
youtube,https://www.youtube.com/watch?v=3qd3NOXBM6g&lc=UgyAeMsHFfQOaiQTBiF4AaABAg,ecb84a000bede90f,강아지 고양이 사료에서 벌레가 발견되는 이유,"사람식품은 캔에 포장 이후 멸균기 한번더 돌리는데
동물용은 안돌리나보네요",2026-06-17,사료 벌레,미상,,page,storage,2026-09-28T14:47:09
youtube,https://www.youtube.com/watch?v=3qd3NOXBM6g&lc=UgzJWHoKrBB221408N94AaABAg,511769c73865d1de,강아지 고양이 사료에서 벌레가 발견되는 이유,벌레 정도는 맛있게 먹는 애들이긴 하지만..(얘네 입장에서는 별사탕일지도 모르겠지만..) 돈 쓰는 내가 싫다구요 사장님들..😢,2026-06-17,사료 벌레,미상,,page,storage,2026-09-28T14:47:09
youtube,https://www.youtube.com/watch?v=3qd3NOXBM6g&lc=Ugy9Mk6HySJL--aETT14AaABAg,e26a98cc371d3792,강아지 고양이 사료에서 벌레가 발견되는 이유,이 영상 뭔가 사료업체 대변 해주는 듯 하게 느낄수도 있네요,2026-06-17,사료 벌레,미상,,page,storage,2026-09-28T14:47:09
youtube,https://www.youtube.com/watch?v=3qd3NOXBM6g&lc=Ugxh3wiq-9pv3n9tkUF4AaABAg,4c883ea0865e9cf6,강아지 고양이 사료에서 벌레가 발견되는 이유,어찌되었건 피해는 우리 애가 보는데 대응안해주는 건 개빡치네요.,2026-06-15,사료 벌레,미상,,page,storage,2026-09-28T14:47:09
youtube,https://www.youtube.com/watch?v=3qd3NOXBM6g&lc=UgyJsjg9TqY0XWT_SzB4AaABAg,37b998a61d6584a9,강아지 고양이 사료에서 벌레가 발견되는 이유,"1) 그라인딩 전에 재료에 이미 파리,벌레 알이 있었던 경우 ㅡ 그라인딩에서 벌레알이 안 갈려서 결국 부화까지 할 수 있었던 것 같고, 벌레는 갈렸을 거고
2) 그라인딩 후에 일정 시간 동안 대기, 보관하면서 벌레가 들어가거나 파리가 알을 깠을 경우

이렇게 두 가지 경우가 유력하네요. 

어쨌든 먹어도 건강에 위해가 없다는 업체의 대응이 더 역겹네요.",2026-06-15,사료 벌레,미상,,page,storage,2026-09-28T14:47:09
youtube,https://www.youtube.com/watch?v=3qd3NOXBM6g&lc=UgyO-G0MhBaNQYNWhSV4AaABAg,b7b45b5329000051,강아지 고양이 사료에서 벌레가 발견되는 이유,오스트리아 산이 요즘 문제가 많은데 브랜드 본사에서  거기를 조사했으면 좋겠는데 왜이렇게 안하는건지,2026-06-15,사료 벌레,미상,,page,storage,2026-09-28T14:47:09
youtube,https://www.youtube.com/watch?v=riKygEWuZiY&lc=UgzJbUc9AEFDrQdrR_h4AaABAg,c06b9e870d373bea,강아지 화식만들기 #강아지화식 #강아지화식레시피 #강아지화식재료 #강아지화식만들기 #강아지자연식 #dogfood #dogfoodrecipe #homemadedogfoodrecipe,개는 육식동물인데 채소비율이 더 많네요?..,2026-09-09,생식 냉동 보관,화식,,page,storage,2026-09-28T14:47:30
youtube,https://www.youtube.com/watch?v=riKygEWuZiY&lc=UgzjXjwRhcErW0gaLIJ4AaABAg,d0530c77c894227c,강아지 화식만들기 #강아지화식 #강아지화식레시피 #강아지화식재료 #강아지화식만들기 #강아지자연식 #dogfood #dogfoodrecipe #homemadedogfoodrecipe,에혀 강아지 개불쌍하네 단백질이라곤1도없노 ㅋㅋㅋ 채식주의자로 만들어버리네,2026-09-05,생식 냉동 보관,화식,,page,storage,2026-09-28T14:47:30
youtube,https://www.youtube.com/watch?v=riKygEWuZiY&lc=UgxkDKrXLLDOEmaEjPZ4AaABAg,ed64066a15a64f5a,강아지 화식만들기 #강아지화식 #강아지화식레시피 #강아지화식재료 #강아지화식만들기 #강아지자연식 #dogfood #dogfoodrecipe #homemadedogfoodrecipe,고기 야채 섞어서 볶아서 냉동 분리 ㆍ랜지 ㆍ데워주도 되나요  알켜주심 ㆍ감사합니다 😂,2026-09-05,생식 냉동 보관,화식,,page,storage,2026-09-28T14:47:30
youtube,https://www.youtube.com/watch?v=riKygEWuZiY&lc=UgxYC32yoC_3U5gEItF4AaABAg,e4d6e9e4f2b95353,강아지 화식만들기 #강아지화식 #강아지화식레시피 #강아지화식재료 #강아지화식만들기 #강아지자연식 #dogfood #dogfoodrecipe #homemadedogfoodrecipe,하루 두끼 고기 야채  반반 섞ㆍ주도 관친을가요 🎉,2026-09-05,생식 냉동 보관,화식,,page,storage,2026-09-28T14:47:30
youtube,https://www.youtube.com/watch?v=riKygEWuZiY&lc=UgxeFqUcAlMGRUBkPwx4AaABAg,efe78aedd2a3c89c,강아지 화식만들기 #강아지화식 #강아지화식레시피 #강아지화식재료 #강아지화식만들기 #강아지자연식 #dogfood #dogfoodrecipe #homemadedogfoodrecipe,3개월인데 지금부터 먹이도 되는지요?,2026-09-03,생식 냉동 보관,화식,,page,storage,2026-09-28T14:47:30
youtube,https://www.youtube.com/watch?v=riKygEWuZiY&lc=UgzImizJ2WhAVdcS-E94AaABAg,e0299eb6b0a9ddf6,강아지 화식만들기 #강아지화식 #강아지화식레시피 #강아지화식재료 #강아지화식만들기 #강아지자연식 #dogfood #dogfoodrecipe #homemadedogfoodrecipe,레시피는 없어요?,2026-08-24,생식 냉동 보관,화식,,page,storage,2026-09-28T14:47:30
youtube,https://www.youtube.com/watch?v=riKygEWuZiY&lc=Ugx-VnOc1BNp1znbWz94AaABAg,84350181b2b0ee92,강아지 화식만들기 #강아지화식 #강아지화식레시피 #강아지화식재료 #강아지화식만들기 #강아지자연식 #dogfood #dogfoodrecipe #homemadedogfoodrecipe,저희 아기도 그때 그때 바로 삶아서 줘야 먹더라구영 생고기 소분해서 얼려뒀다 먹인답니다 .,2026-08-23,생식 냉동 보관,화식,,page,storage,2026-09-28T14:47:30
youtube,https://www.youtube.com/watch?v=riKygEWuZiY&lc=Ugwyq1Qlbj-tDOCgadF4AaABAg,8b9b8f70b2f2033e,강아지 화식만들기 #강아지화식 #강아지화식레시피 #강아지화식재료 #강아지화식만들기 #강아지자연식 #dogfood #dogfoodrecipe #homemadedogfoodrecipe,냉동보관후 먹일때는 몇분 데워서 줄까요?,2026-08-23,생식 냉동 보관,화식,,page,storage,2026-09-28T14:47:30
youtube,https://www.youtube.com/watch?v=riKygEWuZiY&lc=Ugwvz3dHsfmrarddu094AaABAg,6f888d49500e4ffb,강아지 화식만들기 #강아지화식 #강아지화식레시피 #강아지화식재료 #강아지화식만들기 #강아지자연식 #dogfood #dogfoodrecipe #homemadedogfoodrecipe,"대단하시다 정성이 진짜 대단하시네요,, 화식만들고 냉동으로 하는건거요????그러고 급여할때 전자렌지돌리나요",2026-08-22,생식 냉동 보관,화식,,page,storage,2026-09-28T14:47:30
youtube,https://www.youtube.com/watch?v=riKygEWuZiY&lc=Ugz-ZNu6mFvwg3dson54AaABAg,5c75d1082ff22355,강아지 화식만들기 #강아지화식 #강아지화식레시피 #강아지화식재료 #강아지화식만들기 #강아지자연식 #dogfood #dogfoodrecipe #homemadedogfoodrecipe,"엄마랑 경주기행 보러가야징
엄마 사랑해(그냥 적고싶었음)",2026-08-21,생식 냉동 보관,화식,,page,storage,2026-09-28T14:47:30
youtube,https://www.youtube.com/watch?v=riKygEWuZiY&lc=UgyqKjOfhaa1OqkRG3p4AaABAg,91e18ac6849ee551,강아지 화식만들기 #강아지화식 #강아지화식레시피 #강아지화식재료 #강아지화식만들기 #강아지자연식 #dogfood #dogfoodrecipe #homemadedogfoodrecipe,"저도 사료끊고 화식 2년째인데 한번에 많이 해놓니까 냉동실에 있어도 맛이 변하는지 잘안먹더라고요 그래서 채소다듬어 냉장실에 넣어놓고 고기만 소분 냉동해서 그때그때 끓여서 주고있어요 눈물도없고 거위소리, 켘켁소리,공복토 등등 없어지고 건강해졌는데 대신 살이쪘네요😅😊",2026-08-01,생식 냉동 보관,화식,,page,storage,2026-09-28T14:47:30
youtube,https://www.youtube.com/watch?v=riKygEWuZiY&lc=UgzaoECL29shwcjDiGt4AaABAg,a2463aeac925f89c,강아지 화식만들기 #강아지화식 #강아지화식레시피 #강아지화식재료 #강아지화식만들기 #강아지자연식 #dogfood #dogfoodrecipe #homemadedogfoodrecipe,안녕하세요 노령견이 갑자기 힘이 빠져서 그런데 혹시 재료 비율 어떻게 하면 좋을까요? 재료는 다른 댓글에서 보았는데 비율이나 그램 같은게 궁금해서요 ㅠㅠ,2026-07-15,생식 냉동 보관,화식,,page,storage,2026-09-28T14:47:30
youtube,https://www.youtube.com/watch?v=riKygEWuZiY&lc=UgzQc5laaLls3ZArZk94AaABAg,7e604b33c67d2594,강아지 화식만들기 #강아지화식 #강아지화식레시피 #강아지화식재료 #강아지화식만들기 #강아지자연식 #dogfood #dogfoodrecipe #homemadedogfoodrecipe,저도 만들어볼래용 ♥️♥️,2026-07-11,생식 냉동 보관,화식,,page,storage,2026-09-28T14:47:30
youtube,https://www.youtube.com/watch?v=riKygEWuZiY&lc=UgxLhEGNFmGD9cJC_UZ4AaABAg,bb9336307015e01b,강아지 화식만들기 #강아지화식 #강아지화식레시피 #강아지화식재료 #강아지화식만들기 #강아지자연식 #dogfood #dogfoodrecipe #homemadedogfoodrecipe,영상 잘보고 갑니다. 대단하십니다. ^^ 밀폐용기 정보좀 알수 있을까요?,2026-06-22,생식 냉동 보관,화식,,page,storage,2026-09-28T14:47:30
youtube,https://www.youtube.com/watch?v=riKygEWuZiY&lc=Ugyy6sKdpKC14O0ixK94AaABAg,4b562de137adbbe4,강아지 화식만들기 #강아지화식 #강아지화식레시피 #강아지화식재료 #강아지화식만들기 #강아지자연식 #dogfood #dogfoodrecipe #homemadedogfoodrecipe,저는 매일 바꿔서 해주고있어요.😅,2026-06-19,생식 냉동 보관,화식,,page,storage,2026-09-28T14:47:30
youtube,https://www.youtube.com/watch?v=riKygEWuZiY&lc=UgxhkowQ4H_25EOQPv14AaABAg,4f1cc9c2ee56404c,강아지 화식만들기 #강아지화식 #강아지화식레시피 #강아지화식재료 #강아지화식만들기 #강아지자연식 #dogfood #dogfoodrecipe #homemadedogfoodrecipe,아기때 부터 이렇게 먹으면 커서도 잘 먹는데요.😅🎉,2026-06-19,생식 냉동 보관,화식,,page,storage,2026-09-28T14:47:30
youtube,https://www.youtube.com/watch?v=riKygEWuZiY&lc=Ugxwj7cdqDfyxYDL8AJ4AaABAg,da0587cfe0d8523c,강아지 화식만들기 #강아지화식 #강아지화식레시피 #강아지화식재료 #강아지화식만들기 #강아지자연식 #dogfood #dogfoodrecipe #homemadedogfoodrecipe,우와😮 존경합니다 😅🎉🎉🎉🎉🎉,2026-06-13,생식 냉동 보관,화식,,page,storage,2026-09-28T14:47:30
youtube,https://www.youtube.com/watch?v=riKygEWuZiY&lc=Ugxs6J9mExtvYUlgMz54AaABAg,2321a84a7b6a111e,강아지 화식만들기 #강아지화식 #강아지화식레시피 #강아지화식재료 #강아지화식만들기 #강아지자연식 #dogfood #dogfoodrecipe #homemadedogfoodrecipe,"강아지 한텐 사료가 좋다는 사람들
공장에서 방부제 넣고 어떤재료 들어갔는지도 모르는 사료가 나을까
땅에서 난 자연식주는게 나을까
난 절대적으로 자연식주의",2026-05-27,생식 냉동 보관,화식,,page,storage,2026-09-28T14:47:30
youtube,https://www.youtube.com/watch?v=riKygEWuZiY&lc=Ugwb_SoCN0NTHVenpxp4AaABAg,3d1dcdbdf141de43,강아지 화식만들기 #강아지화식 #강아지화식레시피 #강아지화식재료 #강아지화식만들기 #강아지자연식 #dogfood #dogfoodrecipe #homemadedogfoodrecipe,엄지척 👍 👍 👍 👍,2026-05-16,생식 냉동 보관,화식,,page,storage,2026-09-28T14:47:30
youtube,https://www.youtube.com/watch?v=riKygEWuZiY&lc=UgwuGeNRLT6bkZjOSGt4AaABAg,c2093ea7fdcea1ea,강아지 화식만들기 #강아지화식 #강아지화식레시피 #강아지화식재료 #강아지화식만들기 #강아지자연식 #dogfood #dogfoodrecipe #homemadedogfoodrecipe,우리애도 16살노견에 심장병.디스크에 사료안먹어서 화식사다먹였는데 도전해봐야겠네요,2026-05-14,생식 냉동 보관,화식,,page,storage,2026-09-28T14:47:30
youtube,https://www.youtube.com/watch?v=riKygEWuZiY&lc=UgxCJ3xtzj0_XRW_2QZ4AaABAg,ac1484b618b2c023,강아지 화식만들기 #강아지화식 #강아지화식레시피 #강아지화식재료 #강아지화식만들기 #강아지자연식 #dogfood #dogfoodrecipe #homemadedogfoodrecipe,냉동보관 했다가 먹을때 돼면 냉장 보관으로 바꾸고 하루 기다렸다가 주는건가요??,2026-05-03,생식 냉동 보관,화식,,page,storage,2026-09-28T14:47:30
youtube,https://www.youtube.com/watch?v=riKygEWuZiY&lc=UgwgJy-KVchkQprGwU54AaABAg,9f8f24ed1914a51f,강아지 화식만들기 #강아지화식 #강아지화식레시피 #강아지화식재료 #강아지화식만들기 #강아지자연식 #dogfood #dogfoodrecipe #homemadedogfoodrecipe,"뭔 재료들어갔는지는 적어주세요ㅠㅠ
저러고 냉동 보관하나요?",2026-04-27,생식 냉동 보관,화식,,page,storage,2026-09-28T14:47:30
youtube,https://www.youtube.com/watch?v=riKygEWuZiY&lc=UgyaSkU10v0kKfOAgO94AaABAg,8843a1de919413ee,강아지 화식만들기 #강아지화식 #강아지화식레시피 #강아지화식재료 #강아지화식만들기 #강아지자연식 #dogfood #dogfoodrecipe #homemadedogfoodrecipe,12년을 로***만 먹었는데 별사료를 다바꿔도 안먹음..요새 안먹어서 저도 건강식 알아보던중 화식 도전중입니다. 저랑 강쥐랑 같이 먹게요😊😊,2026-04-22,생식 냉동 보관,화식,,page,storage,2026-09-28T14:47:30
youtube,https://www.youtube.com/watch?v=riKygEWuZiY&lc=UgwiSNSb5f9vgDXqtY54AaABAg,052f018bcd76e548,강아지 화식만들기 #강아지화식 #강아지화식레시피 #강아지화식재료 #강아지화식만들기 #강아지자연식 #dogfood #dogfoodrecipe #homemadedogfoodrecipe,혹시 냉동보관하면 기간이 언제까지 급여가 가능한지 알 수 있을까요?,2026-04-20,생식 냉동 보관,화식,,page,storage,2026-09-28T14:47:30
youtube,https://www.youtube.com/watch?v=riKygEWuZiY&lc=UgxBT1T6oHQ9dSOG9YR4AaABAg,d02351613f3f39ab,강아지 화식만들기 #강아지화식 #강아지화식레시피 #강아지화식재료 #강아지화식만들기 #강아지자연식 #dogfood #dogfoodrecipe #homemadedogfoodrecipe,근데 저렇게 많이 만들면 금방 상하지 않아요? 냉동이라도 하시나요?,2026-04-17,생식 냉동 보관,화식,,page,storage,2026-09-28T14:47:30
youtube,https://www.youtube.com/watch?v=riKygEWuZiY&lc=UgyynJnAfoRWXUaPdRB4AaABAg,3555b8b1675c10dd,강아지 화식만들기 #강아지화식 #강아지화식레시피 #강아지화식재료 #강아지화식만들기 #강아지자연식 #dogfood #dogfoodrecipe #homemadedogfoodrecipe,직접 만든 화식만 먹여도 문제 없을까요? 현재 아픈 강아지를 키우고 있는데요. 9살 된 아가를 키우는데.. 딱딱한 사료를 아예 안 먹길래 소프트사료로 바꿔졌는데 먹다 안 먹다 하거든요.. 주로 안 먹는 편이고요. 캔 또는 만들어진 냉동 화식을 주면 잘 먹어요. 화식에 소프트사료 섞어서 주면 잘 먹긴해요. 화식을 주문을 할까... 아님 직접 만들어서 줄까..하다가 영상을 보는데 어쩜 이게 더 저렴하고 안심되지않을까해서요ㅜㅜ 사료대신 화식만 주면 몸에 많이 안 좋을까요..?,2026-04-11,생식 냉동 보관,화식,,page,storage,2026-09-28T14:47:30
youtube,https://www.youtube.com/watch?v=riKygEWuZiY&lc=Ugz5wcFmTse_YD65MhF4AaABAg,8e2043f3f3fcb160,강아지 화식만들기 #강아지화식 #강아지화식레시피 #강아지화식재료 #강아지화식만들기 #강아지자연식 #dogfood #dogfoodrecipe #homemadedogfoodrecipe,냉동보관이죠?,2026-02-24,생식 냉동 보관,화식,,page,storage,2026-09-28T14:47:30
youtube,https://www.youtube.com/watch?v=riKygEWuZiY&lc=Ugz1TcpKfjjwW8LmYmp4AaABAg,9f23b121c14edc45,강아지 화식만들기 #강아지화식 #강아지화식레시피 #강아지화식재료 #강아지화식만들기 #강아지자연식 #dogfood #dogfoodrecipe #homemadedogfoodrecipe,반찬통 정보 주실 수 있나요?,2026-02-22,생식 냉동 보관,화식,,page,storage,2026-09-28T14:47:30
youtube,https://www.youtube.com/watch?v=riKygEWuZiY&lc=UgywcNoug4MmVfAXjCd4AaABAg,74554b86d01324fe,강아지 화식만들기 #강아지화식 #강아지화식레시피 #강아지화식재료 #강아지화식만들기 #강아지자연식 #dogfood #dogfoodrecipe #homemadedogfoodrecipe,울강쥐두 부탁드려요 ㅋㅋ😂,2026-02-16,생식 냉동 보관,화식,,page,storage,2026-09-28T14:47:30
youtube,https://www.youtube.com/watch?v=riKygEWuZiY&lc=UgxJxX71f8Ov9IBcLrZ4AaABAg,643aae3b2b87e8b1,강아지 화식만들기 #강아지화식 #강아지화식레시피 #강아지화식재료 #강아지화식만들기 #강아지자연식 #dogfood #dogfoodrecipe #homemadedogfoodrecipe,"혹시 고구마, 당근 사용하실때 껍질 사용하시나요..?!
저는 지금까지 벗겨서 사용했는데 갑자기 궁금하네요..!!",2026-01-13,생식 냉동 보관,화식,,page,storage,2026-09-28T14:47:30
youtube,https://www.youtube.com/watch?v=riKygEWuZiY&lc=Ugy0vwm5RvErZ0_KMxt4AaABAg,4323eb1397dba6e3,강아지 화식만들기 #강아지화식 #강아지화식레시피 #강아지화식재료 #강아지화식만들기 #강아지자연식 #dogfood #dogfoodrecipe #homemadedogfoodrecipe,다양하게 먹이려면 역시 알러지 약을 급여하는 게 낫곘죵..?,2026-01-04,생식 냉동 보관,화식,,page,storage,2026-09-28T14:47:30
youtube,https://www.youtube.com/watch?v=riKygEWuZiY&lc=UgzBqaxVSsFC5J3fgf14AaABAg,5165f42bd58fe84f,강아지 화식만들기 #강아지화식 #강아지화식레시피 #강아지화식재료 #강아지화식만들기 #강아지자연식 #dogfood #dogfoodrecipe #homemadedogfoodrecipe,"저희 강아지들은 
화식 해주면
첫 몇끼는 먹다가
질리는지 안 먹더라구요.. 나뿐놈들 ㅠㅠ 
엄마 정성도 몰라주고 ㅠㅠㅠ",2025-12-30,생식 냉동 보관,화식,,page,storage,2026-09-28T14:47:30
youtube,https://www.youtube.com/watch?v=riKygEWuZiY&lc=UgxHpNyM0zXnbRaFYm14AaABAg,cbdd2ea6b3b79fbb,강아지 화식만들기 #강아지화식 #강아지화식레시피 #강아지화식재료 #강아지화식만들기 #강아지자연식 #dogfood #dogfoodrecipe #homemadedogfoodrecipe,이렇게 큐브로 만들어서 얼린다음 급여하면 되나요?,2025-12-24,생식 냉동 보관,화식,,page,storage,2026-09-28T14:47:30
youtube,https://www.youtube.com/watch?v=riKygEWuZiY&lc=UgwwI1Ipwo6mbZ8Q2MF4AaABAg,c5adee723303f8d0,강아지 화식만들기 #강아지화식 #강아지화식레시피 #강아지화식재료 #강아지화식만들기 #강아지자연식 #dogfood #dogfoodrecipe #homemadedogfoodrecipe,콩팥 제거 수술 미니 말티즈노령견도 화식 먹여도 됄까요?,2025-12-22,생식 냉동 보관,화식,,page,storage,2026-09-28T14:47:30
youtube,https://www.youtube.com/watch?v=riKygEWuZiY&lc=UgyzAM8FVGJxu18xCQp4AaABAg,6ee122b9abec8c8e,강아지 화식만들기 #강아지화식 #강아지화식레시피 #강아지화식재료 #강아지화식만들기 #강아지자연식 #dogfood #dogfoodrecipe #homemadedogfoodrecipe,화식만먹이나요?? 사료는 안주나요?,2025-12-03,생식 냉동 보관,화식,,page,storage,2026-09-28T14:47:30
youtube,https://www.youtube.com/watch?v=riKygEWuZiY&lc=UgzPoOBiLBwj8VneObt4AaABAg,a372da23375a6ad8,강아지 화식만들기 #강아지화식 #강아지화식레시피 #강아지화식재료 #강아지화식만들기 #강아지자연식 #dogfood #dogfoodrecipe #homemadedogfoodrecipe,정성 가득한게 넘 보여요ㅠㅠ 너무 따뜻하다,2025-12-01,생식 냉동 보관,화식,,page,storage,2026-09-28T14:47:30
youtube,https://www.youtube.com/watch?v=riKygEWuZiY&lc=Ugwsi72t_V5SMR3sV_94AaABAg,a5dfb1dc973ebdf0,강아지 화식만들기 #강아지화식 #강아지화식레시피 #강아지화식재료 #강아지화식만들기 #강아지자연식 #dogfood #dogfoodrecipe #homemadedogfoodrecipe,"당근 시금치는 결석에 치명적일수 있습니다.
의사샘과 상의하세요.",2025-11-23,생식 냉동 보관,화식,,page,storage,2026-09-28T14:47:30
youtube,https://www.youtube.com/watch?v=riKygEWuZiY&lc=Ugz0vWHr60a3420kTAB4AaABAg,d7d31f113882ce23,강아지 화식만들기 #강아지화식 #강아지화식레시피 #강아지화식재료 #강아지화식만들기 #강아지자연식 #dogfood #dogfoodrecipe #homemadedogfoodrecipe,와~ 정성이 대단하세요😊저도 강아지가 쿠싱에 심장도 안좋은 노견이라ㅜ 얼마 전부터 화식으로 바꿨는데 참고할게요~^^,2025-11-14,생식 냉동 보관,화식,,page,storage,2026-09-28T14:47:30
youtube,https://www.youtube.com/watch?v=riKygEWuZiY&lc=UgxJ4kKvf2iBCi-pjIB4AaABAg,cb82d310e57eb685,강아지 화식만들기 #강아지화식 #강아지화식레시피 #강아지화식재료 #강아지화식만들기 #강아지자연식 #dogfood #dogfoodrecipe #homemadedogfoodrecipe,시간이 허락한다면 자주 만들어서 신선하게 주는 게 더 좋을 거 같아요 ㅠㅠ,2025-10-31,생식 냉동 보관,화식,,page,storage,2026-09-28T14:47:30
youtube,https://www.youtube.com/watch?v=riKygEWuZiY&lc=Ugzy5IGIyVfnFxun0Tt4AaABAg,eff322b56fafb5ec,강아지 화식만들기 #강아지화식 #강아지화식레시피 #강아지화식재료 #강아지화식만들기 #강아지자연식 #dogfood #dogfoodrecipe #homemadedogfoodrecipe,3개월말티즈는 화식하고사료섞여먹여야되나요 아니면한끼사료한끼화식줘야되는지 아님화식만줘도되는지궁금해요,2025-10-28,생식 냉동 보관,화식,,page,storage,2026-09-28T14:47:30
youtube,https://www.youtube.com/watch?v=riKygEWuZiY&lc=UgyrZimgVPbPrmdtvRx4AaABAg,be593cb6a90d5974,강아지 화식만들기 #강아지화식 #강아지화식레시피 #강아지화식재료 #강아지화식만들기 #강아지자연식 #dogfood #dogfoodrecipe #homemadedogfoodrecipe,요거 냉동 보관시 얼마나 보관 될까요?,2025-10-12,생식 냉동 보관,화식,,page,storage,2026-09-28T14:47:30
youtube,https://www.youtube.com/watch?v=XPue2aXEkZg&lc=UgwxeYvqszeQMVQn8kJ4AaABAg,c74ba3ee50723cbd,구찌의 첫 생식 🧸 #shorts #asmr,강아지 나  개 한테 닭 생식 시키지 마세요ㆍ속이 안 좋아요ㆍ야생성도 살아 납니다ㆍ^^,2025-10-25,생식 해동,생식,,page,storage,2026-09-28T14:47:51
youtube,https://www.youtube.com/watch?v=LsthWwpnhbc&lc=UgyQ8dmJUTHsRdEdsth4AaABAg,c24274b3fe4e9df7,생식/화식 필수 정보!!🚨,강아지 생식을 가장 가성비있고 이용라는 방법이나 믿을수있는 업체가 있으면 부탁드립니다!,2026-03-09,생식 해동,생식,,page,storage,2026-09-28T14:47:51
youtube,https://www.youtube.com/watch?v=LsthWwpnhbc&lc=UgyOMitsNtQ9N89ffDZ4AaABAg,15a64b2dcdf005d1,생식/화식 필수 정보!!🚨,"저는 한국에서 카니보어 식단을 유지 중 인데요

강아지도 생식을 통해서 변의 양이 적은 것이 음식물의 영양분이 흡수가 잘되어서 그런 것 인가요?? 

저도 카니보어 하면 변의 양이 줄길래 제대로 먹고 있는게 맞는지 궁금했거든요 ㅎㅎ",2025-12-27,생식 해동,생식,,page,storage,2026-09-28T14:47:51
youtube,https://www.youtube.com/watch?v=LsthWwpnhbc&lc=Ugy2tdppdAuZHXlbUY14AaABAg,247528fbd5ce5486,생식/화식 필수 정보!!🚨,"건강한 식단에 행복한 삶을 사는 강아지들.
주인분들 덕입니다. 모두 건강하시고 행복하기를❤",2025-12-20,생식 해동,혼합,,page,storage,2026-09-28T14:47:51
youtube,https://www.youtube.com/watch?v=LsthWwpnhbc&lc=UgwCIgKlZMIO4uFkX_l4AaABAg,a3c701b295a0b2ee,생식/화식 필수 정보!!🚨,진짜 영상 넘나 유익하구 정성 미쳤어요 완전완전 꿀정보👏👏 이제 강아지만 있으면 돼요 ㅎ,2025-12-15,생식 해동,혼합,,page,storage,2026-09-28T14:47:51
youtube,https://www.youtube.com/watch?v=LsthWwpnhbc&lc=UgypG6P_fAkuFDf2w6l4AaABAg,e07c61430d200beb,생식/화식 필수 정보!!🚨,생식 유튜브를 자주 보는 편인데 뉴류씨만큼 열심히 공부하고 좋은 재료로 정성껏 챙겨주는 채널은 없는 것 같아요!! 강아지를 키우게 된다면 꼭 이 영상 참고해서 생식시켜주고 싶어요…,2025-12-14,생식 해동,생식,,page,storage,2026-09-28T14:47:51
youtube,https://www.youtube.com/watch?v=9UDhhSu_t60&lc=UgxzqNXNYTDc--v9OP14AaABAg,2fe977849472d7bf,강아지한테 생식 먹이면 안 좋은 점 Flex💰,생식하지마세요 탈한번 제대로나면 감당안됨니다,2026-06-22,생식 해동,생식,,page,storage,2026-09-28T14:47:51
youtube,https://www.youtube.com/watch?v=9UDhhSu_t60&lc=UgyTTNbxtloCLYdzthR4AaABAg,696506b7d43af0e2,강아지한테 생식 먹이면 안 좋은 점 Flex💰,저도 키우면 생식 해야겟네요!,2026-05-30,생식 해동,생식,,page,storage,2026-09-28T14:47:51
youtube,https://www.youtube.com/watch?v=9UDhhSu_t60&lc=Ugx5xP3ibfm03sAV57B4AaABAg,8f46dd6d6d0fce0f,강아지한테 생식 먹이면 안 좋은 점 Flex💰,자기 먹는 건 배달 개 먹는 건 생식.. 이게 맞나 몰겠다 난,2026-05-24,생식 해동,생식,,page,storage,2026-09-28T14:47:51
youtube,https://www.youtube.com/watch?v=9UDhhSu_t60&lc=UgyqerXuJzEZD1yCfYp4AaABAg,a5f354d65da2dd5b,강아지한테 생식 먹이면 안 좋은 점 Flex💰,생식하면 털 윤기부터가 달라지김함. 근데 식탐이 너무 폭발 ㅠ,2026-04-28,생식 해동,생식,,page,storage,2026-09-28T14:47:51
youtube,https://www.youtube.com/watch?v=9UDhhSu_t60&lc=UgxS3wqEnZWHOjrMtjF4AaABAg,71641965ea564abe,강아지한테 생식 먹이면 안 좋은 점 Flex💰,누누는 행복하겠다,2026-04-14,생식 해동,생식,,page,storage,2026-09-28T14:47:51
youtube,https://www.youtube.com/watch?v=9UDhhSu_t60&lc=UgzejtMe8YKKUsFmkqN4AaABAg,cadafa9900ac7d4b,강아지한테 생식 먹이면 안 좋은 점 Flex💰,저집 저울도 껍질이 안벗겨졌군,2026-04-10,생식 해동,생식,,page,storage,2026-09-28T14:47:51
youtube,https://www.youtube.com/watch?v=9UDhhSu_t60&lc=UgxibmR1j2qLqkaZbBx4AaABAg,f025ca31074f4410,강아지한테 생식 먹이면 안 좋은 점 Flex💰,익히지 않은건 기생충 감염이나 식중독균 감염 위험이 있어서 저는 화식만들어서 사료에 섞어줍니다,2026-03-02,생식 해동,혼합,,page,storage,2026-09-28T14:47:51
youtube,https://www.youtube.com/watch?v=9UDhhSu_t60&lc=Ugz7lE9B4JrGg-J4RV14AaABAg,57f9947fac347f0c,강아지한테 생식 먹이면 안 좋은 점 Flex💰,칼이 무슨ㅋㅋㅋㅋ전문가포스가 느껴져요,2026-02-06,생식 해동,생식,,page,storage,2026-09-28T14:47:51
youtube,https://www.youtube.com/watch?v=9UDhhSu_t60&lc=UgzjhXzTs6PwDFn0sOZ4AaABAg,46aedcd1d3e455e1,강아지한테 생식 먹이면 안 좋은 점 Flex💰,그냥 한마리 통째로 주면 안되나요? 잘라주면 삼켜버리기도 하고..,2025-12-03,생식 해동,생식,,page,storage,2026-09-28T14:47:51
youtube,https://www.youtube.com/watch?v=9UDhhSu_t60&lc=UgxcAm99h_blWejN0Vh4AaABAg,a03b85dc5c91dddb,강아지한테 생식 먹이면 안 좋은 점 Flex💰,혐주의 표시해주세요 오리머리보고  깜놀ᆢ,2025-11-23,생식 해동,생식,,page,storage,2026-09-28T14:47:51
youtube,https://www.youtube.com/watch?v=9UDhhSu_t60&lc=UgyHZbpXJlzEE_OKJzt4AaABAg,e97d010902831d24,강아지한테 생식 먹이면 안 좋은 점 Flex💰,개팔자 상팔자,2025-10-30,생식 해동,생식,,page,storage,2026-09-28T14:47:51
youtube,https://www.youtube.com/watch?v=9UDhhSu_t60&lc=UgwCM28Bo8ozSDGACS54AaABAg,293e8c2412c79c64,강아지한테 생식 먹이면 안 좋은 점 Flex💰,개하나 키우는데 유난이다ㅋㅋ,2025-10-29,생식 해동,생식,,page,storage,2026-09-28T14:47:51
youtube,https://www.youtube.com/watch?v=ueDhQ-Q3AWo&lc=Ugw0YKvxGUfbfBkt-3l4AaABAg,07fddcbc5bf8e5d8,강아지 화식 만들기 🦮🐶🍗 #강아지화식 #화식 #homemadedogfood #dogfoodrecipe #견생일기 #강아지먹방,레시피 알려주세요!,2026-06-13,생식 해동,화식,,page,storage,2026-09-28T14:47:51
youtube,https://www.youtube.com/watch?v=ueDhQ-Q3AWo&lc=UgymonhIYouzuSNkrhl4AaABAg,fefbaaa0cf2dec2e,강아지 화식 만들기 🦮🐶🍗 #강아지화식 #화식 #homemadedogfood #dogfoodrecipe #견생일기 #강아지먹방,이거 따라 만들었다가 강쥐가 1도안먹어서 ㅠ 입맛 까다로운 애들은 쉽지않네영 근데 데치기만해서 볶아주면 더 잘먹을듯,2026-05-05,생식 해동,화식,,page,storage,2026-09-28T14:47:51
youtube,https://www.youtube.com/watch?v=ueDhQ-Q3AWo&lc=UgxkgGqbyGsJY7IIibB4AaABAg,444ed653b456423b,강아지 화식 만들기 🦮🐶🍗 #강아지화식 #화식 #homemadedogfood #dogfoodrecipe #견생일기 #강아지먹방,"연속당뇨측정기로 본 결과..먹으면 햘당 스파크..음식 당근, 고구맙니다..떨어지는 것도 어마 어마 하게 오래 걸려요~",2026-04-23,생식 해동,화식,,page,storage,2026-09-28T14:47:51
youtube,https://www.youtube.com/watch?v=ueDhQ-Q3AWo&lc=UgxnttZnsjMxwvIFGwJ4AaABAg,2e78af1f08e82455,강아지 화식 만들기 🦮🐶🍗 #강아지화식 #화식 #homemadedogfood #dogfoodrecipe #견생일기 #강아지먹방,화식만먹이는거 아니구 사료에섞어서 급여해주면되는걸까요?,2026-04-19,생식 해동,화식,,page,storage,2026-09-28T14:47:51
youtube,https://www.youtube.com/watch?v=ueDhQ-Q3AWo&lc=UgyutwQdB2lroBZ4dlZ4AaABAg,f29dee502800ee66,강아지 화식 만들기 🦮🐶🍗 #강아지화식 #화식 #homemadedogfood #dogfoodrecipe #견생일기 #강아지먹방,"저희강아지13살인데화식한지6주됬는데댕댕이건강이너무조아져서그동안안해준게후회될정도에요ㅜㅜ제가힘든건사실이지만너무조아져서눈물나게고맙구기뻐요
근데개가육식동물이니고기비율을좀더높이시는건어떨까싶네요",2026-04-13,생식 해동,화식,,page,storage,2026-09-28T14:47:51
youtube,https://www.youtube.com/watch?v=ueDhQ-Q3AWo&lc=UgwyRDY_OCMEqSaZOFJ4AaABAg,3c3d7c9e8dbffef6,강아지 화식 만들기 🦮🐶🍗 #강아지화식 #화식 #homemadedogfood #dogfoodrecipe #견생일기 #강아지먹방,화식 섞어주니 컨디션 확실히 다름 !,2026-03-24,생식 해동,화식,,page,storage,2026-09-28T14:47:51
youtube,https://www.youtube.com/watch?v=ueDhQ-Q3AWo&lc=UgxgGsLoKYvB9Cswav54AaABAg,bd837f978635c87e,강아지 화식 만들기 🦮🐶🍗 #강아지화식 #화식 #homemadedogfood #dogfoodrecipe #견생일기 #강아지먹방,당근은 옥살산땜에 데치는게 나아요.. 옥살산이 믈에 녹아 나온다고ㅠ본듯..강지.급여할때. 찌는것보다 데치는게ㅡ.특히 결석있는애들은 브로콜리도 글케.급여하는게ㅜ나아요...제 강지도 결석이 생길디.몰랐어여 ㅠㅠ 2번 수술 ㅠㅠ,2026-02-16,생식 해동,화식,,page,storage,2026-09-28T14:47:51
youtube,https://www.youtube.com/watch?v=ueDhQ-Q3AWo&lc=Ugxffqk3WfiCLBjM_UJ4AaABAg,1339e35c56f6eddf,강아지 화식 만들기 🦮🐶🍗 #강아지화식 #화식 #homemadedogfood #dogfoodrecipe #견생일기 #강아지먹방,각종 서플리먼트는 어떤게 들어가나요? 필수영양소가 저거만보면 너무 부족해보여서요..,2026-01-29,생식 해동,화식,,page,storage,2026-09-28T14:47:51
youtube,https://www.youtube.com/watch?v=ueDhQ-Q3AWo&lc=UgxJ0sIh0OgNXmhEoZN4AaABAg,d9ed28e6add079b5,강아지 화식 만들기 🦮🐶🍗 #강아지화식 #화식 #homemadedogfood #dogfoodrecipe #견생일기 #강아지먹방,보관은 어떻게 하세용 ?,2026-01-04,생식 해동,화식,,page,storage,2026-09-28T14:47:51
youtube,https://www.youtube.com/watch?v=ueDhQ-Q3AWo&lc=UgwXOHE154L4315zE-R4AaABAg,08ef1c9b9c597ea2,강아지 화식 만들기 🦮🐶🍗 #강아지화식 #화식 #homemadedogfood #dogfoodrecipe #견생일기 #강아지먹방,하루 야채 급여량이 궁금해용,2025-10-21,생식 해동,화식,,page,storage,2026-09-28T14:47:51
youtube,https://www.youtube.com/watch?v=B2ws8UxKLZY&lc=UgwwAfhKTEEY7cqsMy94AaABAg,2e5d39fc421f06a0,오늘의 메뉴 🐶🍽️ #rawdiet #mukbang #먹방 #개생식,댕댕이...진짜 멋지게 생겼군요....,2026-09-16,생식 해동,생식,,page,storage,2026-09-28T14:47:51
youtube,https://www.youtube.com/watch?v=B2ws8UxKLZY&lc=UgzK5H-F1qDJLr0Ld9t4AaABAg,68132357d96b1e43,오늘의 메뉴 🐶🍽️ #rawdiet #mukbang #먹방 #개생식,홍합은 항상 버리는 멍멍이 vs 계속 버려도 주는 견주,2025-12-16,생식 해동,생식,,page,storage,2026-09-28T14:47:51
youtube,https://www.youtube.com/watch?v=RwdD4X7RIMk&lc=UgzMDWF8v1RTqLz8xUN4AaABAg,6d70b37d15b70535,강아지 사료? 화식?🔥 강형욱이 종결해드립니다,건사료 종류별로 다사서 버리기만했음.. 이게더아까운것같아 개비싼화식으로만 순환급여하니 애들도잘먹고 저도스트레스줄고.. 여전히 지갑은못지키지만 잘먹이고있는거같아 행복하고뿌듯하네요🎉,2026-09-09,화식 보관 기간,화식,,page,storage,2026-09-28T14:48:13
youtube,https://www.youtube.com/watch?v=RwdD4X7RIMk&lc=Ugz6h9BXtD8SvU-Cqzp4AaABAg,836ae95808d8eaa6,강아지 사료? 화식?🔥 강형욱이 종결해드립니다,"이제 나이가 점점 들어가서 조금이라도
더 영양가 있고 건강하게 먹고
오래오래 내 곁에서 함께 하기를 바라는
마음에 저도 60개 주문 완료~~
잘 먹어 줬으면 🙏더더 건강해 졌으면🙏",2026-08-12,화식 보관 기간,화식,,page,storage,2026-09-28T14:48:13
youtube,https://www.youtube.com/watch?v=RwdD4X7RIMk&lc=Ugyg3PAKV6eUg0zsG0B4AaABAg,6aec9ac1e7c9eca6,강아지 사료? 화식?🔥 강형욱이 종결해드립니다,구입완료❤,2026-07-25,화식 보관 기간,화식,,page,storage,2026-09-28T14:48:13
youtube,https://www.youtube.com/watch?v=RwdD4X7RIMk&lc=UgwaDeOjHGrm0YXHMxZ4AaABAg,01a03d022b2d792f,강아지 사료? 화식?🔥 강형욱이 종결해드립니다,화식 굳🎉🎉,2026-02-12,화식 보관 기간,화식,,page,storage,2026-09-28T14:48:13
youtube,https://www.youtube.com/watch?v=RwdD4X7RIMk&lc=Ugw8DYJ-1-Ij3nRLELx4AaABAg,bb0458a8f4235655,강아지 사료? 화식?🔥 강형욱이 종결해드립니다,아직 나오냐,2025-10-02,화식 보관 기간,화식,,page,storage,2026-09-28T14:48:13
youtube,https://www.youtube.com/watch?v=pdT8kCX9CQY&lc=UgyNKnbbzY4iC_kvJcx4AaABAg,940ca9839ad6e388,"이보다 더 쉬울 순 없다! 강아지 화식의 모든 것, 10년차 영양 전문가가 알려주는 초간단 화식 레시피","에너지 넘치는 우리 강아지, 훈련보다 더 효과 좋은 가성비 장난감 추천!
👇궁금하시다면 아래 링크를 클릭해서 확인해 보세요!👇
https://youtu.be/KRv0ctPszek",2025-11-03,화식 보관 기간,화식,,page,storage,2026-09-28T14:48:13
youtube,https://www.youtube.com/watch?v=pdT8kCX9CQY&lc=Ugz_W3oqxI-r3rP7Q1R4AaABAg,32d77efb2783c931,"이보다 더 쉬울 순 없다! 강아지 화식의 모든 것, 10년차 영양 전문가가 알려주는 초간단 화식 레시피",재료들 씻어서 큼직큼직하게 잘라서 찐다음 식혀서 커터기 이용해서 반려갼에 맞게 다져서 소분해서 냉동하면 매우 쉽고 빠르게 만들수있어요.,2026-09-22,화식 보관 기간,화식,,page,storage,2026-09-28T14:48:13
youtube,https://www.youtube.com/watch?v=pdT8kCX9CQY&lc=UgwuA9kMT5oSruf6--V4AaABAg,913089405b118fac,"이보다 더 쉬울 순 없다! 강아지 화식의 모든 것, 10년차 영양 전문가가 알려주는 초간단 화식 레시피",냉동보관하면 어느정도 갈까요??,2026-08-22,화식 보관 기간,화식,,page,storage,2026-09-28T14:48:13
youtube,https://www.youtube.com/watch?v=pdT8kCX9CQY&lc=UgzrPPPxL8gbiSqFtwN4AaABAg,192e32aa49278d1b,"이보다 더 쉬울 순 없다! 강아지 화식의 모든 것, 10년차 영양 전문가가 알려주는 초간단 화식 레시피",사료는 일체 안먹이는 건지 궁금하네요,2026-06-07,화식 보관 기간,화식,,page,storage,2026-09-28T14:48:13
youtube,https://www.youtube.com/watch?v=pdT8kCX9CQY&lc=UgyTRR3UBipTfnF7A-t4AaABAg,c89777c361e6b685,"이보다 더 쉬울 순 없다! 강아지 화식의 모든 것, 10년차 영양 전문가가 알려주는 초간단 화식 레시피",하루에 표에 나온 양을 한번만 먹이는건가요?,2026-05-24,화식 보관 기간,화식,,page,storage,2026-09-28T14:48:13
youtube,https://www.youtube.com/watch?v=pdT8kCX9CQY&lc=Ugx9FytS5lpv8-6fsvp4AaABAg,7ba66c57eb84b519,"이보다 더 쉬울 순 없다! 강아지 화식의 모든 것, 10년차 영양 전문가가 알려주는 초간단 화식 레시피","채소는 수용성비타민이 많아서 물에 삶으면 영양소 손실이 큰데 찜기에 찌는게 더 나아요 채소마다 쪘을때 영양소 파괴 시간이 달라서 같이 쪘을때도 각각 시간 다르게 미리 꺼내는 채소들이 있어요 노견이나 위장이 많이 약하면 그냥 좀더 푹 익혀도 되긴하고 아직 건강한 강아지는 영양소파괴 안되게 조리하는게 좋더라구요 그리고 모든 기름은 열과 만나면 안좋은 성분으로 바뀌니 다 익은거는 굳이 볶지 말고 화식 위에 뿌려주는게 좋아요 압착 참기름 아닌이상 참기름은 딱히 영양가가 좋지 않고 밥위에 뿌려주는 오일은 코코넛오일, 올리브오일, 압착생들기름이 좋아요  그리고 강아지는 씹는 개념이 없이 다 꿀떡 꿀떡 삼킬때가 많아서 야채 모양 그대로 똥으로 나오는거 보면 아.. 내가 비싼똥을 만들어주고 있구나 현타올때가 있죠 뭐든 꼭꼭 씹어서 저작기능으로 섬유질이 깨지고 분해되야 영양소로 흡수되는데 강아지는 그걸 잘 못하죠 그래서 웬만하면 갈아서 먹이시는게 영양흡수율이 좋답니다  대형견이라면 저런식으로 큐브로 썰어서 줘도 돼요",2026-05-22,화식 보관 기간,화식,,page,storage,2026-09-28T14:48:13
youtube,https://www.youtube.com/watch?v=pdT8kCX9CQY&lc=UgwYKPhLC_CjEe9uv0F4AaABAg,ae60205c115667b1,"이보다 더 쉬울 순 없다! 강아지 화식의 모든 것, 10년차 영양 전문가가 알려주는 초간단 화식 레시피",앗 표가..20키로 까지네요...저희강아지는 25키로인데 ㅠ,2026-05-07,화식 보관 기간,화식,,page,storage,2026-09-28T14:48:13
youtube,https://www.youtube.com/watch?v=pdT8kCX9CQY&lc=UgwEPWJvQzUojE_NpU14AaABAg,fe1d76b91b1343c7,"이보다 더 쉬울 순 없다! 강아지 화식의 모든 것, 10년차 영양 전문가가 알려주는 초간단 화식 레시피",냉장보관해서 1주안에 급여하면될까요? 슬개골수술을해서 해주고싶은데ㅜㅜ,2026-05-06,화식 보관 기간,화식,,page,storage,2026-09-28T14:48:13
youtube,https://www.youtube.com/watch?v=ChEsukG16l0&lc=UgwC7cDtkvYtnHX5nrN4AaABAg,6b07f71a9d977bb4,가성비 인기있는 강아지 사료통 밀폐용기 대용량 추천 후기 TOP5,"쿠팡파트너스 활동의 일환으로 이에 따른 일정액의 수수료를 제공받습니다.
1위 펫트리움 이중 밀폐 사료 보관통, 그레이, 28L, 1개 ￦17,900
🛒구매하기 https://cp.24-am.com/9SuW
2위 네이처펫 시그니처 반려동물 펫 사료통, 블랙, 23L, 1개 ￦19,880
🛒구매하기 https://cp.24-am.com/9SuX
3위 네이처펫 시그니처 반려동물 펫 사료통, 블랙, 17L, 1개 ￦15,990
🛒구매하기 https://cp.24-am.com/9SuY
4위 네이처펫 시그니처 반려동물 펫 사료통, 화이트, 23L, 1개 ￦19,880
🛒구매하기 https://cp.24-am.com/9SuZ
5위 댕댕플러스 사료통 강아지 고양이 밀폐 사료 보관 대용량 습기차단, 1개, 12L, 투명 ￦18,310
🛒구매하기 https://cp.24-am.com/9Sv0
#고양이사료통TOP5 #고양이사료통리뷰 #고양이사료통 #강아지사료통 #로얄캐닌강아지사료대용량 #강아지사료통밀폐용기 #고양이사료통베스트5 #애견사료통밀폐용기 #고양이사료통추천 #밀폐용기",2026-01-18,사료 밀폐용기,건사료,,page,storage,2026-09-28T14:49:17
youtube,https://www.youtube.com/watch?v=MepyvPY9BHM&lc=UgzVfnvHc4tFB9V8uup4AaABAg,93342c7716ee0d39,사료 보관 이렇게 하면 큰일 나요,"이 포스팅은 쿠팡 파트너스 활동의 일환으로, 이에 따른 일정액의 수수료를 제공받습니다.

좋아요 꾹 눌러 보세요 — 귀여운 발바닥 도장이 콕 찍힌답니다 🐾

우리 댕댕이는 어떤가요? 댓글로 우리 아이 이야기 들려주세요! 🐶💕

🛒 영상 속 강아지 추천템 · 탐사 반려견 영양제
👉 https://link.coupang.com/a/eTaJxRm9Cu

🐶 매일 업로드 · 구독과 좋아요 부탁해요

#댕댕수첩 #비숑 #댕댕이 #반려견 #강아지상식",2026-07-10,사료 밀폐용기,미상,,page,storage,2026-09-28T14:49:17
youtube,https://www.youtube.com/watch?v=lDff1nF6oVc&lc=UgxqyHa4eQJeUSUVpkJ4AaABAg,76be5ed90140abe1,"강아지 사료통 밀폐용기 대용량 추천, 완전 추천 사기템 가성비 TOP5","쿠팡파트너스 활동의 일환으로 소정의 수익이 발생합니다.
제품에 대한 상세보기는 아래 더보기 참고해주세요.
▼▽▼▽▼▽▼▽▼▽▼▽▼▽▼▽▼▽▼▽▼▽

★★강아지 사료통 밀폐용기 대용량 BEST5 추천정보★★


1위 [블랙누 밀폐 강아지 고양이 사료통 대용량 사료 보관통 15kg 20kg, 1개, 25L, 화이트] 37,500원
☞ https://link.coupang.com/a/elFaPV ☜

2위 [딩동펫 반려동물 강력 밀폐 다이얼 대용량 투명 사료통 소형] 12,800.0원
☞ https://link.coupang.com/a/elFaQi ☜

3위 [딩동펫 반려동물 강력 밀폐 다이얼 대용량 투명 사료통 대형] 16,800.0원
☞ https://link.coupang.com/a/elFaQu ☜

4위 [리빙마켓 강아지 고양이 진공 사료보관통 밀폐용기, 1개, 20L, 화이트] 27,600원
☞ https://link.coupang.com/a/elFaQU ☜

5위 [네이처펫 시그니처 반려동물 펫 사료통] 15,990.0원
☞ https://link.coupang.com/a/elFaQ8 ☜



#가성비 #추천 #최고 #베스트셀러 #인기 #강아지 사료통 밀폐용기 대용량",2026-04-16,사료 밀폐용기,미상,,page,storage,2026-09-28T14:49:17
youtube,https://www.youtube.com/watch?v=_Cem85TXMQM&lc=Ugx8YL8S0gMCUiQmzsR4AaABAg,8e5c6192748c935b,"유기견 사체로 만든 사료? 영양학 수의사가 알려주는 좋은 사료, 영양제 꿀팁 | 멍터뷰ep.30","지위픽 사슴으로  몇년째 두놈 먹이고 있는데 
먹었다안먹었다해서 
수제간식을 골고루 먹임 수제사료도먹이고~~
아채류.고기류.골고루 간식으로 채움요.
겁나 골고루 먹이니까 건강해서 애견까페가면 겁나 뛰뛰해요.잘먹이는게 최고인듯 해요
하루 한번 야채퓨레 주고
수제사료 1회 
간식은 닭근위한번
야채말이오리한번.소고기육포한쪽.호박.두부.애견우유.상추겁나잘먹음
먹여요.일주2번은 초유 분유.아침에 먹이고 
암튼 코가 반짝반짝 해유~~^^
요즘은 야체퓨레가 너무잘나오네요
물만 부으면 바로 퓨레가되니 
맛도 좋네요 내가먹어보니 
바로갈아논것처럼 살아있네요.기술들이 엄청나네요
예전엔 갈아서 만들려면 힘들었는데 
참좋은세상 
하루 계란밥 한숫가락 꼭 먹여요
밥달라고해서 안줄수가 없슈^^
2.9키로 푸들한놈
4키로 비숑한놈 이제 5살 들이라 한참잘먹네요.
이뻐죽것슈~~
계란은 꼭 난각번호1번 필수 반숙주려면 신선하고 고소해야 잘먹어유 ~",2026-06-02,대용량 사료,미상,,page,storage,2026-09-28T14:49:41
youtube,https://www.youtube.com/watch?v=_Cem85TXMQM&lc=Ugx2QFjX7rphNj5Ozu94AaABAg,3b8374901bcd6f16,"유기견 사체로 만든 사료? 영양학 수의사가 알려주는 좋은 사료, 영양제 꿀팁 | 멍터뷰ep.30",주식회사 ㅇㄹㅂ 사료 조심하세요 간식도요 먹고 저희 둘째 떠나보냈습니다 자고로 볼드모트사료 사건 피해자구요 강아지입니다..,2026-03-23,대용량 사료,미상,,page,storage,2026-09-28T14:49:41
youtube,https://www.youtube.com/watch?v=_Cem85TXMQM&lc=UgxOw-mOjimjg0ZwZSd4AaABAg,72d28e00b78c4737,"유기견 사체로 만든 사료? 영양학 수의사가 알려주는 좋은 사료, 영양제 꿀팁 | 멍터뷰ep.30","7살 포메에게 오메가3 일주일에 한번씩 급여중인데 괜찮을까요?
항산화제는 어떤 제품이 좋을지 추천해주세요",2025-10-05,대용량 사료,미상,,page,storage,2026-09-28T14:49:41
youtube,https://www.youtube.com/watch?v=t9e04vEu9wA&lc=UgyWkyvMejs8FsY1oX14AaABAg,633eaac49c59ff57,"강아지 사료, 유통기한만 보고 고르셨나요? 생산부터 급여까지 단 30일","🐶 오늘 소개한 상품 보러가기👇
https://naver.me/Gi0kOCVL
네이버 쇼핑 커넥트 활동으로 구매 시 수수료를 제공받습니다.",2026-09-19,사료 유통기한,미상,,page,storage,2026-09-28T14:50:04
youtube,https://www.youtube.com/watch?v=3iBvXA_ASC8&lc=UgxE5vZ3MuqzZMNrYdh4AaABAg,087e51e444cda062,강아지 피부병으로 몇년을 고생했는데 한번에 좋아진다고요? #미꼬사 알레포20,비누 개소리구요 피부병은 포레신 연고 발라주면 금방 좋아져요 알로페시아 있어서 피부 검게 변했는데 목욕하고  포레신 몇일 발라주니까 검은 피부 각질 떨어져 나와서 살이 핑크색으로 변하는 중이네요,2026-09-13,사료 곰팡이,미상,,page,storage,2026-09-28T14:50:23
youtube,https://www.youtube.com/watch?v=3iBvXA_ASC8&lc=Ugwn9DAA3V4hWYpJbLt4AaABAg,1eff7ec57472495b,강아지 피부병으로 몇년을 고생했는데 한번에 좋아진다고요? #미꼬사 알레포20,"소금먹이셔야행미네랄
우리개
농피증 소금물먹이고 자연치유
귀염증도
눈에 한방울씩 넣어준빨간자국 없어짐
우리개 연구소 참고라시길",2026-08-11,사료 곰팡이,미상,,page,storage,2026-09-28T14:50:23
youtube,https://www.youtube.com/watch?v=3iBvXA_ASC8&lc=Ugz6Dt9ybOIkQVSX6mZ4AaABAg,9713ca57588a8d21,강아지 피부병으로 몇년을 고생했는데 한번에 좋아진다고요? #미꼬사 알레포20,1년 병원 다녀도  치료가 잘안됨 15살 노견,2026-06-08,사료 곰팡이,미상,,page,storage,2026-09-28T14:50:23
youtube,https://www.youtube.com/watch?v=3iBvXA_ASC8&lc=UgxEMP0QgbF8CxVgecN4AaABAg,73fe2a21e52f6944,강아지 피부병으로 몇년을 고생했는데 한번에 좋아진다고요? #미꼬사 알레포20,"예전에어디서 🧼 비누효과본다고 샀는데 ᆢ 개효과 ㅋ없었음

다이어트약 살뺏다는 글이나 ᆢ
이젠안속아

내게가 효과봤다고 다른개도 효과보는건 절대아닙니다",2026-03-22,사료 곰팡이,미상,,page,storage,2026-09-28T14:50:23
youtube,https://www.youtube.com/watch?v=3iBvXA_ASC8&lc=UgyVEAkTsV6gzRQO6dB4AaABAg,65b92adddb8961b8,강아지 피부병으로 몇년을 고생했는데 한번에 좋아진다고요? #미꼬사 알레포20,그래서 그 비누가 어디껀가요??저히 애기피부가 진짜안좋아요 병원가도 치료가잘안되고요,2026-03-13,사료 곰팡이,미상,,page,storage,2026-09-28T14:50:23
youtube,https://www.youtube.com/watch?v=3iBvXA_ASC8&lc=UgzE-D-8msfD5HWC61l4AaABAg,2d2562aea60a1201,강아지 피부병으로 몇년을 고생했는데 한번에 좋아진다고요? #미꼬사 알레포20,무슨 비누인가요?,2026-03-06,사료 곰팡이,미상,,page,storage,2026-09-28T14:50:23
youtube,https://www.youtube.com/watch?v=3iBvXA_ASC8&lc=Ugyk0Pjp3l6-3Jt_f9V4AaABAg,c0209181e9bdfd76,강아지 피부병으로 몇년을 고생했는데 한번에 좋아진다고요? #미꼬사 알레포20,"목욕자주시키지마세요 
미지근한물로   행구세요",2026-01-28,사료 곰팡이,미상,,page,storage,2026-09-28T14:50:23
youtube,https://www.youtube.com/watch?v=3iBvXA_ASC8&lc=UgxUYciyTr21Fk2hwR54AaABAg,b24b851bc9e13b60,강아지 피부병으로 몇년을 고생했는데 한번에 좋아진다고요? #미꼬사 알레포20,정보좀주세요,2025-11-25,사료 곰팡이,미상,,page,storage,2026-09-28T14:50:23
youtube,https://www.youtube.com/watch?v=WgznObAjXbY&lc=UgxUSgdeWztSWem5eVx4AaABAg,2f0df57c985d86a7,"강아지 발사탕, 피부병 집에서 이렇게 해보세요 (동물병원 안가도 싹 치료됩니다) | 멍터뷰ep.57","안녕하세요! 김은주 피부과 수의사입니다:) 오늘 영상으로 아이들 피부관리에 도움이 되었으면 좋겠습니다. 증상에 따라 꼭 제가 영상에서 소개한 방법이 정답은 아니니 응급한 상황이 아니라면 수의사 선생님과 상담 하시고 장기 관리 해주세요~ 영상에 나온 주제 외에도 궁금하신 점 있으시면 언제든 댓글 남겨주세요, 답변드릴게요:) 감사합니다.",2025-12-21,사료 곰팡이,미상,,page,storage,2026-09-28T14:50:23
youtube,https://www.youtube.com/watch?v=WgznObAjXbY&lc=Ugy010fGD6FR8voqiMl4AaABAg,bb72c160e36708c7,"강아지 발사탕, 피부병 집에서 이렇게 해보세요 (동물병원 안가도 싹 치료됩니다) | 멍터뷰ep.57",감사해요,2026-09-26,사료 곰팡이,미상,,page,storage,2026-09-28T14:50:23
youtube,https://www.youtube.com/watch?v=WgznObAjXbY&lc=UgywaXLTU3CYJBhszlp4AaABAg,b1178074e3197e95,"강아지 발사탕, 피부병 집에서 이렇게 해보세요 (동물병원 안가도 싹 치료됩니다) | 멍터뷰ep.57","우리강아지도 수년간 발가락습진에 고생했는데 
클로르헥시딘+정제수나 증류수 희석해서 뿌려준후부터 다 나아서 몇년째 괜찮아요
동물병원다녀도 잘 낫지않아요

산책후 물티슈로 대충닦는것은 발사탕지름길입니다

샴푸로 발닦이고 그후  클로르헥시딘 희석액 뿌려준후 조금있다가 드라이기로 바짝말려줍니다",2026-09-24,사료 곰팡이,미상,,page,storage,2026-09-28T14:50:23
youtube,https://www.youtube.com/watch?v=WgznObAjXbY&lc=UgxP_VP42VxiOtud05d4AaABAg,bf596244595af025,"강아지 발사탕, 피부병 집에서 이렇게 해보세요 (동물병원 안가도 싹 치료됩니다) | 멍터뷰ep.57",발에는 몇대몇으로 희석 해야하나요?,2026-09-21,사료 곰팡이,미상,,page,storage,2026-09-28T14:50:23
youtube,https://www.youtube.com/watch?v=WgznObAjXbY&lc=UgxtiluBpoD9-IsKHL14AaABAg,ce602dc6acccca52,"강아지 발사탕, 피부병 집에서 이렇게 해보세요 (동물병원 안가도 싹 치료됩니다) | 멍터뷰ep.57",강아지 피부병~~,2026-09-17,사료 곰팡이,미상,,page,storage,2026-09-28T14:50:23
youtube,https://www.youtube.com/watch?v=WgznObAjXbY&lc=Ugyi887Rj8JNCF7pJG54AaABAg,9e1b8d97abb770d2,"강아지 발사탕, 피부병 집에서 이렇게 해보세요 (동물병원 안가도 싹 치료됩니다) | 멍터뷰ep.57",정말 감사합니다,2026-09-09,사료 곰팡이,미상,,page,storage,2026-09-28T14:50:23
youtube,https://www.youtube.com/watch?v=WgznObAjXbY&lc=UgxtJ_LDxqp9Ix0XJzt4AaABAg,ee01cb2c1aeba21c,"강아지 발사탕, 피부병 집에서 이렇게 해보세요 (동물병원 안가도 싹 치료됩니다) | 멍터뷰ep.57","소독도 중요한데,, 발사탕은 애들이 계속 핥아대서 상처 보호도 같이 해줘야함.. 안그럼 계속 덧나고 벌어져서 진짜 오래감ㅠ
메디폼처럼 상처에 보호막 만들어주는 동물용 창상폼이라고 있는데.. 소독하고 창상폼 발라주니까 상처도 빨리 낫고 발사탕 안함",2026-09-07,사료 곰팡이,미상,,page,storage,2026-09-28T14:50:23
youtube,https://www.youtube.com/watch?v=WgznObAjXbY&lc=UgzRjGDLC9CU3QYMP3d4AaABAg,59c8376b217b2c9a,"강아지 발사탕, 피부병 집에서 이렇게 해보세요 (동물병원 안가도 싹 치료됩니다) | 멍터뷰ep.57",클로로헥사딘 희석은 멸균증류수나 정제수로합니다ㆍ일반약국에서 팔아요,2026-09-06,사료 곰팡이,미상,,page,storage,2026-09-28T14:50:23
youtube,https://www.youtube.com/watch?v=WgznObAjXbY&lc=Ugw6lVamG6PWyDjrlJB4AaABAg,d3923501a129dc39,"강아지 발사탕, 피부병 집에서 이렇게 해보세요 (동물병원 안가도 싹 치료됩니다) | 멍터뷰ep.57",생리식염수검색하니까 렌즈세척하는게 나오는데 그 식염수가 맞나요?,2026-09-04,사료 곰팡이,미상,,page,storage,2026-09-28T14:50:23
youtube,https://www.youtube.com/watch?v=WgznObAjXbY&lc=UgyypxdWQfoV2ekpQvl4AaABAg,cf17d03fd6283f5c,"강아지 발사탕, 피부병 집에서 이렇게 해보세요 (동물병원 안가도 싹 치료됩니다) | 멍터뷰ep.57",우리애기는 목욕도 1년에 2  3번 합니다 11살 인데 피부 아무문제 없습니다,2026-08-27,사료 곰팡이,미상,,page,storage,2026-09-28T14:50:23
youtube,https://www.youtube.com/watch?v=WgznObAjXbY&lc=UgxQCIZSQz_yQT4XW9B4AaABAg,feb38a120494e832,"강아지 발사탕, 피부병 집에서 이렇게 해보세요 (동물병원 안가도 싹 치료됩니다) | 멍터뷰ep.57",클로르핵시딘이 헥사메딘이랑 같은건가요😊,2026-08-27,사료 곰팡이,미상,,page,storage,2026-09-28T14:50:23
youtube,https://www.youtube.com/watch?v=WgznObAjXbY&lc=UgyKripd7-buadKaCxp4AaABAg,ba3fbadd960bcfdc,"강아지 발사탕, 피부병 집에서 이렇게 해보세요 (동물병원 안가도 싹 치료됩니다) | 멍터뷰ep.57","생화 알로에 젤을 피부에 발라보세요.   나는 자주 생알로 발바닥 도 문지르고,  여기저기 건조한 피부에 자주 사용해요.  심한 피부병이 없어 졋어요..",2026-08-27,사료 곰팡이,미상,,page,storage,2026-09-28T14:50:23
youtube,https://www.youtube.com/watch?v=WgznObAjXbY&lc=UgxzsQELYVzoB2oKAAt4AaABAg,c67470047579b2b6,"강아지 발사탕, 피부병 집에서 이렇게 해보세요 (동물병원 안가도 싹 치료됩니다) | 멍터뷰ep.57",크린투 액은 리콜 판매 중지 인데요????,2026-08-24,사료 곰팡이,미상,,page,storage,2026-09-28T14:50:23
youtube,https://www.youtube.com/watch?v=WgznObAjXbY&lc=UgwZ9rV7uYWGdBJhfXh4AaABAg,4fb122a4f102b36d,"강아지 발사탕, 피부병 집에서 이렇게 해보세요 (동물병원 안가도 싹 치료됩니다) | 멍터뷰ep.57",좋은정보감사합니다❤😂🎉,2026-08-22,사료 곰팡이,미상,,page,storage,2026-09-28T14:50:23
youtube,https://www.youtube.com/watch?v=WgznObAjXbY&lc=UgyUMFH35hnJyM0iN094AaABAg,8e0669bc8a7cc1c2,"강아지 발사탕, 피부병 집에서 이렇게 해보세요 (동물병원 안가도 싹 치료됩니다) | 멍터뷰ep.57","발사탕 너무 심한데 
습진땜에 그런거같은데 
알려주세요",2026-08-18,사료 곰팡이,미상,,page,storage,2026-09-28T14:50:23
youtube,https://www.youtube.com/watch?v=WgznObAjXbY&lc=UgzC5s5Rvoo6WWmpJe14AaABAg,2d67918e90124888,"강아지 발사탕, 피부병 집에서 이렇게 해보세요 (동물병원 안가도 싹 치료됩니다) | 멍터뷰ep.57",감사합니다,2026-08-18,사료 곰팡이,미상,,page,storage,2026-09-28T14:50:23
youtube,https://www.youtube.com/watch?v=WgznObAjXbY&lc=Ugxk1kftuJIqg1EFxkB4AaABAg,b39bbe9e23316242,"강아지 발사탕, 피부병 집에서 이렇게 해보세요 (동물병원 안가도 싹 치료됩니다) | 멍터뷰ep.57",약국에서 큰통만 팔아서 조금씩 희석해서 쓰고 있네요.작은통도 좀 팔지.ㅠ,2026-08-17,사료 곰팡이,미상,,page,storage,2026-09-28T14:50:23
youtube,https://www.youtube.com/watch?v=WgznObAjXbY&lc=UgxTB-0I8rjRVL0u-JN4AaABAg,2ed0be09f6733077,"강아지 발사탕, 피부병 집에서 이렇게 해보세요 (동물병원 안가도 싹 치료됩니다) | 멍터뷰ep.57",선생님도움많이되습니다. 감사합니다,2026-08-16,사료 곰팡이,미상,,page,storage,2026-09-28T14:50:23
youtube,https://www.youtube.com/watch?v=WgznObAjXbY&lc=Ugzfk34fk-haybD6hhF4AaABAg,b94cd7f3caa310fa,"강아지 발사탕, 피부병 집에서 이렇게 해보세요 (동물병원 안가도 싹 치료됩니다) | 멍터뷰ep.57",딱지처럼생기는 피부에도 발라도되나요?,2026-08-11,사료 곰팡이,미상,,page,storage,2026-09-28T14:50:23
youtube,https://www.youtube.com/watch?v=WgznObAjXbY&lc=UgzmJLuR8nvAEiyVSkB4AaABAg,80ef29a514d2df83,"강아지 발사탕, 피부병 집에서 이렇게 해보세요 (동물병원 안가도 싹 치료됩니다) | 멍터뷰ep.57",저희아이등에 빨갛게 많이 났는데 그래서 보습제 뿌려주고있는데 집에있는 마데카솔연고 발라줘도 돼나요?,2026-08-04,사료 곰팡이,미상,,page,storage,2026-09-28T14:50:23
youtube,https://www.youtube.com/watch?v=WgznObAjXbY&lc=UgyTmtKbSuGjQnxOLYV4AaABAg,1316ba9da961d7cf,"강아지 발사탕, 피부병 집에서 이렇게 해보세요 (동물병원 안가도 싹 치료됩니다) | 멍터뷰ep.57",저희 아이는 발사탕이 심해 발주의 털색이 갈색으로 변해 병원에서 약타서 복용중인데 계속 먹여도 되는지?,2026-08-03,사료 곰팡이,미상,,page,storage,2026-09-28T14:50:23
youtube,https://www.youtube.com/watch?v=WgznObAjXbY&lc=UgztocjPWVwrvbBW1wV4AaABAg,99a4e23294ffeb94,"강아지 발사탕, 피부병 집에서 이렇게 해보세요 (동물병원 안가도 싹 치료됩니다) | 멍터뷰ep.57",피부가 벌것게 올라오거나 발사탕 하는 아이들 한테는 코코넛 오일을 발라주면 좋더라구요 코코넛오일 개별포장된거 사서 ( 냉장고에는 넣지마세요 ) 약국에가면 플라스틱 아기약병 젤 작은거에 넣어놓고 필요할때마다 발라줍니다 먹어도 되는거니 넥카라 안해도 되고요,2026-08-02,사료 곰팡이,미상,,page,storage,2026-09-28T14:50:23
youtube,https://www.youtube.com/watch?v=WgznObAjXbY&lc=Ugw54HR82xJ0a8xB4JJ4AaABAg,2f85ffed1fad0d3b,"강아지 발사탕, 피부병 집에서 이렇게 해보세요 (동물병원 안가도 싹 치료됩니다) | 멍터뷰ep.57","약용샴푸
소개해 주신게 뭘까요??",2026-08-01,사료 곰팡이,미상,,page,storage,2026-09-28T14:50:23
youtube,https://www.youtube.com/watch?v=WgznObAjXbY&lc=UgxWgm-jFP1p-yX0Svt4AaABAg,e04fa12e5d6d25a6,"강아지 발사탕, 피부병 집에서 이렇게 해보세요 (동물병원 안가도 싹 치료됩니다) | 멍터뷰ep.57","헥시딘
어제병원서 처방받아 왔어ㅛ",2026-07-16,사료 곰팡이,미상,,page,storage,2026-09-28T14:50:23
youtube,https://www.youtube.com/watch?v=WgznObAjXbY&lc=UgxlzocOX1HcYpE8hjZ4AaABAg,49b440c59cf2d243,"강아지 발사탕, 피부병 집에서 이렇게 해보세요 (동물병원 안가도 싹 치료됩니다) | 멍터뷰ep.57",내 살다살다 개 피부병 영상은 다봤지만.. ㅋㅋ 이분 영상은 찐이네. 강형욱이나 개관련 애들보다.. 이사람이 찐이구나. 수의사님도 감사합니다.,2026-07-08,사료 곰팡이,미상,,page,storage,2026-09-28T14:50:23
youtube,https://www.youtube.com/watch?v=WgznObAjXbY&lc=UgyxLVMo_ZjUH8bp9XB4AaABAg,e3b3375b9a3c4544,"강아지 발사탕, 피부병 집에서 이렇게 해보세요 (동물병원 안가도 싹 치료됩니다) | 멍터뷰ep.57",귀염증이 낫지를안아요 방법좀 알 려주세요,2026-07-03,사료 곰팡이,미상,,page,storage,2026-09-28T14:50:23
youtube,https://www.youtube.com/watch?v=WgznObAjXbY&lc=UgxEZ9s5_N3-KUbk29F4AaABAg,8a695dbb2cf4d269,"강아지 발사탕, 피부병 집에서 이렇게 해보세요 (동물병원 안가도 싹 치료됩니다) | 멍터뷰ep.57",시츄에요 귀에서 냄새가나면서 고름이일다고 해서 병원을다니는데 안나서요,2026-07-03,사료 곰팡이,미상,,page,storage,2026-09-28T14:50:23
youtube,https://www.youtube.com/watch?v=WgznObAjXbY&lc=Ugw1R9BV48EaOu4ad9J4AaABAg,cd1caae3a3c518c7,"강아지 발사탕, 피부병 집에서 이렇게 해보세요 (동물병원 안가도 싹 치료됩니다) | 멍터뷰ep.57",의사라고해서 모든게 정답은아니죠 ~~  병원과잉진료로 인해 아토피가 오히려생겼는데 아로마 펫테라피로 거의 완치되었어요 ... 아로마에대해서는 좀더 정확하게 아셔야 할듯합니다,2026-07-01,사료 곰팡이,미상,,page,storage,2026-09-28T14:50:23
youtube,https://www.youtube.com/watch?v=WgznObAjXbY&lc=UgwfguUqxiCMSoqaBfF4AaABAg,bef7825e9baf5832,"강아지 발사탕, 피부병 집에서 이렇게 해보세요 (동물병원 안가도 싹 치료됩니다) | 멍터뷰ep.57",소독약 집에서 만들때 비율 좀 정확히 알려주세요. 고질적으로 자주 뒤집어지는 피부염 땜에요😢,2026-06-28,사료 곰팡이,미상,,page,storage,2026-09-28T14:50:23
youtube,https://www.youtube.com/watch?v=WgznObAjXbY&lc=Ugzy8Nwku7E2EHe8gux4AaABAg,0f2da12445f08644,"강아지 발사탕, 피부병 집에서 이렇게 해보세요 (동물병원 안가도 싹 치료됩니다) | 멍터뷰ep.57",비판텐 발라주세요 많이 좋아졌어요,2026-06-27,사료 곰팡이,미상,,page,storage,2026-09-28T14:50:23
youtube,https://www.youtube.com/watch?v=WgznObAjXbY&lc=UgzPEGdiwFOz0VqOXK14AaABAg,5793420e7cafc1d7,"강아지 발사탕, 피부병 집에서 이렇게 해보세요 (동물병원 안가도 싹 치료됩니다) | 멍터뷰ep.57",눈물냄새나는데약은뭔가요,2026-06-25,사료 곰팡이,미상,,page,storage,2026-09-28T14:50:23
youtube,https://www.youtube.com/watch?v=WgznObAjXbY&lc=UgzYu3iMBu6MdgaRpUJ4AaABAg,fafccabaf7202895,"강아지 발사탕, 피부병 집에서 이렇게 해보세요 (동물병원 안가도 싹 치료됩니다) | 멍터뷰ep.57",약용샴푸이름을 알수있을가요?,2026-06-25,사료 곰팡이,미상,,page,storage,2026-09-28T14:50:23
youtube,https://www.youtube.com/watch?v=WgznObAjXbY&lc=Ugwy5J5FI1zBPrbVUrl4AaABAg,60a333a380af71f5,"강아지 발사탕, 피부병 집에서 이렇게 해보세요 (동물병원 안가도 싹 치료됩니다) | 멍터뷰ep.57",좋은정보 감사합니다 😊,2026-06-23,사료 곰팡이,미상,,page,storage,2026-09-28T14:50:23
youtube,https://www.youtube.com/watch?v=WgznObAjXbY&lc=UgwN1z9V_6DKSE6YLeR4AaABAg,b1c3eb76896ce027,"강아지 발사탕, 피부병 집에서 이렇게 해보세요 (동물병원 안가도 싹 치료됩니다) | 멍터뷰ep.57","궁금한게 있습니다.
저희 강아지가 농피증으로 고생입니다
병원가도 그때뿐이고
불안합니다.
처음에 알러지라고 그래서 식물성 사료로 바꿨습니다. 그뒤로 더 심해지는것같기도합니다
병원안가고 집에서
어떻게 하는게 좋을까요..?
점점 건강안좋을까봐 걱정입니다",2026-06-22,사료 곰팡이,미상,,page,storage,2026-09-28T14:50:23
youtube,https://www.youtube.com/watch?v=WgznObAjXbY&lc=UgwW0iuxsIsfhkOEBSR4AaABAg,0274f73797aad90a,"강아지 발사탕, 피부병 집에서 이렇게 해보세요 (동물병원 안가도 싹 치료됩니다) | 멍터뷰ep.57","오일은 시중에 판매하는 사람 오일, 베이비오일이나 피부 오일을 사용해야 합니까?",2026-06-15,사료 곰팡이,미상,,page,storage,2026-09-28T14:50:23
youtube,https://www.youtube.com/watch?v=WgznObAjXbY&lc=UgycpqpUSZ8fzAPyQdF4AaABAg,94e0a406e6c05c4e,"강아지 발사탕, 피부병 집에서 이렇게 해보세요 (동물병원 안가도 싹 치료됩니다) | 멍터뷰ep.57",푸우님 이번영상도 잘봤습니다! 혹시 기회가된다면 강아지 당뇨에 대해서도 한번 다뤄주셨으면 좋겠습니다!,2026-06-15,사료 곰팡이,미상,,page,storage,2026-09-28T14:50:23
youtube,https://www.youtube.com/watch?v=WgznObAjXbY&lc=Ugw6Y49dfIG31DM2y394AaABAg,37bf821ae5c71a30,"강아지 발사탕, 피부병 집에서 이렇게 해보세요 (동물병원 안가도 싹 치료됩니다) | 멍터뷰ep.57","우리 포메는 산책후 소금물로 세척후 발사탕 빠이빠이 했음니다.
😂",2026-06-13,사료 곰팡이,미상,,page,storage,2026-09-28T14:50:23
youtube,https://www.youtube.com/watch?v=WgznObAjXbY&lc=Ugzt3iTxKQGDU60eETJ4AaABAg,9d8e21036f865774,"강아지 발사탕, 피부병 집에서 이렇게 해보세요 (동물병원 안가도 싹 치료됩니다) | 멍터뷰ep.57",우리아이는 맕티즈 입니다 얼굴 멀리 다리등 색소침착인지 심해요 치료방법 알려주시면 감사합니다,2026-06-10,사료 곰팡이,미상,,page,storage,2026-09-28T14:50:23
youtube,https://www.youtube.com/watch?v=WgznObAjXbY&lc=UgwXDqIXO8AzrrFFWbB4AaABAg,7eff2ceff1418614,"강아지 발사탕, 피부병 집에서 이렇게 해보세요 (동물병원 안가도 싹 치료됩니다) | 멍터뷰ep.57",저희집에 식물 다 나눔했어요  디퓨저도 하나도 없어요,2026-06-06,사료 곰팡이,미상,,page,storage,2026-09-28T14:50:23
youtube,https://www.youtube.com/watch?v=71k42ci0VW0&lc=UgzjtzDBDCa7mf_ZL1t4AaABAg,737309c2f61df838,강아지에게 생식 안전할까?,수의사들은 사료만 먹여서 개들이 늙고 아파야 돈을 버는 집단임 반려견 사랑한다면 육류 내장 간 같은 거 많이 줘라,2026-08-12,생식 소분,생식,,page,storage,2026-09-28T14:50:35
youtube,https://www.youtube.com/watch?v=71k42ci0VW0&lc=UgyOsUmZLkayizCCrC94AaABAg,d53bf64e9bc3e8e0,강아지에게 생식 안전할까?,ㅎㅎ 둘다 문제네,2026-08-02,생식 소분,생식,,page,storage,2026-09-28T14:50:35
youtube,https://www.youtube.com/watch?v=71k42ci0VW0&lc=Ugwm7L1qLwdt4mZwkkN4AaABAg,2e9cd79e9c1bd435,강아지에게 생식 안전할까?,아니 고기는 구워먹여야지,2026-02-23,생식 소분,생식,,page,storage,2026-09-28T14:50:35
youtube,https://www.youtube.com/watch?v=71k42ci0VW0&lc=UgyLh2fmK0TC4oaOCfl4AaABAg,437f1b3bd65b3593,강아지에게 생식 안전할까?,녹아내리는건 주인의 통잔잔고엿구요 ㅋㅋㅋㅋ,2026-02-23,생식 소분,생식,,page,storage,2026-09-28T14:50:35
youtube,https://www.youtube.com/watch?v=71k42ci0VW0&lc=UgwKXVw5mZ0DwrHc1hp4AaABAg,83fa36ddf0b1b4e2,강아지에게 생식 안전할까?,개는 사료 먹이는게 제일 좋아(경제적으로),2026-02-23,생식 소분,생식,,page,storage,2026-09-28T14:50:35
youtube,https://www.youtube.com/watch?v=71k42ci0VW0&lc=UgwqllKNXZkgU0S7bkF4AaABAg,afb5e2b8e9382d8a,강아지에게 생식 안전할까?,그돈으로 내가 삼겹살 먹겠음,2026-02-21,생식 소분,생식,,page,storage,2026-09-28T14:50:35
youtube,https://www.youtube.com/watch?v=71k42ci0VW0&lc=UgwkmYR-wy25BPtcYr94AaABAg,540e99f56fccbc1f,강아지에게 생식 안전할까?,육회먹을수있나?ㅋㅋ,2026-02-20,생식 소분,생식,,page,storage,2026-09-28T14:50:35
youtube,https://www.youtube.com/watch?v=71k42ci0VW0&lc=UgxZCu7xtfJE_EzeW_94AaABAg,66101b526bec72e1,강아지에게 생식 안전할까?,진짜 내용부터 영상에 제작까지 싹다 AI로 돌리는게 괘씸하노 쌀숭이는 지가 캐기라도 하지,2026-02-17,생식 소분,생식,,page,storage,2026-09-28T14:50:35
youtube,https://www.youtube.com/watch?v=71k42ci0VW0&lc=UgxqnisItOcpI-8ZE4N4AaABAg,56b151b855720219,강아지에게 생식 안전할까?,익혀먹으면 되지,2026-02-17,생식 소분,생식,,page,storage,2026-09-28T14:50:35
youtube,https://www.youtube.com/watch?v=71k42ci0VW0&lc=UgwLQJd0kdh1EuZbYd14AaABAg,30aa7bb166f48b00,강아지에게 생식 안전할까?,익혀서 주면 안됨? 😮,2026-02-17,생식 소분,혼합,,page,storage,2026-09-28T14:50:35
youtube,https://www.youtube.com/watch?v=71k42ci0VW0&lc=UgxE9HjPo6HJMrB-R-V4AaABAg,1bf1a70be73962bb,강아지에게 생식 안전할까?,세균문제? 결론은 인간처럼 익혀줘야한다소리 아니냐?,2026-02-15,생식 소분,생식,,page,storage,2026-09-28T14:50:35
youtube,https://www.youtube.com/watch?v=71k42ci0VW0&lc=UgzWp0T8Hywso_HmC0N4AaABAg,14374c62b7df0438,강아지에게 생식 안전할까?,그전에 내지갑이 먼저 박살나겠다,2026-02-15,생식 소분,생식,,page,storage,2026-09-28T14:50:35
youtube,https://www.youtube.com/watch?v=71k42ci0VW0&lc=UgxkAgX3uywT-DNo9Bd4AaABAg,c80aeefe6e82899c,강아지에게 생식 안전할까?,생고기 주면 사름 물음  조심 해야함,2026-02-15,생식 소분,생식,,page,storage,2026-09-28T14:50:35
youtube,https://www.youtube.com/watch?v=71k42ci0VW0&lc=UgyDJ38X9Vy20D-WdnZ4AaABAg,9849917843b4d92d,강아지에게 생식 안전할까?,"생식을 시킬 때 반드시 뼈를 같이 먹게 해야됨. 소형견은 닭 날개, 대형견은 닭발이나 몸통을 주면 알아서 뼈를 잘 분쇄해서 먹음. 뼈와 그 속 골수 성분이 강아지를 아주 건강하게 만들어 줌.",2026-02-15,생식 소분,생식,,page,storage,2026-09-28T14:50:35
youtube,https://www.youtube.com/watch?v=71k42ci0VW0&lc=UgwyjqadoXixZzDw_Mh4AaABAg,ffbe9df205d97360,강아지에게 생식 안전할까?,대형견은 주기적으로 생고기 먹여야 함,2026-02-15,생식 소분,생식,,page,storage,2026-09-28T14:50:35
youtube,https://www.youtube.com/watch?v=71k42ci0VW0&lc=Ugy_b5uc096IsMhI2214AaABAg,50d27ad3f6f2e99e,강아지에게 생식 안전할까?,"사료같은것들이 개들 생체연구 영양연구 벨런스연구 해서 만들어진건데, 생고기 먹인다고 개가 완전 달라지지는 않아... 오히려 생고기만 먹였을 때, 영양결핍이 일어 날 수도 있어,,",2026-02-15,생식 소분,생식,,page,storage,2026-09-28T14:50:35
youtube,https://www.youtube.com/watch?v=71k42ci0VW0&lc=Ugx1gbDtySiQfwda-tp4AaABAg,ed798ffacfada811,강아지에게 생식 안전할까?,제발 헛소리좀 퍼나르지 말자 제발 ㅜㅜ 이런거 사람들은 믿어 버린다고 ㅜㅜ,2026-02-14,생식 소분,생식,,page,storage,2026-09-28T14:50:35
youtube,https://www.youtube.com/watch?v=71k42ci0VW0&lc=Ugx0fzfOwimn45fZA1V4AaABAg,c054163f75954a2c,강아지에게 생식 안전할까?,""" 너도 국거리용 고기 생식할래? 조금 질긴데 괜찮더라고 """,2026-02-14,생식 소분,생식,,page,storage,2026-09-28T14:50:35
youtube,https://www.youtube.com/watch?v=71k42ci0VW0&lc=Ugw--EtgDPLRA1JFBtZ4AaABAg,3b430e0ed89cfc84,강아지에게 생식 안전할까?,진도개 사냥개로 키울때 모유기 지나서 성장기에 생고기 먹이기 시작합니다. 근육이 좋아지고 지능이 확실이 더 좋아져요. 단순 사람과의 교감 지능이 아니고 사냥지능같은 운동성 지능으 높아짐. 근육도 발달하고,2026-02-14,생식 소분,생식,,page,storage,2026-09-28T14:50:35
youtube,https://www.youtube.com/watch?v=71k42ci0VW0&lc=Ugxu4JmUDwrR2Cx5fcJ4AaABAg,a02e2432c73810f1,강아지에게 생식 안전할까?,암 걸린 개도 생식하면 다 나음,2026-02-14,생식 소분,생식,,page,storage,2026-09-28T14:50:35
youtube,https://www.youtube.com/watch?v=71k42ci0VW0&lc=UgxNUHnvPlKMYDvKAEx4AaABAg,9f4cf1d17b52eb89,강아지에게 생식 안전할까?,"우리 강아지 21년 살고 무지개 다리 건넜는데
얘한테 뭐 특별한거 준거는 없고 온리 건사료하고 물 하루 산책 3번씩 총 1시간 30분씩 시켰음 산책은 폭우가 내리나 폭설이 내리나 무조건 했었음 사람이 먹는거 일체 안주고 오직 사료만 먹였음 그리고 최대한 많이 놀아주고 시간 나면 무조건 산책시켰는데 크게 아픈데 없이 21년정도 살고 가더라",2026-02-14,생식 소분,혼합,,page,storage,2026-09-28T14:50:35
youtube,https://www.youtube.com/watch?v=71k42ci0VW0&lc=UgzY5q3Usp1eb199X4R4AaABAg,02c682a62b1ddc47,강아지에게 생식 안전할까?,뭔 개소리여? 당연히 고기를 매일 먹이면 날 것이건 익힌 것이건 간에 컨디션 떡상하제?,2026-02-13,생식 소분,생식,,page,storage,2026-09-28T14:50:35
youtube,https://www.youtube.com/watch?v=71k42ci0VW0&lc=Ugyfy26uN4dknHjRiQx4AaABAg,199d9d0b2d572e34,강아지에게 생식 안전할까?,뭔 그냥 막 아무케나 대본써서 AI로 대충 만들어 올리면 먹고살만하냐?,2026-02-13,생식 소분,생식,,page,storage,2026-09-28T14:50:35
youtube,https://www.youtube.com/watch?v=71k42ci0VW0&lc=Ugx8rs1isqJmSCUymxV4AaABAg,33dfa04c80dca999,강아지에게 생식 안전할까?,들개들 잘들 먹고 사는데 적응력이 좋은건가?,2026-02-13,생식 소분,생식,,page,storage,2026-09-28T14:50:35
youtube,https://www.youtube.com/watch?v=71k42ci0VW0&lc=Ugyqhoch1mzuT1gcbyF4AaABAg,a851347b38e71baf,강아지에게 생식 안전할까?,그냥 자연에서 키워,2026-02-13,생식 소분,생식,,page,storage,2026-09-28T14:50:35
youtube,https://www.youtube.com/watch?v=71k42ci0VW0&lc=UgyOyScF7BeLxufYmSN4AaABAg,8b44906bfb836c69,강아지에게 생식 안전할까?,기생충 관리만 잘하면됨 생고기 먹으면 야채는 지가 알아서 먹음,2026-02-12,생식 소분,생식,,page,storage,2026-09-28T14:50:35
youtube,https://www.youtube.com/watch?v=71k42ci0VW0&lc=UgwUsVx2JCrzjy1SAM94AaABAg,6a0d532819cf030f,강아지에게 생식 안전할까?,사료가 나온이유가있지,2026-02-11,생식 소분,생식,,page,storage,2026-09-28T14:50:35
youtube,https://www.youtube.com/watch?v=71k42ci0VW0&lc=UgwVTFG69VpMpTCnC6l4AaABAg,0e758265874e2fcf,강아지에게 생식 안전할까?,생식절대 시키면 안됨 비용문제를 떠나서 건강에 안좋음 육식동물이 살코기만 먹는게 아님,2026-02-11,생식 소분,생식,,page,storage,2026-09-28T14:50:35
youtube,https://www.youtube.com/watch?v=71k42ci0VW0&lc=UgwPAjHx7SO3RN14aC54AaABAg,59be20c2adc2a375,강아지에게 생식 안전할까?,"수육은 주면 안되나요,",2026-02-11,생식 소분,생식,,page,storage,2026-09-28T14:50:35
youtube,https://www.youtube.com/watch?v=71k42ci0VW0&lc=UgxSxmhDj0kCG8j1f2N4AaABAg,e94385ceec86cdb5,강아지에게 생식 안전할까?,생고기 먹이면 사람도 물어버림,2026-02-11,생식 소분,생식,,page,storage,2026-09-28T14:50:35
youtube,https://www.youtube.com/watch?v=71k42ci0VW0&lc=Ugz1lVrIy5gMqkKOGRt4AaABAg,42033bf5c78ca6d2,강아지에게 생식 안전할까?,생고기 나나 줘. 개보다 사람이 먼저다,2026-02-11,생식 소분,생식,,page,storage,2026-09-28T14:50:35
youtube,https://www.youtube.com/watch?v=71k42ci0VW0&lc=UgwkAmca6PVALwpUODR4AaABAg,c6acf883d8504eee,강아지에게 생식 안전할까?,"흠 사람도 그래 육회 삼일만 먹어봐라 
그리고 개는 사람과 음식을 같이 먹기 시작한게 몇만년이라 늑대는 소화 못하는 탄수화물도 소화함 그러니 생가기를 줄 이유가 없다",2026-02-11,생식 소분,생식,,page,storage,2026-09-28T14:50:35
youtube,https://www.youtube.com/watch?v=71k42ci0VW0&lc=UgwmtbLHvrMMeIkDRSp4AaABAg,092160f63e09b410,강아지에게 생식 안전할까?,Ahh fresh meat,2026-02-11,생식 소분,생식,,page,storage,2026-09-28T14:50:35
youtube,https://www.youtube.com/watch?v=71k42ci0VW0&lc=UgylLPdK2Y2n1I8DXHB4AaABAg,9723539c375d98d0,강아지에게 생식 안전할까?,돈때문에 사료맥이는거 아녀?,2026-02-11,생식 소분,생식,,page,storage,2026-09-28T14:50:35
youtube,https://www.youtube.com/watch?v=71k42ci0VW0&lc=UgwkfdMkPgnEZOAFrI14AaABAg,dac64966086a52e4,강아지에게 생식 안전할까?,더 맛있게 구워주면 되지! ㅋ,2026-02-11,생식 소분,생식,,page,storage,2026-09-28T14:50:35
youtube,https://www.youtube.com/watch?v=71k42ci0VW0&lc=UgxUIIC0v3Ctt0MPthB4AaABAg,997108b93f042a48,강아지에게 생식 안전할까?,췌장염  신장 기능 저하 예약,2026-02-11,생식 소분,생식,,page,storage,2026-09-28T14:50:35
youtube,https://www.youtube.com/watch?v=71k42ci0VW0&lc=Ugx9Klf_YZAdJXrfjE94AaABAg,581a87e2382a327e,강아지에게 생식 안전할까?,개한마리 키우는데 그냥 대충 키우고 니들 저금이나 늘려라~본시 개는 먹다 남는 걸 먹는 존재니라~~,2026-02-10,생식 소분,생식,,page,storage,2026-09-28T14:50:35
youtube,https://www.youtube.com/watch?v=71k42ci0VW0&lc=UgxOyerjOGCwNMPKh_N4AaABAg,8d2493a6e8811458,강아지에게 생식 안전할까?,아,2026-02-10,생식 소분,생식,,page,storage,2026-09-28T14:50:35
youtube,https://www.youtube.com/watch?v=71k42ci0VW0&lc=UgyXCzic-IhMG7OkHqJ4AaABAg,e6bf8b4b8533f6ca,강아지에게 생식 안전할까?,우리 강아지는 생고기 안먹음 꼭 구워줘야함,2026-02-10,생식 소분,생식,,page,storage,2026-09-28T14:50:35
youtube,https://www.youtube.com/watch?v=71k42ci0VW0&lc=UgxxpGfRaxZ2q8pkPnl4AaABAg,46eb5c6d6daca5a1,강아지에게 생식 안전할까?,똑똑한 석학들이 만든 개사료 먹이겠습니다.,2026-02-10,생식 소분,생식,,page,storage,2026-09-28T14:50:35
youtube,https://www.youtube.com/watch?v=71k42ci0VW0&lc=Ugw76w549r0Ximu1sol4AaABAg,6f63365c57f59c66,강아지에게 생식 안전할까?,생고기를 먹어볼까 잠시 고민했던 탈모인,2026-02-10,생식 소분,생식,,page,storage,2026-09-28T14:50:35
youtube,https://www.youtube.com/watch?v=71k42ci0VW0&lc=UgyUANilhlZYQJBRQat4AaABAg,06c92a7989075352,강아지에게 생식 안전할까?,씻기면 돼지 뭐,2026-02-10,생식 소분,생식,,page,storage,2026-09-28T14:50:35
youtube,https://www.youtube.com/watch?v=71k42ci0VW0&lc=Ugx8tp8HKBZ9WIuyuat4AaABAg,e7f04fed530373fe,강아지에게 생식 안전할까?,고양이도!,2026-02-10,생식 소분,생식,,page,storage,2026-09-28T14:50:35
youtube,https://www.youtube.com/watch?v=71k42ci0VW0&lc=UgzCB2LOZwb8RZYUAl14AaABAg,b82d1ae11aca18da,강아지에게 생식 안전할까?,이것도 생각해라... 주인도  생고기다...,2026-02-10,생식 소분,생식,,page,storage,2026-09-28T14:50:35
youtube,https://www.youtube.com/watch?v=71k42ci0VW0&lc=Ugxq_JXG4rWD72sHJ8d4AaABAg,6177b7fc868f3c93,강아지에게 생식 안전할까?,사실 개한테 사료주는것도 동물학대임.인간으로 치면 평생 감자  고구마나 먹으라는 수준임.이렇게 맛대가리 없는걸 집에 가둬키우고 생식능력 삭제시키고 근친번식 시켜서 유전병 가득하게 만들어 놓고서는 자기는 반려동물을 사랑한다는 이율배반적인 소리하는 견주들이 99프로임..,2026-02-10,생식 소분,생식,,page,storage,2026-09-28T14:50:35
youtube,https://www.youtube.com/watch?v=71k42ci0VW0&lc=Ugxlf229DcLxn-9d_594AaABAg,aa74df9f129dd6e7,강아지에게 생식 안전할까?,어미 젓 떼기 전부터 고기 먹인 애들은 크는게 다르던데,2026-02-10,생식 소분,생식,,page,storage,2026-09-28T14:50:35
youtube,https://www.youtube.com/watch?v=71k42ci0VW0&lc=Ugw_wCLQ39hlCBp0hdR4AaABAg,3bc46ea97d5068d3,강아지에게 생식 안전할까?,순살고기는 어떤 고기던 주면 개 건강에 좋지 양념 안된거 가열 해서 주면 되고 진짜 털이 풍성해지고 윤기가 나는데 사료만 주면 털이 푸석해지더라 사료에 고기 비율이 몇프로라고 적혀 있긴한데 그렇게 안들어 있는거 같아 개들이 후각이 엄청 뛰어나서 아니까 사료는 안먹을려고 하지,2026-02-10,생식 소분,생식,,page,storage,2026-09-28T14:50:35
youtube,https://www.youtube.com/watch?v=rqCImYqhkFc&lc=UgwCl1VDXpj3xhXbbVB4AaABAg,924dae6cde4dc981,강아지화식 만들어볼께요 #강아지화식레시피#음수량부족한강아지화식#강아지건강식,사료에 섞어먹어나요 ㆍ,2026-09-05,화식 냉동 보관,화식,,page,storage,2026-09-28T14:50:59
youtube,https://www.youtube.com/watch?v=rqCImYqhkFc&lc=UgzsXy4v1Wo93etlh_94AaABAg,1b1e232689995188,강아지화식 만들어볼께요 #강아지화식레시피#음수량부족한강아지화식#강아지건강식,냉동 하루 두번 렌지 데원 한개씩 사로와먹어나요 우리 강ㆍ 2키로 입니다 알고싶어요 😂,2026-09-05,화식 냉동 보관,화식,,page,storage,2026-09-28T14:50:59
youtube,https://www.youtube.com/watch?v=rqCImYqhkFc&lc=UgyV6aqPxJLElxb5_OF4AaABAg,e4c79c03fbe4aec6,강아지화식 만들어볼께요 #강아지화식레시피#음수량부족한강아지화식#강아지건강식,사료랑 같이 주나요??,2026-09-02,화식 냉동 보관,화식,,page,storage,2026-09-28T14:50:59
youtube,https://www.youtube.com/watch?v=rqCImYqhkFc&lc=Ugzx3u8yW2BvTbAchLJ4AaABAg,3df42497844032fa,강아지화식 만들어볼께요 #강아지화식레시피#음수량부족한강아지화식#강아지건강식,하루급여량을 사료와 함께줄때 어떻게 계산하나요 ?,2026-08-01,화식 냉동 보관,화식,,page,storage,2026-09-28T14:50:59
youtube,https://www.youtube.com/watch?v=rqCImYqhkFc&lc=UgxGsFtMsf_-JziDkvp4AaABAg,711aad1f3d8dd2fa,강아지화식 만들어볼께요 #강아지화식레시피#음수량부족한강아지화식#강아지건강식,냉동상태화식을 데워서주나요?,2026-07-25,화식 냉동 보관,화식,,page,storage,2026-09-28T14:50:59
youtube,https://www.youtube.com/watch?v=rqCImYqhkFc&lc=UgzTfCFeet_Qrmr39Bp4AaABAg,82912c6ff051f805,강아지화식 만들어볼께요 #강아지화식레시피#음수량부족한강아지화식#강아지건강식,쪼사준다는 말이 뭔뜻이죠? 사투린가요?,2026-06-01,화식 냉동 보관,화식,,page,storage,2026-09-28T14:50:59
youtube,https://www.youtube.com/watch?v=rqCImYqhkFc&lc=Ugz-PRVJ8Zy3RvCwWtV4AaABAg,11a214025bd95930,강아지화식 만들어볼께요 #강아지화식레시피#음수량부족한강아지화식#강아지건강식,병아리콩 꼭 넣어야 하나요?,2026-04-26,화식 냉동 보관,화식,,page,storage,2026-09-28T14:50:59
youtube,https://www.youtube.com/watch?v=rqCImYqhkFc&lc=Ugwn2BmcUTHn2bVjnwl4AaABAg,1941b81bb60adca4,강아지화식 만들어볼께요 #강아지화식레시피#음수량부족한강아지화식#강아지건강식,"너무 조금 먹네요 ㅎ 
울 강쥐 치와와5키로인테 100g주다가 90g 주는데 배고파해요",2025-12-29,화식 냉동 보관,화식,,page,storage,2026-09-28T14:50:59
youtube,https://www.youtube.com/watch?v=rqCImYqhkFc&lc=UgxIerDheW0HyN_0ejF4AaABAg,f3cb3dd83d97b6b5,강아지화식 만들어볼께요 #강아지화식레시피#음수량부족한강아지화식#강아지건강식,정확한 레시피 어ㅏ딧어여,2025-11-07,화식 냉동 보관,화식,,page,storage,2026-09-28T14:50:59
youtube,https://www.youtube.com/watch?v=rqCImYqhkFc&lc=Ugz_lsLClGC_IqAK39B4AaABAg,9facb086fb8c4908,강아지화식 만들어볼께요 #강아지화식레시피#음수량부족한강아지화식#강아지건강식,영양사에요. 올리브유나 코코넛오일 조금 추가 넣어서 주면 좋읗것같아요.~,2025-09-30,화식 냉동 보관,화식,,page,storage,2026-09-28T14:50:59
youtube,https://www.youtube.com/watch?v=rqCImYqhkFc&lc=Ugz4M5NFOjalEUM4rGp4AaABAg,54240eb712f54202,강아지화식 만들어볼께요 #강아지화식레시피#음수량부족한강아지화식#강아지건강식,두배해서 가족들 다같이 냠냠🎉🎉🎉,2025-09-28,화식 냉동 보관,화식,,page,storage,2026-09-28T14:50:59
youtube,https://www.youtube.com/watch?v=bdCKVxMj4OM&lc=Ugyz2K-P14iudoUwFNt4AaABAg,7f0735a1c6dfc1e9,강아지 자동급식기 절대로 사지 않는 이유 #dog #shorts,어구 이뽀,2026-06-06,습식 자동급식,미상,,page,auto_feed,2026-09-28T14:51:25
youtube,https://www.youtube.com/watch?v=bdCKVxMj4OM&lc=Ugyv2Kd_7ZJ7mTeSPNF4AaABAg,1b0e36d2f4eaa2a9,강아지 자동급식기 절대로 사지 않는 이유 #dog #shorts,"진짜 울집 댕댕이도 저러면 정말 좋겠어요ㅜㅜ
진짜 입짧은공주ㅡㅡ
펫페어에서 간식파시는분 자존심에 상채기를 냈던 입짧은 대마왕인데
어쩜 율무는 저렇게 잘 먹는지 보기만해도 좋네요^^",2026-02-12,습식 자동급식,미상,,page,auto_feed,2026-09-28T14:51:25
youtube,https://www.youtube.com/watch?v=bdCKVxMj4OM&lc=UgzXN91z-BE-SsY5TZd4AaABAg,0c66cb2e8371e717,강아지 자동급식기 절대로 사지 않는 이유 #dog #shorts,그냥밥을기다린거임,2026-02-11,습식 자동급식,미상,,page,auto_feed,2026-09-28T14:51:25
youtube,https://www.youtube.com/watch?v=bdCKVxMj4OM&lc=UgxXaMmh_443rqR-7f14AaABAg,48802197b3ce8ac5,강아지 자동급식기 절대로 사지 않는 이유 #dog #shorts,율무가 먹는 사료 저도 사고싶은데 품절이라서 없네요 ㅠㅠ 동물병원에도 팔까요??,2026-01-29,습식 자동급식,미상,,page,auto_feed,2026-09-28T14:51:25
youtube,https://www.youtube.com/watch?v=bdCKVxMj4OM&lc=UgwD8iiNcR0voxadOvt4AaABAg,91f3885c9b908c1b,강아지 자동급식기 절대로 사지 않는 이유 #dog #shorts,귀염둥이 이뻐❤,2026-01-03,습식 자동급식,미상,,page,auto_feed,2026-09-28T14:51:25
youtube,https://www.youtube.com/watch?v=bdCKVxMj4OM&lc=UgzqWrlER-waE8k-KGt4AaABAg,9332a807e052d054,강아지 자동급식기 절대로 사지 않는 이유 #dog #shorts,윰무 귀염둥이 ❤😊,2025-12-22,습식 자동급식,미상,,page,auto_feed,2026-09-28T14:51:25
youtube,https://www.youtube.com/watch?v=bdCKVxMj4OM&lc=Ugw-OImGqDbRmLrGj2V4AaABAg,2ef0480d22f52203,강아지 자동급식기 절대로 사지 않는 이유 #dog #shorts,Cutest Yulmoo so well-behaved 🐩💕😊,2025-12-22,습식 자동급식,미상,,page,auto_feed,2026-09-28T14:51:25
youtube,https://www.youtube.com/watch?v=bdCKVxMj4OM&lc=UgyXITcUSLb1pnVtwU54AaABAg,8230c81c9091b804,강아지 자동급식기 절대로 사지 않는 이유 #dog #shorts,사료뭔가요???,2025-12-21,습식 자동급식,미상,,page,auto_feed,2026-09-28T14:51:25
youtube,https://www.youtube.com/watch?v=bdCKVxMj4OM&lc=UgwAvC1S9uANTjEIsg54AaABAg,0e9c2157434885b2,강아지 자동급식기 절대로 사지 않는 이유 #dog #shorts,아유 신나~ㅎㅎㅎ,2025-12-21,습식 자동급식,미상,,page,auto_feed,2026-09-28T14:51:25
youtube,https://www.youtube.com/watch?v=bdCKVxMj4OM&lc=Ugz1Pp43EGfgYfk6YRd4AaABAg,c1ac14473fc45cb0,강아지 자동급식기 절대로 사지 않는 이유 #dog #shorts,밥잘먹는 아들 ㅎㅎ 어찌 안 이쁘겠음 ㅎㅎ 눈에 넣어도 안 아프지,2025-12-21,습식 자동급식,미상,,page,auto_feed,2026-09-28T14:51:25
youtube,https://www.youtube.com/watch?v=bdCKVxMj4OM&lc=Ugx8iSR2PoMV_cpz3pF4AaABAg,7403229020190335,강아지 자동급식기 절대로 사지 않는 이유 #dog #shorts,"아고 이뻐❤
윰무❤ 발소리 넘 귀엽❤",2025-12-20,습식 자동급식,미상,,page,auto_feed,2026-09-28T14:51:25
youtube,https://www.youtube.com/watch?v=bdCKVxMj4OM&lc=UgzPRaqerGZciMRzKPh4AaABAg,fe85ba0e7675cf9b,강아지 자동급식기 절대로 사지 않는 이유 #dog #shorts,저 대 파인형 ㅌ,2025-12-20,습식 자동급식,미상,,page,auto_feed,2026-09-28T14:51:25
youtube,https://www.youtube.com/watch?v=bdCKVxMj4OM&lc=UgwqdaUOofHXi0N1qi54AaABAg,a8349a361467acb0,강아지 자동급식기 절대로 사지 않는 이유 #dog #shorts,밥시간이 좋은 율무찡❤,2025-12-20,습식 자동급식,미상,,page,auto_feed,2026-09-28T14:51:25
youtube,https://www.youtube.com/watch?v=bdCKVxMj4OM&lc=Ugxu2f6cmdxKA3lw2Gl4AaABAg,1e4545dc9cccbe66,강아지 자동급식기 절대로 사지 않는 이유 #dog #shorts,율무야ㅠㅠ 밥시간이라 신나는건 알겠는데 어지러울텐데 다치지않게 조심하자.. 사랑해 윰무❤️❤️,2025-12-20,습식 자동급식,미상,,page,auto_feed,2026-09-28T14:51:25
youtube,https://www.youtube.com/watch?v=bdCKVxMj4OM&lc=Ugz-mQB5t3qfb2lx0JJ4AaABAg,c1311af89f9636bf,강아지 자동급식기 절대로 사지 않는 이유 #dog #shorts,"우와 이 말티즈는 다리가 엄청 긴거같아요 짱귀엽다,,,",2025-12-20,습식 자동급식,미상,,page,auto_feed,2026-09-28T14:51:25
youtube,https://www.youtube.com/watch?v=bdCKVxMj4OM&lc=UgwsKrMlmrQZnDJcjQV4AaABAg,6170d2e89455e439,강아지 자동급식기 절대로 사지 않는 이유 #dog #shorts,강아지가 아니라 토끼네ㅋㅋㅋㅋㅋ,2025-12-20,습식 자동급식,미상,,page,auto_feed,2026-09-28T14:51:25
youtube,https://www.youtube.com/watch?v=bdCKVxMj4OM&lc=UgyP9pmWLPtruYvflsZ4AaABAg,d18f888dddaf29d6,강아지 자동급식기 절대로 사지 않는 이유 #dog #shorts,어머낫~ 김연아인줄...호호호 😮⛸️ 율무가 이런 재주가 있었구나~ 믓찌네👍🏼 기염댕이 왕쟈님 마싯게 머겅~😋💗🐾🫰😘,2025-12-20,습식 자동급식,미상,,page,auto_feed,2026-09-28T14:51:25
youtube,https://www.youtube.com/watch?v=bdCKVxMj4OM&lc=UgzVPKDwnIM6fZA984N4AaABAg,8e8b56127f449caf,강아지 자동급식기 절대로 사지 않는 이유 #dog #shorts,말티들모여 사진찍는데    이쁜 율무가 없어 서운했엉. ❤❤    쵝오이쁜. 율무. 사랑시럽다잉❤,2025-12-20,습식 자동급식,미상,,page,auto_feed,2026-09-28T14:51:25
youtube,https://www.youtube.com/watch?v=bdCKVxMj4OM&lc=Ugzf0tYTlDCo_gwsys14AaABAg,d568fe133b6a0b12,강아지 자동급식기 절대로 사지 않는 이유 #dog #shorts,ㅋㅋㅋㅋ발 동동 율무 귀여워❤ 밥 빨리 먹고싶은 윰무🥹,2025-12-20,습식 자동급식,미상,,page,auto_feed,2026-09-28T14:51:25
youtube,https://www.youtube.com/watch?v=bdCKVxMj4OM&lc=UgxZ47gN8IPpQbLD_fB4AaABAg,06c7120071fbfd55,강아지 자동급식기 절대로 사지 않는 이유 #dog #shorts,"어디 삐약이소리내는 토끼보신분😂
우리율무 아고고 이뻐라❤❤❤",2025-12-20,습식 자동급식,미상,,page,auto_feed,2026-09-28T14:51:25
youtube,https://www.youtube.com/watch?v=bdCKVxMj4OM&lc=UgwdONkesHpePLDwsbN4AaABAg,a9d270f24237be6d,강아지 자동급식기 절대로 사지 않는 이유 #dog #shorts,귀여운 꾹꾹이 율무❤❤❤,2025-12-20,습식 자동급식,미상,,page,auto_feed,2026-09-28T14:51:25
youtube,https://www.youtube.com/watch?v=bdCKVxMj4OM&lc=UgwQM2ICbGMIMqgVj_B4AaABAg,dde163577a0c8c5d,강아지 자동급식기 절대로 사지 않는 이유 #dog #shorts,율무 너무 기엽자나..!!!🥹🫶,2025-12-20,습식 자동급식,미상,,page,auto_feed,2026-09-28T14:51:25
youtube,https://www.youtube.com/watch?v=bdCKVxMj4OM&lc=UgzVddtwEjtrqlimJTN4AaABAg,ed7848a3f20fbbec,강아지 자동급식기 절대로 사지 않는 이유 #dog #shorts,율무 밥 마니 주세요!!!🍚🍚,2025-12-20,습식 자동급식,미상,,page,auto_feed,2026-09-28T14:51:25
youtube,https://www.youtube.com/watch?v=bdCKVxMj4OM&lc=Ugz4LHqMhdUiTi_jMZN4AaABAg,941375da63a42ade,강아지 자동급식기 절대로 사지 않는 이유 #dog #shorts,이 짧고 단순한  행복은 보호자의 것임 어딜 기계 따위가,2025-12-20,습식 자동급식,미상,,page,auto_feed,2026-09-28T14:51:25
youtube,https://www.youtube.com/watch?v=bdCKVxMj4OM&lc=Ugz7lqUGETDG9KSub2Z4AaABAg,e24d87404f9d389e,강아지 자동급식기 절대로 사지 않는 이유 #dog #shorts,❤❤❤❤❤❤❤❤❤❤❤❤❤❤❤❤❤❤❤❤❤울무 맘마시간~~❤❤❤❤❤❤❤❤❤❤❤❤❤❤❤❤❤❤❤❤❤❤❤❤❤❤❤❤❤❤❤❤❤❤❤❤❤❤❤❤❤❤❤,2025-12-20,습식 자동급식,미상,,page,auto_feed,2026-09-28T14:51:25
youtube,https://www.youtube.com/watch?v=bdCKVxMj4OM&lc=Ugy7p3JZr1XJIUDQmOl4AaABAg,1bada85096bb6503,강아지 자동급식기 절대로 사지 않는 이유 #dog #shorts,폴짝폴짝 토끼 율무!,2025-12-20,습식 자동급식,미상,,page,auto_feed,2026-09-28T14:51:25
youtube,https://www.youtube.com/watch?v=d8lu1YmAFHI&lc=Ugwivweek7_DhtPNliB4AaABAg,00904fabf1d8fa41,강아지 밥 하루 몇번?,다 봐 본 결과 밥 졸라 안먹어도 자율배식하는 애들이 건강은 제일 건강했음 ㅋㅋㅋ .. 걔네들은 밥 안먹고 간식 좋아하는데  건강 챙기는 애들보다 ㅈㄴ 건강함,2026-05-15,출근 강아지 밥,미상,,page,auto_feed,2026-09-28T14:51:30
youtube,https://www.youtube.com/watch?v=d8lu1YmAFHI&lc=UgyV0G9jLhXkAY3G6e54AaABAg,c23f9558deea5758,강아지 밥 하루 몇번?,6개월 미만 강아지는 하루분량을 3번에 나누어 주는게 좋데요,2026-04-26,출근 강아지 밥,미상,,page,auto_feed,2026-09-28T14:51:30
youtube,https://www.youtube.com/watch?v=d8lu1YmAFHI&lc=UgygqQ-GOdPlzvZZEip4AaABAg,47f69e9e84381797,강아지 밥 하루 몇번?,두번이 적당함,2026-04-26,출근 강아지 밥,미상,,page,auto_feed,2026-09-28T14:51:30
youtube,https://www.youtube.com/watch?v=d8lu1YmAFHI&lc=UgyzYOwglNNwx4I5KfJ4AaABAg,6601d4a533271d36,강아지 밥 하루 몇번?,"두번 줘도 진도는 한 번만 먹더라
개별차가 있겠지만",2026-04-22,출근 강아지 밥,미상,,page,auto_feed,2026-09-28T14:51:30
youtube,https://www.youtube.com/watch?v=d8lu1YmAFHI&lc=UgyrAyK2LTlIMCs-iaR4AaABAg,295572d7253b6c94,강아지 밥 하루 몇번?,한번 먹이면 저혈압 옵니다,2026-04-02,출근 강아지 밥,미상,,page,auto_feed,2026-09-28T14:51:30
youtube,https://www.youtube.com/watch?v=d8lu1YmAFHI&lc=UgwXBZ3CjTFFrM5R7Tx4AaABAg,87d52fe7b31c0684,강아지 밥 하루 몇번?,한번은  너무배고파  똥먹어요  사료 채워놓으니  자기가  먹고싶을때먹고 조절하면서 먹더라구요,2026-02-02,출근 강아지 밥,미상,,page,auto_feed,2026-09-28T14:51:30
youtube,https://www.youtube.com/watch?v=d8lu1YmAFHI&lc=UgwGGYOZDFBfGyCgpRV4AaABAg,e0b3472bd4300519,강아지 밥 하루 몇번?,울 강아지도 1끼 먹으면 좀 무난하고 2끼이상 먹으면 살찌더라~,2026-01-21,출근 강아지 밥,미상,,page,auto_feed,2026-09-28T14:51:30
youtube,https://www.youtube.com/watch?v=d8lu1YmAFHI&lc=UgxWIULf9YNIo2r_GA94AaABAg,4b434bdea606a256,강아지 밥 하루 몇번?,공복이 길어지면 노란 토를 합니다,2026-01-11,출근 강아지 밥,미상,,page,auto_feed,2026-09-28T14:51:30
youtube,https://www.youtube.com/watch?v=d8lu1YmAFHI&lc=Ugw2qGiik2dMo3uJJSB4AaABAg,1b82422c41abe558,강아지 밥 하루 몇번?,"지금 1년넘게 2년가까이 최대한
 1일1식으로 먹이고있어요~ 간식같은거줄땐
어차피 인슐린 나와있을때 몰아서먹이는게 좋을거같아서 주식밥먹고 바로급여~ 이렇게했는데
예전엔 우리강아지 
종합병원이었는데 지금은 병원안간지 오래됐어요~",2025-12-08,출근 강아지 밥,미상,,page,auto_feed,2026-09-28T14:51:30
youtube,https://www.youtube.com/watch?v=d8lu1YmAFHI&lc=UgwlodLZA7E0jpEPf9t4AaABAg,b683e4a788441c01,강아지 밥 하루 몇번?,출근 할때는 한번만주는데 세끼양을 줍니다.,2025-11-08,출근 강아지 밥,미상,,page,auto_feed,2026-09-28T14:51:30
youtube,https://www.youtube.com/watch?v=d8lu1YmAFHI&lc=UgwRPMJx5LJQp_4ld0l4AaABAg,42ea23818c8c8081,강아지 밥 하루 몇번?,본인도 하루 한 번만 드시나요,2025-10-10,출근 강아지 밥,미상,,page,auto_feed,2026-09-28T14:51:30
youtube,https://www.youtube.com/watch?v=d8lu1YmAFHI&lc=UgwvhccsILh5CVU_8OV4AaABAg,2ec76442800496b0,강아지 밥 하루 몇번?,개도 오토파지 적용되나,2025-10-10,출근 강아지 밥,미상,,page,auto_feed,2026-09-28T14:51:30
youtube,https://www.youtube.com/watch?v=m97wBe7M_OM&lc=UgwT7dT7MjppIRZzbt54AaABAg,4991dd4b74ba9574,강아지데리고 출근! (가능한회사),와.. 회사 동료들 출근할맛 나겠다…,2026-09-25,출근 강아지 밥,미상,,page,auto_feed,2026-09-28T14:51:30
youtube,https://www.youtube.com/watch?v=m97wBe7M_OM&lc=Ugwnaam8ZqdwEmUxsPZ4AaABAg,47b401017d912764,강아지데리고 출근! (가능한회사),ㄷ ㅐ기♡,2026-09-19,출근 강아지 밥,미상,,page,auto_feed,2026-09-28T14:51:30
youtube,https://www.youtube.com/watch?v=m97wBe7M_OM&lc=Ugw_ZaUXhU6MjaxIQh94AaABAg,b823c0939965a1f9,강아지데리고 출근! (가능한회사),떨림없는 치와와라니 귀하군요,2026-09-18,출근 강아지 밥,미상,,page,auto_feed,2026-09-28T14:51:30
youtube,https://www.youtube.com/watch?v=m97wBe7M_OM&lc=UgykYm_b-InG3dxJUKt4AaABAg,37190c6d0702de2b,강아지데리고 출근! (가능한회사),고놈 참귀엽네ㅋㅋㅋ오래오래 건강하게 살아,2026-09-13,출근 강아지 밥,미상,,page,auto_feed,2026-09-28T14:51:30
youtube,https://www.youtube.com/watch?v=m97wBe7M_OM&lc=UgwFCEdI2AJYdlGOMit4AaABAg,b2b8790cf515b9c0,강아지데리고 출근! (가능한회사),그 눈빛뭐야 ㅋㅋ,2026-09-11,출근 강아지 밥,미상,,page,auto_feed,2026-09-28T14:51:30
youtube,https://www.youtube.com/watch?v=m97wBe7M_OM&lc=Ugwb91piclzewcgVv3F4AaABAg,3c38357154e8ecca,강아지데리고 출근! (가능한회사),송가인주니어 트로트데뷔하자,2026-09-11,출근 강아지 밥,미상,,page,auto_feed,2026-09-28T14:51:30
youtube,https://www.youtube.com/watch?v=m97wBe7M_OM&lc=UgySLDuDVfRpfCLSTj54AaABAg,7c240879341ea67f,강아지데리고 출근! (가능한회사),"클났다
요 아가를 어떻게
떼어놓구 와
내맘이 일케 아린데",2026-09-10,출근 강아지 밥,미상,,page,auto_feed,2026-09-28T14:51:30
youtube,https://www.youtube.com/watch?v=m97wBe7M_OM&lc=Ugyenvvqedf469PKBn94AaABAg,f53e130be5b15e5f,강아지데리고 출근! (가능한회사),그렇게 명예 대리직을 받게되는 대대리,2026-09-08,출근 강아지 밥,미상,,page,auto_feed,2026-09-28T14:51:30
youtube,https://www.youtube.com/watch?v=m97wBe7M_OM&lc=UgzKJWTFs6pq1KZ8G4h4AaABAg,6e8bf6065bfb1186,강아지데리고 출근! (가능한회사),치와,2026-09-07,출근 강아지 밥,미상,,page,auto_feed,2026-09-28T14:51:30
youtube,https://www.youtube.com/watch?v=m97wBe7M_OM&lc=UgxPy4tlaoUUYQSQu194AaABAg,3558296504af112c,강아지데리고 출근! (가능한회사),ㅠㅠㅠㅜㅜㅜㅠㅠㅠㅠㅠㅠㅠㅠㅠㅠㅠㅠ,2026-09-04,출근 강아지 밥,미상,,page,auto_feed,2026-09-28T14:51:30
youtube,https://www.youtube.com/watch?v=m97wBe7M_OM&lc=UgxvBaz6bfhGbdeEual4AaABAg,ff6b9cfc9b9ca38f,강아지데리고 출근! (가능한회사),대기 귀여워 ㅋㅋㅋ,2026-09-03,출근 강아지 밥,미상,,page,auto_feed,2026-09-28T14:51:30
youtube,https://www.youtube.com/watch?v=m97wBe7M_OM&lc=Ugwc8KN7B3Ftk3SlrpV4AaABAg,fb8221ddaf8038b6,강아지데리고 출근! (가능한회사),둔둔강쥐ㅜㅜㅜ아구 기여워,2026-09-03,출근 강아지 밥,미상,,page,auto_feed,2026-09-28T14:51:30
youtube,https://www.youtube.com/watch?v=m97wBe7M_OM&lc=UgzzjclG7RKEI6TW5qN4AaABAg,fd26c014fbf66579,강아지데리고 출근! (가능한회사),아 ㅠㅠㅠ 나도 갈래요 매끈한대기 ㅜㅠㅜ,2026-09-01,출근 강아지 밥,미상,,page,auto_feed,2026-09-28T14:51:30
youtube,https://www.youtube.com/watch?v=m97wBe7M_OM&lc=UgxpBymJWDUo6pG8IJp4AaABAg,f5435c800a44ab7e,강아지데리고 출근! (가능한회사),기엽다 ㅠ,2026-08-28,출근 강아지 밥,미상,,page,auto_feed,2026-09-28T14:51:30
youtube,https://www.youtube.com/watch?v=m97wBe7M_OM&lc=UgxM1BgAQEO3xgtrNEp4AaABAg,aaec82d1ee3c9bca,강아지데리고 출근! (가능한회사),ㅋ너무해 너무 귀여워~~,2026-08-25,출근 강아지 밥,미상,,page,auto_feed,2026-09-28T14:51:30
youtube,https://www.youtube.com/watch?v=m97wBe7M_OM&lc=Ugyg-alC96ekbivw5MV4AaABAg,371d0fab585aa035,강아지데리고 출근! (가능한회사),길막 대기는 최강,2026-08-20,출근 강아지 밥,미상,,page,auto_feed,2026-09-28T14:51:30
youtube,https://www.youtube.com/watch?v=m97wBe7M_OM&lc=Ugxu8L-9IIyTg91Qj-t4AaABAg,f68d49e279c1f184,강아지데리고 출근! (가능한회사),인생이 힘들때마다 다시 보면서 핥는중 행복하다 너보면서,2026-08-17,출근 강아지 밥,미상,,page,auto_feed,2026-09-28T14:51:30
youtube,https://www.youtube.com/watch?v=m97wBe7M_OM&lc=Ugzi-0mNRLLEPZVbllF4AaABAg,cfc3b63ba2199b6c,강아지데리고 출근! (가능한회사),맹수의 눈빛ㅋㅋㅋㅋㅋㅋㅋㅌㅌㅌㅌ,2026-08-17,출근 강아지 밥,미상,,page,auto_feed,2026-09-28T14:51:30
youtube,https://www.youtube.com/watch?v=m97wBe7M_OM&lc=UgwuaAD5vbELrRYDprR4AaABAg,1373f9762655b6be,강아지데리고 출근! (가능한회사),이거 포켓몬스터 브금인데 맞져? 알려주실분,2026-08-16,출근 강아지 밥,미상,,page,auto_feed,2026-09-28T14:51:30
youtube,https://www.youtube.com/watch?v=m97wBe7M_OM&lc=UgxiHq4ef6THK0iq-6F4AaABAg,3fc92e58d3718875,강아지데리고 출근! (가능한회사),와 역시 너무 순하다~ 원수에게 추천하고 싶은견종이란 편견을 가진 저를 반성합니다. 내가 본 치와와 중 젤 착한듯,2026-08-12,출근 강아지 밥,미상,,page,auto_feed,2026-09-28T14:51:30
youtube,https://www.youtube.com/watch?v=m97wBe7M_OM&lc=UgymZDupiMMejIrofKt4AaABAg,81d54979254f347e,강아지데리고 출근! (가능한회사),ㅋㅋㅋㅋㅋㅋㅋㅋ 알감자 ㅠ,2026-08-12,출근 강아지 밥,미상,,page,auto_feed,2026-09-28T14:51:30
youtube,https://www.youtube.com/watch?v=m97wBe7M_OM&lc=UgzWdfrZjJXSlmmPNyF4AaABAg,13d572048d0228ac,강아지데리고 출근! (가능한회사),우리와와도 저리 타인 타견에 순한맛이면 데리고다니고싶다...사람많은곳...😢,2026-08-11,출근 강아지 밥,미상,,page,auto_feed,2026-09-28T14:51:30
youtube,https://www.youtube.com/watch?v=m97wBe7M_OM&lc=UgzEh284xNEnlq43Gw94AaABAg,84739f4b3c49904d,강아지데리고 출근! (가능한회사),너어무 귀여운 친구네요~~^^❤❤❤,2026-07-30,출근 강아지 밥,미상,,page,auto_feed,2026-09-28T14:51:30
youtube,https://www.youtube.com/watch?v=m97wBe7M_OM&lc=UgxPCwK9Z68TybTC0ct4AaABAg,66c6fe6c91cf9f6b,강아지데리고 출근! (가능한회사),아니ㅋㅋ 개이름이 막대기라니ㅋㅋㅋㅋ,2026-03-24,출근 강아지 밥,미상,,page,auto_feed,2026-09-28T14:51:30
youtube,https://www.youtube.com/watch?v=m97wBe7M_OM&lc=UgwXqak82FNepJF_NhV4AaABAg,c28bb5017b2a6810,강아지데리고 출근! (가능한회사),햄스터 데리고 출근해도되나요,2026-03-16,출근 강아지 밥,미상,,page,auto_feed,2026-09-28T14:51:30
youtube,https://www.youtube.com/watch?v=m97wBe7M_OM&lc=UgxFz44ZsJhqNiaOcp94AaABAg,27cbd0f5c6c74638,강아지데리고 출근! (가능한회사),❤,2026-03-10,출근 강아지 밥,미상,,page,auto_feed,2026-09-28T14:51:30
youtube,https://www.youtube.com/watch?v=m97wBe7M_OM&lc=UgxqThILFcOMW5xPVJh4AaABAg,7bdfeebd3127312e,강아지데리고 출근! (가능한회사),ㅋㅋㅋㅋㅋㅋㅋㅋ,2026-02-15,출근 강아지 밥,미상,,page,auto_feed,2026-09-28T14:51:30
youtube,https://www.youtube.com/watch?v=m97wBe7M_OM&lc=Ugywcr71SoqgdkoCsRB4AaABAg,6da6a6badc8f5fb3,강아지데리고 출근! (가능한회사),진짜 너무귀엽다,2026-01-26,출근 강아지 밥,미상,,page,auto_feed,2026-09-28T14:51:30
youtube,https://www.youtube.com/watch?v=m97wBe7M_OM&lc=UgzqRAdtfAgjzHTmbm94AaABAg,c6450b8cf127147d,강아지데리고 출근! (가능한회사),대기 치명적인매력이있음 ㅎㅎ 보면 웃음나는 마력있음 초동안❤,2026-01-07,출근 강아지 밥,미상,,page,auto_feed,2026-09-28T14:51:30
youtube,https://www.youtube.com/watch?v=m97wBe7M_OM&lc=UgyY3JKVnQYGA6SCCj94AaABAg,4de966970e232207,강아지데리고 출근! (가능한회사),분노수치가 없는게 치와와가 아닌것같아,2025-12-23,출근 강아지 밥,미상,,page,auto_feed,2026-09-28T14:51:30
youtube,https://www.youtube.com/watch?v=m97wBe7M_OM&lc=UgybbICjqkLX4WFb7S54AaABAg,aad2ff629944527c,강아지데리고 출근! (가능한회사),ㅋㅋㅋㅋㅋㅋㅋㅋㅋㅋㅋㅋㅋㅋㅋㅋㅋㅋㅋㅋㅋㅋㅋㅋㅋㅋㅋㅋㅋㅋㅋㅋㅋㅋㅋㅋㅋㅋㅋㅋㅋㅋㅋㅋㅋㅋㅋㅋㅋㅋㅋㅋㅋ 귀여워죽어 ㅜㅜ,2025-12-21,출근 강아지 밥,미상,,page,auto_feed,2026-09-28T14:51:30
youtube,https://www.youtube.com/watch?v=kvlwmhfis-U&lc=Ugx-MzUpkbh54yeL1bV4AaABAg,bc53850ba2eeadf9,더빙 ver l 산 보다 바다를 더 좋아하더니.. 식성까지 수속성 보더콜리 집 밥 차려주기,비트 진짜 노맛….,2026-04-29,여행 강아지 밥 챙기기,미상,,page,auto_feed,2026-09-28T14:51:40
youtube,https://www.youtube.com/watch?v=kvlwmhfis-U&lc=UgyQO8cWoBoCx2mQXs54AaABAg,9325d59f6855d01c,더빙 ver l 산 보다 바다를 더 좋아하더니.. 식성까지 수속성 보더콜리 집 밥 차려주기,"6:13 탁탁 소리 하필 나는쪽이 거실쪽이라 집에서나는줄알앗어요ㅋㅋㅋㅋㅋ 바꿔눕고 5번보고알음..
애들 먹방 마이크소리 좌우구분 돼서너무좋아요ㅠㅠ",2026-04-28,여행 강아지 밥 챙기기,미상,,page,auto_feed,2026-09-28T14:51:40
youtube,https://www.youtube.com/watch?v=kvlwmhfis-U&lc=UgxZzqPxzJz9ieHo08h4AaABAg,47ba2afd3635f8b3,더빙 ver l 산 보다 바다를 더 좋아하더니.. 식성까지 수속성 보더콜리 집 밥 차려주기,부럽네요😂저희할배는 편식과 까다로워서 먹이기힘든데 😅,2026-03-22,여행 강아지 밥 챙기기,미상,,page,auto_feed,2026-09-28T14:51:40
youtube,https://www.youtube.com/watch?v=kvlwmhfis-U&lc=UgzgPolfqSk0y8utHa94AaABAg,9af62e2260335740,더빙 ver l 산 보다 바다를 더 좋아하더니.. 식성까지 수속성 보더콜리 집 밥 차려주기,비트는 맛있는 맛임니다~~🤤,2026-03-01,여행 강아지 밥 챙기기,미상,,page,auto_feed,2026-09-28T14:51:40
youtube,https://www.youtube.com/watch?v=kvlwmhfis-U&lc=UgxlO_G7AIhycuw6QO94AaABAg,fe991eb2b435c2c9,더빙 ver l 산 보다 바다를 더 좋아하더니.. 식성까지 수속성 보더콜리 집 밥 차려주기,맛있게 먹는거보면 더 주고싶은데 딱 적정량만 주시는거 진짜 대단하신것같아요. 장수의 비결인가요?ㅎㅎ,2026-02-26,여행 강아지 밥 챙기기,미상,,page,auto_feed,2026-09-28T14:51:40
youtube,https://www.youtube.com/watch?v=kvlwmhfis-U&lc=Ugwr78AO8sAKr2uPJNR4AaABAg,c058cdefe28c5d5c,더빙 ver l 산 보다 바다를 더 좋아하더니.. 식성까지 수속성 보더콜리 집 밥 차려주기,뭐에요 갑자기 뜬 이 귀여운 영상은..❤ 견주님 목소리도 귀여우시다,2026-02-25,여행 강아지 밥 챙기기,미상,,page,auto_feed,2026-09-28T14:51:40
youtube,https://www.youtube.com/watch?v=kvlwmhfis-U&lc=Ugympb5hY2S15WvauBF4AaABAg,3a7a55290e14726e,더빙 ver l 산 보다 바다를 더 좋아하더니.. 식성까지 수속성 보더콜리 집 밥 차려주기,"저는 생선쪽이 넘 좋아요!!!! 그래서 영상에 나왔던 연어 구이, 연어 꼬리, 정어리, 가자미 죽, 적어 등등 나오면 나중에 볼 영상에 넣어두고 다시 봐요ㅎ 좋아하는 영상들 다시 찾아봐야하니까!!!! 해산물 쪽 느낌쓰 넘 좋았어용",2026-02-22,여행 강아지 밥 챙기기,미상,,page,auto_feed,2026-09-28T14:51:40
youtube,https://www.youtube.com/watch?v=kvlwmhfis-U&lc=UgzQ-RdKD_mN-AT0x0F4AaABAg,7fd6e8b12b22ada2,더빙 ver l 산 보다 바다를 더 좋아하더니.. 식성까지 수속성 보더콜리 집 밥 차려주기,루카: 적어가 너무 '적어',2026-01-20,여행 강아지 밥 챙기기,미상,,page,auto_feed,2026-09-28T14:51:40
youtube,https://www.youtube.com/watch?v=kvlwmhfis-U&lc=Ugzi3u3VAPJD3oK6ZFN4AaABAg,cda46d9dd902c600,더빙 ver l 산 보다 바다를 더 좋아하더니.. 식성까지 수속성 보더콜리 집 밥 차려주기,강쥐가 좋은 주인 만났네용❤❤,2025-12-05,여행 강아지 밥 챙기기,미상,,page,auto_feed,2026-09-28T14:51:40
youtube,https://www.youtube.com/watch?v=kvlwmhfis-U&lc=UgwPJz4MROhsNdRcZqJ4AaABAg,5f16abf11639d718,더빙 ver l 산 보다 바다를 더 좋아하더니.. 식성까지 수속성 보더콜리 집 밥 차려주기,주인장님.. 롱폼 더 주세요!!!!!,2025-12-03,여행 강아지 밥 챙기기,미상,,page,auto_feed,2026-09-28T14:51:40
youtube,https://www.youtube.com/watch?v=kvlwmhfis-U&lc=UgxHYlkhmGw56KelnwZ4AaABAg,61bae2047d9fa348,더빙 ver l 산 보다 바다를 더 좋아하더니.. 식성까지 수속성 보더콜리 집 밥 차려주기,"안녕하세요.심곡초4학년학생입니다.달루카밥상 너무너무 잘 보고 있어요.집에서는 엄마가 댓글을 달지말라 그래서 못 달아썼는 데
학교에서 선플 달기 캐페인을 해 이렇게 달아봐요. 다시 한번 달루카밥상 너무너무 잘 보고 있고 그리고 달이랑 루카 너무 귀여워요.
그럼 오늘도 내일도 행복한고 귀여운 하루 되시길>-<",2025-11-28,여행 강아지 밥 챙기기,미상,,page,auto_feed,2026-09-28T14:51:40
youtube,https://www.youtube.com/watch?v=kvlwmhfis-U&lc=Ugx_PEn0MyO-mbtOfjZ4AaABAg,4b2c9e692dc8fde1,더빙 ver l 산 보다 바다를 더 좋아하더니.. 식성까지 수속성 보더콜리 집 밥 차려주기,이 영상이 너무 좋아서 벌써 여러번 보고 있네요ㅎㅎ항상 루카와달이에게 맛있는 밥 해주시고 영상 올려주셔서 감사합니다 오늘하루도 잘 보내세요,2025-10-20,여행 강아지 밥 챙기기,미상,,page,auto_feed,2026-09-28T14:51:40
youtube,https://www.youtube.com/watch?v=kvlwmhfis-U&lc=Ugwwsac_qzuirLG9DOh4AaABAg,9219a1837bd67957,더빙 ver l 산 보다 바다를 더 좋아하더니.. 식성까지 수속성 보더콜리 집 밥 차려주기,"비트 우엉차 맛입니다
흙맛",2025-10-08,여행 강아지 밥 챙기기,미상,,page,auto_feed,2026-09-28T14:51:40
youtube,https://www.youtube.com/watch?v=kvlwmhfis-U&lc=UgwWfGbAv_OL9Ax-ykN4AaABAg,e6e72bb04d8122ff,더빙 ver l 산 보다 바다를 더 좋아하더니.. 식성까지 수속성 보더콜리 집 밥 차려주기,😢😢😢😢,2025-10-07,여행 강아지 밥 챙기기,미상,,page,auto_feed,2026-09-28T14:51:40
youtube,https://www.youtube.com/watch?v=kvlwmhfis-U&lc=Ugy_WytXboVhzNJXcx94AaABAg,e58f09da31c3f988,더빙 ver l 산 보다 바다를 더 좋아하더니.. 식성까지 수속성 보더콜리 집 밥 차려주기,와 나보다 푸짐하게먹네,2025-10-03,여행 강아지 밥 챙기기,미상,,page,auto_feed,2026-09-28T14:51:40
youtube,https://www.youtube.com/watch?v=tuxUT2UqAXQ&lc=UgwCVtmB1Jfoq-9rJR54AaABAg,073af4832c784af8,기미상궁 강아지,못 먹는 사람도 많은데 무슨 개한테 저렇게 주노,2026-06-29,여행 강아지 밥 챙기기,미상,,page,auto_feed,2026-09-28T14:51:40
youtube,https://www.youtube.com/watch?v=tuxUT2UqAXQ&lc=UgyCBWWgS_k6zF2Kac54AaABAg,7500821ba38a008f,기미상궁 강아지,오골계가 닭발보단 나무?비슷하게 생겨서 거부감이 없는거같네요,2026-04-24,여행 강아지 밥 챙기기,미상,,page,auto_feed,2026-09-28T14:51:40
youtube,https://www.youtube.com/watch?v=tuxUT2UqAXQ&lc=Ugzjw8ycxaL2-oNo6Y54AaABAg,d1d4800b512b923a,기미상궁 강아지,루카 어떻게 책상에 올라간건가요??루카 의자 있는건가요?,2026-04-21,여행 강아지 밥 챙기기,미상,,page,auto_feed,2026-09-28T14:51:40
youtube,https://www.youtube.com/watch?v=tuxUT2UqAXQ&lc=UgzWgYjrcHJW0FqqHCZ4AaABAg,a0924239f5ee8f35,기미상궁 강아지,닭발 먹는 소리 넘 좋아요❤❤,2026-03-27,여행 강아지 밥 챙기기,미상,,page,auto_feed,2026-09-28T14:51:40
youtube,https://www.youtube.com/watch?v=tuxUT2UqAXQ&lc=UgwCCjL9u1c2FbFbSaF4AaABAg,7448e3b80566d7c5,기미상궁 강아지,아니 강아지들 밥먹는 영상에서 밥을 제일 잘먹으는거 같아요!ㅋㅋ 너무 기엽잖아 강아지 밥차리거 재밌어보여욬ㅋ루카 달이 올해 건강했으면 좋겠어요ㅎ 영상 올려주셔서 감사합니다.올해도 건강하세요ㅎ!,2026-03-18,여행 강아지 밥 챙기기,미상,,page,auto_feed,2026-09-28T14:51:40
youtube,https://www.youtube.com/watch?v=tuxUT2UqAXQ&lc=UgzQxnCynkCzFJvPAl94AaABAg,921e207eb16bbc46,기미상궁 강아지,저도요...... 강아지도 안키우는데 진짜 맨날 봄.... 근데 강아지들도 너무너무 귀엽지만.... 저렇게 열심히 정성스럽게 차린 밥을 맛있게 싹 다 먹는 모습도 완전 힐링.....,2026-03-05,여행 강아지 밥 챙기기,미상,,page,auto_feed,2026-09-28T14:51:40
youtube,https://www.youtube.com/watch?v=tuxUT2UqAXQ&lc=UgwprndCCE_IiG0ACbt4AaABAg,045e5f1643b13905,기미상궁 강아지,"애들 이빨 튼튼하네요😂
왜 부럽지 ㅋㅋㅋ",2026-03-01,여행 강아지 밥 챙기기,미상,,page,auto_feed,2026-09-28T14:51:40
youtube,https://www.youtube.com/watch?v=tuxUT2UqAXQ&lc=UgxKDO7j_yY9616JuEV4AaABAg,ca7e08753300d997,기미상궁 강아지,"나보다 반찬 많아…
부럽다잉~",2026-02-26,여행 강아지 밥 챙기기,미상,,page,auto_feed,2026-09-28T14:51:40
youtube,https://www.youtube.com/watch?v=tuxUT2UqAXQ&lc=UgyjL7DMNFioyp8MbdR4AaABAg,959b0108ad09d32d,기미상궁 강아지,강아지 먹는 소리가 좋아요,2026-02-23,여행 강아지 밥 챙기기,미상,,page,auto_feed,2026-09-28T14:51:40
youtube,https://www.youtube.com/watch?v=tuxUT2UqAXQ&lc=UgxucNSwqlswBmdHUGR4AaABAg,8fefd73f04589ff4,기미상궁 강아지,왼쪽에 루카있고 오른쪽에 달이 있는데 웃긴 게 ASMR사운드는 서로 반대임,2026-02-23,여행 강아지 밥 챙기기,미상,,page,auto_feed,2026-09-28T14:51:40
youtube,https://www.youtube.com/watch?v=tuxUT2UqAXQ&lc=UgzFfd-MFks85I9jNSJ4AaABAg,3c72d1789bd51570,기미상궁 강아지,"자신을 위해서 소비를 할만도 한데, 작은 생명들을 위해 정성을 쏟으시는 모습에 응원해요 😊😊",2026-02-13,여행 강아지 밥 챙기기,미상,,page,auto_feed,2026-09-28T14:51:40
youtube,https://www.youtube.com/watch?v=tuxUT2UqAXQ&lc=Ugzvx-mYYauOq7ulXmh4AaABAg,1d4903d686acca69,기미상궁 강아지,매일 볼때마다 반려동물 집에 데려올때 내새꾸(?) 요로케 먹일 자신 생기면 하겠다고 다짐중입니다,2026-01-19,여행 강아지 밥 챙기기,미상,,page,auto_feed,2026-09-28T14:51:40
youtube,https://www.youtube.com/watch?v=tuxUT2UqAXQ&lc=Ugxx2l9v0xOQV0Gl_kZ4AaABAg,ba7e245228818870,기미상궁 강아지,진짜극락,2026-01-15,여행 강아지 밥 챙기기,미상,,page,auto_feed,2026-09-28T14:51:40
youtube,https://www.youtube.com/watch?v=tuxUT2UqAXQ&lc=Ugy35FXNlnDs03coQcx4AaABAg,86989ccbe3ed3662,기미상궁 강아지,요즘 보고 있는데 너무 재밌어욧! 다음에도 영상 많이 올려주세욧!😊,2026-01-12,여행 강아지 밥 챙기기,미상,,page,auto_feed,2026-09-28T14:51:40
youtube,https://www.youtube.com/watch?v=tuxUT2UqAXQ&lc=UgxwW7McxlnmohkphZJ4AaABAg,f37ffc5a5a9ff69a,기미상궁 강아지,와따마.. 억시 잘챙기주네,2026-01-09,여행 강아지 밥 챙기기,미상,,page,auto_feed,2026-09-28T14:51:40
youtube,https://www.youtube.com/watch?v=tuxUT2UqAXQ&lc=UgythJiBh0PpgxbwMbB4AaABAg,a3bee4514bdcc7a5,기미상궁 강아지,와우 냥이 집사로서 저게 대체 몇끼양일까 생각하고 봤는데 한끼였군요..,2025-12-21,여행 강아지 밥 챙기기,미상,,page,auto_feed,2026-09-28T14:51:40
youtube,https://www.youtube.com/watch?v=tuxUT2UqAXQ&lc=Ugx4S7fYX5QXLzs7uDV4AaABAg,8ac3b9ce599c626d,기미상궁 강아지,계묘도 일귀 아닌가요…?,2025-12-19,여행 강아지 밥 챙기기,미상,,page,auto_feed,2026-09-28T14:51:40
youtube,https://www.youtube.com/watch?v=tuxUT2UqAXQ&lc=UgzR_WAN75D3T1MjdtJ4AaABAg,7608fba46451b248,기미상궁 강아지,"궁금해서 묻는건데용,,
뭉멍이들 맘마 줄 때 사료나 간식에 왜 물을 넣어요??",2025-12-13,여행 강아지 밥 챙기기,미상,,page,auto_feed,2026-09-28T14:51:40
youtube,https://www.youtube.com/watch?v=tuxUT2UqAXQ&lc=UgysNpfBXsRytUjkG9V4AaABAg,24dbcd68c72b9be9,기미상궁 강아지,강아지 쩝쩝스,2025-12-11,여행 강아지 밥 챙기기,미상,,page,auto_feed,2026-09-28T14:51:40
youtube,https://www.youtube.com/watch?v=tuxUT2UqAXQ&lc=UgxkVvGHq_OAqGINExZ4AaABAg,43c8048508e989a6,기미상궁 강아지,근데 왜 벽에 식탁이 저렇게까지 가까운 건가용..?,2025-12-09,여행 강아지 밥 챙기기,미상,,page,auto_feed,2026-09-28T14:51:40
youtube,https://www.youtube.com/watch?v=tuxUT2UqAXQ&lc=Ugzch-JqUunucHgPztl4AaABAg,ad3b865dd40b30bd,기미상궁 강아지,너무 잘먹어❤ 강아지 asmr 절실하다,2025-12-05,여행 강아지 밥 챙기기,미상,,page,auto_feed,2026-09-28T14:51:40
youtube,https://www.youtube.com/watch?v=tuxUT2UqAXQ&lc=UgynrxfGAR4qcROVCNx4AaABAg,58cf2594a3747d07,기미상궁 강아지,저도 닭발싫어요,2025-12-05,여행 강아지 밥 챙기기,미상,,page,auto_feed,2026-09-28T14:51:40
youtube,https://www.youtube.com/watch?v=tuxUT2UqAXQ&lc=UgyF8vgPjl5hidP5K6d4AaABAg,2fe314365b58612d,기미상궁 강아지,큰 강아지 혀로 저 좁은 사이사이에 들어간게 잘 먹어지나 했는데 깨끗~하네요 굿~,2025-12-02,여행 강아지 밥 챙기기,미상,,page,auto_feed,2026-09-28T14:51:40
youtube,https://www.youtube.com/watch?v=tuxUT2UqAXQ&lc=Ugw2rtJSUDhkPm5YZZ94AaABAg,12122c068ca16cf7,기미상궁 강아지,소형견 키우는 견주인데 원래 대형견은 저만큼 먹나요...?!?!?,2025-11-29,여행 강아지 밥 챙기기,미상,,page,auto_feed,2026-09-28T14:51:40
youtube,https://www.youtube.com/watch?v=tuxUT2UqAXQ&lc=UgwxDywE_HtT-n6tTDx4AaABAg,dcc27ced4f39796f,기미상궁 강아지,재밌다,2025-11-28,여행 강아지 밥 챙기기,미상,,page,auto_feed,2026-09-28T14:51:40
youtube,https://www.youtube.com/watch?v=tuxUT2UqAXQ&lc=Ugywjd_Jr028cuTVeYB4AaABAg,1616fc00e782f765,기미상궁 강아지,맨날 침흘리는거 진짠가요?? ㅋㅋ,2025-11-25,여행 강아지 밥 챙기기,미상,,page,auto_feed,2026-09-28T14:51:40
youtube,https://www.youtube.com/watch?v=tuxUT2UqAXQ&lc=UgxwUY_QMwIX7SLVAxh4AaABAg,1ee7327a1d9644fb,기미상궁 강아지,슬로우 식기 설거지 어떻게 하나요?,2025-11-23,여행 강아지 밥 챙기기,미상,,page,auto_feed,2026-09-28T14:51:40
youtube,https://www.youtube.com/watch?v=tuxUT2UqAXQ&lc=UgwbHRV6IfvNTdy6Dtp4AaABAg,d63b9199b2c24b8a,기미상궁 강아지,강쥐들 먹는거 볼때마다 애들은 목구멍에 이빨이 있나..ㅋㅋㅋㅋㅋㅋㅋ,2025-11-23,여행 강아지 밥 챙기기,미상,,page,auto_feed,2026-09-28T14:51:40
youtube,https://www.youtube.com/watch?v=zEq0rDngT_Q&lc=UgzkizZyMDY5g8OCp294AaABAg,345b9fa770a39e52,사료양 종이컵 안되는 이유 | 강아지 고양이 사료 급여량 계산 저울 사료량 재는법,대충살자...,2026-02-11,강아지 급여량 계산,미상,,page,auto_feed,2026-09-28T14:52:02
youtube,https://www.youtube.com/watch?v=zEq0rDngT_Q&lc=UgyJNl40drG1jQ4O3_d4AaABAg,7e2944c5e744c696,사료양 종이컵 안되는 이유 | 강아지 고양이 사료 급여량 계산 저울 사료량 재는법,스푼저울 아예 하나도안맞음,2026-01-11,강아지 급여량 계산,미상,,page,auto_feed,2026-09-28T14:52:02
youtube,https://www.youtube.com/watch?v=zEq0rDngT_Q&lc=UgzM0Sab3dAEJQXBFKl4AaABAg,74608620405ba1c7,사료양 종이컵 안되는 이유 | 강아지 고양이 사료 급여량 계산 저울 사료량 재는법,그냥  4키로5살이면 몇그람줘야되나요?,2025-11-02,강아지 급여량 계산,미상,,page,auto_feed,2026-09-28T14:52:02
youtube,https://www.youtube.com/watch?v=QvpRlg05v-Y&lc=Ugx8KffrATTjnpZzTHp4AaABAg,83ffdb13ae53c5ef,"모르고 먹이면 강아지 수명 줄어듭니다, 정확한 반려견 사료 급여량 계산법","산책 못 시켜줘서 미안해 하지 마세요.
산책 없이 기초 대사량 높이는 생리학적 비밀
여기서 확인하세요~!
https://youtu.be/AFHt_pzoNdc",2026-01-24,강아지 급여량 계산,미상,,page,auto_feed,2026-09-28T14:52:02
youtube,https://www.youtube.com/watch?v=QvpRlg05v-Y&lc=UgwmiYNyynkaE9b_OBJ4AaABAg,929c98d6d6cebab5,"모르고 먹이면 강아지 수명 줄어듭니다, 정확한 반려견 사료 급여량 계산법",좋은 정보 구독 누르고 갑니다.,2026-01-27,강아지 급여량 계산,미상,,page,auto_feed,2026-09-28T14:52:02
youtube,https://www.youtube.com/watch?v=QvpRlg05v-Y&lc=UgwA6sl6d2ykVfjuc014AaABAg,0568817f53abe4ad,"모르고 먹이면 강아지 수명 줄어듭니다, 정확한 반려견 사료 급여량 계산법","죄책감 덜고싶다아아~~감사해요!!
다음영상 빨리 올려주세요😊",2026-01-26,강아지 급여량 계산,미상,,page,auto_feed,2026-09-28T14:52:02
youtube,https://www.youtube.com/watch?v=QvpRlg05v-Y&lc=UgwiV-IkboeK3uaoS0x4AaABAg,4f951abd8da103ae,"모르고 먹이면 강아지 수명 줄어듭니다, 정확한 반려견 사료 급여량 계산법",좋은 정보이네요 감사합니다,2026-01-25,강아지 급여량 계산,미상,,page,auto_feed,2026-09-28T14:52:02
youtube,https://www.youtube.com/watch?v=QvpRlg05v-Y&lc=Ugzi-MiaNLk9BFTw-GN4AaABAg,d68f114faea60283,"모르고 먹이면 강아지 수명 줄어듭니다, 정확한 반려견 사료 급여량 계산법",다음영상 기대되요,2026-01-24,강아지 급여량 계산,미상,,page,auto_feed,2026-09-28T14:52:02
youtube,https://www.youtube.com/watch?v=toLEy5cVWls&lc=Ugw1P1maZTONi5XoQqJ4AaABAg,4ca999493043d3b9,강아지 급여량 계산 30초 완전정복 ! 🐶🍖,제 몸무게 대비로 먹이면 되겠군요 음식량도,2026-02-04,강아지 급여량 계산,미상,,page,auto_feed,2026-09-28T14:52:02
youtube,https://www.youtube.com/watch?v=fzU40Fic2og&lc=UgwY-Ft6emk3mCJLV4t4AaABAg,9049426db7d492ff,밀리 vs 두잇🐶🥣 두 제품 모두 써 본 집사의 솔직 비교,이거 보면서 밀리를 사고싶어졌어요 강아지 키우는데 너무 좋아 보여요 세일도 하더라구오 질를까? ㅋㅋ,2026-07-18,자동급식기 추천,미상,,page,auto_feed,2026-09-28T14:52:51
youtube,https://www.youtube.com/watch?v=1oukaNF7PrQ&lc=UgwGG1zBpOHP-25ZO0F4AaABAg,4fc74b7982478d05,강아지 자율급식의 장단점,어쩌라고요?,2026-05-25,자동급식기 추천,미상,,page,auto_feed,2026-09-28T14:52:51
youtube,https://www.youtube.com/watch?v=kqEpePJmv4I&lc=UgwoyqpoBBL0wRvZW_l4AaABAg,08cff50dd14f2908,편안한 강아지 음악 - 심리안정 음악ㅣ강아지가 좋아하는 음악 Pet Music(10시간),"작곡가 그린웨일(Green Whale)이 
직접 작곡한 음악들로 채워진 채널입니다
당신에게 휴식같은 시간이 되길 바랍니다 :)",2026-05-26,외출 강아지 밥,미상,,page,auto_feed,2026-09-28T14:53:24
youtube,https://www.youtube.com/watch?v=kqEpePJmv4I&lc=Ugye4MpTQdcywoHXPQh4AaABAg,dfa5d7b49b6989d4,편안한 강아지 음악 - 심리안정 음악ㅣ강아지가 좋아하는 음악 Pet Music(10시간),면접준비하다가정말개될것갘아서 들어왓어요 감사합니다 조금진정됏어요,2026-09-27,외출 강아지 밥,미상,,page,auto_feed,2026-09-28T14:53:24
youtube,https://www.youtube.com/watch?v=kqEpePJmv4I&lc=UgwYcBDtXCblnu68kyd4AaABAg,7b57968a83aa59fc,편안한 강아지 음악 - 심리안정 음악ㅣ강아지가 좋아하는 음악 Pet Music(10시간),강아지 분리불안 생겼을 때 이 곡을 틀어주고 외출했었어요 퇴근하고 돌아오면 이 곡을 배경으로 꼬리치던 우리 애기 모습이 선명하네요,2026-09-27,외출 강아지 밥,미상,,page,auto_feed,2026-09-28T14:53:24
youtube,https://www.youtube.com/watch?v=kqEpePJmv4I&lc=UgzvliZyhrccWY_uusB4AaABAg,09afa81a05a1642b,편안한 강아지 음악 - 심리안정 음악ㅣ강아지가 좋아하는 음악 Pet Music(10시간),강아지 마지막을 준비중인 견주분 얼마나 힘이 드실까요 이글을 올리면서 이미 눈물이 그냥 흐릅니다 지금 저옆에는 건조기에 내놓은 이불속에서 찜질을 즐기네요 부디 강아지 예쁜 무지개 다리 건너 그세상에서 평온히 잠들기를 기도 합니다,2026-09-26,외출 강아지 밥,미상,,page,auto_feed,2026-09-28T14:53:24
youtube,https://www.youtube.com/watch?v=kqEpePJmv4I&lc=UgwiaUDV3Hoc41npNUR4AaABAg,514d26b80425315b,편안한 강아지 음악 - 심리안정 음악ㅣ강아지가 좋아하는 음악 Pet Music(10시간),미용을 싫어하는 강아지에게 들려주니 좋아하네요.,2026-09-26,외출 강아지 밥,미상,,page,auto_feed,2026-09-28T14:53:24
youtube,https://www.youtube.com/watch?v=kqEpePJmv4I&lc=UgyYrz7Fg6RBtlINlLJ4AaABAg,f8775c5a60b774ba,편안한 강아지 음악 - 심리안정 음악ㅣ강아지가 좋아하는 음악 Pet Music(10시간),추석연휴 16살 강아지랑 같이 출근해서 일하고 있어요. 옆에서 잘 자네요,2026-09-25,외출 강아지 밥,미상,,page,auto_feed,2026-09-28T14:53:24
youtube,https://www.youtube.com/watch?v=kqEpePJmv4I&lc=Ugx1JaEW9UizgeIUCqt4AaABAg,37bbc51bd3db6754,편안한 강아지 음악 - 심리안정 음악ㅣ강아지가 좋아하는 음악 Pet Music(10시간),여우야 누나가 사랑해,2026-09-24,외출 강아지 밥,미상,,page,auto_feed,2026-09-28T14:53:24
youtube,https://www.youtube.com/watch?v=kqEpePJmv4I&lc=UgzOOfjpQvYBwnTAXhR4AaABAg,66810fa4cee0e856,편안한 강아지 음악 - 심리안정 음악ㅣ강아지가 좋아하는 음악 Pet Music(10시간),"어제새벽부터 갑자기 컨디션이 안좋아진 초코.
토를 두번하고 물만 먹다가 오후부터는 먹던 물마져도 거부하고 비틀거리며 걷고 실수하고 아무래도 마지막이지도 모르겠단 생각이 들더라구요..
어젯밤부터 이 노래 틀어주고 같이 자고 오늘 아침 8시30분쯤.. 숨이 멈추고.. 오늘 장례치르러 갈때 까지 계속 이 노래 틀어주며 함께 했어요...
감사합니다.. 우리 초코 갑자기 떠나서 지금도 꿈인것 같아요.. 잘 가고 잘 보내줄 수 있기를..",2026-09-24,외출 강아지 밥,미상,,page,auto_feed,2026-09-28T14:53:24
youtube,https://www.youtube.com/watch?v=kqEpePJmv4I&lc=UgwjryLFg7vICR9AM8p4AaABAg,960ed3aa5eb5c471,편안한 강아지 음악 - 심리안정 음악ㅣ강아지가 좋아하는 음악 Pet Music(10시간),강아지가 아파서 주 2회 병원 가는 차 안에서 틀어주니 편안해하는거같네요,2026-09-23,외출 강아지 밥,미상,,page,auto_feed,2026-09-28T14:53:24
youtube,https://www.youtube.com/watch?v=kqEpePJmv4I&lc=UgwphgdGzFbSxyUnthp4AaABAg,998e8fbd38c9a065,편안한 강아지 음악 - 심리안정 음악ㅣ강아지가 좋아하는 음악 Pet Music(10시간),틀어 줬더니 강아지가 갑자기 바닥에 뻗어서 눕네요,2026-09-21,외출 강아지 밥,미상,,page,auto_feed,2026-09-28T14:53:24
youtube,https://www.youtube.com/watch?v=kqEpePJmv4I&lc=UgxTswu4w91fmjviQkZ4AaABAg,ce0de3d9862acb62,편안한 강아지 음악 - 심리안정 음악ㅣ강아지가 좋아하는 음악 Pet Music(10시간),😢😢😢:.ㅇx zen zero😅,2026-09-21,외출 강아지 밥,미상,,page,auto_feed,2026-09-28T14:53:24
youtube,https://www.youtube.com/watch?v=kqEpePJmv4I&lc=UgxLT5sn3HlXh7SOJb54AaABAg,8b516a131e55f19f,편안한 강아지 음악 - 심리안정 음악ㅣ강아지가 좋아하는 음악 Pet Music(10시간),할머니네 강아지가 많이 아프네요.. 부디 아프지 말고 오래오래 할머니 곁을 지켜주길 기도합니다…,2026-09-20,외출 강아지 밥,미상,,page,auto_feed,2026-09-28T14:53:24
youtube,https://www.youtube.com/watch?v=kqEpePJmv4I&lc=Ugz5Qd23g8b8xcmZCJR4AaABAg,bba802e37e85a69e,편안한 강아지 음악 - 심리안정 음악ㅣ강아지가 좋아하는 음악 Pet Music(10시간),뮤직메이트님 감사드립니다 덕분에 우리 공주 투병할 때 잠을 조금이라도 잘 수 있었어요 근데저기 혹시..너무 실례지만 14:54 강아지 사진이 너무 무서워요ㅠㅠ죄송하지만 빼주실수있나요...?ㅠㅠ,2026-09-18,외출 강아지 밥,미상,,page,auto_feed,2026-09-28T14:53:24
youtube,https://www.youtube.com/watch?v=kqEpePJmv4I&lc=UgzJxX48nxQcihHnh2F4AaABAg,1daef9c99f1e03b5,편안한 강아지 음악 - 심리안정 음악ㅣ강아지가 좋아하는 음악 Pet Music(10시간),저희 강아지가 암수술 이후로 종종 과호흡이 오는경우가 있는데 지금도 호흡이 가빠지고 몸떨다가  이거 켜주니까  점점 괜찮아지더니 잠들었어요 ㅠㅠ 너무너무 감사합니다  너무너무 감사해요,2026-09-18,외출 강아지 밥,미상,,page,auto_feed,2026-09-28T14:53:24
youtube,https://www.youtube.com/watch?v=kqEpePJmv4I&lc=Ugx111JrcJ3VDBrrP7V4AaABAg,b2bc16634ff724e6,편안한 강아지 음악 - 심리안정 음악ㅣ강아지가 좋아하는 음악 Pet Music(10시간),아어떡해……윗집개 조용하게 하는소리 쳐서들어왔는데 내가썸머랑 누워있을때 소리작게해서 틀어주던 이영상이 뜨네….보고싶다ㅜㅜ,2026-09-18,외출 강아지 밥,미상,,page,auto_feed,2026-09-28T14:53:24
youtube,https://www.youtube.com/watch?v=kqEpePJmv4I&lc=UgyIWHAUmo2p79IHxTB4AaABAg,697bfc54207d7340,편안한 강아지 음악 - 심리안정 음악ㅣ강아지가 좋아하는 음악 Pet Music(10시간),간질로 인해 눈도 안 보이는 7살 애를 데리고 이사를 할려니 너무 불안해서 틀어주고 있습니다. 제발 아프지마,2026-09-18,외출 강아지 밥,미상,,page,auto_feed,2026-09-28T14:53:24
youtube,https://www.youtube.com/watch?v=kqEpePJmv4I&lc=Ugy6LwTWy2SmchUceaZ4AaABAg,0f5aabdfc4bc44f6,편안한 강아지 음악 - 심리안정 음악ㅣ강아지가 좋아하는 음악 Pet Music(10시간),틀어주자마라 런함 ㅜ,2026-09-17,외출 강아지 밥,미상,,page,auto_feed,2026-09-28T14:53:24
youtube,https://www.youtube.com/watch?v=kqEpePJmv4I&lc=UgxfX0OI-jTdOsMWvvR4AaABAg,3750451f58e16c43,편안한 강아지 음악 - 심리안정 음악ㅣ강아지가 좋아하는 음악 Pet Music(10시간),"며칠 전부터 급격하게 상태가 안 좋아지고 가만히 숨 쉬는 것도 힘들어 해서 지푸라기 잡는 심정으로 조금이라도 편해지라고 가기 몇 시간 전에 들려줬어요 강아지별 간지 하루도 되지 않아 믿기지도 않고 받아들이기 힘들지만 이제는 가만히 있어도 편히 잠든다는 생각에 조금 마음이 놓여 가기 전 날에 평소 좋아하던 고구마, 간식 먹고 가서 다행이야 10년 동안 곁에 우리 가족으로 있어줘서 고마워 이젠 아프지 말구 시원한 바람 맞으면서 뛰어다녀 제일 사랑해 루나야♥",2026-09-15,외출 강아지 밥,미상,,page,auto_feed,2026-09-28T14:53:24
youtube,https://www.youtube.com/watch?v=kqEpePJmv4I&lc=UgzQ6Tx3KKianmS8loN4AaABAg,bc00f4405995a8fb,편안한 강아지 음악 - 심리안정 음악ㅣ강아지가 좋아하는 음악 Pet Music(10시간),"16년을 함께 살아온 우리 가족인 사랑스러운 사랑이가 비장 종양이 생겨 시안부 일주일 받고 무지개다리 건널 준비를 하고 있습니다.16년동안 변함없이 했던 산책과 사랑스러운 모든 것을 거부하고 꿈속에서 하는 듯 잠만 자네요.무지개다리 건너편에서는 고통없이 행복하게 지낼거라고 믿으며,내가 해줄수 있는 음악 계속 틀어주고 있습니다.천국에서 다시 만날 사랑이를 보내야하는 마음이 너무 아프고 벌써 그립습니다.이 음악을 듣는 모든 애견의 동반자님과 애견의 건강과 행복을 기원합니다.",2026-09-13,외출 강아지 밥,미상,,page,auto_feed,2026-09-28T14:53:24
youtube,https://www.youtube.com/watch?v=kqEpePJmv4I&lc=UgwmpLXBV90QIFTfJ9h4AaABAg,6781b5ebb02fb3a8,편안한 강아지 음악 - 심리안정 음악ㅣ강아지가 좋아하는 음악 Pet Music(10시간),얼마전 급성백혈병을 진단받고 죽음이 가까워져가는 열살 삼순이한테 들려주고 있습니다. 부디 기적이 일어나서 못난 엄마에게 하루라도 더 시간이 주어지길.. 바라며 울며 같이 들어요. 삼순아 미안하고 고마워.. 그리고 많이많이 사랑해,2026-09-13,외출 강아지 밥,미상,,page,auto_feed,2026-09-28T14:53:24
youtube,https://www.youtube.com/watch?v=kqEpePJmv4I&lc=UgwL6nRYxoWLWLrGDel4AaABAg,c0624dfe33898ead,편안한 강아지 음악 - 심리안정 음악ㅣ강아지가 좋아하는 음악 Pet Music(10시간),강아지 자고있어서 블루트스 스피커로 틀어줬더니만 잘자네요❤,2026-09-13,외출 강아지 밥,미상,,page,auto_feed,2026-09-28T14:53:24
youtube,https://www.youtube.com/watch?v=kqEpePJmv4I&lc=UgylUzwDiUqNCppdQZB4AaABAg,4dce88b07b111090,편안한 강아지 음악 - 심리안정 음악ㅣ강아지가 좋아하는 음악 Pet Music(10시간),"코코가 5살 인생 처음으로 스케일링 받고 마취에 덜 깨서 힘들어하길래 틀어줬더니 옆에서 푸데데 잘 자더라구요 ㅎㅎ 
모든 강아지들아 아푸지마라!!!",2026-09-11,외출 강아지 밥,미상,,page,auto_feed,2026-09-28T14:53:24
youtube,https://www.youtube.com/watch?v=kqEpePJmv4I&lc=UgyI6kBEJvOtEf1f0zR4AaABAg,0658bf5a657f5bb9,편안한 강아지 음악 - 심리안정 음악ㅣ강아지가 좋아하는 음악 Pet Music(10시간),"진돗개 호두가 15살인데 지금 힘들어해서 틀어주고 있어요
이제 좀 편안해지길 빕니다
사랑한다 우리호두 고마웠어 울호두❤❤❤",2026-09-11,외출 강아지 밥,미상,,page,auto_feed,2026-09-28T14:53:24
youtube,https://www.youtube.com/watch?v=kqEpePJmv4I&lc=Ugwkrk0S57OjA_20cUN4AaABAg,6140209cf7850025,편안한 강아지 음악 - 심리안정 음악ㅣ강아지가 좋아하는 음악 Pet Music(10시간),눈물난다 간 우리집 애기 생각나서,2026-09-04,외출 강아지 밥,미상,,page,auto_feed,2026-09-28T14:53:24
youtube,https://www.youtube.com/watch?v=kqEpePJmv4I&lc=UgxJXMl2a8EC6JZmlYF4AaABAg,e1cd125309b457d7,편안한 강아지 음악 - 심리안정 음악ㅣ강아지가 좋아하는 음악 Pet Music(10시간),포메와 함께사는 사람입니다. 손길은 괜찮은데 빗질을 할 때 아주 살살 하는데도.. 빗만 갖다대면 쌩난리 다 피워서 울며겨자먹기로 유튜브에서 노래 찾아 틀었는데 100프로 얌전해진 건 아니지만 확실히 빗질하기 수월해졌어요… 진짜 너무 감사합니다,2026-09-02,외출 강아지 밥,미상,,page,auto_feed,2026-09-28T14:53:24
youtube,https://www.youtube.com/watch?v=kqEpePJmv4I&lc=UgzGTaqH_uknHHAE5SB4AaABAg,13ae25d680fa9fff,편안한 강아지 음악 - 심리안정 음악ㅣ강아지가 좋아하는 음악 Pet Music(10시간),So lovely !!!,2026-09-01,외출 강아지 밥,미상,,page,auto_feed,2026-09-28T14:53:24
youtube,https://www.youtube.com/watch?v=kqEpePJmv4I&lc=UgwIA92nHm-HlekBKPd4AaABAg,e541c63bdcf407d0,편안한 강아지 음악 - 심리안정 음악ㅣ강아지가 좋아하는 음악 Pet Music(10시간),2개월 아가가듣고 편했으면 좋겠어요~,2026-08-29,외출 강아지 밥,미상,,page,auto_feed,2026-09-28T14:53:24
youtube,https://www.youtube.com/watch?v=kqEpePJmv4I&lc=UgyzTF1YvJvd98h0eoR4AaABAg,6c96da83cbf2a1f6,편안한 강아지 음악 - 심리안정 음악ㅣ강아지가 좋아하는 음악 Pet Music(10시간),틀자마자 눈 감기는 우리집 강아지 효과 대박이에요.,2026-08-29,외출 강아지 밥,미상,,page,auto_feed,2026-09-28T14:53:24
youtube,https://www.youtube.com/watch?v=kqEpePJmv4I&lc=Ugw9XIbRSr_erOFTCAF4AaABAg,7da14a7341783b2a,편안한 강아지 음악 - 심리안정 음악ㅣ강아지가 좋아하는 음악 Pet Music(10시간),저희집은  9년차 시츄인데  이 영상 틀어주면  힐링모드로  샤르르  ^^~  감사 꾸뻑  함께 즐감하고 있습니다 ^^~,2026-08-26,외출 강아지 밥,미상,,page,auto_feed,2026-09-28T14:53:24
youtube,https://www.youtube.com/watch?v=kqEpePJmv4I&lc=UgxKD-3z12gUlZHepEd4AaABAg,11d23544268ab54b,편안한 강아지 음악 - 심리안정 음악ㅣ강아지가 좋아하는 음악 Pet Music(10시간),"항상 우는 누나 옆을 지키는 동동이 
태교 음악 겸 여기 자주 놀러 오는데
이 노래 틀면 너무 잘자요
 뱃속에 총이도 잘 듣고 있기를 바라며 
다들 편안한 밤 되기를~~~~🦄🦄",2026-08-25,외출 강아지 밥,미상,,page,auto_feed,2026-09-28T14:53:24
youtube,https://www.youtube.com/watch?v=kqEpePJmv4I&lc=Ugx6ngcAhBDJ6O9oJ7t4AaABAg,fc0d25f6c85099b6,편안한 강아지 음악 - 심리안정 음악ㅣ강아지가 좋아하는 음악 Pet Music(10시간),아무 반응이 없음,2026-08-25,외출 강아지 밥,미상,,page,auto_feed,2026-09-28T14:53:24
youtube,https://www.youtube.com/watch?v=kqEpePJmv4I&lc=Ugyu73nVywI8TGvMVb14AaABAg,cd9b7d6dd7cd3234,편안한 강아지 음악 - 심리안정 음악ㅣ강아지가 좋아하는 음악 Pet Music(10시간),이거 틀어주니까 숨을 엄청 빨리쉬던 강아지가 바로 잠들었어요 감사합니다,2026-08-22,외출 강아지 밥,미상,,page,auto_feed,2026-09-28T14:53:24
youtube,https://www.youtube.com/watch?v=kqEpePJmv4I&lc=UgygLrVeDzS5psI2Cbd4AaABAg,70d6f01eb4b486da,편안한 강아지 음악 - 심리안정 음악ㅣ강아지가 좋아하는 음악 Pet Music(10시간),4:33:43,2026-08-20,외출 강아지 밥,미상,,page,auto_feed,2026-09-28T14:53:24
youtube,https://www.youtube.com/watch?v=kqEpePJmv4I&lc=UgzqtJYScf7ggLDA1Tx4AaABAg,127a94fc667cc323,편안한 강아지 음악 - 심리안정 음악ㅣ강아지가 좋아하는 음악 Pet Music(10시간),수면시간이 계속 부족하니까 낮에 커피를 많이 마시게 되고 그러면 밤에 또 잠이 안 오고... 계속 악순환이었어요ㅠㅠ 주말에 늦잠을 자도 피곤함이 풀리는 느낌도 없었고요. 멜라티움 먹기 시작한 후로는 우선 밤에 자는 시간이 어느 정도 일정해졌어요. 잠드는 데 오래 걸리지 않으니까 수면시간도 자연스럽게 늘었고 아침에 일어날 때 예전보다 덜 힘들어서 좋아요.,2026-08-17,외출 강아지 밥,미상,,page,auto_feed,2026-09-28T14:53:24
youtube,https://www.youtube.com/watch?v=kqEpePJmv4I&lc=UgyzVuSfdHmjQI-xGnp4AaABAg,18c5b6b009b7758a,편안한 강아지 음악 - 심리안정 음악ㅣ강아지가 좋아하는 음악 Pet Music(10시간),강아지가 오히려 더 난리 치네요,2026-08-15,외출 강아지 밥,미상,,page,auto_feed,2026-09-28T14:53:24
youtube,https://www.youtube.com/watch?v=kqEpePJmv4I&lc=UgytKAnDJocmu7yenFh4AaABAg,1aecdfda05a381fe,편안한 강아지 음악 - 심리안정 음악ㅣ강아지가 좋아하는 음악 Pet Music(10시간),"아픈 강쥐한테 자주 들려주는 음악
독한 항생제를 몇달동안 먹이는데 . . . 속은 또 얼마나 쓰릴까
그래도 이 음악 틀어주면 잠깐씩이라도 자곤 합니다",2026-08-15,외출 강아지 밥,미상,,page,auto_feed,2026-09-28T14:53:24
youtube,https://www.youtube.com/watch?v=kqEpePJmv4I&lc=UgxWj6yiUeamJ7C34u14AaABAg,e32c04f9796518b0,편안한 강아지 음악 - 심리안정 음악ㅣ강아지가 좋아하는 음악 Pet Music(10시간),강아지 안 키울 때는 솔직히 강아지에게만 관심이 있었지 이런게 있는 지도 몰랐는데 강아지를 키워보니 꼭 필요 한 거 였네요 ㅋㅋㅋ,2026-08-14,외출 강아지 밥,미상,,page,auto_feed,2026-09-28T14:53:24
youtube,https://www.youtube.com/watch?v=kqEpePJmv4I&lc=UgxmdXwo-rKKLldmhUR4AaABAg,285a96c09fb10a43,편안한 강아지 음악 - 심리안정 음악ㅣ강아지가 좋아하는 음악 Pet Music(10시간),34:00 최애파트,2026-08-13,외출 강아지 밥,미상,,page,auto_feed,2026-09-28T14:53:24
youtube,https://www.youtube.com/watch?v=kqEpePJmv4I&lc=Ugw9qHO4wXvrIvu-V2Z4AaABAg,b68a2f8606481ce6,편안한 강아지 음악 - 심리안정 음악ㅣ강아지가 좋아하는 음악 Pet Music(10시간),"몇년전부터 푸들이
우리두아가들한테
자주 들려주었는데요 우리두아가들이 지금은 별이되었네
요 이 음악 들으면 우리두아가들이 더
생각납니다 2025년 
1월 22일 새벽 입원
12시간만에 홀연히
떠난 당시 14세 남아 방울이 방울이 가 떠나자마자 바로 앓기 시작한 동생
14세 여아 깜순이 깜순이 마져 2026년 5월 27일 내곁을 떠났습니다
방울이 떠나고 만1년 4개월만에 깜순이 마
져 떠났네요
그후 한번도 이음악
안들었는데요 오늘
따라 이영상 생각이 났어 클릭 하니 우리 두아가들 방울이깜순 
이가 살아생전 이 음악 들려줄때가 더 생각이나고 지금왔어
생각하니 그때가 소중했던 순간순간에 시간들이였다는것을요 못해준것들이 너무너무 많아서 더
마음아프네요 
우리두아가들 죽지않
고 살아있었더라면
방울이는 16세
깜순이는 14세
나에게 세상 무엇보
다 소중했던 우리두
아가들 방울이와깜순
이 더 살았었을텐데
보호자에 불찰로 갑
자기 삶을마감 하였
습니다
안키웠더라면 이 고통,슬픔,후회가 없
었을테지요 내가 죽는 그날까지 어깨에 무거운 짐을
지고 가야합니다.",2026-08-12,외출 강아지 밥,미상,,page,auto_feed,2026-09-28T14:53:24
youtube,https://www.youtube.com/watch?v=kqEpePJmv4I&lc=UgyjeHDwrOPIkuxIeKp4AaABAg,5c784bb69fb1ac99,편안한 강아지 음악 - 심리안정 음악ㅣ강아지가 좋아하는 음악 Pet Music(10시간),힘 내세요 ~,2026-08-10,외출 강아지 밥,미상,,page,auto_feed,2026-09-28T14:53:24
youtube,https://www.youtube.com/watch?v=kqEpePJmv4I&lc=UgyBYXF3qu4Q9HSTSsp4AaABAg,040ca106f2c6aaf2,편안한 강아지 음악 - 심리안정 음악ㅣ강아지가 좋아하는 음악 Pet Music(10시간),강아지 안정시킬려고 틀었는데 멘헤라인 내가 안정되었습니다 감사합니다.,2026-08-09,외출 강아지 밥,미상,,page,auto_feed,2026-09-28T14:53:24
youtube,https://www.youtube.com/watch?v=kqEpePJmv4I&lc=Ugy-zuwOdcsb8ko-MnJ4AaABAg,2af709de88da92de,편안한 강아지 음악 - 심리안정 음악ㅣ강아지가 좋아하는 음악 Pet Music(10시간),😮😅😅😅,2026-08-08,외출 강아지 밥,미상,,page,auto_feed,2026-09-28T14:53:24
youtube,https://www.youtube.com/watch?v=kqEpePJmv4I&lc=UgxZ_X9FcbJswiCKWu14AaABAg,2ad97ca013a954e1,편안한 강아지 음악 - 심리안정 음악ㅣ강아지가 좋아하는 음악 Pet Music(10시간),"문가있는데
개한테 답을찾으라하네
저눔은 냄새는 뛰어난데
시력이 약간 어둡네
뭔가를 신발을  찾아주어야하는데
하필 나만 아는산인데
단풍나무
에민하게 반응하네 
그것은 그자리 심으면 안된다고
근데  학주
전형수 명숙
딸현숙 
청첩장
이상한...
경찰을 어찌믿을꼬
안성경찰서 같더니
이상함?",2026-08-06,외출 강아지 밥,미상,,page,auto_feed,2026-09-28T14:53:24
youtube,https://www.youtube.com/watch?v=kqEpePJmv4I&lc=UgyEVMLdiDkeev0XY-B4AaABAg,094b17b01edd999f,편안한 강아지 음악 - 심리안정 음악ㅣ강아지가 좋아하는 음악 Pet Music(10시간),노래가 넘 좋아서 강아지랑 같이 듫으면서 잠자욤~,2026-08-02,외출 강아지 밥,미상,,page,auto_feed,2026-09-28T14:53:24
youtube,https://www.youtube.com/watch?v=kqEpePJmv4I&lc=UgyZyQ7MIQ0KgkiPRLN4AaABAg,aa6188410f9f6ba4,편안한 강아지 음악 - 심리안정 음악ㅣ강아지가 좋아하는 음악 Pet Music(10시간),"이 영상을 찾게된 동기가 저는 이어폰을 끼고 일이나 영상을 보는데 강아지는 제 옆에 그냥 있을때 너무 적막할꺼 같은거에요 아이는 내가 좋아서 옆에 있는데 아무소리 없이 너무 조용할꺼같아서..
그래서 컴퓨터할땐 이 영상을 틀어줍니다
예전보다 제 움직임에 과도하게 반응하지 않고 편히 누워있더라구요
영상 감사합니다",2026-08-01,외출 강아지 밥,미상,,page,auto_feed,2026-09-28T14:53:24
youtube,https://www.youtube.com/watch?v=kqEpePJmv4I&lc=UgyfFUzXlLLXt9fvfMF4AaABAg,187f7399421cf4cb,편안한 강아지 음악 - 심리안정 음악ㅣ강아지가 좋아하는 음악 Pet Music(10시간),첨에 새소리 듣고 강아지가 갸우뚱 거림 ㅌㅌㅋㅌ 기여웡,2026-07-28,외출 강아지 밥,미상,,page,auto_feed,2026-09-28T14:53:24
youtube,https://www.youtube.com/watch?v=kqEpePJmv4I&lc=Ugx56OFM9ypqJ7ZWC3V4AaABAg,d8b8778b348294cf,편안한 강아지 음악 - 심리안정 음악ㅣ강아지가 좋아하는 음악 Pet Music(10시간),"몽실아! 언니가 기쁠때나 슬플때나  항상 함께해줘서 고마워 언니는 몽실이밖에 없네
우리 몽실이 항상 언니가 신경써주고픈데.. 너의 하루는 참 길텐데 ..항상 언니만 목빠져라 기다리는거 생각하면 미안하고 또 미안해
몽실아 언니는 올해 너를 처음만나서 지금까지 몽실이 덕분에 힘든순간도 이겨낼수 있었고 집오는게 즐거워졌어
쓸쓸하지도 외롭지도 않아.
몽실이를 올해에 못만났다면.. 상상조차도 안돼 
몽실이는 언니의 일부인만큼 소중하고 사랑하니까 
멍시리 오오래오~래 건강!해야돼!
몽실이 없으면 언니 잠도못자 ㅠㅠ
몽실이도 언니 없으면 안돼지?!
언니가 항상 몽실이 곁에 있으니까
잘먹고 잘싸고 잘자기만해!!!
실이 사랑해",2026-07-24,외출 강아지 밥,미상,,page,auto_feed,2026-09-28T14:53:24
youtube,https://www.youtube.com/watch?v=1BoFKVsHvZo&lc=UgzccFgiAqFcN7xtk_14AaABAg,a463685ab1e2293c,우리집 동물 가족 간식 시간! #동물 #강아지 #다람쥐 #앵무새 #햄스터일상 #동물원,상추=파프리카=주인장은 바보,2026-09-24,강아지 밥 시간,미상,,page,auto_feed,2026-09-28T14:53:28
youtube,https://www.youtube.com/watch?v=1BoFKVsHvZo&lc=UgxVXswIGv26NBDg3PR4AaABAg,23cc16043d124d53,우리집 동물 가족 간식 시간! #동물 #강아지 #다람쥐 #앵무새 #햄스터일상 #동물원,4.2 억회 ㄷㄷㄷㄷㄷ,2026-09-24,강아지 밥 시간,미상,,page,auto_feed,2026-09-28T14:53:28
youtube,https://www.youtube.com/watch?v=1BoFKVsHvZo&lc=Ugxqxu7CwrdPLF7OBS54AaABAg,ebf2e9d4d6439f25,우리집 동물 가족 간식 시간! #동물 #강아지 #다람쥐 #앵무새 #햄스터일상 #동물원,왕쿼카귀여워,2026-09-23,강아지 밥 시간,미상,,page,auto_feed,2026-09-28T14:53:28
youtube,https://www.youtube.com/watch?v=1BoFKVsHvZo&lc=UgwXNVTyIwjlWFnRnjJ4AaABAg,ab7cc97882999c12,우리집 동물 가족 간식 시간! #동물 #강아지 #다람쥐 #앵무새 #햄스터일상 #동물원,청설모는 뭐야 ㅋㅋ,2026-09-23,강아지 밥 시간,미상,,page,auto_feed,2026-09-28T14:53:28
youtube,https://www.youtube.com/watch?v=1BoFKVsHvZo&lc=UgyrTR9Unx-AuFz3TBV4AaABAg,f32b376bda1b5342,우리집 동물 가족 간식 시간! #동물 #강아지 #다람쥐 #앵무새 #햄스터일상 #동물원,집 동물원이세요,2026-09-13,강아지 밥 시간,미상,,page,auto_feed,2026-09-28T14:53:28
youtube,https://www.youtube.com/watch?v=1BoFKVsHvZo&lc=Ugw42jtRXJCcpnTHQDl4AaABAg,253dace5509f2214,우리집 동물 가족 간식 시간! #동물 #강아지 #다람쥐 #앵무새 #햄스터일상 #동물원,이거 원래 누구 영상인지 아시는분 알려주세요ㅠㅠㅠ,2026-09-05,강아지 밥 시간,미상,,page,auto_feed,2026-09-28T14:53:28
youtube,https://www.youtube.com/watch?v=1BoFKVsHvZo&lc=UgzLtuj9hT8JhOwWeQ94AaABAg,336d366ecd9610f5,우리집 동물 가족 간식 시간! #동물 #강아지 #다람쥐 #앵무새 #햄스터일상 #동물원,이 집은 동물원이냐?ㅋㅋ,2026-08-22,강아지 밥 시간,미상,,page,auto_feed,2026-09-28T14:53:28
youtube,https://www.youtube.com/watch?v=1BoFKVsHvZo&lc=UgxJN5amu-PCBOXY2Hp4AaABAg,fcee4bbad343f814,우리집 동물 가족 간식 시간! #동물 #강아지 #다람쥐 #앵무새 #햄스터일상 #동물원,다람쥐 도있네?,2026-08-21,강아지 밥 시간,미상,,page,auto_feed,2026-09-28T14:53:28
youtube,https://www.youtube.com/watch?v=1BoFKVsHvZo&lc=UgxAYcPrGxvwQrUVivF4AaABAg,5a8f535f189c28f8,우리집 동물 가족 간식 시간! #동물 #강아지 #다람쥐 #앵무새 #햄스터일상 #동물원,제발 불펌 좀,2026-08-21,강아지 밥 시간,미상,,page,auto_feed,2026-09-28T14:53:28
youtube,https://www.youtube.com/watch?v=1BoFKVsHvZo&lc=UgwrBoqv1jTY6rldG1F4AaABAg,665164d35255a470,우리집 동물 가족 간식 시간! #동물 #강아지 #다람쥐 #앵무새 #햄스터일상 #동물원,에? 새벽 2시에 차 밑에서 고양이 보는게 동물 보는거 아닌가요(?),2026-08-18,강아지 밥 시간,미상,,page,auto_feed,2026-09-28T14:53:28
youtube,https://www.youtube.com/watch?v=1BoFKVsHvZo&lc=Ugw9Q8VSs_0MyOc-H-B4AaABAg,76c276551a8de24e,우리집 동물 가족 간식 시간! #동물 #강아지 #다람쥐 #앵무새 #햄스터일상 #동물원,마지막 친추1시간거있으면나그것만게속볼수잇겠다 너무기여웡!!!❤❤,2026-08-18,강아지 밥 시간,미상,,page,auto_feed,2026-09-28T14:53:28
youtube,https://www.youtube.com/watch?v=1BoFKVsHvZo&lc=Ugzzbr4eNw-0YeiXGDx4AaABAg,e67d5c813764f2c0,우리집 동물 가족 간식 시간! #동물 #강아지 #다람쥐 #앵무새 #햄스터일상 #동물원,3,2026-08-17,강아지 밥 시간,미상,,page,auto_feed,2026-09-28T14:53:28
youtube,https://www.youtube.com/watch?v=1BoFKVsHvZo&lc=Ugw9udGAq_t2rVrxEfV4AaABAg,f4d1418adad3d826,우리집 동물 가족 간식 시간! #동물 #강아지 #다람쥐 #앵무새 #햄스터일상 #동물원,불펌해서 지영상인척하네,2026-08-17,강아지 밥 시간,미상,,page,auto_feed,2026-09-28T14:53:28
youtube,https://www.youtube.com/watch?v=1BoFKVsHvZo&lc=Ugyfj4L9032AzdSRbEN4AaABAg,06f2e8455521f166,우리집 동물 가족 간식 시간! #동물 #강아지 #다람쥐 #앵무새 #햄스터일상 #동물원,불펌해서 지영상인척하네,2026-08-17,강아지 밥 시간,미상,,page,auto_feed,2026-09-28T14:53:28
youtube,https://www.youtube.com/watch?v=1BoFKVsHvZo&lc=UgzeG24jSLHy6xaLfpB4AaABAg,301bc099c98fd7c1,우리집 동물 가족 간식 시간! #동물 #강아지 #다람쥐 #앵무새 #햄스터일상 #동물원,불펌해서 지영상인척하네,2026-08-17,강아지 밥 시간,미상,,page,auto_feed,2026-09-28T14:53:28
youtube,https://www.youtube.com/watch?v=1BoFKVsHvZo&lc=UgxMUGlv703jvpvgwON4AaABAg,11e4a1a3a46086b7,우리집 동물 가족 간식 시간! #동물 #강아지 #다람쥐 #앵무새 #햄스터일상 #동물원,불펌해서 지영상인척하네,2026-08-17,강아지 밥 시간,미상,,page,auto_feed,2026-09-28T14:53:28
youtube,https://www.youtube.com/watch?v=1BoFKVsHvZo&lc=UgxdU7EfVAxsuKYuREB4AaABAg,6a9773a2fd203dd3,우리집 동물 가족 간식 시간! #동물 #강아지 #다람쥐 #앵무새 #햄스터일상 #동물원,불펌해서 지영상인척하네,2026-08-17,강아지 밥 시간,미상,,page,auto_feed,2026-09-28T14:53:28
youtube,https://www.youtube.com/watch?v=1BoFKVsHvZo&lc=UgywoFJDPV6HdY6Z6CN4AaABAg,0dd5bca6ff39de84,우리집 동물 가족 간식 시간! #동물 #강아지 #다람쥐 #앵무새 #햄스터일상 #동물원,불펌해서 지영상인척하네,2026-08-17,강아지 밥 시간,미상,,page,auto_feed,2026-09-28T14:53:28
youtube,https://www.youtube.com/watch?v=1BoFKVsHvZo&lc=UgwAeEKPVAuG0pDDvwh4AaABAg,ce60c5f7f12bcfc1,우리집 동물 가족 간식 시간! #동물 #강아지 #다람쥐 #앵무새 #햄스터일상 #동물원,불펌해서 지영상인척하네,2026-08-17,강아지 밥 시간,미상,,page,auto_feed,2026-09-28T14:53:28
youtube,https://www.youtube.com/watch?v=1BoFKVsHvZo&lc=UgxLCA_QSzz5tGFfESR4AaABAg,b5901616cbc57439,우리집 동물 가족 간식 시간! #동물 #강아지 #다람쥐 #앵무새 #햄스터일상 #동물원,불펌해서 지영상인척하네,2026-08-17,강아지 밥 시간,미상,,page,auto_feed,2026-09-28T14:53:28
youtube,https://www.youtube.com/watch?v=1BoFKVsHvZo&lc=UgwxvCzAYgEdSnEH2aF4AaABAg,f92370967688e633,우리집 동물 가족 간식 시간! #동물 #강아지 #다람쥐 #앵무새 #햄스터일상 #동물원,불펌해서 지영상인척하네,2026-08-17,강아지 밥 시간,미상,,page,auto_feed,2026-09-28T14:53:28
youtube,https://www.youtube.com/watch?v=1BoFKVsHvZo&lc=Ugyyz8Y9ANX7OBPRk254AaABAg,fb6c5e8c926fdb32,우리집 동물 가족 간식 시간! #동물 #강아지 #다람쥐 #앵무새 #햄스터일상 #동물원,불펌해서 지영상인척하네,2026-08-17,강아지 밥 시간,미상,,page,auto_feed,2026-09-28T14:53:28
youtube,https://www.youtube.com/watch?v=1BoFKVsHvZo&lc=UgxcOJPoKyD96OXxf094AaABAg,2bd167ab5228e269,우리집 동물 가족 간식 시간! #동물 #강아지 #다람쥐 #앵무새 #햄스터일상 #동물원,불펌해서 지영상인척하네,2026-08-17,강아지 밥 시간,미상,,page,auto_feed,2026-09-28T14:53:28
youtube,https://www.youtube.com/watch?v=1BoFKVsHvZo&lc=Ugx0KNgZp4QVUojlyMR4AaABAg,ee397beeb0d56664,우리집 동물 가족 간식 시간! #동물 #강아지 #다람쥐 #앵무새 #햄스터일상 #동물원,불펌해서 지영상인척하네,2026-08-17,강아지 밥 시간,미상,,page,auto_feed,2026-09-28T14:53:28
youtube,https://www.youtube.com/watch?v=1BoFKVsHvZo&lc=UgwjBAeUe4jJxPQUQZZ4AaABAg,426383f225d4aca0,우리집 동물 가족 간식 시간! #동물 #강아지 #다람쥐 #앵무새 #햄스터일상 #동물원,불펌해서 지영상인척하네,2026-08-17,강아지 밥 시간,미상,,page,auto_feed,2026-09-28T14:53:28
youtube,https://www.youtube.com/watch?v=1BoFKVsHvZo&lc=UgzqGGUjZscn1IafF0J4AaABAg,af0fb3c561c7a15b,우리집 동물 가족 간식 시간! #동물 #강아지 #다람쥐 #앵무새 #햄스터일상 #동물원,불펌해서 지영상인척하네,2026-08-17,강아지 밥 시간,미상,,page,auto_feed,2026-09-28T14:53:28
youtube,https://www.youtube.com/watch?v=1BoFKVsHvZo&lc=Ugz4bG8GbpzEJZNnKPh4AaABAg,c78acc114e8674fa,우리집 동물 가족 간식 시간! #동물 #강아지 #다람쥐 #앵무새 #햄스터일상 #동물원,불펌해서 지영상인척하네,2026-08-17,강아지 밥 시간,미상,,page,auto_feed,2026-09-28T14:53:28
youtube,https://www.youtube.com/watch?v=1BoFKVsHvZo&lc=Ugxkb8GpUiJB_KGAb2l4AaABAg,4e51fe0127ae935c,우리집 동물 가족 간식 시간! #동물 #강아지 #다람쥐 #앵무새 #햄스터일상 #동물원,불펌해서 지영상인척하네,2026-08-17,강아지 밥 시간,미상,,page,auto_feed,2026-09-28T14:53:28
youtube,https://www.youtube.com/watch?v=1BoFKVsHvZo&lc=Ugw2h02Hq3qwlvgh1mh4AaABAg,d83bec9586623056,우리집 동물 가족 간식 시간! #동물 #강아지 #다람쥐 #앵무새 #햄스터일상 #동물원,불펌해서 지영상인척하네,2026-08-17,강아지 밥 시간,미상,,page,auto_feed,2026-09-28T14:53:28
youtube,https://www.youtube.com/watch?v=1BoFKVsHvZo&lc=UgyWl-Nyv0rN9Y9Ys6d4AaABAg,ae7f6c3383e67b7f,우리집 동물 가족 간식 시간! #동물 #강아지 #다람쥐 #앵무새 #햄스터일상 #동물원,ㅈ,2026-08-17,강아지 밥 시간,미상,,page,auto_feed,2026-09-28T14:53:28
youtube,https://www.youtube.com/watch?v=1BoFKVsHvZo&lc=UgxwbodUaKSj-yW6R9B4AaABAg,0749d3e960171c03,우리집 동물 가족 간식 시간! #동물 #강아지 #다람쥐 #앵무새 #햄스터일상 #동물원,불펌해서 지영상인척하네,2026-08-17,강아지 밥 시간,미상,,page,auto_feed,2026-09-28T14:53:28
youtube,https://www.youtube.com/watch?v=1BoFKVsHvZo&lc=UgzKSs-f8ZAFQWMkfFN4AaABAg,4646f06727e23da0,우리집 동물 가족 간식 시간! #동물 #강아지 #다람쥐 #앵무새 #햄스터일상 #동물원,불펌해서 지영상인척하네,2026-08-17,강아지 밥 시간,미상,,page,auto_feed,2026-09-28T14:53:28
youtube,https://www.youtube.com/watch?v=1BoFKVsHvZo&lc=UgwSo5ezlg91aijcx2d4AaABAg,1ccc802e9e4ec33e,우리집 동물 가족 간식 시간! #동물 #강아지 #다람쥐 #앵무새 #햄스터일상 #동물원,불펌해서 지영상인척하네,2026-08-17,강아지 밥 시간,미상,,page,auto_feed,2026-09-28T14:53:28
youtube,https://www.youtube.com/watch?v=1BoFKVsHvZo&lc=UgzbQ3mM40fiYCmAlxd4AaABAg,d32d92cc09e057ed,우리집 동물 가족 간식 시간! #동물 #강아지 #다람쥐 #앵무새 #햄스터일상 #동물원,불펌해서 지영상인척하네,2026-08-17,강아지 밥 시간,미상,,page,auto_feed,2026-09-28T14:53:28
youtube,https://www.youtube.com/watch?v=1BoFKVsHvZo&lc=Ugwg1yzI5mXUzrf7T2R4AaABAg,d62dd22bb032a530,우리집 동물 가족 간식 시간! #동물 #강아지 #다람쥐 #앵무새 #햄스터일상 #동물원,불펌해서 지영상인척하네,2026-08-17,강아지 밥 시간,미상,,page,auto_feed,2026-09-28T14:53:28
youtube,https://www.youtube.com/watch?v=1BoFKVsHvZo&lc=UgwrgfiHLU03Y5b7LvN4AaABAg,2c5f754515000f5d,우리집 동물 가족 간식 시간! #동물 #강아지 #다람쥐 #앵무새 #햄스터일상 #동물원,불펌해서 지영상인척하네,2026-08-17,강아지 밥 시간,미상,,page,auto_feed,2026-09-28T14:53:28
youtube,https://www.youtube.com/watch?v=1BoFKVsHvZo&lc=UgxZ302DfXvlOhOxPE94AaABAg,9cb5d8aa43ed88f6,우리집 동물 가족 간식 시간! #동물 #강아지 #다람쥐 #앵무새 #햄스터일상 #동물원,우와!  동물원이당!,2026-08-14,강아지 밥 시간,미상,,page,auto_feed,2026-09-28T14:53:28
youtube,https://www.youtube.com/watch?v=1BoFKVsHvZo&lc=UgwdeKFhaSfq-O6fZwF4AaABAg,5678d678845d1f5f,우리집 동물 가족 간식 시간! #동물 #강아지 #다람쥐 #앵무새 #햄스터일상 #동물원,이거 다른사람 영상 퍼온거고 지네집 동물이라고 말하는거에요 중간에 위에 중국어 나와요,2026-08-14,강아지 밥 시간,미상,,page,auto_feed,2026-09-28T14:53:28
youtube,https://www.youtube.com/watch?v=1BoFKVsHvZo&lc=UgzISaHhs09-pFCbrOV4AaABAg,8e31441ad68076ea,우리집 동물 가족 간식 시간! #동물 #강아지 #다람쥐 #앵무새 #햄스터일상 #동물원,소리좋다,2026-08-12,강아지 밥 시간,미상,,page,auto_feed,2026-09-28T14:53:28
youtube,https://www.youtube.com/watch?v=1BoFKVsHvZo&lc=UgwYnb7qebP74O6T5Pd4AaABAg,6f813f2804dd27e2,우리집 동물 가족 간식 시간! #동물 #강아지 #다람쥐 #앵무새 #햄스터일상 #동물원,안힘드세요?❤화이팅!  애들이다 귀여워요🎉🎉,2026-08-08,강아지 밥 시간,미상,,page,auto_feed,2026-09-28T14:53:28
youtube,https://www.youtube.com/watch?v=1BoFKVsHvZo&lc=UgwpVXklOZ9Yst5hoTp4AaABAg,b8ce64b116859040,우리집 동물 가족 간식 시간! #동물 #강아지 #다람쥐 #앵무새 #햄스터일상 #동물원,집이 동물원이 되는 과정,2026-08-07,강아지 밥 시간,미상,,page,auto_feed,2026-09-28T14:53:28
youtube,https://www.youtube.com/watch?v=1BoFKVsHvZo&lc=UgwKZN_awCc6tnCFVuZ4AaABAg,1dd9e8893027d31e,우리집 동물 가족 간식 시간! #동물 #강아지 #다람쥐 #앵무새 #햄스터일상 #동물원,Ai에용? 어떡해 동물이 많넹!,2026-07-29,강아지 밥 시간,미상,,page,auto_feed,2026-09-28T14:53:28
youtube,https://www.youtube.com/watch?v=1BoFKVsHvZo&lc=UgxiharPFhKnuspq_D14AaABAg,17cabc93db7f3c72,우리집 동물 가족 간식 시간! #동물 #강아지 #다람쥐 #앵무새 #햄스터일상 #동물원,"왜케 동물들이 귀엽지?❤ 동물들이
귀엽다면
ㅜ
ㅜ
ㅜ",2026-07-25,강아지 밥 시간,미상,,page,auto_feed,2026-09-28T14:53:28
youtube,https://www.youtube.com/watch?v=1BoFKVsHvZo&lc=UgxjB-k7k54sz5FbPmR4AaABAg,1c51f5a58079b0f4,우리집 동물 가족 간식 시간! #동물 #강아지 #다람쥐 #앵무새 #햄스터일상 #동물원,이거 불펌 인데....,2026-07-16,강아지 밥 시간,미상,,page,auto_feed,2026-09-28T14:53:28
youtube,https://www.youtube.com/watch?v=1BoFKVsHvZo&lc=Ugz5C5j06XkaCk2LHbJ4AaABAg,2b5e274daad8f5ae,우리집 동물 가족 간식 시간! #동물 #강아지 #다람쥐 #앵무새 #햄스터일상 #동물원,간식양 ggo la ji,2026-07-16,강아지 밥 시간,미상,,page,auto_feed,2026-09-28T14:53:28
youtube,https://www.youtube.com/watch?v=1BoFKVsHvZo&lc=UgyPs9il8m1W27B7Q8p4AaABAg,6b37e6a9697a8245,우리집 동물 가족 간식 시간! #동물 #강아지 #다람쥐 #앵무새 #햄스터일상 #동물원,큰동물원은인기가많지만짝은동물원은인기가없어요,2026-07-12,강아지 밥 시간,미상,,page,auto_feed,2026-09-28T14:53:28
youtube,https://www.youtube.com/watch?v=1BoFKVsHvZo&lc=Ugxs9pJOwYvdNB0ed_94AaABAg,705302a19c004d66,우리집 동물 가족 간식 시간! #동물 #강아지 #다람쥐 #앵무새 #햄스터일상 #동물원,❤,2026-07-08,강아지 밥 시간,미상,,page,auto_feed,2026-09-28T14:53:28
youtube,https://www.youtube.com/watch?v=exHt7SvmMIM&lc=UgwgLct7O_hvRayRXix4AaABAg,e6db1ed33d0cda15,강아지에게 하루 사료를 몇번 주는게 좋을까?,사람처럼 강아지도 자기전에 사료먹으면 소화하기 힘들까요??,2025-12-10,강아지 하루 급여 횟수,미상,,page,auto_feed,2026-09-28T14:53:56
youtube,https://www.youtube.com/watch?v=exHt7SvmMIM&lc=UgznndXVroc1eUuVdw14AaABAg,842cd6e393681300,강아지에게 하루 사료를 몇번 주는게 좋을까?,그 어떤 사료도 잘 안먹습니다. 사람이 먹는 음식들 특히 고기만을 좋아합니다. 그것도 똑같은걸 몇번주면 안먹습니다. 사료를 주고 배가고프면 먹겠지 했는데도 먹질 않아요. 어떻게 해야할까요?,2025-11-12,강아지 하루 급여 횟수,미상,,page,auto_feed,2026-09-28T14:53:56
youtube,https://www.youtube.com/watch?v=Ic73K_vKCpM&lc=UgwdzgIPWmBuegYpgtl4AaABAg,45cf20a72a5d3bd4,반려견은 먹이를 하루에 몇번 줘야 할까요?,14키로중견3살사료양  궁금해요?,2026-05-05,강아지 하루 급여 횟수,미상,,page,auto_feed,2026-09-28T14:53:56
youtube,https://www.youtube.com/watch?v=Ic73K_vKCpM&lc=Ugzarz3281EE9p8YRsJ4AaABAg,d58db7b3eb060f26,반려견은 먹이를 하루에 몇번 줘야 할까요?,우리 브라우니 2 - 3 주 맞길수 있을까여 6.5k 중 성화수술 완료 착해여 밖 에 많이 나가여 많이 뛰어 여 소 대변은 절대 밖에서 만 - 어데 맞겨야돌까여! 고맙습니다 강통령님,2026-04-09,강아지 하루 급여 횟수,미상,,page,auto_feed,2026-09-28T14:53:56
youtube,https://www.youtube.com/watch?v=Ic73K_vKCpM&lc=UgwAAiOfY0uh89l87wt4AaABAg,a049989b5c394e6a,반려견은 먹이를 하루에 몇번 줘야 할까요?,우리개는 노견인데 지가 하루에 안끼만 먹어요 😢 아침에 주면 안먹고 대부분 저녁에만 먹어요..,2025-12-13,강아지 하루 급여 횟수,미상,,page,auto_feed,2026-09-28T14:53:56
youtube,https://www.youtube.com/watch?v=Ic73K_vKCpM&lc=Ugx4ocBIOnWbOSCl9hR4AaABAg,95fb8285305874a1,반려견은 먹이를 하루에 몇번 줘야 할까요?,몇번을 들어도 너무너무 최고의 강형욱 훈련사님 🎉🎉🎉🎉🎉🎉🎉🎉🎉🎉🎉🎉🎉🎉🎉🎉🎉,2025-12-02,강아지 하루 급여 횟수,미상,,page,auto_feed,2026-09-28T14:53:56
youtube,https://www.youtube.com/watch?v=Ic73K_vKCpM&lc=Ugy24wPsoa4h3mZf_GJ4AaABAg,d290e046f12327c3,반려견은 먹이를 하루에 몇번 줘야 할까요?,최고의 개대통령 🎉🎉🎉🎉🎉,2025-12-02,강아지 하루 급여 횟수,미상,,page,auto_feed,2026-09-28T14:53:56
youtube,https://www.youtube.com/watch?v=Ic73K_vKCpM&lc=Ugxf5LoTPXNY_EpON-N4AaABAg,8e4c9ea4b37bcf2f,반려견은 먹이를 하루에 몇번 줘야 할까요?,"강훈련사님  완전 찐 팬입니다
레오 잘있겠죠",2025-10-12,강아지 하루 급여 횟수,미상,,page,auto_feed,2026-09-28T14:53:56
youtube,https://www.youtube.com/watch?v=sWaCOvxT--A&lc=UgzHxiviIyBfdq0TBil4AaABAg,ac9dfb001b596d1c,강아지 사료에 숨겨진 놀라운 진실 (꼭 확인해주세요),"의사쌤이 강아지 장수 원하면
질좋은 사료 맞는거 찾아서
비싸도 맛을 로테이션 해가며 사료만. 먹이고 간식 주지않고 물자주 마시게 하고 적당한 산책 하면 장수한댔어요",2026-09-08,강아지 하루 급여 횟수,미상,,page,auto_feed,2026-09-28T14:53:56
youtube,https://www.youtube.com/watch?v=sWaCOvxT--A&lc=UgyIep2tuww4CyzFb4l4AaABAg,d0fabebf8aa29b1e,강아지 사료에 숨겨진 놀라운 진실 (꼭 확인해주세요),광고가 뭐라고 진짜 너무하다....,2026-09-08,강아지 하루 급여 횟수,미상,,page,auto_feed,2026-09-28T14:53:56
youtube,https://www.youtube.com/watch?v=sWaCOvxT--A&lc=Ugy-emQFtfPO3anCTDl4AaABAg,48be23401277e0dd,강아지 사료에 숨겨진 놀라운 진실 (꼭 확인해주세요),건사료에 수분이 없다 ㅋㅋㅋㅋㅋㅋㅋㅋㅋㅋㅋ,2026-07-28,강아지 하루 급여 횟수,건사료,,page,auto_feed,2026-09-28T14:53:56
youtube,https://www.youtube.com/watch?v=sWaCOvxT--A&lc=Ugxa-Kq6rhY2eoAxnB14AaABAg,0eec8eac65639a28,강아지 사료에 숨겨진 놀라운 진실 (꼭 확인해주세요),화식을 섞어주면 앞으로 화식섞어준 밥만 찾고 그냥 사료는 안 먹어서 굶겨야 돼요 😭,2026-06-20,강아지 하루 급여 횟수,화식,,page,auto_feed,2026-09-28T14:53:56
youtube,https://www.youtube.com/watch?v=sWaCOvxT--A&lc=UgxUR5-xfZ6kZjCntvh4AaABAg,67ec484a3f5c86e4,강아지 사료에 숨겨진 놀라운 진실 (꼭 확인해주세요),"저건 완전 마케팅용 쇼츠, 습식사료는 탄수화물이 너무 많고 단백질이 모자릅니다, 그나마 단백질은 골육분으로 정체모를 육고기 갈은겁니다, 그냥 건사료 단백질비율 높고 기호성이 좋은거 골라서 그것만 주는게 더 좋습니다",2026-06-07,강아지 하루 급여 횟수,건사료,,page,auto_feed,2026-09-28T14:53:56
youtube,https://www.youtube.com/watch?v=sWaCOvxT--A&lc=UgzJKe9PnCWtGpUP3z94AaABAg,23828ad4eeeadd8a,강아지 사료에 숨겨진 놀라운 진실 (꼭 확인해주세요),건사료랑 습식은 소화하는 시간이 달라서 같이 먹이면 안된다던디.. ㅋㅋ,2026-05-16,강아지 하루 급여 횟수,건사료,,page,auto_feed,2026-09-28T14:53:56
youtube,https://www.youtube.com/watch?v=sWaCOvxT--A&lc=UgxB8jHQ2rMF7_hHJsZ4AaABAg,f3a0f2b816e256d6,강아지 사료에 숨겨진 놀라운 진실 (꼭 확인해주세요),뜨거운물  섞어주면 잘ㅇ석는데?,2026-02-23,강아지 하루 급여 횟수,미상,,page,auto_feed,2026-09-28T14:53:56
youtube,https://www.youtube.com/watch?v=sWaCOvxT--A&lc=UgxeabRJcR27R_eER8J4AaABAg,12ad566d62956364,강아지 사료에 숨겨진 놀라운 진실 (꼭 확인해주세요),푸우가 휴먼하고 섞어먹는사료는무엇인가요?,2026-02-03,강아지 하루 급여 횟수,미상,,page,auto_feed,2026-09-28T14:53:56
youtube,https://www.youtube.com/watch?v=sWaCOvxT--A&lc=UgxsgZtI997rZWuyIWd4AaABAg,e9b684f2300f97d3,강아지 사료에 숨겨진 놀라운 진실 (꼭 확인해주세요),습식먹이면서 매일 양치하니까 치석 안생겨요,2026-01-07,강아지 하루 급여 횟수,미상,,page,auto_feed,2026-09-28T14:53:56
youtube,https://www.youtube.com/watch?v=sWaCOvxT--A&lc=UgzzE-LThgP9OwYeqeh4AaABAg,febf600c392ecc8d,강아지 사료에 숨겨진 놀라운 진실 (꼭 확인해주세요),섞어줘도 매일 양치하면 괜찮아요,2026-01-07,강아지 하루 급여 횟수,미상,,page,auto_feed,2026-09-28T14:53:56
youtube,https://www.youtube.com/watch?v=sWaCOvxT--A&lc=Ugw_91i78LH9CTBifIV4AaABAg,ae4448870a4fe407,강아지 사료에 숨겨진 놀라운 진실 (꼭 확인해주세요),사료 어떤거 쓰세요??,2025-12-22,강아지 하루 급여 횟수,미상,,page,auto_feed,2026-09-28T14:53:56
youtube,https://www.youtube.com/watch?v=sWaCOvxT--A&lc=UgweCT3jWtSc8go9iPh4AaABAg,3f525a221b477137,강아지 사료에 숨겨진 놀라운 진실 (꼭 확인해주세요),ㅗ,2025-12-10,강아지 하루 급여 횟수,미상,,page,auto_feed,2026-09-28T14:53:56
youtube,https://www.youtube.com/watch?v=sWaCOvxT--A&lc=UgwFFcqKiMbh4yl9MZN4AaABAg,4836588a99ea53a2,강아지 사료에 숨겨진 놀라운 진실 (꼭 확인해주세요),목이 마르면...물을 먹는 것이 본능. 일부러 이레저레 관리하는 것은 과유불급입니다.,2025-12-06,강아지 하루 급여 횟수,미상,,page,auto_feed,2026-09-28T14:53:56
youtube,https://www.youtube.com/watch?v=sWaCOvxT--A&lc=UgwHnRgTRHK1XqivNRR4AaABAg,9b71bc5e0b67d0d2,강아지 사료에 숨겨진 놀라운 진실 (꼭 확인해주세요),의사선생님들은사료만먹이라고하던데요 특히 피부안좋은아이들은요,2025-12-05,강아지 하루 급여 횟수,미상,,page,auto_feed,2026-09-28T14:53:56
youtube,https://www.youtube.com/watch?v=sWaCOvxT--A&lc=UgxrW55Tql3GLK6Hz514AaABAg,2e0cf4244b2ccb6c,강아지 사료에 숨겨진 놀라운 진실 (꼭 확인해주세요),"화식 먹이세요.
이 세상에는 음식 한 두개로 살 수 있게 끔 하는 만능 음식은 없음.",2025-12-01,강아지 하루 급여 횟수,화식,,page,auto_feed,2026-09-28T14:53:56
youtube,https://www.youtube.com/watch?v=sWaCOvxT--A&lc=Ugw__tV3509f3Adc8vR4AaABAg,e55e825c369c3f62,강아지 사료에 숨겨진 놀라운 진실 (꼭 확인해주세요),공복토 잘하는 아이들 습식사료 주면 좋습니다,2025-11-18,강아지 하루 급여 횟수,미상,,page,auto_feed,2026-09-28T14:53:56
youtube,https://www.youtube.com/watch?v=sWaCOvxT--A&lc=Ugyu724IlSy7mMXuSYN4AaABAg,78cdebd6af30771d,강아지 사료에 숨겨진 놀라운 진실 (꼭 확인해주세요),대부분의 개들은 건식 사료 안 먹게 됨.,2025-11-17,강아지 하루 급여 횟수,미상,,page,auto_feed,2026-09-28T14:53:56
youtube,https://www.youtube.com/watch?v=sWaCOvxT--A&lc=Ugyi9POjwFOk5QOt0OV4AaABAg,e53a391bc012f6a9,강아지 사료에 숨겨진 놀라운 진실 (꼭 확인해주세요),이건 좀 아닌데,2025-11-10,강아지 하루 급여 횟수,미상,,page,auto_feed,2026-09-28T14:53:56
youtube,https://www.youtube.com/watch?v=sWaCOvxT--A&lc=UgwwUZ0Cnax_V-Vp6j94AaABAg,02d13b9c79474621,강아지 사료에 숨겨진 놀라운 진실 (꼭 확인해주세요),뭐여.... 저번에 수의사님 나왔을때는 큰일난다고 얘기안했잖아영.......,2025-11-06,강아지 하루 급여 횟수,미상,,page,auto_feed,2026-09-28T14:53:56
youtube,https://www.youtube.com/watch?v=sWaCOvxT--A&lc=UgxwRLzIg8nOqnUeTmp4AaABAg,657b345d2d6e61dd,강아지 사료에 숨겨진 놀라운 진실 (꼭 확인해주세요),울 강아지는 물귀신,2025-11-06,강아지 하루 급여 횟수,미상,,page,auto_feed,2026-09-28T14:53:56
youtube,https://www.youtube.com/watch?v=sWaCOvxT--A&lc=UgzdZ1ag1QVD863wjxd4AaABAg,59db28377e08df86,강아지 사료에 숨겨진 놀라운 진실 (꼭 확인해주세요),그냥 뇌피셜을 싸는수준이네...,2025-11-03,강아지 하루 급여 횟수,미상,,page,auto_feed,2026-09-28T14:53:56
youtube,https://www.youtube.com/watch?v=sWaCOvxT--A&lc=UgxNNnb1sOcT4dogoYR4AaABAg,71e5ddb6f3b68822,강아지 사료에 숨겨진 놀라운 진실 (꼭 확인해주세요),이사람은 맨날 광고..어그로...,2025-10-31,강아지 하루 급여 횟수,미상,,page,auto_feed,2026-09-28T14:53:56
youtube,https://www.youtube.com/watch?v=sWaCOvxT--A&lc=UgwIf9_eZQM1ZeZ8UAR4AaABAg,58f5d2ba0ac7f76d,강아지 사료에 숨겨진 놀라운 진실 (꼭 확인해주세요),"알러지 있는애는
습식사료를  석어주어도
가려움증 없다면
따라해보고픈데ㅜㅜㅠ",2025-10-29,강아지 하루 급여 횟수,미상,,page,auto_feed,2026-09-28T14:53:56
youtube,https://www.youtube.com/watch?v=sWaCOvxT--A&lc=UgxQ0XKJ9lSQH8TAwoZ4AaABAg,0eb4914376b4118e,강아지 사료에 숨겨진 놀라운 진실 (꼭 확인해주세요),인간에게 평생  콘후레이크나   최민식처럼 만두만 먹고 살라는거와 다를바 없어보임. ㅎ,2025-10-28,강아지 하루 급여 횟수,미상,,page,auto_feed,2026-09-28T14:53:56
youtube,https://www.youtube.com/watch?v=sWaCOvxT--A&lc=UgzBAGpIfmhbExLQ-Pl4AaABAg,665b573a269a3b3e,강아지 사료에 숨겨진 놀라운 진실 (꼭 확인해주세요),저도 화식은 치석땜에 망설여지고 맛난거 섞어주니 그다음부턴 밥투정을 해서 이젠 딱 사료만주고있어요😅,2025-10-24,강아지 하루 급여 횟수,화식,,page,auto_feed,2026-09-28T14:53:56
youtube,https://www.youtube.com/watch?v=sWaCOvxT--A&lc=UgxrjM3cW1EG6dJIALd4AaABAg,00273ebf9b7945a3,강아지 사료에 숨겨진 놀라운 진실 (꼭 확인해주세요),"쉽게 말해서 
씨리얼이랑 참치캔만 주는 꼴임. 
이걸 주식으로하게 좋겠냐?",2025-10-24,강아지 하루 급여 횟수,미상,,page,auto_feed,2026-09-28T14:53:56
youtube,https://www.youtube.com/watch?v=sWaCOvxT--A&lc=Ugx-JjaRTMqTv1PTfiR4AaABAg,e2206f84bb6cea3f,강아지 사료에 숨겨진 놀라운 진실 (꼭 확인해주세요),"과일 도적당히   오이   배   감 조금씩  ㆍ인삼엑 키스조금  흙염소 진액 조금 
맥문동 조금 고기는  기름없이조금  뼈건가위해서",2025-10-23,강아지 하루 급여 횟수,미상,,page,auto_feed,2026-09-28T14:53:56
youtube,https://www.youtube.com/watch?v=sWaCOvxT--A&lc=Ugw07VkPC00-y_rCWtl4AaABAg,659cac1d232b6d90,강아지 사료에 숨겨진 놀라운 진실 (꼭 확인해주세요),저래주면 계속 저렇게 줘야됨 ㅋ 물 계속 갈아주고 과일도 먹여주면 됩니다,2025-10-20,강아지 하루 급여 횟수,미상,,page,auto_feed,2026-09-28T14:53:56
youtube,https://www.youtube.com/watch?v=sWaCOvxT--A&lc=UgybpRbX-rAQYUC_N454AaABAg,3e47bdec795e4175,강아지 사료에 숨겨진 놀라운 진실 (꼭 확인해주세요),닭가슴살 삶고 갈아서 얼음트레이에 얼렸다가 하나씩 해동해서 사료에 섞어주는데 따로 줘야되나요?,2025-10-09,강아지 하루 급여 횟수,미상,,page,auto_feed,2026-09-28T14:53:56
youtube,https://www.youtube.com/watch?v=sWaCOvxT--A&lc=UgwR9clYHeOa7HiI0OF4AaABAg,d4bc64ba5a07f73b,강아지 사료에 숨겨진 놀라운 진실 (꼭 확인해주세요),울 애는 화식만 먹이는데 이빨 엄청 깨끗해요 수의사도 인정한 정도입니다 포켄스 덴탈껌 매일 먹여서 그런듯,2025-10-01,강아지 하루 급여 횟수,화식,,page,auto_feed,2026-09-28T14:53:56
youtube,https://www.youtube.com/watch?v=iQCYL4_57q0&lc=UgzpEs_sOJeRGPi48tl4AaABAg,a5ef7e5f947420d0,강아지 설사 하는 이유와 대처법 | 설채현 행동학 수의사,"지아이핏을 매일 먹이고있고 또 주문해서 먹이고 있어요. 매일 먹여도 되는건가요?

변은 완벽하지읺고 와사비(?) 튜브에서 짜낸듯이 물러요. 케찹정도는 아니지만…",2026-08-17,강아지 과식,미상,,page,auto_feed,2026-09-28T14:54:13
youtube,https://www.youtube.com/watch?v=iQCYL4_57q0&lc=Ugzmt3y8DZqYk9_hhxJ4AaABAg,cf63bf9f7b677c4b,강아지 설사 하는 이유와 대처법 | 설채현 행동학 수의사,"저는 포메라니안 1.7킬로 3살 아이와
함께 하는 중인데 
배에서 계속 복명음 들리고 토하고
심한 혈변을 보는걸 자주했었어요. 
너무.걱정스럽고 식이를 바꿔주기도 하고 유산균 먹이고 혹시몰라서 비피더스 유산균으로 바꿔서도 먹이고.병원에 가서 약도 타서 먹이고 이리저리 많이 노력했는데도 
나아지지 않았었습니다.
결론부터 말씀드릴게요. ㅋ
저는.완벽하게 고쳤어요. 
설사할때 유산균 먹이면 안되더라구요.
소화효소 아시죠? ㅋ
식사 할때마다 소화효소를 조금씩 뿌려 줬습니다. 
그 후로는 설사 구토를 안하고 
복명음도 전혀 안들립니다.
2년동안 병원도 다니고 돈많이 들고 고생하던걸 이젠 졸업했습니다.

너무 행복하답니다.
일단 소화효소 한번 뿌려줘보세요.

사람이 먹는건 자일리톨이 들어있더라구요 ㅜㅜ
자일리톨.없는거 꼭 확인하세요",2026-08-16,강아지 과식,미상,,page,auto_feed,2026-09-28T14:54:13
youtube,https://www.youtube.com/watch?v=iQCYL4_57q0&lc=UgzNFXf5nF-xkBKEsnx4AaABAg,7d9d344725c90236,강아지 설사 하는 이유와 대처법 | 설채현 행동학 수의사,강아지곱똥약,2026-08-10,강아지 과식,미상,,page,auto_feed,2026-09-28T14:54:13
youtube,https://www.youtube.com/watch?v=iQCYL4_57q0&lc=UgxZkgiB9Eq8zjKYni14AaABAg,9bd40817299fc0b9,강아지 설사 하는 이유와 대처법 | 설채현 행동학 수의사,우리   아이가    너무  잘  놀라고  겁이   많은데    어떻게   해야  될까요   좀 심하거든요,2026-08-07,강아지 과식,미상,,page,auto_feed,2026-09-28T14:54:13
youtube,https://www.youtube.com/watch?v=iQCYL4_57q0&lc=UgyAiyGWI1biOYcqfzp4AaABAg,c5670ce9b61e4aa4,강아지 설사 하는 이유와 대처법 | 설채현 행동학 수의사,선생님   안녕마세요,2026-08-07,강아지 과식,미상,,page,auto_feed,2026-09-28T14:54:13
youtube,https://www.youtube.com/watch?v=iQCYL4_57q0&lc=UgwGAQaGB3lvilh998h4AaABAg,6bf6ee6f7b96a1a7,강아지 설사 하는 이유와 대처법 | 설채현 행동학 수의사,역시설채현선생님  이십니다   설채현원장님  자주동영상봅니다 우리애기즐에게  도움 많이되고있어요  항상  좋은 정보    좋은 말씀 감사드립니다   아가들이 말을못하니  사람들이 체크잘행ᆢ할것같아요  울설채현 선생님  감사합니다  ❤❤❤,2026-07-25,강아지 과식,미상,,page,auto_feed,2026-09-28T14:54:13
youtube,https://www.youtube.com/watch?v=iQCYL4_57q0&lc=UgwyqFHMMIqRB5s3PQl4AaABAg,0eaa9abf7be44644,강아지 설사 하는 이유와 대처법 | 설채현 행동학 수의사,"예전에 강아지 사료 파는 회사에서 일 했는데요. 
강아지 토하고 설사했다고 전화 오는 경우 80퍼센트 이상이 10세 이상 노견 이였습니다. 강아지가 나이 들어 건강이 안 좋아진건데 사료가 문제가 있다고 뭐라하면 어쩌라는 건지 모르겠네요",2026-06-24,강아지 과식,미상,,page,auto_feed,2026-09-28T14:54:13
youtube,https://www.youtube.com/watch?v=iQCYL4_57q0&lc=UgwBIFe2DEz37_RDEqx4AaABAg,6f42679c468de10f,강아지 설사 하는 이유와 대처법 | 설채현 행동학 수의사,"1살 정도 됐는데 최근 짙은 갈색의 설사를 계속 하고 구토도 하길래 병원 가서 복부 초음파를 했어요.

가스가 가득 차 있고 맹장?쪽으로도 음식물이 있어 금식과 약 처방 받고 나아졌던 기억이 있네요ㅠ

산책하며 뭔가를 먹었을 가능성이 젤 크다고 했어요",2026-06-07,강아지 과식,미상,,page,auto_feed,2026-09-28T14:54:13
youtube,https://www.youtube.com/watch?v=iQCYL4_57q0&lc=Ugwds5yzg89FpLXcoh94AaABAg,9167e60fe61139f6,강아지 설사 하는 이유와 대처법 | 설채현 행동학 수의사,"설사는 병원가야하는거 아닌가요?
요새는  약이 발달한 모냥이군요",2026-05-28,강아지 과식,미상,,page,auto_feed,2026-09-28T14:54:13
youtube,https://www.youtube.com/watch?v=iQCYL4_57q0&lc=UgxNaEHOMpgMcCr51LN4AaABAg,d9940acc92dd214f,강아지 설사 하는 이유와 대처법 | 설채현 행동학 수의사,"우리 어린 강아지도 설사해서 탈수증세때문에 강아지응급실 다녀왔습니다ㅠㅠ
구충제를 아가때부터 먹여야하는건줄 모르고 예방접종만 해줬네요...",2026-05-27,강아지 과식,미상,,page,auto_feed,2026-09-28T14:54:13
youtube,https://www.youtube.com/watch?v=iQCYL4_57q0&lc=UgwzVDrXeTDmCd0bc914AaABAg,a9d1e4f85238f922,강아지 설사 하는 이유와 대처법 | 설채현 행동학 수의사,"저희 집 애기는 장 트러블 심해서 조금만 사료 바뀌거나 간식 잘못 먹으면 맨날 물설사 지려서 패드 닦을 때마다 가슴 찢어졌던 견주입니다.. 장 면역 세포 살려야 한대서 버틀랩 꾸준히 먹였는데, 진짜 신기하게 설사 뚝 끊기고 요즘 바나나똥만 예쁘게 싸요 ㅠㅠ 우리 애 생명의 은인임..",2026-05-22,강아지 과식,미상,,page,auto_feed,2026-09-28T14:54:13
youtube,https://www.youtube.com/watch?v=iQCYL4_57q0&lc=UgxheamAOqo3VRDNGll4AaABAg,d964dd6333c12ff4,강아지 설사 하는 이유와 대처법 | 설채현 행동학 수의사,"어제 아이가 갑자기 아침에 두번 물설사 하길래 걍 바로 병원가서 혈검, 엑스레이 다 찍고 수액맞고 단순장염 얘기듣고 왔네요. 그 전날 뭔가 의심되는걸 먹었으면 원인을 아니까 덜 걱정될텐디 평소랑 다를거없이 먹었는데 갑자기 그래서 어찌나 걱정이 되던지. 검사결과 다 정상이라 한시름놓고. 집에와서 밤을 무사히 잘 지내고 회복중이네요.
갑자기 더워졌는데 운동장갔다가 낮에 여기저기 다닌게 좀 스트레스였을까요...아님 혹시 거기서 뭘 주워먹었나 싶기도하고 ㅎ확실히 5살 미만일때 설사하는거랑 거의 8살되서 설사하는거랑 제가 마음이 너무 다르더라구요ㅜㅜ근데 진짜 알고리즘 뭐야 ㅎㅎ바로 이게 뜨다니 ㅎ",2026-05-19,강아지 과식,미상,,page,auto_feed,2026-09-28T14:54:13
youtube,https://www.youtube.com/watch?v=iQCYL4_57q0&lc=UgxSM0I2DcBLS4X0m094AaABAg,8b46c5170c48674c,강아지 설사 하는 이유와 대처법 | 설채현 행동학 수의사,"카나다 사는데, 혹시 배송 가능 한가요?",2026-05-18,강아지 과식,미상,,page,auto_feed,2026-09-28T14:54:13
youtube,https://www.youtube.com/watch?v=iQCYL4_57q0&lc=UgzJhLHeDi2wXRg9J-Z4AaABAg,c53e0f0813a6f795,강아지 설사 하는 이유와 대처법 | 설채현 행동학 수의사,점액 혈변으로 병원 갔는데 검사 없이 장염이라고 약도 위장약으로 주셨어요 하루 지나도 계속 출혈 있어서 폭풍 검색 중이네요 ㅜㅜ 검사 없이 그냥 장염에 혈변이 나는게 당연한건가여?,2026-05-03,강아지 과식,미상,,page,auto_feed,2026-09-28T14:54:13
youtube,https://www.youtube.com/watch?v=iQCYL4_57q0&lc=UgzkVralkLFMpgme3LJ4AaABAg,96a5b4435508792d,강아지 설사 하는 이유와 대처법 | 설채현 행동학 수의사,"진심, 설쌤은 노벨 도그상 드려야한다는 ❤",2026-03-16,강아지 과식,미상,,page,auto_feed,2026-09-28T14:54:13
youtube,https://www.youtube.com/watch?v=iQCYL4_57q0&lc=UgwrWoFHV_xDEPGrBGJ4AaABAg,a85f7e967714231a,강아지 설사 하는 이유와 대처법 | 설채현 행동학 수의사,"안녕하세요 
강아지 다이어트 간식과 사료 추천 부탁드립니다...",2026-02-20,강아지 과식,미상,,page,auto_feed,2026-09-28T14:54:13
youtube,https://www.youtube.com/watch?v=iQCYL4_57q0&lc=UgyjBzA-P8lNbAGcCYd4AaABAg,42952563e9cec6b8,강아지 설사 하는 이유와 대처법 | 설채현 행동학 수의사,bentonite clay 를 흰쌀 닭죽과 섞어 이틀정도 주면 스트레스로 인한 설싸는 잘나아요.,2026-02-01,강아지 과식,미상,,page,auto_feed,2026-09-28T14:54:13
youtube,https://www.youtube.com/watch?v=iQCYL4_57q0&lc=UgwA4M5O1Syg0Z_6HER4AaABAg,5fa65117f49b63a8,강아지 설사 하는 이유와 대처법 | 설채현 행동학 수의사,"요즘 사료를 잘안먹어서  병원에서  파는 젤리+믹스라는 간식을사서 사료에 섞어주었는데  새벽에 변을보고 깜짝놀랐어요.. 패드에 많은설사량 ㅠㅠ 젤리형설사도 나왔더라구요.. 피는 묻어나오지 않았어요~ 평소에 건강한 강아지였어요.. 변색은 정상적이에요~  원인이 무엇일까요?   어제 새벽에 설사하고, 아침에 또 조금 설사했네요.. 하루 지켜보고 병원가야되는지~ 걱정되네요....",2026-01-25,강아지 과식,미상,,page,auto_feed,2026-09-28T14:54:13
youtube,https://www.youtube.com/watch?v=iQCYL4_57q0&lc=UgwXRVis1bmAQYyjZ_Z4AaABAg,2d19be0388e9fe12,강아지 설사 하는 이유와 대처법 | 설채현 행동학 수의사,설선생님 우리강아지 12년된 푸들 입니다  작년부터 기침을하는데 동네병원에서 약을 먹어도 멈추지도안아서 이럴땐 어떡해야 하나요.?,2026-01-13,강아지 과식,미상,,page,auto_feed,2026-09-28T14:54:13
youtube,https://www.youtube.com/watch?v=iQCYL4_57q0&lc=Ugw1TFp08Hag5UF41HF4AaABAg,a3989e8e45c274fa,강아지 설사 하는 이유와 대처법 | 설채현 행동학 수의사,"갑자기 강아지가 죽었는데 피똥을. 싼후에. 죽어
있더라 구요?",2025-12-29,강아지 과식,미상,,page,auto_feed,2026-09-28T14:54:13
youtube,https://www.youtube.com/watch?v=iQCYL4_57q0&lc=UgxYbbp0qGjeasLCid14AaABAg,33e24833b8d343f8,강아지 설사 하는 이유와 대처법 | 설채현 행동학 수의사,감사합니다😊,2025-11-28,강아지 과식,미상,,page,auto_feed,2026-09-28T14:54:13
youtube,https://www.youtube.com/watch?v=iQCYL4_57q0&lc=Ugyj7vsGrgypWeb4NrZ4AaABAg,a3098512cf274903,강아지 설사 하는 이유와 대처법 | 설채현 행동학 수의사,요거 상비약말고 매일 먹여도 좋나요? 먹ㄱ고 좋아졌어서 그냥 매일 먹이고싶은데 ㅜㅜ,2025-10-28,강아지 과식,미상,,page,auto_feed,2026-09-28T14:54:13
youtube,https://www.youtube.com/watch?v=iQCYL4_57q0&lc=UgzeEi7oR3n97QsPTeV4AaABAg,c13b472d522d0b83,강아지 설사 하는 이유와 대처법 | 설채현 행동학 수의사,"선생님 지사제는 변이 어느정도 모양일때 멈추나요?
냥이가 2주가까이 복용중입니다 항생제랑요",2025-10-16,강아지 과식,미상,,page,auto_feed,2026-09-28T14:54:13
youtube,https://www.youtube.com/watch?v=iQCYL4_57q0&lc=UgztE4McHWGy-cVTH6t4AaABAg,20dc193b84680451,강아지 설사 하는 이유와 대처법 | 설채현 행동학 수의사,항상 좋은 정보 감사합니다 사진이나 시각적 자료가 있으면 더 보기 좋을거 같아요,2025-10-15,강아지 과식,미상,,page,auto_feed,2026-09-28T14:54:13
youtube,https://www.youtube.com/watch?v=iQCYL4_57q0&lc=UgxBo123xlT-0mn-AUN4AaABAg,d78e5b83c49783b2,강아지 설사 하는 이유와 대처법 | 설채현 행동학 수의사,"6살 말티즈 아가들과 뉴욕에서 살고있는데 이번 서울 다녀오면서 바이레프 바이플라그 프로바이오캡슐을 사와서 먹이기 시작했는데 설사를 계속하는데 먹다보면 괜챦아 질까요? 세아이중 한아이만 심하게 설사를 하네요.., 일년 먹을양을 사왔는데 어쩌야할지 ㅜㅜ",2025-09-29,강아지 과식,미상,,page,auto_feed,2026-09-28T14:54:13
youtube,https://www.youtube.com/watch?v=1VNQmBDl2QU&lc=Ugx7pj_aH1g5LQtVwWR4AaABAg,ec09a084c160263f,🔽강아지 췌장염 증상 & 예방법🔽 #강아지,이 영상이 뜸으로써 원래 지식을 몰랐던 사람들이 배워가고 원래 알던 사람들은 한 번 더 배워가는거죠 알던 지식이면 어때요 복붙하면 어때요 그냥 견주분들이 심심할때 쇼츠 넘기다가 잠깐이라도 알았으면 하는 마음이실 수도 있는데 섣불리 판단하지 맙시다!,2026-08-03,강아지 과식,미상,,page,auto_feed,2026-09-28T14:54:13
youtube,https://www.youtube.com/watch?v=1VNQmBDl2QU&lc=Ugyx0_bFW4vOQj9TRZx4AaABAg,780ff12b6beb3c6e,🔽강아지 췌장염 증상 & 예방법🔽 #강아지,코코냐도어ㅑ야,2026-07-27,강아지 과식,미상,,page,auto_feed,2026-09-28T14:54:13
youtube,https://www.youtube.com/watch?v=1VNQmBDl2QU&lc=UgzU75isfysP_RF0EBl4AaABAg,079078e7f6ab2fca,🔽강아지 췌장염 증상 & 예방법🔽 #강아지,아직도 저런 행동을 보이나요?,2026-07-08,강아지 과식,미상,,page,auto_feed,2026-09-28T14:54:13
youtube,https://www.youtube.com/watch?v=1VNQmBDl2QU&lc=UgynR54TTvs1VzxDRNl4AaABAg,8c9c16a6b80dfea3,🔽강아지 췌장염 증상 & 예방법🔽 #강아지,그럴거면 고정을해놓지 그래요?!,2026-04-26,강아지 과식,미상,,page,auto_feed,2026-09-28T14:54:13
youtube,https://www.youtube.com/watch?v=1VNQmBDl2QU&lc=UgzIrEpfoiVQFFCxpI94AaABAg,31ca0a30115b69e5,🔽강아지 췌장염 증상 & 예방법🔽 #강아지,아니 그래서 어딨는데요 어디에도 없잖아요,2026-04-26,강아지 과식,미상,,page,auto_feed,2026-09-28T14:54:13
youtube,https://www.youtube.com/watch?v=1VNQmBDl2QU&lc=UgycjiJmFoOoH4Gq0Bh4AaABAg,94c239a3475d4fd9,🔽강아지 췌장염 증상 & 예방법🔽 #강아지,",1 3",2026-02-28,강아지 과식,미상,,page,auto_feed,2026-09-28T14:54:13
youtube,https://www.youtube.com/watch?v=1VNQmBDl2QU&lc=UgycbRX93EZZOYUTQXt4AaABAg,b4ff74ba69327844,🔽강아지 췌장염 증상 & 예방법🔽 #강아지,우리 집 댕댕이가 장이 예민해서 사료를 쫌만 바꾸거나 이상이 있으면 곧장 설사를 했거든요ㅠㅠ 다행히 지인 추천받아 버틀랩 유산균 섞어준 뒤로는 변 상태도 넘 예쁘고 애가 활기차진 게 보여서 넘 뿌듯해요. 비만 예방에도 도움 된다길래 몸무게 관리 차원에서도 꾸준히 먹이고 있는데 애가 너무 잘 먹어줘서 다행이에요! ㅠㅠ,2026-01-06,강아지 과식,미상,,page,auto_feed,2026-09-28T14:54:13
youtube,https://www.youtube.com/watch?v=1VNQmBDl2QU&lc=UgzTWRpbxnx7u-TE7vh4AaABAg,ab1a1e9302f99496,🔽강아지 췌장염 증상 & 예방법🔽 #강아지,"애기들은 몸이  아프면
먹는거 거부한다
안조은  징조다",2025-10-18,강아지 과식,미상,,page,auto_feed,2026-09-28T14:54:13
youtube,https://www.youtube.com/watch?v=jeP3gxHzdDg&lc=UgxJS4xsJ0WAnIUwS0V4AaABAg,98f4ae4afb5b0283,식탐 때문에 밥을 빨리 먹는 반려견 어떻게 하죠?｜수밤라이브,"아하....걱정만 하고 있었는데 좋은거네요🎉🎉🎉🎉
감사합니다,   진짜 사료 넘 좋아해서 교육시키기 아주 좋아요
산책 자주 시키겠습니당❤❤❤❤❤",2026-04-16,강아지 과식,미상,,page,auto_feed,2026-09-28T14:54:13
youtube,https://www.youtube.com/watch?v=jeP3gxHzdDg&lc=UgxH1SLrkudQ0SWBnWd4AaABAg,72dee8ed55ed228c,식탐 때문에 밥을 빨리 먹는 반려견 어떻게 하죠?｜수밤라이브,조금전에 사료를 완전 못먹을 정도로 부어 줬더니 먹다가 이상 증상을 하는데 어떻하죠?,2025-12-15,강아지 과식,미상,,page,auto_feed,2026-09-28T14:54:13
youtube,https://www.youtube.com/watch?v=Qq-jEdDqgDo&lc=UgzpLBP5rSzE_J1rFD94AaABAg,eb31e1e74dc225bc,슬로우식기의 잘못된 사용법 | 강아지 먹방 ASMR,이때는 생각보다 느렸네요?,2026-06-05,강아지 과식,미상,,page,auto_feed,2026-09-28T14:54:13
youtube,https://www.youtube.com/watch?v=Qq-jEdDqgDo&lc=UgxB35hRa1yUjhH5idB4AaABAg,fb18901bb358f3c3,슬로우식기의 잘못된 사용법 | 강아지 먹방 ASMR,너도 먹고 싶다,2026-06-02,강아지 과식,미상,,page,auto_feed,2026-09-28T14:54:13
youtube,https://www.youtube.com/watch?v=Qq-jEdDqgDo&lc=UgxM3Z3EaCyAoQ58_PR4AaABAg,ce185f0ab5017c97,슬로우식기의 잘못된 사용법 | 강아지 먹방 ASMR,귀여워,2026-05-29,강아지 과식,미상,,page,auto_feed,2026-09-28T14:54:13
youtube,https://www.youtube.com/watch?v=Qq-jEdDqgDo&lc=Ugw72q7k9XC0MKu4Y9h4AaABAg,a6c12f47210182a2,슬로우식기의 잘못된 사용법 | 강아지 먹방 ASMR,너무너무 귀엽다 나는 저런거 못하는데…(어마가 동물 안됀다고 해서),2026-05-26,강아지 과식,미상,,page,auto_feed,2026-09-28T14:54:13
youtube,https://www.youtube.com/watch?v=Qq-jEdDqgDo&lc=UgwtBWhQOYGJKVZtY414AaABAg,2838560ea3fb6f3b,슬로우식기의 잘못된 사용법 | 강아지 먹방 ASMR,넘 귀옂습니디ㅠㅠ,2026-05-24,강아지 과식,미상,,page,auto_feed,2026-09-28T14:54:13
youtube,https://www.youtube.com/watch?v=Qq-jEdDqgDo&lc=UgyeV4jyz-OgfUZF_gt4AaABAg,169c281b0ee00e9e,슬로우식기의 잘못된 사용법 | 강아지 먹방 ASMR,"저기요;










너무 먹고 시퍼여…..😢",2026-05-23,강아지 과식,미상,,page,auto_feed,2026-09-28T14:54:13
youtube,https://www.youtube.com/watch?v=Qq-jEdDqgDo&lc=UgzdqSeYaXnuT1gF8OR4AaABAg,4f2d63f7309c4a4d,슬로우식기의 잘못된 사용법 | 강아지 먹방 ASMR,저렇게 빨리 잘 먹어도 살이 안찌는듯 ㄷ,2026-05-19,강아지 과식,미상,,page,auto_feed,2026-09-28T14:54:13
youtube,https://www.youtube.com/watch?v=Qq-jEdDqgDo&lc=UgzygmZd9wO87rcCsh94AaABAg,71def51648eda292,슬로우식기의 잘못된 사용법 | 강아지 먹방 ASMR,뭔가 에이아이 같음,2026-05-15,강아지 과식,미상,,page,auto_feed,2026-09-28T14:54:13
youtube,https://www.youtube.com/watch?v=Qq-jEdDqgDo&lc=UgxQO-A1O5yLKcm39iZ4AaABAg,261a73a40fb0cb75,슬로우식기의 잘못된 사용법 | 강아지 먹방 ASMR,저기 파란색 판 어디서 팔아요?,2026-05-13,강아지 과식,미상,,page,auto_feed,2026-09-28T14:54:13
youtube,https://www.youtube.com/watch?v=Qq-jEdDqgDo&lc=UgwydJ4q0Sevv32Veg54AaABAg,63b8ecebf9bf7827,슬로우식기의 잘못된 사용법 | 강아지 먹방 ASMR,그 혹시 뽀글이가 대형 푸들 인가요 ?,2026-05-11,강아지 과식,미상,,page,auto_feed,2026-09-28T14:54:13
youtube,https://www.youtube.com/watch?v=Qq-jEdDqgDo&lc=UgymmTkWnKUsxuh-h3B4AaABAg,a60cd165bc07e5e5,슬로우식기의 잘못된 사용법 | 강아지 먹방 ASMR,"거북이부적은 만드시는 건가요??
아니면 파는 건가요? 전부터 궁금했어요",2026-04-25,강아지 과식,미상,,page,auto_feed,2026-09-28T14:54:13
youtube,https://www.youtube.com/watch?v=Qq-jEdDqgDo&lc=UgxkvBgGDUBxhaT4RZp4AaABAg,a9399a95b73cc9ea,슬로우식기의 잘못된 사용법 | 강아지 먹방 ASMR,"요즘쇼츠에 건강하개님 따라하는 외국 유튜버있어요....
닉넴:@dindin.inparis",2026-04-24,강아지 과식,미상,,page,auto_feed,2026-09-28T14:54:13
youtube,https://www.youtube.com/watch?v=BOgD-e8u84k&lc=Ugx_uXXJZ3LJ62-zqPl4AaABAg,415ea6b524e6fe54,☝️☝️제품구매는 위 프로필에 링크를 누르고 들어간 후 1번이나 강아지 고양이 자동 급식기를 검색 해 주세요. 외출 걱정 없는 홈캠 펫 급식기 #자동급식기 #펫캠 #홈캠#애견용품,1인가구면 개를 키우지마라,2026-09-12,펫캠 급식기,미상,,page,auto_feed,2026-09-28T14:54:33
youtube,https://www.youtube.com/watch?v=eQSr09wMmy4&lc=UgwDwDOdzR2UcEgdVxp4AaABAg,ccad988124d1086c,애완동물 자동 급식기 집사의 삶이 향상 필수템 #자동급식기 #고양이 #강아지 #shorts,구매방법>프로필클릭>영어링크클릭>상품번호9번검색 자세한내용은 상세페이지 확인하세요😊,2025-10-22,펫캠 급식기,미상,,page,auto_feed,2026-09-28T14:54:33
youtube,https://www.youtube.com/watch?v=EEk5Uuxrh9w&lc=Ugxpx8Jyh-j3NUX059t4AaABAg,fef22b42200d381c,반려동물자동급식기 추천! 2025년 후회없는 선택! 역대급 초가성비 최신 인기제품Best10,"영상 속 반려동물자동급식기 구매링크:
https://link.coupang.com/a/c8eruc
이 포스팅은 쿠팡파트너스 활동의 일환으로, 이에 따른 일정액의 수수료를 제공받습니다.

1위 : 펫쭈 고양이 AI 자동급식기 강아지 360도 회전 카메라 반려동물 펫, 1개, 2.5L, 급식기 단품
가격 : 249,000원
링크 : https://link.coupang.com/a/c8eruc

2위 : THOUST 반려동물 자동급식기 대용량 4L 앱지원 강아지 고양이 스마트 급식기
가격 : 41,600원
링크 : https://link.coupang.com/a/c8erud

3위 : 크레스티 고양이 강아지 밥그릇 애견 고양이 급수기 반려동물 자동 급식기
가격 : 33,000원
링크 : https://link.coupang.com/a/c8erue

4위 : 헤이홈 강아지 고양이 스마트 펫 자동 급식기 CARE  |  펫캠 세트 홈캠 홈CCTV, 1개, 홈카메라 Egg 구성, 2.8L
가격 : 193,700원
링크 : https://link.coupang.com/a/c8erug

5위 : 로제코 3리터 강아지 고양이 반려동물 앱지원 자동급식기
가격 : 49,000원
링크 : https://link.coupang.com/a/c8eruj

6위 : 페키움 풀패키지 고양이 강아지 정수기 자동 급식기 음수대, 1세트
가격 : 139,900원
링크 : https://link.coupang.com/a/c8erum

7위 : 디클펫 반려동물 자동급식기 AT-310
가격 : 46,800원
링크 : https://link.coupang.com/a/c8eruo

8위 : 로제코 반려동물 자동 급식기 3L  |  급수기 2L 세트
가격 : 49,000원
링크 : https://link.coupang.com/a/c8erup

9위 : 크레스티 고양이 강아지 밥그릇 애견 고양이 급수기 반려동물 자동 급식기
가격 : 33,000원
링크 : https://link.coupang.com/a/c8eruq

10위 : 헤이홈 IoT 카메라 스마트 펫 자동급식기, 5L, 혼합색상, 1개
가격 : 129,000원
링크 : https://link.coupang.com/a/c8erur

감사합니다.",2025-11-27,펫캠 급식기,미상,,page,auto_feed,2026-09-28T14:54:33
youtube,https://www.youtube.com/watch?v=tdjqQ0nb2zQ&lc=Ugz3TVHrATOoRldn8_h4AaABAg,3ade159d10ee2fb0,16살 신부전 강아지 집 밥 만들어주는 영상,정말 대단해요😊,2026-08-22,생식 진공포장,미상,,page,vacuum,2026-09-28T14:54:42
youtube,https://www.youtube.com/watch?v=tdjqQ0nb2zQ&lc=UgzjzGsMF3vA_Uk4XTB4AaABAg,2a109b5d1a128e90,16살 신부전 강아지 집 밥 만들어주는 영상,와~~~ 진짜 정성이 대단하네요.,2026-08-22,생식 진공포장,미상,,page,vacuum,2026-09-28T14:54:42
youtube,https://www.youtube.com/watch?v=tdjqQ0nb2zQ&lc=Ugya8DW_H16Y38TW33J4AaABAg,e03ad217e56848fe,16살 신부전 강아지 집 밥 만들어주는 영상,이 정도는 해야 강아지 키울 수 있구나.. 포기해야겠당😊,2026-08-18,생식 진공포장,미상,,page,vacuum,2026-09-28T14:54:42
youtube,https://www.youtube.com/watch?v=tdjqQ0nb2zQ&lc=UgxKJDqZyxtEfeqcT094AaABAg,84e34c5d41fdb0c7,16살 신부전 강아지 집 밥 만들어주는 영상,레시피 알려주실 수 있으신지 궁금합니다ㅠㅠ!!,2026-08-15,생식 진공포장,미상,,page,vacuum,2026-09-28T14:54:42
youtube,https://www.youtube.com/watch?v=tdjqQ0nb2zQ&lc=Ugzvk1uG9tpNRQnX_a54AaABAg,896b757e7a245746,16살 신부전 강아지 집 밥 만들어주는 영상,너무 대단하신 것 같아ㅠㅠ,2026-08-15,생식 진공포장,미상,,page,vacuum,2026-09-28T14:54:42
youtube,https://www.youtube.com/watch?v=tdjqQ0nb2zQ&lc=UgxiJOiJst4UpxoaGQh4AaABAg,cd8a1f639f65261d,16살 신부전 강아지 집 밥 만들어주는 영상,((🥕)),2026-08-12,생식 진공포장,미상,,page,vacuum,2026-09-28T14:54:42
youtube,https://www.youtube.com/watch?v=tdjqQ0nb2zQ&lc=UgyiQU4MXrrCy7ubwPd4AaABAg,632ae41826d0e5c4,16살 신부전 강아지 집 밥 만들어주는 영상,목소리가 지읒같노,2026-08-11,생식 진공포장,미상,,page,vacuum,2026-09-28T14:54:42
youtube,https://www.youtube.com/watch?v=tdjqQ0nb2zQ&lc=UgypHqBTsTeIsoQzVit4AaABAg,3ae2ea4bcc2f1d39,16살 신부전 강아지 집 밥 만들어주는 영상,원래 요리쪽으로 직업이신 분이신가요? 오,2026-08-11,생식 진공포장,미상,,page,vacuum,2026-09-28T14:54:42
youtube,https://www.youtube.com/watch?v=tdjqQ0nb2zQ&lc=UgxWFU3hxZ0l6DenRz94AaABAg,812837147dbe6689,16살 신부전 강아지 집 밥 만들어주는 영상,"이 집 강아지들은 정말 주인 잘 만난것같아요.저렇게 강아지 밥을 하나하나 수제로 만드는게 보통 힘든 일이 아닐텐데,강아지를 위해서 이렇게 열심히 하시는 모습이 참 대단합니다.달이와 루카 모두 오래오래 행복하게 살기를 응원합니다!",2026-08-09,생식 진공포장,미상,,page,vacuum,2026-09-28T14:54:42
youtube,https://www.youtube.com/watch?v=tdjqQ0nb2zQ&lc=Ugz4JFhur5OpxuZ0pCZ4AaABAg,e519f46bf76817ec,16살 신부전 강아지 집 밥 만들어주는 영상,달이 먹는거 왜 없어여ㅠㅠ,2026-08-09,생식 진공포장,미상,,page,vacuum,2026-09-28T14:54:42
youtube,https://www.youtube.com/watch?v=tdjqQ0nb2zQ&lc=UgxMPHgh4P6EZxSS-x14AaABAg,1d62bb0ac32096f4,16살 신부전 강아지 집 밥 만들어주는 영상,정성이다 진짜..,2026-08-08,생식 진공포장,미상,,page,vacuum,2026-09-28T14:54:42
youtube,https://www.youtube.com/watch?v=tdjqQ0nb2zQ&lc=UgyAXHGpFLztvO1TUzB4AaABAg,745f282a3da64e61,16살 신부전 강아지 집 밥 만들어주는 영상,사랑이 느껴짐,2026-08-05,생식 진공포장,미상,,page,vacuum,2026-09-28T14:54:42
youtube,https://www.youtube.com/watch?v=tdjqQ0nb2zQ&lc=UgwVUiQ3vh_sgmahbp94AaABAg,3ec934f3e5622916,16살 신부전 강아지 집 밥 만들어주는 영상,요즘 영양학 책읽고 달루카 열심히 보는 중입니다 sns를 딱히 안해서 잘 모르는데 인스타나 블로그같은 곳에 관련 게시글이 올라오나요?? 다른 곳에만 올라오는 게시물도 보고싶어서요~~,2026-08-04,생식 진공포장,미상,,page,vacuum,2026-09-28T14:54:42
youtube,https://www.youtube.com/watch?v=tdjqQ0nb2zQ&lc=Ugx7BXa6eJLSxLMXFhh4AaABAg,24059aa5416df601,16살 신부전 강아지 집 밥 만들어주는 영상,오리고기 나도 잘못먹는데... 나도먹고싶다....,2026-08-01,생식 진공포장,미상,,page,vacuum,2026-09-28T14:54:42
youtube,https://www.youtube.com/watch?v=tdjqQ0nb2zQ&lc=UgwiGbGLmyPTfABFa7d4AaABAg,4eaaaf1e82a20044,16살 신부전 강아지 집 밥 만들어주는 영상,저거한두번 먹고 안먹을 확률 많습니다.ㅣ.. 진짜입다~!,2026-07-20,생식 진공포장,미상,,page,vacuum,2026-09-28T14:54:42
youtube,https://www.youtube.com/watch?v=tdjqQ0nb2zQ&lc=UgzHmjbdJqNSHmb23yl4AaABAg,8d214f9d953ab309,16살 신부전 강아지 집 밥 만들어주는 영상,신부전은 단백질과 인함량이 적은 사료를 먹여야하는데 단백질 위주 식단을 짜시면..... 오히려 더 몸에 안좋은거 아닌가요? :),2026-07-17,생식 진공포장,미상,,page,vacuum,2026-09-28T14:54:42
youtube,https://www.youtube.com/watch?v=tdjqQ0nb2zQ&lc=UgzhIG34ZfLmfusiSCt4AaABAg,617c363ffd192988,16살 신부전 강아지 집 밥 만들어주는 영상,"많이 생략됐다길래 머 얼마나 됐다고~
했는데 갑자기 요리완성되있어서 당황..ㅋㅋ",2026-07-08,생식 진공포장,미상,,page,vacuum,2026-09-28T14:54:42
youtube,https://www.youtube.com/watch?v=tdjqQ0nb2zQ&lc=UgxROPh2q5msz-XLwud4AaABAg,1e2e3ea19e1ca705,16살 신부전 강아지 집 밥 만들어주는 영상,경악했어요 저렇게 먹으면 신장 박살날 텐데요...신부전 환자 보호자 입니다 그리고 캔을 왜이렇게 많이 먹이세요 신장에 제일 안좋은게 가공 캔음식인데....야채 많이 먹는 것도 그리 좋지 않아요 신장식에 대해 알아는 보셨나요? 영양제 먹으면 죽어요. 강아지가 아직 살아 있을 지 의문...본인 소꿉장난에 왜 강아지를 희생시켜요,2026-07-02,생식 진공포장,미상,,page,vacuum,2026-09-28T14:54:42
youtube,https://www.youtube.com/watch?v=tdjqQ0nb2zQ&lc=UgxzYRCmb_eh1ERsOHB4AaABAg,94c5c8916a3b673d,16살 신부전 강아지 집 밥 만들어주는 영상,삶지말도 쪄서 해주세요,2026-06-17,생식 진공포장,미상,,page,vacuum,2026-09-28T14:54:42
youtube,https://www.youtube.com/watch?v=tdjqQ0nb2zQ&lc=UgzrnmxAIuQ-NvgsAhd4AaABAg,c3e9bf9af5d81ed2,16살 신부전 강아지 집 밥 만들어주는 영상,"저희 강아지도 신부전인데 식단관리에 참고하고 있어요. 소중한 정보 감사합니다😊
앞으로 가끔 집밥 만드는 영상 있었으면 좋겠어요!",2026-06-07,생식 진공포장,미상,,page,vacuum,2026-09-28T14:54:42
youtube,https://www.youtube.com/watch?v=tdjqQ0nb2zQ&lc=UgxFpd8HqfAwRFv47md4AaABAg,fcaa1439ad016c2a,16살 신부전 강아지 집 밥 만들어주는 영상,20일치면 보관은 어찌해요??,2026-05-23,생식 진공포장,미상,,page,vacuum,2026-09-28T14:54:42
youtube,https://www.youtube.com/watch?v=tdjqQ0nb2zQ&lc=UgwQTKxYvmMh5E1q6hh4AaABAg,f044f5a8e310d421,16살 신부전 강아지 집 밥 만들어주는 영상,❤사랑해요달이귀어여🎉,2026-05-10,생식 진공포장,미상,,page,vacuum,2026-09-28T14:54:42
youtube,https://www.youtube.com/watch?v=tdjqQ0nb2zQ&lc=UgwbJEdtsrsd8Ume-x54AaABAg,6f46cad984990adf,16살 신부전 강아지 집 밥 만들어주는 영상,이 정성을 보면 달이는 대학원도 가야겠네요🥹🥹❤️,2026-05-02,생식 진공포장,미상,,page,vacuum,2026-09-28T14:54:42
youtube,https://www.youtube.com/watch?v=tdjqQ0nb2zQ&lc=UgxrgXUZFlxUJ01MFb94AaABAg,0611e181b3490d85,16살 신부전 강아지 집 밥 만들어주는 영상,달이야 10년이라도 더 살자ㅎㅎ,2026-05-02,생식 진공포장,미상,,page,vacuum,2026-09-28T14:54:42
youtube,https://www.youtube.com/watch?v=tdjqQ0nb2zQ&lc=Ugw4-YKR2IKkFj9U5Jt4AaABAg,28fb4c6b4bd770ea,16살 신부전 강아지 집 밥 만들어주는 영상,근데 왜 야채는 안찌고 삶나요? 특별한 이유가 있나요?,2026-04-26,생식 진공포장,미상,,page,vacuum,2026-09-28T14:54:42
youtube,https://www.youtube.com/watch?v=tdjqQ0nb2zQ&lc=UgxlUksIE_NaaiDMXrR4AaABAg,d703073b0fe349dd,16살 신부전 강아지 집 밥 만들어주는 영상,거짓말 안하고....배는 안 부르겠다......ㅜㅜ우리 남편 사장님도 신장 때서 사모님 밥에 고기는 둘째 치고 간...소금 자체가 안 들어감......진짜 식사 고문임......사람이나 동물이나 고기는 진짜 없으면......먹기 힘들지....,2026-03-30,생식 진공포장,미상,,page,vacuum,2026-09-28T14:54:42
youtube,https://www.youtube.com/watch?v=tdjqQ0nb2zQ&lc=Ugz4pG3tZrNuLhmARfJ4AaABAg,2fc0a6f04c13f38c,16살 신부전 강아지 집 밥 만들어주는 영상,달이야 블루베리먹고 눈 조아지자~~~~^^,2026-03-24,생식 진공포장,미상,,page,vacuum,2026-09-28T14:54:42
youtube,https://www.youtube.com/watch?v=tdjqQ0nb2zQ&lc=UgxF6oo64rXVALV84dB4AaABAg,74560bca4a4cdf90,16살 신부전 강아지 집 밥 만들어주는 영상,와…….. 영양사 이신가요..? 관련 직종이신가..? 저도 이렇게 해주고싶은데 오히려 더 안좋을까봐.. ㅠㅠ 췌장염으로 아파서 전에 야채퓨레 만들어줬는데 장염이 다시 와서 .. 이후로는 무서워서 화식 좋은거 찾아보고 먹이는.. 진짜 대단하셔요……..,2026-03-23,생식 진공포장,화식,,page,vacuum,2026-09-28T14:54:42
youtube,https://www.youtube.com/watch?v=tdjqQ0nb2zQ&lc=Ugzeah8IH_ZoASU1j194AaABAg,32c986aad51e6403,16살 신부전 강아지 집 밥 만들어주는 영상,달이가 16 이욨구낭 나랑 동갑이넹,2026-02-26,생식 진공포장,미상,,page,vacuum,2026-09-28T14:54:42
youtube,https://www.youtube.com/watch?v=tdjqQ0nb2zQ&lc=UgwCqSVlaRLJVhU0_cB4AaABAg,614e759169797d9a,16살 신부전 강아지 집 밥 만들어주는 영상,"방금 루카 밥만드는거보고왔는데ㅋㅋ
달이는 너무 푸릇푸릇한 쟤료가많고 루카는 완전 고기가 많네😂",2026-02-21,생식 진공포장,미상,,page,vacuum,2026-09-28T14:54:42
youtube,https://www.youtube.com/watch?v=tdjqQ0nb2zQ&lc=UgyTQMIauhGVuQZmXlJ4AaABAg,d076a7fd181084a3,16살 신부전 강아지 집 밥 만들어주는 영상,혹시 소분통 정보 있을까요 토퍼 만들어주려구여 ㅠ,2026-02-17,생식 진공포장,미상,,page,vacuum,2026-09-28T14:54:42
youtube,https://www.youtube.com/watch?v=tdjqQ0nb2zQ&lc=UgwS4QAmXc_c0asy-OR4AaABAg,290f5a305bd8a917,16살 신부전 강아지 집 밥 만들어주는 영상,밥 준비하시는 것만 봐도 감동받아서 찡하다... 달이 루카 오래오래 살자!,2026-02-16,생식 진공포장,미상,,page,vacuum,2026-09-28T14:54:42
youtube,https://www.youtube.com/watch?v=tdjqQ0nb2zQ&lc=Ugxl5pQwUMRHJQnogPt4AaABAg,3eb4ceda3f47be13,16살 신부전 강아지 집 밥 만들어주는 영상,쟈몽집 오바밥보다 더 오바... 이것이 진정한 오바밥이로다...!!,2026-02-13,생식 진공포장,미상,,page,vacuum,2026-09-28T14:54:42
youtube,https://www.youtube.com/watch?v=tdjqQ0nb2zQ&lc=UgxwRRk995geurqLBoh4AaABAg,d331a63231ab82e8,16살 신부전 강아지 집 밥 만들어주는 영상,정성이 가득하네요❤ 저희 큰애는 담낭슬러지에 췌장수치가높아서 저단백저지방 화식 사먹이는데 저도 저렇게 다양하게 먹이고싶어요😢 먹는거 씹는거 엄청 좋아하는데 간식도 못먹고 고기도 못먹고ㅜㅜㅜ,2026-02-03,생식 진공포장,화식,,page,vacuum,2026-09-28T14:54:42
youtube,https://www.youtube.com/watch?v=tdjqQ0nb2zQ&lc=UgzoNNQF0aWT_kMtQtt4AaABAg,0e6af8c7387da235,16살 신부전 강아지 집 밥 만들어주는 영상,소분통 정보좀 주시오~~,2025-11-28,생식 진공포장,미상,,page,vacuum,2026-09-28T14:54:42
youtube,https://www.youtube.com/watch?v=tdjqQ0nb2zQ&lc=UgxCrrze1AD9eP0Y8I94AaABAg,f24519c938d3c614,16살 신부전 강아지 집 밥 만들어주는 영상,달이가 나랑 동갑이야 키키,2025-11-17,생식 진공포장,미상,,page,vacuum,2026-09-28T14:54:42
youtube,https://www.youtube.com/watch?v=tdjqQ0nb2zQ&lc=Ugxe-_L9ynjw5_FFYBB4AaABAg,c1fa8642ae38f6e9,16살 신부전 강아지 집 밥 만들어주는 영상,저도 키워주세요,2025-11-08,생식 진공포장,미상,,page,vacuum,2026-09-28T14:54:42
youtube,https://www.youtube.com/watch?v=tdjqQ0nb2zQ&lc=UgyMkHclE-y-yUK_tTB4AaABAg,1ab7b927c9b00e1c,16살 신부전 강아지 집 밥 만들어주는 영상,나보다 달이가 더 잘 먹네...,2025-11-03,생식 진공포장,미상,,page,vacuum,2026-09-28T14:54:42
youtube,https://www.youtube.com/watch?v=tdjqQ0nb2zQ&lc=UgwcrF2sE4zkppltLe94AaABAg,7b3c3095a66a52a7,16살 신부전 강아지 집 밥 만들어주는 영상,진짜 정성이다,2025-11-01,생식 진공포장,미상,,page,vacuum,2026-09-28T14:54:42
youtube,https://www.youtube.com/watch?v=tdjqQ0nb2zQ&lc=UgwcvSvpa3zIeAJAB4Z4AaABAg,a23af1355ff6879b,16살 신부전 강아지 집 밥 만들어주는 영상,애정이 깊다... 😢💙 나중에 반려동물을 키우게 된다면 이런 점 본받고 싶습니다. 사랑의 형태는 다양하지만 세심한 사랑🩵 너무 대단하게 느껴집니다.,2025-10-25,생식 진공포장,미상,,page,vacuum,2026-09-28T14:54:42
youtube,https://www.youtube.com/watch?v=tdjqQ0nb2zQ&lc=UgwIvV0U1TIg94ylXMl4AaABAg,f4e7b27122a0a160,16살 신부전 강아지 집 밥 만들어주는 영상,너무 대단하다.. 진짜...,2025-10-22,생식 진공포장,미상,,page,vacuum,2026-09-28T14:54:42
youtube,https://www.youtube.com/watch?v=tdjqQ0nb2zQ&lc=UgyX1DKO_fWHtsqWsdF4AaABAg,59c7e55da243b96c,16살 신부전 강아지 집 밥 만들어주는 영상,"너무 대단하세요ㅠㅠ 이렇게 레시피짜고 식단 만들어주시는 거 보통 처음에 어떻게 공부하셨는지 궁금해요ㅠㅠ ! 저도 여러가지 찾아는 보는데 영,, 시원치않더라구요ㅠㅠ 네이버카페도 보고 여러가지 책도 보고 유튜브도 찾아보는데 충분치가 않아서 애들 집밥을 망설이고 있어요ㅠㅠ",2025-10-16,생식 진공포장,미상,,page,vacuum,2026-09-28T14:54:42
youtube,https://www.youtube.com/watch?v=tdjqQ0nb2zQ&lc=Ugy2bNCCYSe-QeOrHdh4AaABAg,104a9c5b135f45cb,16살 신부전 강아지 집 밥 만들어주는 영상,와ㅜㅜㅜㅜ정성이…대박이에요,2025-10-12,생식 진공포장,미상,,page,vacuum,2026-09-28T14:54:42
youtube,https://www.youtube.com/watch?v=tdjqQ0nb2zQ&lc=Ugw2exlLgw2L0xT3agN4AaABAg,0eb9f5076abce22b,16살 신부전 강아지 집 밥 만들어주는 영상,한두알 정도만 먹어야ㅠ되는걸로 알고 잇어요 블루배리는,2025-10-10,생식 진공포장,미상,,page,vacuum,2026-09-28T14:54:42
youtube,https://www.youtube.com/watch?v=tdjqQ0nb2zQ&lc=UgyAB_x6rStlp5C53EJ4AaABAg,6b6dbc031b8c4c28,16살 신부전 강아지 집 밥 만들어주는 영상,저 보라색은 블루베리인가요 ? 베리류 먹음 안될텐데,2025-10-10,생식 진공포장,미상,,page,vacuum,2026-09-28T14:54:42
youtube,https://www.youtube.com/watch?v=tdjqQ0nb2zQ&lc=Ugz8u_1poKNjruniI5x4AaABAg,459dad29e5ba358f,16살 신부전 강아지 집 밥 만들어주는 영상,많이 먹구 아프지마 달아... 몰라 그냥 100살까지 살아 ㅜㅠ,2025-10-10,생식 진공포장,미상,,page,vacuum,2026-09-28T14:54:42
youtube,https://www.youtube.com/watch?v=tdjqQ0nb2zQ&lc=Ugy-3ZYzgNuWbHH-t4t4AaABAg,7248dcb9e500b323,16살 신부전 강아지 집 밥 만들어주는 영상,"금손이셔요...ㅎㄷㄷ 버걸 어케 만드시는거죠!?
아가들을 향한 사랑 느껴집니당 👏🏻👏🏻",2025-10-10,생식 진공포장,미상,,page,vacuum,2026-09-28T14:54:42
youtube,https://www.youtube.com/watch?v=tdjqQ0nb2zQ&lc=UgxsP7_T8Or3agE-L-h4AaABAg,b85eef79ae525a8d,16살 신부전 강아지 집 밥 만들어주는 영상,와... 보통 정성이 아니네요,2025-10-10,생식 진공포장,미상,,page,vacuum,2026-09-28T14:54:42
youtube,https://www.youtube.com/watch?v=tdjqQ0nb2zQ&lc=UgxxMpvdmHK6UqM4DVN4AaABAg,6413c40587d0a730,16살 신부전 강아지 집 밥 만들어주는 영상,달이야 건강하게 오랫동안 살으렴,2025-10-09,생식 진공포장,미상,,page,vacuum,2026-09-28T14:54:42
youtube,https://www.youtube.com/watch?v=tdjqQ0nb2zQ&lc=UgxNqiWqj3XEpoDnZrJ4AaABAg,8712802197280a4f,16살 신부전 강아지 집 밥 만들어주는 영상,"웬만한 사람보다 진짜 어마하게 식비들겠다 너무 좋은주인이다 
울집 강쥐도 심장병진단받고 불안장애생겨서 요며칠 안먹다가 닭고기랑 고구마 갈아줘서 화식해줬더니 허겁지겁먹더라고요 
닭고기랑 고구마 그냥주면 잘 안먹었는데 ㅠㅠ 이제 달이처럼 화식을줄려고 공부하려고요",2025-10-09,생식 진공포장,화식,,page,vacuum,2026-09-28T14:54:42
youtube,https://www.youtube.com/watch?v=YpD4N5oMSUA&lc=Ugz-mpqYaWzotsa4KiJ4AaABAg,23020b9ed85f6426,대가족의 사료 소분 현장🍼 #bichonfrise #강아지 #비숑브이로그 #반려견 #비숑대가족 #강아지브이로그 #오리젠#진공포장기#강아지사료소분,진공하면 몇달정도 보관가능한가요?,2026-03-02,사료 소분 진공,건사료,,page,vacuum,2026-09-28T14:55:06
youtube,https://www.youtube.com/watch?v=YpD4N5oMSUA&lc=Ugye2W2FW3EPYt8RxoB4AaABAg,73628b715f79b80c,대가족의 사료 소분 현장🍼 #bichonfrise #강아지 #비숑브이로그 #반려견 #비숑대가족 #강아지브이로그 #오리젠#진공포장기#강아지사료소분,풀영상잇나욤,2025-10-24,사료 소분 진공,건사료,,page,vacuum,2026-09-28T14:55:06
youtube,https://www.youtube.com/watch?v=YpD4N5oMSUA&lc=Ugy4Gmu_BzQu_x9oZt54AaABAg,64cef9109dfc5873,대가족의 사료 소분 현장🍼 #bichonfrise #강아지 #비숑브이로그 #반려견 #비숑대가족 #강아지브이로그 #오리젠#진공포장기#강아지사료소분,진공상태가 풀리지는 않나용? 진공포장하면 보관은 어떻게 하세요? 냉동보관 하시나요?,2025-09-30,사료 소분 진공,건사료,,page,vacuum,2026-09-28T14:55:06
youtube,https://www.youtube.com/watch?v=d-mNgHcw9Ek&lc=Ugw5-3XgLsqmGFcSO9J4AaABAg,354eae9629184912,내돈내산 강아지 추천템 💕 진공 미용기,"저도 지금 이거 사려구 쿠팡에서 장바구니 담아두고. 쿠팡리뷰도 보구
동영상 검색 해봤더니
사용 하시는 영상보구
구매 하기로 했어요😊
영상 잘 봤어요❤",2026-06-06,진공포장기,미상,,page,vacuum,2026-09-28T14:55:27
youtube,https://www.youtube.com/watch?v=7hq7eO0KBE4&lc=UgyDwNn-uTfv3eNcc7l4AaABAg,5b4b9598c7465a7c,강아지 진공미용기 들일까 말까 고민중이세요? | 진공미용기 솔직리뷰 | 디클펫 진공 흡입 미용기 | 고양이 겸용,소음 이 청소기정도라니 요?,2026-07-21,진공포장기,미상,,page,vacuum,2026-09-28T14:55:27
youtube,https://www.youtube.com/watch?v=aUebsdou1mg&lc=Ugy-N5yyx9NqYQEz6tF4AaABAg,5e771a6361b2ff92,강아지 셀프미용 끝판왕 ✨ 바비온 올마스터 진공 흡입 미용기 리뷰,아가가 어쩜 저렇게 얌전하죠.. 평소에 청소기 안 무서워 하나요!?,2026-06-14,진공포장기,미상,,page,vacuum,2026-09-28T14:55:27
youtube,https://www.youtube.com/watch?v=aUebsdou1mg&lc=UgxLITl7QQfBl5WWdDp4AaABAg,dfb53191ec01c8a8,강아지 셀프미용 끝판왕 ✨ 바비온 올마스터 진공 흡입 미용기 리뷰,우와 이기계 쿠팡에서 보구 장바구니에 담아두고 고민중 이었는데 제가 진짜 똥손중에 똥손에다가 기계치라서 또처박템. 플러스. 될까봐서 고민중이었는데 간단하면서도 필요한. 부분만 나온 영상보고 구매 결정했어요 감솨함당😊🎉❤,2026-06-06,진공포장기,미상,,page,vacuum,2026-09-28T14:55:27
youtube,https://www.youtube.com/watch?v=aUebsdou1mg&lc=UgxFcXtnxXHsHZYdxF54AaABAg,62e8581a6c0fb4ba,강아지 셀프미용 끝판왕 ✨ 바비온 올마스터 진공 흡입 미용기 리뷰,"소리 소움이 엄청 커요
아이가 놀라서 미용 어려움",2026-03-19,진공포장기,미상,,page,vacuum,2026-09-28T14:55:27
youtube,https://www.youtube.com/watch?v=tdjqQ0nb2zQ&lc=Ugw4sZtj07U_Rsgn0EZ4AaABAg,4351d7d0e2c3fd91,16살 신부전 강아지 집 밥 만들어주는 영상,귀엽다,2025-10-09,생식 소분 포장,미상,,page,vacuum,2026-09-28T14:56:23
youtube,https://www.youtube.com/watch?v=tdjqQ0nb2zQ&lc=UgwujR9qWJ7vKP-ERQR4AaABAg,5e01eb5f92b6c54b,16살 신부전 강아지 집 밥 만들어주는 영상,이건 찐 사랑이다… 진심 대단하십니다..,2025-10-09,생식 소분 포장,미상,,page,vacuum,2026-09-28T14:56:23
youtube,https://www.youtube.com/watch?v=tdjqQ0nb2zQ&lc=Ugyf31v_mpkRWhsV9g94AaABAg,e496a88b512ee678,16살 신부전 강아지 집 밥 만들어주는 영상,저도 먹을 수 있을까요? 너무 맛있어보이는데,2025-10-08,생식 소분 포장,미상,,page,vacuum,2026-09-28T14:56:23
youtube,https://www.youtube.com/watch?v=tdjqQ0nb2zQ&lc=UgyLBAJ_EH9_0yuxPFV4AaABAg,40e2506382b45083,16살 신부전 강아지 집 밥 만들어주는 영상,보호자님의 정성이 꼭 달이한테 닿기를 바라요❤❤,2025-10-08,생식 소분 포장,미상,,page,vacuum,2026-09-28T14:56:23
youtube,https://www.youtube.com/watch?v=tdjqQ0nb2zQ&lc=UgzI9tSxwGF_aEbOiNh4AaABAg,162638d6c99e4162,16살 신부전 강아지 집 밥 만들어주는 영상,정성대박이고 참 부지런하시구나 싶음..,2025-10-08,생식 소분 포장,미상,,page,vacuum,2026-09-28T14:56:23
youtube,https://www.youtube.com/watch?v=tdjqQ0nb2zQ&lc=UgwZhmAZk7W8ZacOlaN4AaABAg,faa653a3961cb820,16살 신부전 강아지 집 밥 만들어주는 영상,얼른 달이가 먹는거 보고싶네요!!,2025-10-08,생식 소분 포장,미상,,page,vacuum,2026-09-28T14:56:23
youtube,https://www.youtube.com/watch?v=tdjqQ0nb2zQ&lc=UgxJo-r_r-j4QA3b5YR4AaABAg,87c44e76bbc361d5,16살 신부전 강아지 집 밥 만들어주는 영상,"영상에서 사랑이 진하게 묻어나오네요ㅜ…
달루카 영원하자….",2025-10-08,생식 소분 포장,미상,,page,vacuum,2026-09-28T14:56:23
youtube,https://www.youtube.com/watch?v=tdjqQ0nb2zQ&lc=UgySR-Xbq1WUgrrsj7p4AaABAg,e1de20dd3347e152,16살 신부전 강아지 집 밥 만들어주는 영상,와..안돼겠다 미슐랭하세요 나중에 특식주는날에 오마카세 해주심 안돼요?ㅋㅋ,2025-10-08,생식 소분 포장,미상,,page,vacuum,2026-09-28T14:56:23
youtube,https://www.youtube.com/watch?v=tdjqQ0nb2zQ&lc=UgxypFCza3rSah9ybSF4AaABAg,37cb2673c215e10f,16살 신부전 강아지 집 밥 만들어주는 영상,"멋...진...강아지...
나보다 채소 많이 먹을 줄 아는 그레이트 독......",2025-10-08,생식 소분 포장,미상,,page,vacuum,2026-09-28T14:56:23
youtube,https://www.youtube.com/watch?v=tdjqQ0nb2zQ&lc=UgwbA2KCUpP_CEvF_yJ4AaABAg,fc197954faccb7c9,16살 신부전 강아지 집 밥 만들어주는 영상,정성 대단하시네여.. 저는 테린 만들어서 급여해주는데 그것도 힘들던데 ㅜㅜ,2025-10-07,생식 소분 포장,미상,,page,vacuum,2026-09-28T14:56:23
youtube,https://www.youtube.com/watch?v=tdjqQ0nb2zQ&lc=Ugxp2Cm3N1-OCAR5cZN4AaABAg,04062c43e5a97053,16살 신부전 강아지 집 밥 만들어주는 영상,16살 이였다고요?전혀 상상도 못했는데 동안? 이에여 ㅋㅋ 성견 된 지 얼마 안된 줄 알았는데,2025-10-07,생식 소분 포장,미상,,page,vacuum,2026-09-28T14:56:23
youtube,https://www.youtube.com/watch?v=tdjqQ0nb2zQ&lc=UgwrHumjadNabW5jUNZ4AaABAg,79c2307c2eea5981,16살 신부전 강아지 집 밥 만들어주는 영상,이건 정말 사랑이다...ㅠㅠ 애기야 맛있게 먹고 백 살까지 살자 그냥......,2025-10-07,생식 소분 포장,미상,,page,vacuum,2026-09-28T14:56:23
youtube,https://www.youtube.com/watch?v=tdjqQ0nb2zQ&lc=Ugz74MRONS7P1eyaMNJ4AaABAg,751bb4a98aeeb1df,16살 신부전 강아지 집 밥 만들어주는 영상,신....신부전이 뭔가요(멍청이라;;;;;),2025-10-07,생식 소분 포장,미상,,page,vacuum,2026-09-28T14:56:23
youtube,https://www.youtube.com/watch?v=tdjqQ0nb2zQ&lc=Ugy0i3QLSKUnRsIkEBd4AaABAg,b03320cebb172dcd,16살 신부전 강아지 집 밥 만들어주는 영상,진짜 이건 찐사랑 아니면 절대 못 함..,2025-10-07,생식 소분 포장,미상,,page,vacuum,2026-09-28T14:56:23
youtube,https://www.youtube.com/watch?v=tdjqQ0nb2zQ&lc=UgyI4qL1gYmkw-NdzER4AaABAg,df09314d3dbdd723,16살 신부전 강아지 집 밥 만들어주는 영상,"저도 강아지가 신부전이였는데요..1기로 4년 지내다가(이때는 신장 처방 사료 먹고 유산균, 오메가3, 레날어드밴스드, 이파키틴정도 영양제랑 보조제 먹었고요 간식도 잘 먹고 잘 뛰어놀고 식욕도 많았어요)정기 검진일이 아직 남았는데 식욕이 떨어져서 병원에 가보니 2기가 되었고 피하수액을 시작하고 약이 늘어났죠..빈혈도 오고 주사로 빈혈 잡았다가 빈혈도 안잡혀서 수혈 2번 하고 수혈 시작하고서는 수치도 4기로 뜨고 좋아하던 고기도 아예 안먹고 레날 캔 사료 갈아서 강급했습니다.. 만성신부전은 완치가 되는 질병이 아니라 우리 곁에 최대한 괴롭지 않게 최대한 질병의 속도를 낮추는 거라 저렇게 먹을 수 있을 때 먹이는게 좋더라구요...저희 강아지는 살이 많이 빠졌던것은 아니지만 어쨌든 살도 빠지고 강급해서 먹여도 토하고 설사하고...2기가 시작되고서는 진행속도가 빨라서 곁에 8개월 있었네요...저도 2기가 되고서 보호자님처럼 동생이랑 강아지 밥 만들어줬던게 기억나네요 너무 아프지 않게 곁에 오래있어줘 달아😊 저희 강아지가 너무 보고싶네요...😭",2025-10-07,생식 소분 포장,미상,,page,vacuum,2026-09-28T14:56:23
youtube,https://www.youtube.com/watch?v=tdjqQ0nb2zQ&lc=UgzNNPKR1KlymPqRTf14AaABAg,f5060c226dfc4f4e,16살 신부전 강아지 집 밥 만들어주는 영상,중간에 영양제 잘못 뜯은 거 웃기넼ㅋㅋㄱ,2025-10-07,생식 소분 포장,미상,,page,vacuum,2026-09-28T14:56:23
youtube,https://www.youtube.com/watch?v=tdjqQ0nb2zQ&lc=UgyP0nB0Hqun9sSKXNZ4AaABAg,cbf9b044ff4f62e9,16살 신부전 강아지 집 밥 만들어주는 영상,"카피충들이 달루카 채널 절대 못따라잡는 이유..
이 영상으로 초격차 승부 봤다고 생각함",2025-10-07,생식 소분 포장,미상,,page,vacuum,2026-09-28T14:56:23
youtube,https://www.youtube.com/watch?v=tdjqQ0nb2zQ&lc=UgxFKGLMEylfDoVxdUp4AaABAg,f3053a3c46954b49,16살 신부전 강아지 집 밥 만들어주는 영상,뭐라고 해야할까... 영상의 목소리 톤은 덤덤한데 그 어떤 영상보다도 사랑이 가득하다고 느껴짐...,2025-10-07,생식 소분 포장,미상,,page,vacuum,2026-09-28T14:56:23
youtube,https://www.youtube.com/watch?v=tdjqQ0nb2zQ&lc=Ugy50yJOjUwTkbzFNBF4AaABAg,b1fd2232fda949ca,16살 신부전 강아지 집 밥 만들어주는 영상,너무 대단하세요,2025-10-07,생식 소분 포장,미상,,page,vacuum,2026-09-28T14:56:23
youtube,https://www.youtube.com/watch?v=tdjqQ0nb2zQ&lc=Ugx74-EBJHAtYWPagsN4AaABAg,e57a9370c9d4763d,16살 신부전 강아지 집 밥 만들어주는 영상,혹시 영양사이신가요..?? ㄷㄷㄷ 너무 대단하십니다 ❤ ㅠㅠㅠ 아기도 강아지도 이렇게까지 챙기기 힘들텐데 역시 사랑입니다,2025-10-07,생식 소분 포장,미상,,page,vacuum,2026-09-28T14:56:23
youtube,https://www.youtube.com/watch?v=tdjqQ0nb2zQ&lc=Ugy_t0JLlY_5ATASAMB4AaABAg,25c4b9def9d46e5e,16살 신부전 강아지 집 밥 만들어주는 영상,"근데 왜 밥주는걸 '급여'라고 표현하는거죠??
원래 강아지에게 밥주는건 ㄱ급여라고 하나요",2025-10-07,생식 소분 포장,미상,,page,vacuum,2026-09-28T14:56:23
youtube,https://www.youtube.com/watch?v=tdjqQ0nb2zQ&lc=UgyA55SOhOnx4KMla094AaABAg,9196dbabc3a9845f,16살 신부전 강아지 집 밥 만들어주는 영상,너무 고민이 많으실 거 같아요 애가 좋아하는 게 뭔지 다 아시는데 애 건강에는 안좋을 거 같아서 주기 어려운 게...ㅠ,2025-10-07,생식 소분 포장,미상,,page,vacuum,2026-09-28T14:56:23
youtube,https://www.youtube.com/watch?v=tdjqQ0nb2zQ&lc=UgwWs-LnQ3blrmUX_aJ4AaABAg,6e195236b0c86ac7,16살 신부전 강아지 집 밥 만들어주는 영상,영상에서 나오는 나레이션은 좀 졸려보이는데 그 목소리를 뚫고 나오는 달이랑 루카에 대한 다정함이 보이는 거 같아요!...❤❤❤,2025-10-07,생식 소분 포장,미상,,page,vacuum,2026-09-28T14:56:23
youtube,https://www.youtube.com/watch?v=tdjqQ0nb2zQ&lc=UgzsFtV_1tESWYiLOTt4AaABAg,1eb013618eef2a10,16살 신부전 강아지 집 밥 만들어주는 영상,다지기 어떤거 사용하셨는지 궁금해용,2025-10-06,생식 소분 포장,미상,,page,vacuum,2026-09-28T14:56:23
youtube,https://www.youtube.com/watch?v=tdjqQ0nb2zQ&lc=UgxxcTE8fTyWjxjSaDp4AaABAg,eabaf8f93bc4af5c,16살 신부전 강아지 집 밥 만들어주는 영상,"16살 강쥐중에 달이가 최강 동안인듯요...
넘 잘 키우셨어요ㅠㅠ💖💖",2025-10-06,생식 소분 포장,미상,,page,vacuum,2026-09-28T14:56:23
youtube,https://www.youtube.com/watch?v=tdjqQ0nb2zQ&lc=UgzqRFVgxP7bV1VvKtd4AaABAg,bca3495a49a7a477,16살 신부전 강아지 집 밥 만들어주는 영상,"달이야 아프지말고 오래오래 살아😢
숏츠로 보는 일면식 없는 강아지지만... 주인의 애정이 느껴지는 영상을 보니까 울컥하구... 오래 오래 행복하게 살았으면 좋겠다😂",2025-10-06,생식 소분 포장,미상,,page,vacuum,2026-09-28T14:56:23
youtube,https://www.youtube.com/watch?v=tdjqQ0nb2zQ&lc=UgwiyknyaYB0EPEUWFt4AaABAg,881cf56222bad054,16살 신부전 강아지 집 밥 만들어주는 영상,"오리고기 지방부분 제거 안해도되나요?
저는 그동안 제거해서 줬었는데 
제거하면서도 이게맞을까? 고민하고 있었거든요",2025-10-06,생식 소분 포장,미상,,page,vacuum,2026-09-28T14:56:23
youtube,https://www.youtube.com/watch?v=tdjqQ0nb2zQ&lc=UgzQKIKxoqPxWeIPLIR4AaABAg,9ce639b21a777e1d,16살 신부전 강아지 집 밥 만들어주는 영상,16살인데 식욕이 좋다는것만으로도 너무 건강하고 보호자님 사랑이 보여요,2025-10-06,생식 소분 포장,미상,,page,vacuum,2026-09-28T14:56:23
youtube,https://www.youtube.com/watch?v=tdjqQ0nb2zQ&lc=UgzEd3CoBtEawDgbP_p4AaABAg,cadc68167c3955ee,16살 신부전 강아지 집 밥 만들어주는 영상,소분하실때 아이스크림 스쿱같은거 쓰시면 더 편하고 좋을것같아요! 저는 베이킹할때 자주 쓰는데 동량으로 나눠담기 좋더라고요😀,2025-10-06,생식 소분 포장,미상,,page,vacuum,2026-09-28T14:56:23
youtube,https://www.youtube.com/watch?v=tdjqQ0nb2zQ&lc=UgxcxUXIUdEJxSz66494AaABAg,801bc7e3217b165d,16살 신부전 강아지 집 밥 만들어주는 영상,달루카 행복한 추석 보내세용,2025-10-06,생식 소분 포장,미상,,page,vacuum,2026-09-28T14:56:23
youtube,https://www.youtube.com/watch?v=tdjqQ0nb2zQ&lc=UgzJPGGpikaVxUIavkV4AaABAg,b89cf34a7fe782e6,16살 신부전 강아지 집 밥 만들어주는 영상,내 밥도 저렇게 손 많이 가는 건 안 해먹는데 대단하시다...,2025-10-06,생식 소분 포장,미상,,page,vacuum,2026-09-28T14:56:23
youtube,https://www.youtube.com/watch?v=tdjqQ0nb2zQ&lc=UgwrudTbGyiwtdWwDiF4AaABAg,a971dbbf92422f1d,16살 신부전 강아지 집 밥 만들어주는 영상,아나 껍질 까는데 종이랑 분리된거 개웃김ㅋㅋㅋㅋㅋㅋㅋㅋㅋ,2025-10-06,생식 소분 포장,미상,,page,vacuum,2026-09-28T14:56:23
youtube,https://www.youtube.com/watch?v=tdjqQ0nb2zQ&lc=UgwOup4Cjim8wzMCT_B4AaABAg,ca5afa3adad1d35e,16살 신부전 강아지 집 밥 만들어주는 영상,"애들 위해서 정성을 다하시구..진짜 얼마나 사랑하시는지 그껴집니다..ㅠ 그냥 사료만 주는게 아닌 필요한 영양,애들이 먹을때 느끼는 재미,행복..다 고려하고 생각해서 직접 밥도 만드시구 정말 대단한 사랑이네욤..멋지십니다..!!오늘도 재밌게 보고 유용한 정보들 얻어 갑니당! 좋은밤 보내십쇼! ㅎㅎ",2025-10-06,생식 소분 포장,미상,,page,vacuum,2026-09-28T14:56:23
youtube,https://www.youtube.com/watch?v=tdjqQ0nb2zQ&lc=UgxL0CqlpYHR95cqctN4AaABAg,4578129137734086,16살 신부전 강아지 집 밥 만들어주는 영상,진짜 정성 이셔요..ㄷㄷ 달이 너무 좋아할것같아요! 대단해요ㅜㅜ,2025-10-06,생식 소분 포장,미상,,page,vacuum,2026-09-28T14:56:23
youtube,https://www.youtube.com/watch?v=tdjqQ0nb2zQ&lc=Ugwg315wRlviZqGVSs14AaABAg,dea0a02daaceac01,16살 신부전 강아지 집 밥 만들어주는 영상,달아~ 건강한 집밥 먹고 더도 말고 덜도 말고 딱 50살까지만 더 크자~~!! 할 수 있다!!,2025-10-06,생식 소분 포장,미상,,page,vacuum,2026-09-28T14:56:23
youtube,https://www.youtube.com/watch?v=tdjqQ0nb2zQ&lc=UgxySrIhQPZ_Tn25pV54AaABAg,8944fe9604f0b7c3,16살 신부전 강아지 집 밥 만들어주는 영상,보통 정성이 아니셔요....  영상을 넘어 사랑이 가득 느껴집니다.,2025-10-06,생식 소분 포장,미상,,page,vacuum,2026-09-28T14:56:23
youtube,https://www.youtube.com/watch?v=tdjqQ0nb2zQ&lc=UgzYX7VxIV4HK0OP6vt4AaABAg,51fdd3f4477d28c4,16살 신부전 강아지 집 밥 만들어주는 영상,서플리먼트들은 어떤거 위주로 쓰시는지 궁금합니다!! 이런 정보들은 어디서부터 공부 시작해야될지 너무 난감해요ㅠㅠ,2025-10-06,생식 소분 포장,미상,,page,vacuum,2026-09-28T14:56:23
youtube,https://www.youtube.com/watch?v=tdjqQ0nb2zQ&lc=UgwyE1v_SeDgjzoB2PJ4AaABAg,99eb0e8f7d1d91a5,16살 신부전 강아지 집 밥 만들어주는 영상,대다나다,2025-10-06,생식 소분 포장,미상,,page,vacuum,2026-09-28T14:56:23
youtube,https://www.youtube.com/watch?v=tdjqQ0nb2zQ&lc=Ugzf-R2TfJB0azNRpe94AaABAg,0cdb1a0dfa1208bb,16살 신부전 강아지 집 밥 만들어주는 영상,강아지들도 사람처럼 오래 살았으면 좋겠네요 달이를 향한 마음이 영상을 넘어서 닿을 만큼 감동적이고 눈물납니다,2025-10-06,생식 소분 포장,미상,,page,vacuum,2026-09-28T14:56:23
youtube,https://www.youtube.com/watch?v=tdjqQ0nb2zQ&lc=Ugzs59FIoDZaIsKoMMZ4AaABAg,cc69f289b3d8b0f2,16살 신부전 강아지 집 밥 만들어주는 영상,캬... 진짜 정성가득 ㅠㅠㅠ,2025-10-06,생식 소분 포장,미상,,page,vacuum,2026-09-28T14:56:23
youtube,https://www.youtube.com/watch?v=tdjqQ0nb2zQ&lc=UgzluQiMP02pkQmveTV4AaABAg,9669e4532b08fed3,16살 신부전 강아지 집 밥 만들어주는 영상,달이야이거먹구 오래오래건강하자,2025-10-06,생식 소분 포장,미상,,page,vacuum,2026-09-28T14:56:23
youtube,https://www.youtube.com/watch?v=tdjqQ0nb2zQ&lc=Ugy_EjzjRV6RxZvJmSp4AaABAg,94a17bf94fbf040d,16살 신부전 강아지 집 밥 만들어주는 영상,"저희 첫째도 알러지검사를 해도 원인 모를 알라지때문에 고생하다 사료랑 처방식 싹 끊고 집에서 만들어 먹이고 있어요. 이제 1년 조금 넘게 만드는중인데, 처음에는 알러지 수치가 높게 나온것들은 다 제외하고 만드니까 재료가 얼마 없어서 다니던 병원에 조언구하고 맞추고 하면서 지금 식사에 고정했습니다. 만드는거 정말 빡센데, 그래도 나아지는거 보면 만드는 보람이 있어요...",2025-10-06,생식 소분 포장,미상,,page,vacuum,2026-09-28T14:56:23
youtube,https://www.youtube.com/watch?v=tdjqQ0nb2zQ&lc=UgwTl6C20R-yh7NgI894AaABAg,682ca17249e0bcc0,16살 신부전 강아지 집 밥 만들어주는 영상,정성가득🥰 달아 건강하자 엄마한테 효도해,2025-10-06,생식 소분 포장,미상,,page,vacuum,2026-09-28T14:56:23
youtube,https://www.youtube.com/watch?v=tdjqQ0nb2zQ&lc=UgzZ32t_8eRPbGZPKcp4AaABAg,ba419d9c9df8b10b,16살 신부전 강아지 집 밥 만들어주는 영상,사랑이 넘친다ㅠㅠㅠㅠ 아이구야 너무보기좋야요,2025-10-06,생식 소분 포장,미상,,page,vacuum,2026-09-28T14:56:23
youtube,https://www.youtube.com/watch?v=tdjqQ0nb2zQ&lc=UgxYokqYdADPjvgc_MJ4AaABAg,84aab9a06eb9382b,16살 신부전 강아지 집 밥 만들어주는 영상,"소분해서 냉동보관 하시는거죠? 이후 해동은 어떻게 해서 주시는지 궁금해요!
저희집은 고양님 있는데 습식캔 한캔 다 못먹어서 냉장보관 해야하는데 그 뒤가 항상 신경쓰이더라구요 ㅠ
전자렌지 돌려도 되나 싶구 냄새는 맛없어지는거같고 ㅠㅠ",2025-10-06,생식 소분 포장,미상,,page,vacuum,2026-09-28T14:56:23
youtube,https://www.youtube.com/watch?v=ECj6BCJyAaU&lc=UgzT9BPYuazekAFh8Q94AaABAg,00932147c0bcb41d,버려졌던 번식용 강아지 호강시켜주기! 과연 생식 성공..?,우와아아앙 너무너무 이쁘고 착하시당 강아지 넘 귀여워욤,2025-12-26,생식 소분 포장,생식,,page,vacuum,2026-09-28T14:56:23
youtube,https://www.youtube.com/watch?v=ECj6BCJyAaU&lc=UgxQB2AY01zKbXhGHht4AaABAg,9bff5b3a3a9fc64c,버려졌던 번식용 강아지 호강시켜주기! 과연 생식 성공..?,첨에 잘 씹어먹길래 흐뭇했는데ㅜㅜ 역쉬 ㅎㅎ 그래도 잘챙겨주시는 식단이… 어휴 너무 멋져요,2025-12-20,생식 소분 포장,생식,,page,vacuum,2026-09-28T14:56:23
youtube,https://www.youtube.com/watch?v=ECj6BCJyAaU&lc=Ugzz2VuzSYboueSio2J4AaABAg,60261a3272405ce3,버려졌던 번식용 강아지 호강시켜주기! 과연 생식 성공..?,"알마야 뒤늦게 복이 터졌구나.
맘씨 착한 주인에 살롬이도 있고
행복하렴😊",2025-10-28,생식 소분 포장,생식,,page,vacuum,2026-09-28T14:56:23
youtube,https://www.youtube.com/watch?v=ECj6BCJyAaU&lc=UgxjsXIF4vmO5zDYH6F4AaABAg,15516daf65fdd0f3,버려졌던 번식용 강아지 호강시켜주기! 과연 생식 성공..?,"알마가 엄청 편안해보이네요.
잘 챙겨주시고 아껴주시는게 보여요.
감사합니다~!
강아지들은 소고기나 지방이 많은 고기먹으면
지방이 많아서 췌장염걸리기도해요.
저희 강아지도 소고기 먹고 아픈적이 있어서
지방이 적은 닭고기 안심이나 닭가슴살 삶아서 단호박 파프리카 당근
양배추같이 채소 익혀서 주심  강아지도
잘먹고 좋더라구요.
계란도 좋다그래서 익혀서 노른자만
줬었는데 노른자도 지방이 많은편이라
안주시고 가끔 진짜 소량만 익혀서 주시는게 좋아요.
알마가 나이가 있는 노견이라 
혹시 도움이 될까 싶어 조심스럽게
댓글 남겨요❤",2025-10-27,생식 소분 포장,화식,,page,vacuum,2026-09-28T14:56:23
youtube,https://www.youtube.com/watch?v=ECj6BCJyAaU&lc=UgzbXWtVSAkQm9xeYDR4AaABAg,b6c8cece39546f03,버려졌던 번식용 강아지 호강시켜주기! 과연 생식 성공..?,알마가 그동안 어떤 삶을 살아왔는지는 잘 모르지만.. 이렇게 아픈 곳도 치료해 주시고 따뜻한 집에서 재워주시고 맛있는 것도 많이 먹여주시고 돌봐주셔서 너무 감동이에요 알마에게 베푸신 만큼 가정에도 좋은 일이 많이 많이 생기시길🫶🏻,2025-10-24,생식 소분 포장,생식,,page,vacuum,2026-09-28T14:56:23
youtube,https://www.youtube.com/watch?v=ECj6BCJyAaU&lc=UgwxB7_a0G3p7lpwMZN4AaABAg,0500e437bc0cdf10,버려졌던 번식용 강아지 호강시켜주기! 과연 생식 성공..?,쪼매난 예쁘니,2025-10-24,생식 소분 포장,생식,,page,vacuum,2026-09-28T14:56:23
youtube,https://www.youtube.com/watch?v=ECj6BCJyAaU&lc=UgxHJa_0BWXudQDain14AaABAg,bf90f32e15884c8b,버려졌던 번식용 강아지 호강시켜주기! 과연 생식 성공..?,할미 강아지 보살펴줘서 고마워요🎉,2025-10-23,생식 소분 포장,생식,,page,vacuum,2026-09-28T14:56:23
youtube,https://www.youtube.com/watch?v=ECj6BCJyAaU&lc=Ugzk1R28RaMfpD1MbEZ4AaABAg,f9782adc8befbda8,버려졌던 번식용 강아지 호강시켜주기! 과연 생식 성공..?,할미 돌봐주셔서 감사해요❤❤❤,2025-10-23,생식 소분 포장,생식,,page,vacuum,2026-09-28T14:56:23
youtube,https://www.youtube.com/watch?v=ECj6BCJyAaU&lc=UgzXFfWSur-3CAvkZ494AaABAg,9741a52099c723a8,버려졌던 번식용 강아지 호강시켜주기! 과연 생식 성공..?,감사합니다.복받으실거에요!,2025-10-23,생식 소분 포장,생식,,page,vacuum,2026-09-28T14:56:23
youtube,https://www.youtube.com/watch?v=ECj6BCJyAaU&lc=UgxeQJSN7iZG_wBOgk94AaABAg,c01f8f6aa468f7e5,버려졌던 번식용 강아지 호강시켜주기! 과연 생식 성공..?,"저희집 18살 할부찌 강쥐눈 소화 이슈로 육류양은 줄이고 단백질은 챙기면서 알러지까지 신경써야해서 곤충건식사료 급여하고 있습니다! 

아직은 밥을 너무너무 잘먹는 할무찌 알마이지만 노견은 우리의 생각보다 너무 빨리 나이를 먹더라구요,,

다양한 정보가 있으면 알마 케어하는데 도움이 될까 싶어서 댓글 남겨봅니다:)

그리고 이동가방의 경우 알마가 배 만지는거를 안좋아하니까 백팩형 가방도 추천드려요, 간식으로 유인해서 가방에 들어오게 하면 되니까 지금보다 좀 더 편하지 않을까 싶더라구요ㅎㅎ",2025-10-23,생식 소분 포장,생식,,page,vacuum,2026-09-28T14:56:23
youtube,https://www.youtube.com/watch?v=13t28XHg2bQ&lc=UgwlR-_usyXGw6mXktN4AaABAg,2fa6f38c8ed5f96c,강아지 두부간식 만들기 #강아지두부간식 #강아지두부과자,만들고 보관은어떻게하나요?,2026-09-18,간식 진공 보관,미상,,page,vacuum,2026-09-28T14:56:47
youtube,https://www.youtube.com/watch?v=13t28XHg2bQ&lc=UgxuybadpWPgED_d_K54AaABAg,4d70a9996afd21f4,강아지 두부간식 만들기 #강아지두부간식 #강아지두부과자,조은추천 감사해요,2026-08-16,간식 진공 보관,미상,,page,vacuum,2026-09-28T14:56:47
youtube,https://www.youtube.com/watch?v=13t28XHg2bQ&lc=UgxJSLURdbn2-CPyRX94AaABAg,f89fdf42705d0e51,강아지 두부간식 만들기 #강아지두부간식 #강아지두부과자,두부에 간이 얼마나 있다고.. 그냥  해도된다.  사료에도 염분은 소량있음,2026-08-07,간식 진공 보관,미상,,page,vacuum,2026-09-28T14:56:47
youtube,https://www.youtube.com/watch?v=13t28XHg2bQ&lc=UgyEtICbf3EW-PbXs_14AaABAg,e8e9e20a11e4da9a,강아지 두부간식 만들기 #강아지두부간식 #강아지두부과자,연두부로해도되나요?,2026-07-11,간식 진공 보관,미상,,page,vacuum,2026-09-28T14:56:47
youtube,https://www.youtube.com/watch?v=13t28XHg2bQ&lc=Ugx3Q5RcfCVR3g_QGyh4AaABAg,cf07890ff5eb5715,강아지 두부간식 만들기 #강아지두부간식 #강아지두부과자,남은거는 어떻게 보관 했다 먹이나용?,2026-03-27,간식 진공 보관,미상,,page,vacuum,2026-09-28T14:56:47
youtube,https://www.youtube.com/watch?v=13t28XHg2bQ&lc=UgzFRKU7KPKrRFJTFM94AaABAg,0b05e675b8b16c20,강아지 두부간식 만들기 #강아지두부간식 #강아지두부과자,두부는 아무거나 써도 되나요??,2026-03-27,간식 진공 보관,미상,,page,vacuum,2026-09-28T14:56:47
youtube,https://www.youtube.com/watch?v=Qi3YG8mFpRc&lc=UgyCCQDfTdXsA2ZnVK94AaABAg,5389250f39b31118,강아지 무는 버릇 고치는 훈육법,ㅋㅋ인형가지고는 다 합니다 우리집15키로대형견인데 뒤통수를 어찌잡나요  손가락 짤립니다,2026-09-02,물그릇 물때,미상,,page,water,2026-09-28T14:57:29
youtube,https://www.youtube.com/watch?v=Qi3YG8mFpRc&lc=Ugz_jppUC2DXaaLvMyx4AaABAg,cfecc1a44548ecdc,강아지 무는 버릇 고치는 훈육법,그냥 뒤통수 잡고 손가락 목구멍으로 집어 넣으면 됨.,2026-08-14,물그릇 물때,미상,,page,water,2026-09-28T14:57:29
youtube,https://www.youtube.com/watch?v=Qi3YG8mFpRc&lc=UgztU8fzl8VZFjFkd0l4AaABAg,ac28096ed9053ea2,강아지 무는 버릇 고치는 훈육법,예전에 아버지께서 저를 빠따질 하실때 말씀하시길.. 사회화가 안되고 본능만 따라서 남 피해주는건 짐승이나 할짓이다.. 그리고 맞아야 알아듣는것도 짐승만 그러한데 너가 지금 짐승으로 보이니 패는것이라고.. 납득되서 많이 맞고 많이 사람되었습니다. 사람도 그러한데 짐승은 통제력이 인간보다 못하기에.. 함께 살아가고싶다면. 견주들은 자식 대하듯 강한 체벌도 필요하다봅니다. 당연한건데.. 학대론 펼치시는분들은.. 최악을 경험해보지 못하셨을겁니다 아마. 그러니 본인말이 다맞습니다. 이상,2026-08-03,물그릇 물때,미상,,page,water,2026-09-28T14:57:29
youtube,https://www.youtube.com/watch?v=Qi3YG8mFpRc&lc=Ugxt7o3iTbhtfNMkqqV4AaABAg,d5c4d3d9338968a2,강아지 무는 버릇 고치는 훈육법,가장확실한것은. 아빨다 뽑으면됩니다 ㅎㅎ,2026-07-26,물그릇 물때,미상,,page,water,2026-09-28T14:57:29
youtube,https://www.youtube.com/watch?v=Qi3YG8mFpRc&lc=Ugx2cbbHMX5UYrWstTJ4AaABAg,7c4aac307885e7f1,강아지 무는 버릇 고치는 훈육법,손을 강아지 이빨에 넣으면 당연히 물죠~,2026-07-23,물그릇 물때,미상,,page,water,2026-09-28T14:57:29
youtube,https://www.youtube.com/watch?v=Qi3YG8mFpRc&lc=UgxtZ98mtj7vKYSaj5R4AaABAg,e3c86ade2894ecc4,강아지 무는 버릇 고치는 훈육법,개 입질이 세싱사라니 웃긴이야기 그냥 개잡돌이 하면 10분도 안 걸린다  뭐 저런걸 예방방법이라고,2026-07-18,물그릇 물때,미상,,page,water,2026-09-28T14:57:29
youtube,https://www.youtube.com/watch?v=Qi3YG8mFpRc&lc=Ugy3x8CIS8QZjSj-rYd4AaABAg,75d67bcb5c7f3c78,강아지 무는 버릇 고치는 훈육법,강아지들이 무는건 본능인데 개껌을 종류대로 항상주면 강아지들이 나중에는 질려서 안물어요  우리 강아지는 죽을때 까지 개껌을  항상 종류대로 질긴거부터 쉽게 먹는 개껌을 항상 강아지 앞에 놔 줬는데ᆢ공격성도 없어지고 욕구가 충족되고 먹는것도 먹는걸 좋아하는 강아지는 일반 사료 와 더줄거면 다아어트 사료을 먹여서 충분한 먹이와 물을 강아지가 먹을수 있게 하면 입질도 안하고 순하고 착하게 살다가 지금은 죽었어요ᆢ너무 사료을 안먹여도 배고파서 강아지들이 성격이 나빠 진다고 했어요,2026-07-12,물그릇 물때,미상,,page,water,2026-09-28T14:57:29
youtube,https://www.youtube.com/watch?v=Qi3YG8mFpRc&lc=Ugxaurt-H3y-NesZ2uh4AaABAg,7c5d73fe4400bc32,강아지 무는 버릇 고치는 훈육법,전 진심을다해 존나 팼더니 그 뒤로 강아지가 눈치까생겼습니다,2026-07-08,물그릇 물때,미상,,page,water,2026-09-28T14:57:29
youtube,https://www.youtube.com/watch?v=Qi3YG8mFpRc&lc=UgwVPy4a49yA2FEN6lp4AaABAg,fb8180852d09b0f2,강아지 무는 버릇 고치는 훈육법,"걍 발로 몇번 걷어 차면 알아서 교육됨
개는 개답게 키우자",2026-05-05,물그릇 물때,미상,,page,water,2026-09-28T14:57:29
youtube,https://www.youtube.com/watch?v=Qi3YG8mFpRc&lc=Ugx4XXjE05EfqnY3uQt4AaABAg,694f322305b18b0a,강아지 무는 버릇 고치는 훈육법,걔는 개같이 잡들이 하면 돼,2026-03-26,물그릇 물때,미상,,page,water,2026-09-28T14:57:29
youtube,https://www.youtube.com/watch?v=Qi3YG8mFpRc&lc=UgxzAP7AK80hw4B0-St4AaABAg,6c37514c4a6994ef,강아지 무는 버릇 고치는 훈육법,"우리집 강아지는 입질 하면 바디 파워킥에 파워 꿀밤 내려줌
난 동물 등록증 다 등록하고 남한테 피해 주기 싫고 아이와 같이 살아가기 위한 최소한의 방법이라 생각함 안그럼 안락사 보내야할텐데...",2026-03-18,물그릇 물때,미상,,page,water,2026-09-28T14:57:29
youtube,https://www.youtube.com/watch?v=Qi3YG8mFpRc&lc=UgzksWwyV10XRitVvfd4AaABAg,3f17fd4b0500a663,강아지 무는 버릇 고치는 훈육법,강쥐 괴롭히지 마여~~~,2026-01-09,물그릇 물때,미상,,page,water,2026-09-28T14:57:29
youtube,https://www.youtube.com/watch?v=Qi3YG8mFpRc&lc=UgyrpxLxHeZhGnjXH5l4AaABAg,f105a804a75121ef,강아지 무는 버릇 고치는 훈육법,입질훈련 깨물때 콧잔등 풀파워 딱밤 한번이면 코피 주륵. 게임 오버,2025-12-20,물그릇 물때,미상,,page,water,2026-09-28T14:57:29
youtube,https://www.youtube.com/watch?v=Qi3YG8mFpRc&lc=UgyXCWp5muDpHNuW6yl4AaABAg,49ce81c149882b30,강아지 무는 버릇 고치는 훈육법,큰개는요?,2025-12-04,물그릇 물때,미상,,page,water,2026-09-28T14:57:29
youtube,https://www.youtube.com/watch?v=Qi3YG8mFpRc&lc=UgxvmYfRp0ApwkKrBBl4AaABAg,6eaa1e54f610fa47,강아지 무는 버릇 고치는 훈육법,신문지 돌돌말아서 박스테이프로 싹 감은 후에 몽둥이로 쓰면 됩니다. 서열정리제일검,2025-12-02,물그릇 물때,미상,,page,water,2026-09-28T14:57:29
youtube,https://www.youtube.com/watch?v=Qi3YG8mFpRc&lc=UgzLofdQjsuN0R2kMnR4AaABAg,12dcb2ca85311078,강아지 무는 버릇 고치는 훈육법,물면 걍 개패듯이 패서 정리하면 됩니다.,2025-12-02,물그릇 물때,미상,,page,water,2026-09-28T14:57:29
youtube,https://www.youtube.com/watch?v=Qi3YG8mFpRc&lc=UgzZy1B-mjjAlGnv1cZ4AaABAg,2dd91ce7823f9b52,강아지 무는 버릇 고치는 훈육법,"인도에서는 잘못을하면 경찰이 사람을 후드려팸 사람도 말안들으면 맞아야 정신차리는데
개도 말안들으면 후드려패야됨 사람무는개를 가족이니
뭐니하면 개만도 못한 인간이 되는거야",2025-11-24,물그릇 물때,미상,,page,water,2026-09-28T14:57:29
youtube,https://www.youtube.com/watch?v=Qi3YG8mFpRc&lc=Ugyd3tiZaaSN3mKxNU14AaABAg,18d666fd92b4e468,강아지 무는 버릇 고치는 훈육법,부지깽이 시급하다,2025-11-08,물그릇 물때,미상,,page,water,2026-09-28T14:57:29
youtube,https://www.youtube.com/watch?v=Qi3YG8mFpRc&lc=UgzlQ7Bkiq42in_qGZx4AaABAg,d4f765ebded9b6da,강아지 무는 버릇 고치는 훈육법,시골에서 물리면 다음날 사라지는데 .,2025-11-03,물그릇 물때,미상,,page,water,2026-09-28T14:57:29
youtube,https://www.youtube.com/watch?v=Qi3YG8mFpRc&lc=UgwrceV7FqOkGq59Qll4AaABAg,b66ba1f12a8efae1,강아지 무는 버릇 고치는 훈육법,추임새 소리에 잘 안들린다능~요,2025-10-10,물그릇 물때,미상,,page,water,2026-09-28T14:57:29
youtube,https://www.youtube.com/watch?v=Qi3YG8mFpRc&lc=Ugw2LrTbplm8qUIxEQt4AaABAg,9d9ff10847c8eed8,강아지 무는 버릇 고치는 훈육법,"쓰레빠로 싸대기 날리면 세상 편한데 
개때문에 스트레스 받는 주민들도없고 
하악질한다고 주변 개들한테 민패끼치는 애들도없고 사람 무는 애들도 사라짐. 지네들 미성숙한 마음으로 사람들에게 밍폐 끼침",2025-10-04,물그릇 물때,미상,,page,water,2026-09-28T14:57:29
youtube,https://www.youtube.com/watch?v=AmMJ6jqKuOY&lc=UgxXp4Mmeg1zM7dVnIJ4AaABAg,790da1265f37cf83,대부분 모르는 강아지 물그릇 잘 고르는 방법,ㅋㅋㅋㅋㅋㅋㅋㅋ 가슴 높이에 맞는 물그릇 (쓰윽-) 나올때 나만 웃긴갘ㅋㅋㅋㅋ 비웃는거 아니고 진짜 순수웃음 임당.....!!!!,2025-10-18,물그릇 물때,미상,,page,water,2026-09-28T14:57:29
youtube,https://www.youtube.com/watch?v=AmMJ6jqKuOY&lc=UgzfG0h3F92lzCWCZjd4AaABAg,d368b667514571f3,대부분 모르는 강아지 물그릇 잘 고르는 방법,높으면 안됨. 턱 털이 젖음. 말티즈의 경우 3센티가 적당,2025-10-10,물그릇 물때,미상,,page,water,2026-09-28T14:57:29
youtube,https://www.youtube.com/watch?v=pj5D7ZIrd4E&lc=UgzI0r-BTdFpdC-SCWJ4AaABAg,c3467ab163ab6bfb,강아지 밥그릇 매일 씻으시나요?,"매일 씻어요!!!저희 강아지는 아침 산책 후 이것 저것 먹으면 밥을 한끼 정도 먹어서 항상 깨끗하게 씻어줍니다!!
비글인데 식탐이 심하지 않고, 배부르면 숟가락 놓는 습관이 있습니다!!!ㅎㅎㅎ",2026-08-30,물그릇 물때,미상,,page,water,2026-09-28T14:57:29
youtube,https://www.youtube.com/watch?v=pj5D7ZIrd4E&lc=Ugzl8tj_mQIRmFbHodd4AaABAg,98cb73efcf26424b,강아지 밥그릇 매일 씻으시나요?,말티즈인데 3일내내 구토를 했어요 물티슈도 안되고 물세척도 안되요 무조건 주방세제에 스펀지로 헹궈주세요 매번 귀찮으면 저처럼 스텐그릇만 20개씩 주문해서 주마다 모아서 세척해요 한번먹으면 바로세척해야되요,2026-08-24,물그릇 물때,미상,,page,water,2026-09-28T14:57:29
youtube,https://www.youtube.com/watch?v=pj5D7ZIrd4E&lc=UgzvKNLjLkP0EkScrIN4AaABAg,59366995da560ded,강아지 밥그릇 매일 씻으시나요?,헐 매일 줄때마다 닦는게 정상 아님? 그릇도 도자기그릇에만 밥주는뎅..😮,2026-08-13,물그릇 물때,미상,,page,water,2026-09-28T14:57:29
youtube,https://www.youtube.com/watch?v=pj5D7ZIrd4E&lc=UgyVJPFACfa_Wqt0vFB4AaABAg,9ba0fb215b3c81d7,강아지 밥그릇 매일 씻으시나요?,"일주일에 한 번 설거지 하면서 씻고
매일 매일 믈로만 씻어욭",2026-07-06,물그릇 물때,미상,,page,water,2026-09-28T14:57:29
youtube,https://www.youtube.com/watch?v=pj5D7ZIrd4E&lc=UgyQEKHTVG15NYlMtPB4AaABAg,cadb61d9cf5b8ccb,강아지 밥그릇 매일 씻으시나요?,지나치면 큰일나요 하길래 밥그릇을 너무 씻으면 큰일난다는줄 침닿으면 무조건 씻어야지,2026-07-02,물그릇 물때,미상,,page,water,2026-09-28T14:57:29
youtube,https://www.youtube.com/watch?v=pj5D7ZIrd4E&lc=UgxjWaaRShiVNYERdGN4AaABAg,1b01e54459cbad54,강아지 밥그릇 매일 씻으시나요?,한달에 한번은 너무한거아니냐😮,2026-06-21,물그릇 물때,미상,,page,water,2026-09-28T14:57:29
youtube,https://www.youtube.com/watch?v=pj5D7ZIrd4E&lc=UgzvrvVXbUhkxfPHmJl4AaABAg,79f26a3d78f7e064,강아지 밥그릇 매일 씻으시나요?,"시골 똥강아지들 밥그릇은
한달에한번이나 씻을까요
저는 사기그릇 사용하고
뜨거운물로 매일씻어요
사람은 밥그릇 먹은데 또먹나요
아니잖아요
사랑한다면 위생관리철저하는게 맞는거죠",2026-04-12,물그릇 물때,미상,,page,water,2026-09-28T14:57:29
youtube,https://www.youtube.com/watch?v=pj5D7ZIrd4E&lc=Ugzlqe_KpNYqHKBvOwh4AaABAg,9beb6baf8d2e2516,강아지 밥그릇 매일 씻으시나요?,"저는 소형견이라 간장종지 한세트에 12개 들어있어서
거기에 번갈아가며 주니 딱임 
매끼 새그릇😂",2026-02-08,물그릇 물때,미상,,page,water,2026-09-28T14:57:29
youtube,https://www.youtube.com/watch?v=4mHdbq-GET8&lc=Ugwq6yRV9VIRumDZRzF4AaABAg,ba3ace9abdbe2a09,강아지가 깨무는 이유 이것 때문이라니...,3개월 강아지도 그런건가요?😢,2026-09-20,물그릇 물때,미상,,page,water,2026-09-28T14:57:29
youtube,https://www.youtube.com/watch?v=4mHdbq-GET8&lc=Ugxk0nJ70_ZmRsSPatZ4AaABAg,894784aa7771c769,강아지가 깨무는 이유 이것 때문이라니...,8개월인데 저런면 더 달라들어요 ㅜㅜ,2026-05-13,물그릇 물때,미상,,page,water,2026-09-28T14:57:29
youtube,https://www.youtube.com/watch?v=4mHdbq-GET8&lc=UgzTprXA81rfcsGiiTp4AaABAg,f446a304b3580d1a,강아지가 깨무는 이유 이것 때문이라니...,"갑자기 올때 막 에너지 빠른 슝하고 
손가락 살짝깨무고 나잡아봐라 이렇게 하는데 요?",2026-03-04,물그릇 물때,미상,,page,water,2026-09-28T14:57:29
youtube,https://www.youtube.com/watch?v=4mHdbq-GET8&lc=UgzSTadPIhcE_qR5KfV4AaABAg,4c57f0d2e6b4b79b,강아지가 깨무는 이유 이것 때문이라니...,안통해서 죽탱이 몇번 돌렸습니다,2026-02-04,물그릇 물때,미상,,page,water,2026-09-28T14:57:29
youtube,https://www.youtube.com/watch?v=4mHdbq-GET8&lc=UgzccQtd-T46153JAfp4AaABAg,f30e1ad9a927106a,강아지가 깨무는 이유 이것 때문이라니...,"우리 고양이 한테 했더니 하악질하고 할쿼서 그냥 방나갈라고 했더니 따라와서 바지에 손톱을 넣어서 대롱대롱 매달려서 허리를 물고 소파밑으로 들어가서 대기타다가 앉으면 다리를 할퀴는데 손톱이 박혀서 쭉아래로 글어서 다리>(ㅣㅣㅣ)이렇게 됌 제대로 할퀴어짐

                 다리>(|  |   |)<이해를 돕기위한
                           (|  |   |)  
                           (|  |   |)<종아리 부분",2026-01-24,물그릇 물때,미상,,page,water,2026-09-28T14:57:29
youtube,https://www.youtube.com/watch?v=4mHdbq-GET8&lc=UgyeTfaLRCQCcVsH8ht4AaABAg,b2cb592a328c903f,강아지가 깨무는 이유 이것 때문이라니...,너무 물어서 멍들었어요 밖에 외출해도 줄땡기고 바닥에 눕고 날뛰고 물어요,2025-12-30,물그릇 물때,미상,,page,water,2026-09-28T14:57:29
youtube,https://www.youtube.com/watch?v=4mHdbq-GET8&lc=Ugx5pWPT74wuXArR6nN4AaABAg,363baed863629f75,강아지가 깨무는 이유 이것 때문이라니...,이거 대형견들에겐 소용없음,2025-12-10,물그릇 물때,미상,,page,water,2026-09-28T14:57:29
youtube,https://www.youtube.com/watch?v=4mHdbq-GET8&lc=UgzTAvUuqTjNrFOiS254AaABAg,1835de9ede2fbfdd,강아지가 깨무는 이유 이것 때문이라니...,완전 잘 배웠어요 대박!!!,2025-11-13,물그릇 물때,미상,,page,water,2026-09-28T14:57:29
youtube,https://www.youtube.com/watch?v=4mHdbq-GET8&lc=UgzP5WJv3SthvlNYcqh4AaABAg,1e75ccf828ae5daa,강아지가 깨무는 이유 이것 때문이라니...,일주일에 한번 본가에 가면 처음엔 미친듯이 깨물다가 갑자기또 배을막 보여주고 항복자세를 하는건 서열인건지.. 항복인건지.. 이놈이 나를 헷갈리게 하려고 하는건지..,2025-11-07,물그릇 물때,미상,,page,water,2026-09-28T14:57:29
youtube,https://www.youtube.com/watch?v=4mHdbq-GET8&lc=UgyAzwsPZMDdEBGptrF4AaABAg,fc9c8c2d24413058,강아지가 깨무는 이유 이것 때문이라니...,와 보더콜리가 계속 물어서 이거 보고 통제하는데 진짜로 쎄게하고 서열 잡고있어서 3시간만에 성공했어요 근대 피가....,2025-10-21,물그릇 물때,미상,,page,water,2026-09-28T14:57:29
youtube,https://www.youtube.com/watch?v=4mHdbq-GET8&lc=Ugz7iN2TGyNG9_VMEcl4AaABAg,3c21d955d5791225,강아지가 깨무는 이유 이것 때문이라니...,그래도 장난치려고 그런것도 있죠,2025-09-29,물그릇 물때,미상,,page,water,2026-09-28T14:57:29
youtube,https://www.youtube.com/watch?v=fXfyY8OFd8U&lc=UgxRF8ywaxZCNlKUjjR4AaABAg,03a63d144fd0ff7d,100% 효과! 손발 깨무는 새끼강아지 훈련방법,중저음이안나와용 에겐남이라 어쩌죠,2026-09-17,물그릇 물때,미상,,page,water,2026-09-28T14:57:29
youtube,https://www.youtube.com/watch?v=fXfyY8OFd8U&lc=UgyYMhDFiqEGNOqdXtx4AaABAg,3790dee7ba74e26d,100% 효과! 손발 깨무는 새끼강아지 훈련방법,저러고 다시 달려와서 무는데 어쩌죠,2026-09-15,물그릇 물때,미상,,page,water,2026-09-28T14:57:29
youtube,https://www.youtube.com/watch?v=fXfyY8OFd8U&lc=UgzdSpHyAkBTyk0ZB3l4AaABAg,7882aea382b59b8c,100% 효과! 손발 깨무는 새끼강아지 훈련방법,효과 3일만에 다시물어용 ㅜㅜㅜ,2026-09-11,물그릇 물때,미상,,page,water,2026-09-28T14:57:29
youtube,https://www.youtube.com/watch?v=fXfyY8OFd8U&lc=Ugx6WkqGJBRNmvoPCPN4AaABAg,1725ac405a35de4b,100% 효과! 손발 깨무는 새끼강아지 훈련방법,안돼! 하고 단호하게 말하면 짖는 강아지는 어떻게 해야하나요...ㅠ,2026-08-25,물그릇 물때,미상,,page,water,2026-09-28T14:57:29
youtube,https://www.youtube.com/watch?v=fXfyY8OFd8U&lc=Ugw1zNTNaCHw58wriH94AaABAg,5703bdb9aeebe486,100% 효과! 손발 깨무는 새끼강아지 훈련방법,세번만에 해결했어요 정말 감사합니다 ㅠㅠㅜㅜㅜ,2026-08-23,물그릇 물때,미상,,page,water,2026-09-28T14:57:29
youtube,https://www.youtube.com/watch?v=fXfyY8OFd8U&lc=UgxAAqUXq-VhR-_DP2R4AaABAg,f7a3f4716988b488,100% 효과! 손발 깨무는 새끼강아지 훈련방법,"개들끼리 하듯이
크게 
으르렁 하면
다신 안한다",2026-08-21,물그릇 물때,미상,,page,water,2026-09-28T14:57:29
youtube,https://www.youtube.com/watch?v=fXfyY8OFd8U&lc=UgzY2vpa84AM9N_i9mp4AaABAg,c65827741012ccfc,100% 효과! 손발 깨무는 새끼강아지 훈련방법,지금 보면서 해봤는데 되네요!,2026-08-14,물그릇 물때,미상,,page,water,2026-09-28T14:57:29
youtube,https://www.youtube.com/watch?v=fXfyY8OFd8U&lc=UgwaSzhQIR0S74vUlgx4AaABAg,2220899ee8ea7597,100% 효과! 손발 깨무는 새끼강아지 훈련방법,아.... 저렇게 한후 몇일동안 나랑 눈도 안마주치고 불러도 안왔다,2026-08-10,물그릇 물때,미상,,page,water,2026-09-28T14:57:29
youtube,https://www.youtube.com/watch?v=030AYywCojM&lc=UgyNlCpA9iiKWR339MJ4AaABAg,d4e3683fd48834d6,"강아지물그릇 추천, 인기신상 바로보기! 가성비 TOP5","쿠팡파트너스 활동의 일환으로 소정의 수익이 발생합니다.
제품에 대한 상세보기는 아래 더보기 참고해주세요.
▼▽▼▽▼▽▼▽▼▽▼▽▼▽▼▽▼▽▼▽▼▽

★★강아지물그릇 BEST5 추천정보★★


1위 [요기펫 요기 베이비 강아지 물그릇 300ml] 10,000원
☞ https://link.coupang.com/a/cWlIXA ☜

2위 [요기펫 요기 스탠드 강아지 물그릇] 18,000원
☞ https://link.coupang.com/a/cWlIXH ☜

3위 [[페블펫] 강아지 고양이 애견 3중여과 대용량 워터슬라이드 자동급수기 IPW200, 1개, 급수기] 19,900원
☞ https://link.coupang.com/a/cWlIXM ☜

4위 [딩동펫 반려동물 하이라인 세라믹 식기] 5,910원
☞ https://link.coupang.com/a/cWlIXO ☜

5위 [딩동펫 반려동물 불가사리 워터 펫볼 급수기] 7,900.0원
☞ https://link.coupang.com/a/cWlIXQ ☜



#가성비 #추천 #최고 #베스트셀러 #인기 #강아지물그릇",2025-10-13,강아지 물그릇,미상,,page,water,2026-09-28T14:57:54
youtube,https://www.youtube.com/watch?v=f5vLWcYr76I&lc=UgyI9kfK1O_czVEx7bN4AaABAg,67d41bb5e6b768fb,물 마시고 켁켁거리는 이유 💦 물그릇 높이에 대한 오해와 주의점 ⁉️ | 설채현 행동학 수의사,시바견도 유선형인건가 가슴팍 넓은편은 아닌것같은데 근데 11키로밖에안됨 그래도 너무 높이는 올리지말아야겠다,2026-06-30,강아지 물그릇,미상,,page,water,2026-09-28T14:57:54
youtube,https://www.youtube.com/watch?v=f5vLWcYr76I&lc=UgzO1OS_3Ahe8l32YOd4AaABAg,6fac61c46d310a0f,물 마시고 켁켁거리는 이유 💦 물그릇 높이에 대한 오해와 주의점 ⁉️ | 설채현 행동학 수의사,말티즈2키로짜리인데 물마실때마다 켁켁거려요. 가슴쪽이 살짯 뾰족한 타입이에요,2026-05-02,강아지 물그릇,미상,,page,water,2026-09-28T14:57:54
youtube,https://www.youtube.com/watch?v=f5vLWcYr76I&lc=UgyLC31b7qPYm8UEmdJ4AaABAg,a01447b949be3220,물 마시고 켁켁거리는 이유 💦 물그릇 높이에 대한 오해와 주의점 ⁉️ | 설채현 행동학 수의사,골든리트리버 키우는데 3년을 물먹고 켁켁대길래 식기를 바닥에 뒀더니 이제 안그럽니다 골든리트리버는 그냥 바닥에 두는게 좋은것같아요,2026-04-28,강아지 물그릇,미상,,page,water,2026-09-28T14:57:54
youtube,https://www.youtube.com/watch?v=f5vLWcYr76I&lc=Ugy4KjKbyKR3RGz-58V4AaABAg,f064ef1bca5baacb,물 마시고 켁켁거리는 이유 💦 물그릇 높이에 대한 오해와 주의점 ⁉️ | 설채현 행동학 수의사,병원에서 만성기관지염이래요 목이아닌 팔안쪽 기관지가 탄력없이 너덜너덜해서 가래를기침으로 배출하고 있다합니다 ㅠ스테로이드 몇년째먹이는데 살이 너무 찌고 악순환입니다 방법이 없을까요 ㅠㅠㅠㅠ 소개하신 미스트가저희 강아지에게도해당될까요 ㅠㅠ,2026-04-27,강아지 물그릇,미상,,page,water,2026-09-28T14:57:54
youtube,https://www.youtube.com/watch?v=f5vLWcYr76I&lc=UgwnqTfLnGVy-o9771h4AaABAg,aaa87b43ab54e984,물 마시고 켁켁거리는 이유 💦 물그릇 높이에 대한 오해와 주의점 ⁉️ | 설채현 행동학 수의사,"헐 진작볼걸,,, 울강아지가 물먹고 사례  심하게 잘걸려서 기관지검사하고 의사쌤한테 물어봤는데,,,,",2026-04-24,강아지 물그릇,미상,,page,water,2026-09-28T14:57:54
youtube,https://www.youtube.com/watch?v=f5vLWcYr76I&lc=UgwE6Xbj7AainZFvyAJ4AaABAg,f3fea902e2e61abc,물 마시고 켁켁거리는 이유 💦 물그릇 높이에 대한 오해와 주의점 ⁉️ | 설채현 행동학 수의사,"울집 강쥐 12살인데
애기때부터 지금까지
물마실때 가끔씩 사례증상이 있는데..
잘 배웠어요~",2026-04-22,강아지 물그릇,미상,,page,water,2026-09-28T14:57:54
youtube,https://www.youtube.com/watch?v=f5vLWcYr76I&lc=UgwUarFE3trvWPl4oR54AaABAg,3d215cbc7428cf94,물 마시고 켁켁거리는 이유 💦 물그릇 높이에 대한 오해와 주의점 ⁉️ | 설채현 행동학 수의사,저희강아지는 일반 큰비숑치고도 다리가 길어서 자꾸 사례걸리길래 높이 높여줬는데 증상이 여전히 똑같길래 다른문제인가 하고 있었는데 어느날 아예 낮은 그릇에 물을주니 켁켁 거리지 않아서 요즘은 아예 낮은 그릇에 물 주고 있어요,2026-04-21,강아지 물그릇,미상,,page,water,2026-09-28T14:57:54
youtube,https://www.youtube.com/watch?v=f5vLWcYr76I&lc=Ugzi0pcSjoCKYTDtRAp4AaABAg,0aae4f4cb9c23e54,물 마시고 켁켁거리는 이유 💦 물그릇 높이에 대한 오해와 주의점 ⁉️ | 설채현 행동학 수의사,와 오늘 첨봤는데 좋아요 누르면 강아지 모양으로 나와요!!,2026-04-21,강아지 물그릇,미상,,page,water,2026-09-28T14:57:54
youtube,https://www.youtube.com/watch?v=f5vLWcYr76I&lc=UgyDLqKz9ZdXhFgG29Z4AaABAg,bf78fc984d732c96,물 마시고 켁켁거리는 이유 💦 물그릇 높이에 대한 오해와 주의점 ⁉️ | 설채현 행동학 수의사,"진돗개인데, 물 가끔 먹을 때 코에 물이 들어가는 건지 켁켁 거릴 때가 좀 있는데..ㅠㅠ 식기 높이가 적정한 지 살펴봐야 겠네요. 좋은 컨텐츠 감사합니다ㅠㅠ",2026-04-21,강아지 물그릇,미상,,page,water,2026-09-28T14:57:54
youtube,https://www.youtube.com/watch?v=f5vLWcYr76I&lc=UgybnAt4VBXGTfbQr694AaABAg,cd129c8ebe1bcebe,물 마시고 켁켁거리는 이유 💦 물그릇 높이에 대한 오해와 주의점 ⁉️ | 설채현 행동학 수의사,울아가 말티즈10살 입니다 물마실때 켁켁 사레가 자주 걸려서 물그릇 높게 조절했더니 완전 마니 좋아졌네요~개인차는 있겠지만요^^참고하시길요~~,2026-04-21,강아지 물그릇,미상,,page,water,2026-09-28T14:57:54
youtube,https://www.youtube.com/watch?v=f5vLWcYr76I&lc=Ugytqnhz-13VYib_-jl4AaABAg,364349879185144d,물 마시고 켁켁거리는 이유 💦 물그릇 높이에 대한 오해와 주의점 ⁉️ | 설채현 행동학 수의사,헐. ... 진돗개 식기높이 높은데... 낮춰야겠네요,2026-04-21,강아지 물그릇,미상,,page,water,2026-09-28T14:57:54
youtube,https://www.youtube.com/watch?v=f5vLWcYr76I&lc=UgxVdPE9vVFsoNs2_g94AaABAg,8b20ae007f4b6d9d,물 마시고 켁켁거리는 이유 💦 물그릇 높이에 대한 오해와 주의점 ⁉️ | 설채현 행동학 수의사,"설샘❤
웰시코기 인데요
바닥에 식기를 다 두다
요즘
살짝 높이 를 주었어요
근데 물 먹고
켁켁 거려요
웰시코기 종에 맞는 방법은요❓️❓️❓️",2026-04-21,강아지 물그릇,미상,,page,water,2026-09-28T14:57:54
youtube,https://www.youtube.com/watch?v=f5vLWcYr76I&lc=Ugxbiz3YlOVSX0ubivx4AaABAg,ecfca6f3de3ad130,물 마시고 켁켁거리는 이유 💦 물그릇 높이에 대한 오해와 주의점 ⁉️ | 설채현 행동학 수의사,어머머!! 4개월 믹스 강아지 키우는데 요즘 고민 중에 하나가 물 마시고 나서 켁! 하는데 기침도 아니고 토하는 것도 아니라.. 대체 왜 저러지?? 가족끼리 난감해했거든요. 어떻게 알고 이런 영상을 마침 올려주셨는지.. 신기하고 감사합니다 설쌤!!,2026-04-21,강아지 물그릇,미상,,page,water,2026-09-28T14:57:54
youtube,https://www.youtube.com/watch?v=f5vLWcYr76I&lc=Ugx7EPGtxuwWpXFU9JF4AaABAg,45e76695fdc9d847,물 마시고 켁켁거리는 이유 💦 물그릇 높이에 대한 오해와 주의점 ⁉️ | 설채현 행동학 수의사,혹시 저희집 강아지가 가끔 코먹는 소리? 사람이 코 훌쩍일 때 나는 소리처럼 커엉커엉이랄까 연속적으로 쓰읍쓰읍 소리를 낼 때 간혹 있는데 이건 왜이런 걸까요?!,2026-04-20,강아지 물그릇,미상,,page,water,2026-09-28T14:57:54
youtube,https://www.youtube.com/watch?v=f5vLWcYr76I&lc=Ugwm5i3X2nlB1D9LaMJ4AaABAg,f28e03e4511cef31,물 마시고 켁켁거리는 이유 💦 물그릇 높이에 대한 오해와 주의점 ⁉️ | 설채현 행동학 수의사,저희 아이는 푸들인데요 물 먹을때뿐만아니고 저희를 흥분해서 반기고 나면 여지없이 켁켁 거립니다. 병원에서는 기관지는 괜찮다고했어요. 켁켁거릴때마다 어찌해야할까요?,2026-04-20,강아지 물그릇,미상,,page,water,2026-09-28T14:57:54
youtube,https://www.youtube.com/watch?v=f5vLWcYr76I&lc=Ugz-b-5nxswhnFF4M0h4AaABAg,3c90cd88fa9c4843,물 마시고 켁켁거리는 이유 💦 물그릇 높이에 대한 오해와 주의점 ⁉️ | 설채현 행동학 수의사,닥스훈트 키우는데 겨울철에 물마실때 켁켁 거리는게 심해진거같아서 조금 따뜻한물로 주니까 켁켁거림이 거의 없어졌어요!,2026-04-20,강아지 물그릇,미상,,page,water,2026-09-28T14:57:54
youtube,https://www.youtube.com/watch?v=f5vLWcYr76I&lc=UgyOJPzzTzlAIy3AG-N4AaABAg,4bc8cd5e32fef5f9,물 마시고 켁켁거리는 이유 💦 물그릇 높이에 대한 오해와 주의점 ⁉️ | 설채현 행동학 수의사,식탁 바꿔줄 때가 돼서 더 높은 식탁 찾아보던 진돗개 보호자.. 깜짝 놀라며 장바구니 지우러 갑니다 🤣🤣🤣,2026-04-20,강아지 물그릇,미상,,page,water,2026-09-28T14:57:54
youtube,https://www.youtube.com/watch?v=f5vLWcYr76I&lc=UgywSkgTWmiB8FqqsV94AaABAg,53feb2a37c517a29,물 마시고 켁켁거리는 이유 💦 물그릇 높이에 대한 오해와 주의점 ⁉️ | 설채현 행동학 수의사,물만먹으면 켁켁거리는 푸들견주로써는 너무 유익한 정보입니다. 그런데 우리 강쥐는 8개월부터 18개월이 된 지금까지 물만마시면 켁켁거려요. 소두종도 아닌 푸들이거든요. 머즐이 그리 짧은 편은 아니예요. 토이와 미니어처 중간정도라. 3.8kg이구요. 기관허탈이 올만큼 노견은 아닌데 하네스도 설쌤 하네스로 하고 있구요. 8개월이 되기전에 목줄을 착용했었는데 그때 기관허탈이 왔다면…그이후로 안해도 소용이 없는건가요? 이것도 저것도 해당사항이 딱히 없어보여 속상.ㅠㅠ 브레스핏 먹여보고 조금이라도 차도가 없으면 다른걸 의심해야 할까요?,2026-04-20,강아지 물그릇,미상,,page,water,2026-09-28T14:57:54
youtube,https://www.youtube.com/watch?v=f5vLWcYr76I&lc=Ugwx953pONbqdZClDYp4AaABAg,7d422ed03a622890,물 마시고 켁켁거리는 이유 💦 물그릇 높이에 대한 오해와 주의점 ⁉️ | 설채현 행동학 수의사,토이푸들인데 물마실때 아랫턱울 물에 잠긴상태로 물마시는대 왜그런걸까요 물먹는 법을 잘못배운걸까요?,2026-04-20,강아지 물그릇,미상,,page,water,2026-09-28T14:57:54
youtube,https://www.youtube.com/watch?v=f5vLWcYr76I&lc=Ugx8x05zc7VExiImRRN4AaABAg,88b60df46927318c,물 마시고 켁켁거리는 이유 💦 물그릇 높이에 대한 오해와 주의점 ⁉️ | 설채현 행동학 수의사,푸들9살아가인데넘심하게깨깩거려서물마실때제가더긴장하고지켜보게도네요,2026-04-20,강아지 물그릇,미상,,page,water,2026-09-28T14:57:54
youtube,https://www.youtube.com/watch?v=f5vLWcYr76I&lc=UgyjoE5WfnFskYZMU1N4AaABAg,67d304a743a3b313,물 마시고 켁켁거리는 이유 💦 물그릇 높이에 대한 오해와 주의점 ⁉️ | 설채현 행동학 수의사,브레스핏 성분을 ai한테 물어보니 반려견에게 안전한 재료는 아니라고  하는 것도 있던데...😢 그래서 구매가 망설여지는 ㅠㅠ,2026-04-20,강아지 물그릇,미상,,page,water,2026-09-28T14:57:54
youtube,https://www.youtube.com/watch?v=f5vLWcYr76I&lc=UgxV-v1aA-XTXont_ep4AaABAg,49bb8172a138f181,물 마시고 켁켁거리는 이유 💦 물그릇 높이에 대한 오해와 주의점 ⁉️ | 설채현 행동학 수의사,설쌤 항상 감사합니다 저는 진돗개와  푸들  이렇게 두 애기를 키우고 있는데요 어떤 계기로 3년째  화식을 만들어 먹이고 있어요 그런데 우연히 화식이 오히려 영양불균형 으로 독이 된다는 말을 듣게됐지요 그게 사실인가요?  그리고 애기들이 먹을수있는  야채나 곡물유등은 사람보다 제한되어 있잖아요 그래서 현미 병아리콩  브로콜리 당근 무우 단호박 호박 양배추 돼지고기 닭고기 소고기 북어 중에서 2주에 한번씩 (냉동보관) 한번만들때  5~6 가지 정도 병행해서 만들어 먹이고 있는데 그래도 영양불균형이 올까요? 꼭 알고싶어요,2026-04-20,강아지 물그릇,화식,,page,water,2026-09-28T14:57:54
youtube,https://www.youtube.com/watch?v=f5vLWcYr76I&lc=Ugxb34rmtcSVE8h35At4AaABAg,03d45bae1726d288,물 마시고 켁켁거리는 이유 💦 물그릇 높이에 대한 오해와 주의점 ⁉️ | 설채현 행동학 수의사,닥스훈트도 유선형 몸통에 해당 되나요?? 소형견이긴 한데 가슴팍 공간이 엄청 넓거든요. 물 마시고 나면 자꾸 켁켁 거리던데 GDV가능성이 있을지 궁금해요,2026-04-20,강아지 물그릇,미상,,page,water,2026-09-28T14:57:54
youtube,https://www.youtube.com/watch?v=f5vLWcYr76I&lc=UgzNaCN-2tRMci4aAs94AaABAg,1a24d5f0c70ed0a0,물 마시고 켁켁거리는 이유 💦 물그릇 높이에 대한 오해와 주의점 ⁉️ | 설채현 행동학 수의사,강쥐 2마리가 경쟁하듯 켁켁거려 고민됐는데 이유를 알게되니 한시름 놨네요~역씨 설쌤😊,2026-04-20,강아지 물그릇,미상,,page,water,2026-09-28T14:57:54
youtube,https://www.youtube.com/watch?v=f5vLWcYr76I&lc=UgzpGh3LW_0-wl9DS_V4AaABAg,62237ed94a8fcfe3,물 마시고 켁켁거리는 이유 💦 물그릇 높이에 대한 오해와 주의점 ⁉️ | 설채현 행동학 수의사,"웰시코기 인데욤 오히려 식기를 높게 하면 토하거나하고, 아주 낮게 하니까 괜찮아졌어요!",2026-04-20,강아지 물그릇,미상,,page,water,2026-09-28T14:57:54
youtube,https://www.youtube.com/watch?v=O-IWKaM9-WI&lc=Ugxy2Jl7euJ6aRrji7N4AaABAg,c83653ebbe956913,#shorts 강아지 물그릇 이거 쓰세요 (요기펫 요기물그릇2),1리터 사이즈인가요?,2026-06-06,강아지 물그릇,미상,,page,water,2026-09-28T14:57:54
youtube,https://www.youtube.com/watch?v=efLYjDBO2nI&lc=UgzAC4BYEbZ-tY_nR4R4AaABAg,6518286d8ec58d7d,"""좋게 말할때 그만해라?.."" 발 닦기 싫어서 으르렁대던 댕댕이의 최후",살살때리세요 안아프게,2026-09-28,강아지 물그릇,미상,,page,water,2026-09-28T14:57:54
youtube,https://www.youtube.com/watch?v=efLYjDBO2nI&lc=UgxuwPsSXisgsCwFU3B4AaABAg,07f153193d8bb6f5,"""좋게 말할때 그만해라?.."" 발 닦기 싫어서 으르렁대던 댕댕이의 최후","개들이 발에 염증이 많이 생기는데
병원가서 검사 받아보는 것도 좋을 듯.
항생제 며칠 먹으면 고침.",2026-09-27,강아지 물그릇,미상,,page,water,2026-09-28T14:57:54
youtube,https://www.youtube.com/watch?v=efLYjDBO2nI&lc=Ugx0rluCip9Pih2ZNoZ4AaABAg,d8f1af136874e0cd,"""좋게 말할때 그만해라?.."" 발 닦기 싫어서 으르렁대던 댕댕이의 최후",그래봐야 죽탱이만 날라가는데 몰 자꾸 개기노 ㅎ,2026-09-26,강아지 물그릇,미상,,page,water,2026-09-28T14:57:54
youtube,https://www.youtube.com/watch?v=efLYjDBO2nI&lc=Ugxe7-2Xdlwl-48FyNB4AaABAg,2cee4659503773cf,"""좋게 말할때 그만해라?.."" 발 닦기 싫어서 으르렁대던 댕댕이의 최후",ㅋㅋ,2026-09-25,강아지 물그릇,미상,,page,water,2026-09-28T14:57:54
youtube,https://www.youtube.com/watch?v=efLYjDBO2nI&lc=UgyTAjenZfT0FlXkdUZ4AaABAg,e671a0b96eaea13d,"""좋게 말할때 그만해라?.."" 발 닦기 싫어서 으르렁대던 댕댕이의 최후",내가 봣을때 개 가 진짜 강약약강에 표본임 ㅋㅋㅋ 강자한테 살랑 살랑 약자한테 으르렁,2026-09-24,강아지 물그릇,미상,,page,water,2026-09-28T14:57:54
youtube,https://www.youtube.com/watch?v=efLYjDBO2nI&lc=Ugz-h5IbQHFGfkxBHsp4AaABAg,bb0d77f0e0dd108c,"""좋게 말할때 그만해라?.."" 발 닦기 싫어서 으르렁대던 댕댕이의 최후",죽통바리 ㅋㅋ,2026-09-24,강아지 물그릇,미상,,page,water,2026-09-28T14:57:54
youtube,https://www.youtube.com/watch?v=efLYjDBO2nI&lc=Ugzm2bz3f02ZM-YyOxN4AaABAg,808d322e8e738f89,"""좋게 말할때 그만해라?.."" 발 닦기 싫어서 으르렁대던 댕댕이의 최후",나약한 새끼 ㅋㅋㅋ,2026-09-24,강아지 물그릇,미상,,page,water,2026-09-28T14:57:54
youtube,https://www.youtube.com/watch?v=efLYjDBO2nI&lc=UgxBcXR_1oYOlit6UNt4AaABAg,506a48c519e64e70,"""좋게 말할때 그만해라?.."" 발 닦기 싫어서 으르렁대던 댕댕이의 최후",정적이  졸라웃기다..ㅋㅋ,2026-09-23,강아지 물그릇,미상,,page,water,2026-09-28T14:57:54
youtube,https://www.youtube.com/watch?v=efLYjDBO2nI&lc=UgxuUHcNLhcocB9JcOh4AaABAg,bda5e711561e8b87,"""좋게 말할때 그만해라?.."" 발 닦기 싫어서 으르렁대던 댕댕이의 최후",개 패듯 한다는 옛말이 주는 교훈~,2026-09-23,강아지 물그릇,미상,,page,water,2026-09-28T14:57:54
youtube,https://www.youtube.com/watch?v=efLYjDBO2nI&lc=Ugwxhw_TcWJPIUfiVKJ4AaABAg,98b4c7fdfeee99e9,"""좋게 말할때 그만해라?.."" 발 닦기 싫어서 으르렁대던 댕댕이의 최후",몇번을 들어도 참...찰지네 ㅋㅋㅋ,2026-09-23,강아지 물그릇,미상,,page,water,2026-09-28T14:57:54
youtube,https://www.youtube.com/watch?v=efLYjDBO2nI&lc=UgycHQLjT6lCnYxKjOl4AaABAg,8bad2938b239d694,"""좋게 말할때 그만해라?.."" 발 닦기 싫어서 으르렁대던 댕댕이의 최후",개를 키우는거 친구가 아니라 대장이 되는것임,2026-09-22,강아지 물그릇,미상,,page,water,2026-09-28T14:57:54
youtube,https://www.youtube.com/watch?v=efLYjDBO2nI&lc=UgwlZQ4B3O9xt7aCloB4AaABAg,eb9553c3a1c501fd,"""좋게 말할때 그만해라?.."" 발 닦기 싫어서 으르렁대던 댕댕이의 최후","내가 이 영상에 정답을 늘 알려줬었는데 사라졌노
목을 잡고 아구창을찍어",2026-09-21,강아지 물그릇,미상,,page,water,2026-09-28T14:57:54
youtube,https://www.youtube.com/watch?v=efLYjDBO2nI&lc=UgxK-g4Pan_S0H6h5MR4AaABAg,166e01aee580715e,"""좋게 말할때 그만해라?.."" 발 닦기 싫어서 으르렁대던 댕댕이의 최후",바로 악귀 퇴치해버렸네 ㅋㅋㅋ,2026-09-21,강아지 물그릇,미상,,page,water,2026-09-28T14:57:54
youtube,https://www.youtube.com/watch?v=efLYjDBO2nI&lc=UgyDNTxCGNKbL9SW1_h4AaABAg,da55679f0d0d6ece,"""좋게 말할때 그만해라?.."" 발 닦기 싫어서 으르렁대던 댕댕이의 최후",훈육도 해야지~잘했다,2026-09-20,강아지 물그릇,미상,,page,water,2026-09-28T14:57:54
youtube,https://www.youtube.com/watch?v=efLYjDBO2nI&lc=UgyH59kUUm8heCV0wZd4AaABAg,2278bbc367ee96c4,"""좋게 말할때 그만해라?.."" 발 닦기 싫어서 으르렁대던 댕댕이의 최후",저여자 내이상형이야,2026-09-20,강아지 물그릇,미상,,page,water,2026-09-28T14:57:54
youtube,https://www.youtube.com/watch?v=efLYjDBO2nI&lc=Ugxja4zI_75wIImNdNN4AaABAg,17ba7e65a049d537,"""좋게 말할때 그만해라?.."" 발 닦기 싫어서 으르렁대던 댕댕이의 최후",쌤통,2026-09-20,강아지 물그릇,미상,,page,water,2026-09-28T14:57:54
youtube,https://www.youtube.com/watch?v=efLYjDBO2nI&lc=UgxI0syThAo3WKYsMep4AaABAg,209677dd56eb978a,"""좋게 말할때 그만해라?.."" 발 닦기 싫어서 으르렁대던 댕댕이의 최후","배우신 분!
개 키울줄 아는 분",2026-09-20,강아지 물그릇,미상,,page,water,2026-09-28T14:57:54
youtube,https://www.youtube.com/watch?v=efLYjDBO2nI&lc=UgwQl4ZzE5zfrt3LLAB4AaABAg,c179d411607262b3,"""좋게 말할때 그만해라?.."" 발 닦기 싫어서 으르렁대던 댕댕이의 최후","여기 야만인들 천지구나... 이게 폭력이 아니고 뭐야? 니들 자식도 이렇게 키울거야?
와 으르렁 거리는거 가지고 저렇게 코주변 쌔게 때려버리고... 진짜 저거 가지고 ""개는 저렇게 키워야 돼"" 와 ..진짜 소름이 돋는다...
안때리고도 충분히 교육할수 있는데
여기 잠재적 폭행범 범죄자들이 얼마나 있는거야
대한민국 살기 무섭다 😭",2026-09-19,강아지 물그릇,미상,,page,water,2026-09-28T14:57:54
youtube,https://www.youtube.com/watch?v=efLYjDBO2nI&lc=Ugxiyj9G8lBulrjgkmp4AaABAg,9dfd788b5f77bde1,"""좋게 말할때 그만해라?.."" 발 닦기 싫어서 으르렁대던 댕댕이의 최후",서열정리해야함,2026-09-18,강아지 물그릇,미상,,page,water,2026-09-28T14:57:54
youtube,https://www.youtube.com/watch?v=efLYjDBO2nI&lc=UgzGjhTEXHeGk8fwOOR4AaABAg,1caa67c6ce45c23f,"""좋게 말할때 그만해라?.."" 발 닦기 싫어서 으르렁대던 댕댕이의 최후",그래도~!!!  때리지마잉~!!!!,2026-09-17,강아지 물그릇,미상,,page,water,2026-09-28T14:57:54
youtube,https://www.youtube.com/watch?v=efLYjDBO2nI&lc=Ugy1DuhPeqpb7awVH5l4AaABAg,882f449fc8b089a9,"""좋게 말할때 그만해라?.."" 발 닦기 싫어서 으르렁대던 댕댕이의 최후","개가 성격이 ㅈ랄이라 주인을 무는게 아니지.. 모지리를 무는거지..
사람도 똑같음.. 아동학대 촉법소년 애ㅅ끼의 문제가 아님..
사회가 악을 만든거임..
뭐가 잘못된건지 가르쳐야하는데 부모 선생 손발 다묶고 서로 책임다툼..",2026-09-12,강아지 물그릇,미상,,page,water,2026-09-28T14:57:54
youtube,https://www.youtube.com/watch?v=efLYjDBO2nI&lc=UgyMQVzGSL-H_a53Kq54AaABAg,d06e9d562e46130a,"""좋게 말할때 그만해라?.."" 발 닦기 싫어서 으르렁대던 댕댕이의 최후","""헤헿 들켰나?""",2026-09-12,강아지 물그릇,미상,,page,water,2026-09-28T14:57:54
youtube,https://www.youtube.com/watch?v=efLYjDBO2nI&lc=Ugx9d6GVxVkR-hC2in94AaABAg,19295b8ac4b4f87d,"""좋게 말할때 그만해라?.."" 발 닦기 싫어서 으르렁대던 댕댕이의 최후","저건 폭력이아니라훈육임
저때안접음 이제 뭄",2026-09-11,강아지 물그릇,미상,,page,water,2026-09-28T14:57:54
youtube,https://www.youtube.com/watch?v=efLYjDBO2nI&lc=UgxlXxf9me90J3ugDyl4AaABAg,a30181a1c1059823,"""좋게 말할때 그만해라?.."" 발 닦기 싫어서 으르렁대던 댕댕이의 최후",ㅋㅋㅋㅋㅋ,2026-09-11,강아지 물그릇,미상,,page,water,2026-09-28T14:57:54
youtube,https://www.youtube.com/watch?v=efLYjDBO2nI&lc=Ugzb4Gy6MUNVTATvY4x4AaABAg,c7fb49cd0d591b39,"""좋게 말할때 그만해라?.."" 발 닦기 싫어서 으르렁대던 댕댕이의 최후",나도 이들어내며 으르렁 대거나 하악질하면 우선 패고봤는데...물론 저정도 수준으로...대신 여러대 연타로...ㅋㅋㅋ,2026-09-11,강아지 물그릇,미상,,page,water,2026-09-28T14:57:54
youtube,https://www.youtube.com/watch?v=efLYjDBO2nI&lc=UgxNsV4hOs6j73qI7cd4AaABAg,0bf6ca86d7bd37b4,"""좋게 말할때 그만해라?.."" 발 닦기 싫어서 으르렁대던 댕댕이의 최후",코도크고. 순둥순둥하게 생겼네.  예뻐라,2026-09-10,강아지 물그릇,미상,,page,water,2026-09-28T14:57:54
youtube,https://www.youtube.com/watch?v=efLYjDBO2nI&lc=UgyO4oyl-406Ck19i294AaABAg,68e1d76112a93fdc,"""좋게 말할때 그만해라?.."" 발 닦기 싫어서 으르렁대던 댕댕이의 최후",하여간 쳐 맞아야 정신 차린다니깐.,2026-09-10,강아지 물그릇,미상,,page,water,2026-09-28T14:57:54
youtube,https://www.youtube.com/watch?v=efLYjDBO2nI&lc=UgyEy5ScUssC3_tpmS14AaABAg,20cbc55b32936ce4,"""좋게 말할때 그만해라?.."" 발 닦기 싫어서 으르렁대던 댕댕이의 최후",이거 볼 때마다 맞을 때 헉! 하고 나도 같이 웃음 ㅋㅋㅋ 😂😂,2026-09-09,강아지 물그릇,미상,,page,water,2026-09-28T14:57:54
youtube,https://www.youtube.com/watch?v=ZN1A35obB0k&lc=UgzQt7dc03LuDEePAsJ4AaABAg,ee2db88a3d4ac85f,‘애견 급수대’로 강아지 물 주는 사람?!,아니 저.. 수의사 쌤이 애기 켁켁거림 없애려면 이거 써보라고 해서 방금 샀는데 사자마자 쓰지말라는 영상만 있어요 ㅠㅠㅠ 뭐가 맞는거죠,2026-01-28,강아지 급수기,미상,,page,water,2026-09-28T14:58:19
youtube,https://www.youtube.com/watch?v=nT70q6IDrro&lc=Ugwyi5J_aZ9jX1vU90V4AaABAg,b0f70e4b06fcfc52,"음수량 부족한 강아지, 물 잘 마시게 하는 방법!","산책하고 오면. 좀
잘마셔요 생수는 괜찬죠😊😊😊",2025-10-10,강아지 물 먹는 양,미상,,page,water,2026-09-28T14:58:45
youtube,https://www.youtube.com/watch?v=nT70q6IDrro&lc=UgwkGU1ITccxvpRBkk14AaABAg,1c2983180dd5c772,"음수량 부족한 강아지, 물 잘 마시게 하는 방법!",감사합니다 멍심보감님 😊😊😊,2025-10-10,강아지 물 먹는 양,미상,,page,water,2026-09-28T14:58:45
youtube,https://www.youtube.com/watch?v=nT70q6IDrro&lc=Ugxoy_w7ihhUGBkqP0B4AaABAg,2878477c92b577fa,"음수량 부족한 강아지, 물 잘 마시게 하는 방법!","정말 알짜정보만 주시네요
감사합니다🎉🎉🎉❤❤❤",2025-10-09,강아지 물 먹는 양,미상,,page,water,2026-09-28T14:58:45
youtube,https://www.youtube.com/watch?v=cmoWIihhYzQ&lc=UgxLNnUXtooMoOe4Tyx4AaABAg,4a96f1e08512f59f,"강아지 하루 물, 얼마나 마셔야 할까?",짜게먹지않으면 굳이 물을 많이 먹지않아도 된다햇는데,2025-10-09,강아지 물 먹는 양,미상,,page,water,2026-09-28T14:58:45
youtube,https://www.youtube.com/watch?v=cmoWIihhYzQ&lc=Ugw_DuGexm8bqqU_AHd4AaABAg,39f38f599890ec2d,"강아지 하루 물, 얼마나 마셔야 할까?","여름 보다 좀
덜마시네요😊😊😊",2025-10-09,강아지 물 먹는 양,미상,,page,water,2026-09-28T14:58:45
youtube,https://www.youtube.com/watch?v=cmoWIihhYzQ&lc=UgxPKmW_FziGDLZz4VB4AaABAg,0e57ccb8358f3466,"강아지 하루 물, 얼마나 마셔야 할까?",항상 감사합니다  우리  제니는 물을 충분히 잘 마셔서 너무 너무 감사합니다,2025-10-09,강아지 물 먹는 양,미상,,page,water,2026-09-28T14:58:45
youtube,https://www.youtube.com/watch?v=7wDC0NENDUs&lc=UgwLLKxGYWcskTt7n894AaABAg,565e1dd3cb0bf35c,우리 반려견이 갑자기 물을 많이 마신다면 의심해야 하는 질병 3가지 [우리동네수의사],시끄러워 하나도 들리지 않음 난 그냥 나가야겠다,2026-07-06,강아지 물 먹는 양,미상,,page,water,2026-09-28T14:58:45
youtube,https://www.youtube.com/watch?v=7wDC0NENDUs&lc=UgwIphoPiESBv6G7_Kd4AaABAg,8f689c16dd77854a,우리 반려견이 갑자기 물을 많이 마신다면 의심해야 하는 질병 3가지 [우리동네수의사],피검사로 알수가 있나여??,2026-05-19,강아지 물 먹는 양,미상,,page,water,2026-09-28T14:58:45
youtube,https://www.youtube.com/watch?v=7wDC0NENDUs&lc=Ugwi2lVy7Es8KybPw4l4AaABAg,0aa28e70fab19413,우리 반려견이 갑자기 물을 많이 마신다면 의심해야 하는 질병 3가지 [우리동네수의사],설명하는데 왜 음악을...집중도 안되고 짜증나요,2026-04-25,강아지 물 먹는 양,미상,,page,water,2026-09-28T14:58:45
youtube,https://www.youtube.com/watch?v=7wDC0NENDUs&lc=Ugy7w1SorK_8EVc-Tvh4AaABAg,eb8ff4985823b385,우리 반려견이 갑자기 물을 많이 마신다면 의심해야 하는 질병 3가지 [우리동네수의사],우리집 강아지 가 물을 갑자기 많이먹고 살이 많이빠지고  밥은잘먹고 백내장 도 오고 나이도 많이 먹어지만 작구만 걱정 이데요 선생님 좀 알여주셔요,2025-11-01,강아지 물 먹는 양,미상,,page,water,2026-09-28T14:58:45
youtube,https://www.youtube.com/watch?v=7wDC0NENDUs&lc=UgwB6CeV2JQ_vwz8_Kx4AaABAg,263a993dbe065109,우리 반려견이 갑자기 물을 많이 마신다면 의심해야 하는 질병 3가지 [우리동네수의사],선생님 그럼 많이 먹을려고 하고 물도 적당히 많이 먹는데 살은 빠지지 않고 다소 찐 편이면 걱정 안해도 되나여,2025-10-06,강아지 물 먹는 양,미상,,page,water,2026-09-28T14:58:45
youtube,https://www.youtube.com/watch?v=8hutDYKINuk&lc=UgywRuy0jkcizjXc2qd4AaABAg,077aad4dc1b63b82,물을 자주 마시고 오줌싼다고요? 동물병원 수의사가 알려주는 강아지 쿠싱증상,저희 강아지는 4개월된 아기강아지인데요... 물을 하루에 200~250ml 먹고 소변을 하루에 장난 안치고 2분마다 한 번씩 싸는 거 같아요 이거 왜이러는건가요..?,2026-09-04,강아지 물 자주 마심,미상,,page,water,2026-09-28T14:59:06
youtube,https://www.youtube.com/watch?v=Yf-g71Ik4-Q&lc=UgznRRw70BsxdD3gxkJ4AaABAg,689416966e4c19de,[설채현 수의학] 강아지 병있으면 물 많이 먹는다고?,"생후 1달된 퍼피 인데 물을 너무 안먹어서 걱정입니다 ㅠㅠ 퍼피는 어떻게
해야하나요??! 응가가 오늘은 항문을 막혀서 병원가서 빼내왓는데 음수량 늘려야 된다고 하는데 오래된 영상인데도 제발 이글에 답글이
달리길 기도합니다 😢😢😢",2026-06-23,강아지 물 자주 마심,미상,,page,water,2026-09-28T14:59:06
youtube,https://www.youtube.com/watch?v=Yf-g71Ik4-Q&lc=UgyZbiTg4jYvEYUueB54AaABAg,2fa7abdb60768fa2,[설채현 수의학] 강아지 병있으면 물 많이 먹는다고?,저희개는 하루 1.5리터는 마시는거 같은게 ㅠ 오줌 겁나 쌈,2025-10-18,강아지 물 자주 마심,미상,,page,water,2026-09-28T14:59:06
youtube,https://www.youtube.com/watch?v=Yf-g71Ik4-Q&lc=UgxlZmQoA1zKyo9d7mZ4AaABAg,bb9751212fcef25b,[설채현 수의학] 강아지 병있으면 물 많이 먹는다고?,선생님 안녕하세요 우리집 댕댕이 가 물을많머고 또 살이많이 빠저요 그리고 백내장 또 백내장 도 왔어요 었져면 대나요  선생님 알여주셔요,2025-10-07,강아지 물 자주 마심,미상,,page,water,2026-09-28T14:59:06
youtube,https://www.youtube.com/watch?v=CVbKFg1Jkrs&lc=UgwHDgxtq-Hcz-D0Cmh4AaABAg,084fcbbd081ca894,우리 반려견이 갑자기 물을 많이 마신다면 의심해야 하는 질병 3가지,"📌이태호 수의사 만나러 가기
https://link.recoculture.com/leetaeho/pin

📩바로연락하기
▶️ 시그니처 동물의료센터 : https://link.recoculture.com/leetaeho/chat
▶️ 주소 : 서울 강남구 도산대로 213 1층
▶️ 연락처 : 0507-1406-0275",2025-12-03,강아지 물 자주 마심,미상,,page,water,2026-09-28T14:59:06
youtube,https://www.youtube.com/watch?v=CVbKFg1Jkrs&lc=UgzZV1ywTP52Crk_dD14AaABAg,8b355837d2116ac7,우리 반려견이 갑자기 물을 많이 마신다면 의심해야 하는 질병 3가지,"안녕하세요. 다음다뇨가 아닌 다뇨다음이 더 우선이라 하셔서 소변을 체크하려하는데요. 실외배변인 강쥐입니다. 안내주신 다뇨 기준인 (1회 배뇨량많음,배뇨횟수많음) 여기에서 1회의 배뇨량과 더불어 배뇨횟수도 많은 것을 의미하나요??? 첫1회에서만 쉬를 하고나서 나머지 쉬야들은 깔짝 대는 소변량이거든요. 아! 그리도 1회 배뇨량은 어떻게 체크하는게 좋을까요?? 실외배변이라 배편패드 같은 것으로 확긴이 어려워서요😢",2026-08-26,강아지 물 자주 마심,미상,,page,water,2026-09-28T14:59:06
youtube,https://www.youtube.com/watch?v=CVbKFg1Jkrs&lc=UgxrdqBVrHYXBrpb4ul4AaABAg,82e3b4e0fe5fa256,우리 반려견이 갑자기 물을 많이 마신다면 의심해야 하는 질병 3가지,5개월된 강아지인데 16키로에요   개농장출신 믹스견이고   물을 거의 1.5리터 먹어요   오줌도 20번넘게 싸고  갑자기 그래요   소변량도 엄청많아요,2026-08-23,강아지 물 자주 마심,미상,,page,water,2026-09-28T14:59:06
youtube,https://www.youtube.com/watch?v=CVbKFg1Jkrs&lc=UgxxF86EXvv774e9YvZ4AaABAg,f797e242b5315686,우리 반려견이 갑자기 물을 많이 마신다면 의심해야 하는 질병 3가지,선생님은 보호자가 쉽게 이해할수있게 요점을 집어주셔서 좋은것같아염^^,2025-12-03,강아지 물 자주 마심,미상,,page,water,2026-09-28T14:59:06
youtube,https://www.youtube.com/watch?v=shWvLvMbMMQ&lc=UgxmGBm0zFYfKkRMOkp4AaABAg,da7f7199c65ecbe8,강아지 물 너무 많이 마셔요 — 이 병 의심하세요,"저희집 강아지는 8살이고 포메입니다..
자궁축농증 수술을 하고 그이후부터
물을 미친듯이 먹고..(원래 물을 잘먹었는데 정도가 심하게먹음) 소변도 너무 마니보고..
계속 헥헥 거리고.. 코도 말르고..콧물도나요..
자궁축농증 수술하고.. 수혈까지 한다고 500이넘는 큰돈이 나가서.. 지금 죽을맛이네요..ㅠㅠ 병원도 검색후 잘한다고
과잉진료없다고 해서 갔는데..
하... 자궁 축농증수술한지 한달이 지났는데
아직도 뱃속에는 실밥이있는지 만져지고..
혹시몰라 몸에좋타는 영양제 먹이고..
코에도 마르지말라고 발라주고 있는데..
전혀 나아지질 않네요..
병원을 가면 검사란 검사는 다하면서..
그냥 항생제만 주고... 하...
눈물나네요...",2026-09-07,강아지 물 자주 마심,미상,,page,water,2026-09-28T14:59:06
youtube,https://www.youtube.com/watch?v=shWvLvMbMMQ&lc=Ugw3V_uKmvg6RlYnbqp4AaABAg,2a93651ebbd83908,강아지 물 너무 많이 마셔요 — 이 병 의심하세요,"5개월 강아지가 그러면 어쩌지요
5kg인데 400ml를 줘도 더달라고 난리에요
수컷강아지이고 오줌색은 노랗습니다.",2026-07-09,강아지 물 자주 마심,미상,,page,water,2026-09-28T14:59:06
youtube,https://www.youtube.com/watch?v=shWvLvMbMMQ&lc=Ugz18azPFr9YyOlc6Ot4AaABAg,4223607ce11b32e6,강아지 물 너무 많이 마셔요 — 이 병 의심하세요,강아지가 아예 물을 안먹어요 이건 뭘까요 그래서 강제로 먹입니다 스스로는 아예 안 먹어요,2026-06-09,강아지 물 자주 마심,미상,,page,water,2026-09-28T14:59:06
youtube,https://www.youtube.com/watch?v=UflfIkEjuqs&lc=Ugw5iLCYLvDu2OGQus94AaABAg,b786402eda49c40e,강아지가 보호자를 만만하게 볼 때 나타나는 행동 4가지!,"입질은 어릴때 확실이 잡아주면 괜챦음
따라 다니는건 좋아서 따라다님
넘 이쁘죠",2026-09-20,강아지 물 자주 마심,미상,,page,water,2026-09-28T14:59:06
youtube,https://www.youtube.com/watch?v=UflfIkEjuqs&lc=UgwmFehQmK2J3ZlEvZV4AaABAg,6ca7e8f7eeb7a5e3,강아지가 보호자를 만만하게 볼 때 나타나는 행동 4가지!,몸을 터프하게 만져주면서 관계를 다시 잡아줘라= 존나  패서 서열정리시켜라,2026-09-14,강아지 물 자주 마심,미상,,page,water,2026-09-28T14:59:06
youtube,https://www.youtube.com/watch?v=UflfIkEjuqs&lc=UgyP8IB63CEHVdNDfy54AaABAg,21e1b50cead935d7,강아지가 보호자를 만만하게 볼 때 나타나는 행동 4가지!,짐짜터프하게 만져도 안되면 어쩌죠?,2026-09-13,강아지 물 자주 마심,미상,,page,water,2026-09-28T14:59:06
youtube,https://www.youtube.com/watch?v=UflfIkEjuqs&lc=Ugwxdbscaa6AuON01a94AaABAg,e6e32edd55c38fac,강아지가 보호자를 만만하게 볼 때 나타나는 행동 4가지!,따라다니는 게 왜 만만한 거예용?,2026-09-13,강아지 물 자주 마심,미상,,page,water,2026-09-28T14:59:06
youtube,https://www.youtube.com/watch?v=UflfIkEjuqs&lc=UgxjlyOeOXMrPWtHxx54AaABAg,955e6baa85488eff,강아지가 보호자를 만만하게 볼 때 나타나는 행동 4가지!,터프하게 만져주면 타프히게 뭅니다 쩝 😅,2026-09-09,강아지 물 자주 마심,미상,,page,water,2026-09-28T14:59:06
youtube,https://www.youtube.com/watch?v=UflfIkEjuqs&lc=UgyJC48zmP2U2zApeB14AaABAg,ac3491ca69098994,강아지가 보호자를 만만하게 볼 때 나타나는 행동 4가지!,한번씩 기어오를 때 힘의 차이를 보여주면 됨,2026-09-08,강아지 물 자주 마심,미상,,page,water,2026-09-28T14:59:06
youtube,https://www.youtube.com/watch?v=UflfIkEjuqs&lc=Ugzj-DG_0X_IninWuHB4AaABAg,613603abe331c962,강아지가 보호자를 만만하게 볼 때 나타나는 행동 4가지!,깨무는개는 개패듯이 패면 바로고쳐집니다,2026-08-30,강아지 물 자주 마심,미상,,page,water,2026-09-28T14:59:06
youtube,https://www.youtube.com/watch?v=UflfIkEjuqs&lc=UgwkPe0XrEuEfy4rhAp4AaABAg,82a09dc02ad74b4a,강아지가 보호자를 만만하게 볼 때 나타나는 행동 4가지!,만만하게 생각하는게 어찌나 귀여운지.. 하찮음.ㅋㅋㅋㅋ,2026-08-30,강아지 물 자주 마심,미상,,page,water,2026-09-28T14:59:06
youtube,https://www.youtube.com/watch?v=UflfIkEjuqs&lc=UgwYKRDH5Occd6Adcut4AaABAg,8527bcad0aad2b1a,강아지가 보호자를 만만하게 볼 때 나타나는 행동 4가지!,대형견도 똑같나요? ㅜㅜ😢,2026-08-27,강아지 물 자주 마심,미상,,page,water,2026-09-28T14:59:06
youtube,https://www.youtube.com/watch?v=UflfIkEjuqs&lc=Ugz7KTdhaUGcGUEJdZ54AaABAg,a3e4abdb24878562,강아지가 보호자를 만만하게 볼 때 나타나는 행동 4가지!,"우리강아지는 엄마는좋아하는데 나한테만 딱저래요,, 서열꼴찌",2026-08-25,강아지 물 자주 마심,미상,,page,water,2026-09-28T14:59:06
youtube,https://www.youtube.com/watch?v=UflfIkEjuqs&lc=UgzjBzQauTHcc6EpduZ4AaABAg,2ed64c8daeb097cb,강아지가 보호자를 만만하게 볼 때 나타나는 행동 4가지!,이건잘못됬음,2026-08-17,강아지 물 자주 마심,미상,,page,water,2026-09-28T14:59:06
youtube,https://www.youtube.com/watch?v=UflfIkEjuqs&lc=UgyWgahJlk3rw6lvPh14AaABAg,3b81b22e1f16ebdd,강아지가 보호자를 만만하게 볼 때 나타나는 행동 4가지!,처음나오는 검정강아지 종류가 뭔가요? 저희강아지랑 똑같이 생겼는데 푸들섞인믹스라 뭐랑믹스인지 모르겠어서 여쭤봅니다,2026-08-07,강아지 물 자주 마심,미상,,page,water,2026-09-28T14:59:06
youtube,https://www.youtube.com/watch?v=UflfIkEjuqs&lc=Ugz5NWbLphoqiY9XtfR4AaABAg,5e9eb11e629f70e1,강아지가 보호자를 만만하게 볼 때 나타나는 행동 4가지!,100프로는 아닌듯?내가확실함,2026-07-22,강아지 물 자주 마심,미상,,page,water,2026-09-28T14:59:06
youtube,https://www.youtube.com/watch?v=UflfIkEjuqs&lc=UgzsGLBOMo2DNu76NY14AaABAg,108cd87fd533e472,강아지가 보호자를 만만하게 볼 때 나타나는 행동 4가지!,어설퍼,2026-07-09,강아지 물 자주 마심,미상,,page,water,2026-09-28T14:59:06
youtube,https://www.youtube.com/watch?v=UflfIkEjuqs&lc=UgwaBdZQIGdY5G_1POl4AaABAg,c195e11993c59ea9,강아지가 보호자를 만만하게 볼 때 나타나는 행동 4가지!,터푸하게 만졌는데 부러지면 어떡해요ㅜㅜ,2026-06-12,강아지 물 자주 마심,미상,,page,water,2026-09-28T14:59:06
youtube,https://www.youtube.com/watch?v=UflfIkEjuqs&lc=Ugw2gOz41T8VcNMSvbN4AaABAg,c6d505fbff2b90b4,강아지가 보호자를 만만하게 볼 때 나타나는 행동 4가지!,쫓아다니는게 만만해서 그런거야?나 좋아해서 그런줄,2026-06-08,강아지 물 자주 마심,미상,,page,water,2026-09-28T14:59:06
youtube,https://www.youtube.com/watch?v=UflfIkEjuqs&lc=Ugwt8eDiN_YwMes5wuZ4AaABAg,4d0bb52533e1ae82,강아지가 보호자를 만만하게 볼 때 나타나는 행동 4가지!,입질 빼고 다 울 애기인데 ㅜㅜ,2026-05-26,강아지 물 자주 마심,미상,,page,water,2026-09-28T14:59:06
youtube,https://www.youtube.com/watch?v=UflfIkEjuqs&lc=Ugy_WCozoSDDg9q2vdd4AaABAg,dbde4746be776192,강아지가 보호자를 만만하게 볼 때 나타나는 행동 4가지!,계속 따라다니는 건 나를 지켜주려는 행동이라던데 아니라니 ㅜㅜ,2026-05-23,강아지 물 자주 마심,미상,,page,water,2026-09-28T14:59:06
youtube,https://www.youtube.com/watch?v=UflfIkEjuqs&lc=UgxQ53v8Q8L_XEq13UV4AaABAg,3eee7312e118728c,강아지가 보호자를 만만하게 볼 때 나타나는 행동 4가지!,"몽둥이가 약이지! 1970~1990년도엔!!^^;😅
일본에 1997년도에 일본서
아이스크림등 같이 먹는거 보고
머리 쥐났던~~!ㅋ",2026-01-20,강아지 물 자주 마심,미상,,page,water,2026-09-28T14:59:06
youtube,https://www.youtube.com/watch?v=UflfIkEjuqs&lc=Ugzp41ox85fiV4UkbLV4AaABAg,d6616ada86bd4c13,강아지가 보호자를 만만하게 볼 때 나타나는 행동 4가지!,음... 유기견 입양했는데 작은 소리에 짖고 따라다니는데 오히려 절 어렵게 생각하는 느낌입니다. 긴장해서 그러는 거랑 구별을 잘 해야겠어요.,2025-10-14,강아지 물 자주 마심,미상,,page,water,2026-09-28T14:59:06
youtube,https://www.youtube.com/watch?v=nmQrFyFxnow&lc=UgwHGjjezt_JqZW0Rrd4AaABAg,4f33d5f4ddb377aa,(절대 안질림) 한달치 강아지 화식 밀프랩 레시피 | 강아지 자연식 | 하루만 힘내봐요 ! |,"우리 아이, 건강식과 함께 건강한 케어도 해주고 싶다면 ?🤎
👉https://youtu.be/vGYSb7abDyw",2025-12-23,화식 레시피 영양,화식,,page,nutrition,2026-09-28T14:59:56
youtube,https://www.youtube.com/watch?v=nmQrFyFxnow&lc=UgzFNO3iBlZji6Zpvel4AaABAg,485ffa9b1dfc2973,(절대 안질림) 한달치 강아지 화식 밀프랩 레시피 | 강아지 자연식 | 하루만 힘내봐요 ! |,백미밥은혈당오르니까 오트밀을죽처럼끓여식혀서함께섞어주세요,2026-08-30,화식 레시피 영양,화식,,page,nutrition,2026-09-28T14:59:56
youtube,https://www.youtube.com/watch?v=nmQrFyFxnow&lc=UgxX1sGnns5pTg5MGC14AaABAg,30319ec8f1764e64,(절대 안질림) 한달치 강아지 화식 밀프랩 레시피 | 강아지 자연식 | 하루만 힘내봐요 ! |,"그 ~~~많은 아이들이  피부땜에 고생하는게
너~무  갸우뚱스러웠어요ㅠ
막연하게 공통적인게 뭘까..
과한백신과  사료밖에  생각안나더라구요
아무 문제없는 애들도 있고 개바개
이겠지만..  많아도 너무많은애들이..
휴",2026-06-28,화식 레시피 영양,화식,,page,nutrition,2026-09-28T14:59:56
youtube,https://www.youtube.com/watch?v=nmQrFyFxnow&lc=Ugy7wCGEZYTGDPrMFeF4AaABAg,e0baca21c7d4c647,(절대 안질림) 한달치 강아지 화식 밀프랩 레시피 | 강아지 자연식 | 하루만 힘내봐요 ! |,화식 소분때 쓰시는 그릇 정보 좀 알 수 있을까요? 화식 왕창 만들고 소분해서 냉동보관하고 싶은데 소분 그릇을 좀 알고 싶습니다,2026-05-21,화식 레시피 영양,화식,,page,nutrition,2026-09-28T14:59:56
youtube,https://www.youtube.com/watch?v=nmQrFyFxnow&lc=UgySr5iBN5-i9WZwwLl4AaABAg,a333628eb8762669,(절대 안질림) 한달치 강아지 화식 밀프랩 레시피 | 강아지 자연식 | 하루만 힘내봐요 ! |,"34키로 노견 한끼에 삶은 닭가슴살 250그람
고구마 단호박 브로콜리 양배추 찐것은 합해서 150그람 줬어요
두끼면 800그람인데 
너무 적게 준걸까요?
전 쳇티핏 한테 물어보고 양을 정했는데 물어볼때마다 틀려요",2026-03-03,화식 레시피 영양,화식,,page,nutrition,2026-09-28T14:59:56
youtube,https://www.youtube.com/watch?v=nmQrFyFxnow&lc=Ugz2S9Y19CFgVH58So94AaABAg,d8a3aa45d60359b5,(절대 안질림) 한달치 강아지 화식 밀프랩 레시피 | 강아지 자연식 | 하루만 힘내봐요 ! |,"난각가루는 만드신걸까요?
시판용 구매하신걸까요😢?",2026-02-25,화식 레시피 영양,화식,,page,nutrition,2026-09-28T14:59:56
youtube,https://www.youtube.com/watch?v=nmQrFyFxnow&lc=UgxrhfCNA7o2WvJiVhd4AaABAg,184c84f31c650332,(절대 안질림) 한달치 강아지 화식 밀프랩 레시피 | 강아지 자연식 | 하루만 힘내봐요 ! |,"안녕하세요, 채널 알게된 후 도움 많이 받고 있습니다. 감사해요. 

혹시 레시피에 적힌 io period라는 영양제에 대한 구체적인 정보를 알 수 있을까요? 

저희집 반려견들이 알러지성 피부병에 시달리고 있어서 자연식을 해볼까 해서요. 난각가루는 nem캡슐로 대체 가능한지도 궁금합니다. 

도움 주셔서 감사합니다~",2026-02-15,화식 레시피 영양,화식,,page,nutrition,2026-09-28T14:59:56
youtube,https://www.youtube.com/watch?v=nmQrFyFxnow&lc=Ugx5iXmJo5ilwYV3XGB4AaABAg,8301638104738856,(절대 안질림) 한달치 강아지 화식 밀프랩 레시피 | 강아지 자연식 | 하루만 힘내봐요 ! |,쌀알러지가 있는강아지인데 그런경우에는 뭐로 대체할수잇을까요?,2026-01-10,화식 레시피 영양,화식,,page,nutrition,2026-09-28T14:59:56
youtube,https://www.youtube.com/watch?v=nmQrFyFxnow&lc=UgyO8MN-oDpZSTUzDQt4AaABAg,cf00afe996382fee,(절대 안질림) 한달치 강아지 화식 밀프랩 레시피 | 강아지 자연식 | 하루만 힘내봐요 ! |,7키로 아이는 어떻게하나요..? 6.5키로까지밖에 없어서요 ㅠ,2026-01-09,화식 레시피 영양,화식,,page,nutrition,2026-09-28T14:59:56
youtube,https://www.youtube.com/watch?v=nmQrFyFxnow&lc=Ugxz8-PKjnPxhPIU7jh4AaABAg,553b792938043218,(절대 안질림) 한달치 강아지 화식 밀프랩 레시피 | 강아지 자연식 | 하루만 힘내봐요 ! |,축하해요. 올 한 해도 더욱 건강하고 새해 복 많이 받으세요.,2026-01-03,화식 레시피 영양,화식,,page,nutrition,2026-09-28T14:59:56
youtube,https://www.youtube.com/watch?v=nmQrFyFxnow&lc=UgzuEkayg7BO8uZFnx94AaABAg,d6fb134f31de5e95,(절대 안질림) 한달치 강아지 화식 밀프랩 레시피 | 강아지 자연식 | 하루만 힘내봐요 ! |,버섯중에 표고버섯을 쓰는 이유가 있나요? 집에 있는 느타리버섯이나. 팽이 또는 새송이는 먹이면 안되는 건가요?,2025-12-28,화식 레시피 영양,화식,,page,nutrition,2026-09-28T14:59:56
youtube,https://www.youtube.com/watch?v=nmQrFyFxnow&lc=UgzSc432dPbnID2NjOZ4AaABAg,658c02f48242c212,(절대 안질림) 한달치 강아지 화식 밀프랩 레시피 | 강아지 자연식 | 하루만 힘내봐요 ! |,"헉 조금더 자세한 영상이네요! 닭, 오리 알러지가 있어서 흰살생선으로 했는데 잘 먹어요! 영상 감사합니다!",2025-12-26,화식 레시피 영양,화식,,page,nutrition,2026-09-28T14:59:56
youtube,https://www.youtube.com/watch?v=nmQrFyFxnow&lc=UgxvAUA-8DZI9uvObSl4AaABAg,18be76f29e17f94d,(절대 안질림) 한달치 강아지 화식 밀프랩 레시피 | 강아지 자연식 | 하루만 힘내봐요 ! |,저도 화식 먹이고 있는데 채소랑 고기 비율은 몇대 몇으로 맞추시나요?? 어디서는 고기비율이 2 면 채소비율은 딱 반인 1로 맞추라는데 말들이 다달라서요,2025-12-23,화식 레시피 영양,화식,,page,nutrition,2026-09-28T14:59:56
